domain	fold	split	duplicate_type	duplicate_key	count	sequence_ids
fullCP	Blue	train	id	Cruci_CruV_420	2	Cruci_CruV_420,Cruci_CruV_420
fullCP	Blue	train	id	Cruci_CruV-970	2	Cruci_CruV-970,Cruci_CruV-970
fullCP	Blue	train	id	Cruci_CruV-972	3	Cruci_CruV-972,Cruci_CruV-972,Cruci_CruV-972
fullCP	Blue	train	cleaned_sequence	b14f735f8f9941cf192401dc0b06d76eb5572958	2	Cruci_CruV-754,Cruci_CruV-755
fullCP	Blue	train	cleaned_sequence	9bc11fb02b8f0413392b37d7f71fcae1ae68e2ee	3	Cruci_CruV_453,Cruci_CruV_455,Cruci_CruV_456
fullCP	Blue	train	cleaned_sequence	7e2e97e9baf3240bdaebce85f8fb1d93b6b11a63	2	Cruci_CruV-692,Cruci_CruV-693
fullCP	Blue	train	cleaned_sequence	a01d01a892b2e63e74f5416e8348bc4805ac0d01	2	Cruci_CruV_310,Cruci_CruV_311
fullCP	Blue	train	cleaned_sequence	a33e6ac59c52a93b7153aa011971b1a0e2a8cabe	2	Cruci_CruV-826,Cruci_CruV-827
fullCP	Blue	train	cleaned_sequence	2ba2dc74a8c2991bfdaf7b50e1f5c8d58343ef82	2	Cruci_CruV-778,Cruci_CruV-779
fullCP	Blue	train	cleaned_sequence	e4f46928f53df69774c92d063671a8b3372bdb41	4	Cruci_CruV_243,Cruci_CruV_245,Cruci_CruV_276,Cruci_CruV_278
fullCP	Blue	train	cleaned_sequence	8bd0e5e6d91a37c66567f02d456cbdc8db812b5f	2	Cruci_PB_KX388521,Cruci_PB_KX388522
fullCP	Blue	train	cleaned_sequence	fba64079d0e1c7b3ec17188602218440ef06bb0a	3	Cruci_PB_KX388524,Cruci_PB_KX388526,Cruci_CruV-719
fullCP	Blue	train	cleaned_sequence	c6b38e14383e2d2ab81a7f004d725de3c596881d	2	Cruci_PB_KX388517,Cruci_PB_KX388518
fullCP	Blue	train	cleaned_sequence	5085d627f4ad4de28d1f62ec3768266b73350a24	2	Cruci_CruV-894,Cruci_CruV-895
fullCP	Blue	train	cleaned_sequence	1fd5018eaf0cb8432049eb8c74b1d4ffc2cb71fd	2	Cruci_CruV-966,Cruci_CruV-965
fullCP	Blue	train	cleaned_sequence	2f3358f878e8660ebc4cd77aa1b8c3866aa0dec7	3	Cruci_CruV_146,Cruci_CruV_147,Cruci_CruV_148
fullCP	Blue	train	cleaned_sequence	febcf0ad9e50fba76bdf3b947d223fb0dbef6d2e	2	Cruci_CruV_409,Cruci_CruV_410
fullCP	Blue	train	cleaned_sequence	c42c8205c4936424c31ce78a1518641ca44648d1	2	Cruci_CruV_505,Cruci_CruV_506
fullCP	Blue	train	cleaned_sequence	7a5f9ef0fb94c549d33253def65bf8de648f8ae5	2	Cruci_CruV_527,Cruci_CruV_528
fullCP	Blue	train	cleaned_sequence	b321cb42912f53236419775c620d72c42e9ebecf	2	Cruci_PB_KX388529,Cruci_PB_KX388530
fullCP	Blue	train	cleaned_sequence	62300b71d236ac73e2de3a06ddc8bf3ba13062e1	2	Cruci_CruV_211,Cruci_CruV_234
fullCP	Blue	train	cleaned_sequence	43e66b4b0612d1fa9877ae26f086416a3d7bbf81	2	Cruci_CruV_250,Cruci_CruV_251
fullCP	Blue	train	cleaned_sequence	8b5d303d745946019be0c9b6994273cf79029ca4	2	Cruci_CruV-583,Cruci_CruV-584
fullCP	Blue	train	cleaned_sequence	18c104679f5542321331b4301f3281992ee9ae9b	2	Cruci_CruV-564,Cruci_CruV-565
fullCP	Blue	train	cleaned_sequence	70adf4b40775050fb9bfb8a435f9131a9c6bdaba	2	Cruci_CruV-676,Cruci_CruV-677
fullCP	Blue	train	cleaned_sequence	c01b56f1c66cb540aa41ac85dcc3a713ae159f58	2	Cruci_CruV-844,Cruci_CruV-845
fullCP	Blue	train	cleaned_sequence	05ba7cf56bb5c22012efbcd091b8491c7f0e6fa7	2	Cruci_CruV-883,Cruci_CruV-884
fullCP	Blue	train	cleaned_sequence	f40e37d2ceb18074ac9eb42ab81dbab465dc7110	2	Cruci_CruV-887,Cruci_CruV-888
fullCP	Blue	train	cleaned_sequence	d95003bf3f88a1e95b9a2de7e09286bfee9352b3	2	Cruci_CruV-915,Cruci_CruV-916
fullCP	Blue	train	cleaned_sequence	d838f7d2701dcaa22635f0fb0b198a7bc8694b5f	2	Cruci_CruV_501,Cruci_CruV_509
fullCP	Blue	train	cleaned_sequence	47fbc63af62a20623b06c0fbe53eecbb964cd7fe	2	Ribo_Hibiscus_chlorotic_ringspot_virus_X86448,Ribo_ND_015813
fullCP	Blue	train	cleaned_sequence	b1773e302b4d2a51040738bffec6e238845d0299	2	Ribo_ND_018979,Ribo_NC_032880
fullCP	Blue	train	cleaned_sequence	3eb79c07d4362e7159951431c40aac9a74964c1a	2	Ribo_ND_019228,Ribo_NC_033161
fullCP	Blue	train	cleaned_sequence	ac6e4df9c637b732983bbcb35c794c3c9b1216c4	2	Ribo_ND_015690,Ribo_Galinsoga_Mosaic_Virus
fullCP	Blue	test	cleaned_sequence	c1431f048b374ccabf06e9614f95e1e21dac0506	3	Cruci_CruV_272,Cruci_CruV_277,Cruci_CruV_281
fullCP	Blue	test	cleaned_sequence	f0a2bbba182be16e748c58ac89fd75a5917017be	3	Cruci_CruV-646,Cruci_CruV-647,Cruci_CruV-648
fullCP	Blue	test	cleaned_sequence	25f5b9216905fb7147a13855cc01357edc34d1a8	2	Cruci_CruV-629,Cruci_CruV-630
fullCP	Blue	test	cleaned_sequence	80f67641b60dd308b9a0b805cdf0da675fcf0ffa	2	Cruci_PB_KX388498,Cruci_PB_KX388499
fullCP	Blue	test	cleaned_sequence	682d5452117b7222e0448adb50474c1dfa9a427d	2	Cruci_PB_KX388500,Cruci_PB_KX388501
fullCP	Blue	test	cleaned_sequence	53b8f3c740835f4022fa068b83a314806d420b36	2	Cruci_CruV-701,Cruci_CruV-702
fullCP	Blue	test	cleaned_sequence	f2c961535ab6031d9edff876bb76a7619e989f1e	2	Cruci_CruV_349,Cruci_CruV_353
fullCP	Green	train	id	Cruci_CruV_420	2	Cruci_CruV_420,Cruci_CruV_420
fullCP	Green	train	cleaned_sequence	b14f735f8f9941cf192401dc0b06d76eb5572958	2	Cruci_CruV-754,Cruci_CruV-755
fullCP	Green	train	cleaned_sequence	7e2e97e9baf3240bdaebce85f8fb1d93b6b11a63	2	Cruci_CruV-692,Cruci_CruV-693
fullCP	Green	train	cleaned_sequence	a01d01a892b2e63e74f5416e8348bc4805ac0d01	2	Cruci_CruV_310,Cruci_CruV_311
fullCP	Green	train	cleaned_sequence	e4f46928f53df69774c92d063671a8b3372bdb41	4	Cruci_CruV_243,Cruci_CruV_245,Cruci_CruV_276,Cruci_CruV_278
fullCP	Green	train	cleaned_sequence	8bd0e5e6d91a37c66567f02d456cbdc8db812b5f	2	Cruci_PB_KX388521,Cruci_PB_KX388522
fullCP	Green	train	cleaned_sequence	fba64079d0e1c7b3ec17188602218440ef06bb0a	3	Cruci_PB_KX388524,Cruci_PB_KX388526,Cruci_CruV-719
fullCP	Green	train	cleaned_sequence	c1431f048b374ccabf06e9614f95e1e21dac0506	3	Cruci_CruV_272,Cruci_CruV_277,Cruci_CruV_281
fullCP	Green	train	cleaned_sequence	c6b38e14383e2d2ab81a7f004d725de3c596881d	2	Cruci_PB_KX388517,Cruci_PB_KX388518
fullCP	Green	train	cleaned_sequence	5085d627f4ad4de28d1f62ec3768266b73350a24	2	Cruci_CruV-894,Cruci_CruV-895
fullCP	Green	train	cleaned_sequence	2f3358f878e8660ebc4cd77aa1b8c3866aa0dec7	3	Cruci_CruV_146,Cruci_CruV_147,Cruci_CruV_148
fullCP	Green	train	cleaned_sequence	f0a2bbba182be16e748c58ac89fd75a5917017be	3	Cruci_CruV-646,Cruci_CruV-647,Cruci_CruV-648
fullCP	Green	train	cleaned_sequence	febcf0ad9e50fba76bdf3b947d223fb0dbef6d2e	2	Cruci_CruV_409,Cruci_CruV_410
fullCP	Green	train	cleaned_sequence	c42c8205c4936424c31ce78a1518641ca44648d1	2	Cruci_CruV_505,Cruci_CruV_506
fullCP	Green	train	cleaned_sequence	7a5f9ef0fb94c549d33253def65bf8de648f8ae5	2	Cruci_CruV_527,Cruci_CruV_528
fullCP	Green	train	cleaned_sequence	62300b71d236ac73e2de3a06ddc8bf3ba13062e1	2	Cruci_CruV_211,Cruci_CruV_234
fullCP	Green	train	cleaned_sequence	43e66b4b0612d1fa9877ae26f086416a3d7bbf81	2	Cruci_CruV_250,Cruci_CruV_251
fullCP	Green	train	cleaned_sequence	8b5d303d745946019be0c9b6994273cf79029ca4	2	Cruci_CruV-583,Cruci_CruV-584
fullCP	Green	train	cleaned_sequence	25f5b9216905fb7147a13855cc01357edc34d1a8	2	Cruci_CruV-629,Cruci_CruV-630
fullCP	Green	train	cleaned_sequence	18c104679f5542321331b4301f3281992ee9ae9b	2	Cruci_CruV-564,Cruci_CruV-565
fullCP	Green	train	cleaned_sequence	80f67641b60dd308b9a0b805cdf0da675fcf0ffa	2	Cruci_PB_KX388498,Cruci_PB_KX388499
fullCP	Green	train	cleaned_sequence	682d5452117b7222e0448adb50474c1dfa9a427d	2	Cruci_PB_KX388500,Cruci_PB_KX388501
fullCP	Green	train	cleaned_sequence	53b8f3c740835f4022fa068b83a314806d420b36	2	Cruci_CruV-701,Cruci_CruV-702
fullCP	Green	train	cleaned_sequence	f2c961535ab6031d9edff876bb76a7619e989f1e	2	Cruci_CruV_349,Cruci_CruV_353
fullCP	Green	train	cleaned_sequence	70adf4b40775050fb9bfb8a435f9131a9c6bdaba	2	Cruci_CruV-676,Cruci_CruV-677
fullCP	Green	train	cleaned_sequence	c01b56f1c66cb540aa41ac85dcc3a713ae159f58	2	Cruci_CruV-844,Cruci_CruV-845
fullCP	Green	train	cleaned_sequence	47fbc63af62a20623b06c0fbe53eecbb964cd7fe	2	Ribo_Hibiscus_chlorotic_ringspot_virus_X86448,Ribo_ND_015813
fullCP	Green	train	cleaned_sequence	3eb79c07d4362e7159951431c40aac9a74964c1a	2	Ribo_ND_019228,Ribo_NC_033161
fullCP	Green	train	cleaned_sequence	ac6e4df9c637b732983bbcb35c794c3c9b1216c4	2	Ribo_ND_015690,Ribo_Galinsoga_Mosaic_Virus
fullCP	Green	test	id	Cruci_CruV-970	2	Cruci_CruV-970,Cruci_CruV-970
fullCP	Green	test	id	Cruci_CruV-972	3	Cruci_CruV-972,Cruci_CruV-972,Cruci_CruV-972
fullCP	Green	test	cleaned_sequence	9bc11fb02b8f0413392b37d7f71fcae1ae68e2ee	3	Cruci_CruV_453,Cruci_CruV_455,Cruci_CruV_456
fullCP	Green	test	cleaned_sequence	a33e6ac59c52a93b7153aa011971b1a0e2a8cabe	2	Cruci_CruV-826,Cruci_CruV-827
fullCP	Green	test	cleaned_sequence	2ba2dc74a8c2991bfdaf7b50e1f5c8d58343ef82	2	Cruci_CruV-778,Cruci_CruV-779
fullCP	Green	test	cleaned_sequence	1fd5018eaf0cb8432049eb8c74b1d4ffc2cb71fd	2	Cruci_CruV-966,Cruci_CruV-965
fullCP	Green	test	cleaned_sequence	b321cb42912f53236419775c620d72c42e9ebecf	2	Cruci_PB_KX388529,Cruci_PB_KX388530
fullCP	Green	test	cleaned_sequence	05ba7cf56bb5c22012efbcd091b8491c7f0e6fa7	2	Cruci_CruV-883,Cruci_CruV-884
fullCP	Green	test	cleaned_sequence	f40e37d2ceb18074ac9eb42ab81dbab465dc7110	2	Cruci_CruV-887,Cruci_CruV-888
fullCP	Green	test	cleaned_sequence	d95003bf3f88a1e95b9a2de7e09286bfee9352b3	2	Cruci_CruV-915,Cruci_CruV-916
fullCP	Green	test	cleaned_sequence	d838f7d2701dcaa22635f0fb0b198a7bc8694b5f	2	Cruci_CruV_501,Cruci_CruV_509
fullCP	Green	test	cleaned_sequence	b1773e302b4d2a51040738bffec6e238845d0299	2	Ribo_ND_018979,Ribo_NC_032880
fullCP	Purple	train	id	Cruci_CruV-970	2	Cruci_CruV-970,Cruci_CruV-970
fullCP	Purple	train	id	Cruci_CruV-972	3	Cruci_CruV-972,Cruci_CruV-972,Cruci_CruV-972
fullCP	Purple	train	cleaned_sequence	9bc11fb02b8f0413392b37d7f71fcae1ae68e2ee	3	Cruci_CruV_453,Cruci_CruV_455,Cruci_CruV_456
fullCP	Purple	train	cleaned_sequence	a33e6ac59c52a93b7153aa011971b1a0e2a8cabe	2	Cruci_CruV-826,Cruci_CruV-827
fullCP	Purple	train	cleaned_sequence	2ba2dc74a8c2991bfdaf7b50e1f5c8d58343ef82	2	Cruci_CruV-778,Cruci_CruV-779
fullCP	Purple	train	cleaned_sequence	c1431f048b374ccabf06e9614f95e1e21dac0506	3	Cruci_CruV_272,Cruci_CruV_277,Cruci_CruV_281
fullCP	Purple	train	cleaned_sequence	1fd5018eaf0cb8432049eb8c74b1d4ffc2cb71fd	2	Cruci_CruV-966,Cruci_CruV-965
fullCP	Purple	train	cleaned_sequence	f0a2bbba182be16e748c58ac89fd75a5917017be	3	Cruci_CruV-646,Cruci_CruV-647,Cruci_CruV-648
fullCP	Purple	train	cleaned_sequence	b321cb42912f53236419775c620d72c42e9ebecf	2	Cruci_PB_KX388529,Cruci_PB_KX388530
fullCP	Purple	train	cleaned_sequence	25f5b9216905fb7147a13855cc01357edc34d1a8	2	Cruci_CruV-629,Cruci_CruV-630
fullCP	Purple	train	cleaned_sequence	80f67641b60dd308b9a0b805cdf0da675fcf0ffa	2	Cruci_PB_KX388498,Cruci_PB_KX388499
fullCP	Purple	train	cleaned_sequence	682d5452117b7222e0448adb50474c1dfa9a427d	2	Cruci_PB_KX388500,Cruci_PB_KX388501
fullCP	Purple	train	cleaned_sequence	53b8f3c740835f4022fa068b83a314806d420b36	2	Cruci_CruV-701,Cruci_CruV-702
fullCP	Purple	train	cleaned_sequence	f2c961535ab6031d9edff876bb76a7619e989f1e	2	Cruci_CruV_349,Cruci_CruV_353
fullCP	Purple	train	cleaned_sequence	05ba7cf56bb5c22012efbcd091b8491c7f0e6fa7	2	Cruci_CruV-883,Cruci_CruV-884
fullCP	Purple	train	cleaned_sequence	f40e37d2ceb18074ac9eb42ab81dbab465dc7110	2	Cruci_CruV-887,Cruci_CruV-888
fullCP	Purple	train	cleaned_sequence	d95003bf3f88a1e95b9a2de7e09286bfee9352b3	2	Cruci_CruV-915,Cruci_CruV-916
fullCP	Purple	train	cleaned_sequence	d838f7d2701dcaa22635f0fb0b198a7bc8694b5f	2	Cruci_CruV_501,Cruci_CruV_509
fullCP	Purple	train	cleaned_sequence	47fbc63af62a20623b06c0fbe53eecbb964cd7fe	2	Ribo_Hibiscus_chlorotic_ringspot_virus_X86448,Ribo_ND_015813
fullCP	Purple	train	cleaned_sequence	b1773e302b4d2a51040738bffec6e238845d0299	2	Ribo_ND_018979,Ribo_NC_032880
fullCP	Purple	train	cleaned_sequence	3eb79c07d4362e7159951431c40aac9a74964c1a	2	Ribo_ND_019228,Ribo_NC_033161
fullCP	Purple	train	cleaned_sequence	ac6e4df9c637b732983bbcb35c794c3c9b1216c4	2	Ribo_ND_015690,Ribo_Galinsoga_Mosaic_Virus
fullCP	Purple	test	id	Cruci_CruV_420	2	Cruci_CruV_420,Cruci_CruV_420
fullCP	Purple	test	cleaned_sequence	b14f735f8f9941cf192401dc0b06d76eb5572958	2	Cruci_CruV-754,Cruci_CruV-755
fullCP	Purple	test	cleaned_sequence	7e2e97e9baf3240bdaebce85f8fb1d93b6b11a63	2	Cruci_CruV-692,Cruci_CruV-693
fullCP	Purple	test	cleaned_sequence	a01d01a892b2e63e74f5416e8348bc4805ac0d01	2	Cruci_CruV_310,Cruci_CruV_311
fullCP	Purple	test	cleaned_sequence	e4f46928f53df69774c92d063671a8b3372bdb41	4	Cruci_CruV_243,Cruci_CruV_245,Cruci_CruV_276,Cruci_CruV_278
fullCP	Purple	test	cleaned_sequence	8bd0e5e6d91a37c66567f02d456cbdc8db812b5f	2	Cruci_PB_KX388521,Cruci_PB_KX388522
fullCP	Purple	test	cleaned_sequence	fba64079d0e1c7b3ec17188602218440ef06bb0a	3	Cruci_PB_KX388524,Cruci_PB_KX388526,Cruci_CruV-719
fullCP	Purple	test	cleaned_sequence	c6b38e14383e2d2ab81a7f004d725de3c596881d	2	Cruci_PB_KX388517,Cruci_PB_KX388518
fullCP	Purple	test	cleaned_sequence	5085d627f4ad4de28d1f62ec3768266b73350a24	2	Cruci_CruV-894,Cruci_CruV-895
fullCP	Purple	test	cleaned_sequence	2f3358f878e8660ebc4cd77aa1b8c3866aa0dec7	3	Cruci_CruV_146,Cruci_CruV_147,Cruci_CruV_148
fullCP	Purple	test	cleaned_sequence	febcf0ad9e50fba76bdf3b947d223fb0dbef6d2e	2	Cruci_CruV_409,Cruci_CruV_410
fullCP	Purple	test	cleaned_sequence	c42c8205c4936424c31ce78a1518641ca44648d1	2	Cruci_CruV_505,Cruci_CruV_506
fullCP	Purple	test	cleaned_sequence	7a5f9ef0fb94c549d33253def65bf8de648f8ae5	2	Cruci_CruV_527,Cruci_CruV_528
fullCP	Purple	test	cleaned_sequence	62300b71d236ac73e2de3a06ddc8bf3ba13062e1	2	Cruci_CruV_211,Cruci_CruV_234
fullCP	Purple	test	cleaned_sequence	43e66b4b0612d1fa9877ae26f086416a3d7bbf81	2	Cruci_CruV_250,Cruci_CruV_251
fullCP	Purple	test	cleaned_sequence	8b5d303d745946019be0c9b6994273cf79029ca4	2	Cruci_CruV-583,Cruci_CruV-584
fullCP	Purple	test	cleaned_sequence	18c104679f5542321331b4301f3281992ee9ae9b	2	Cruci_CruV-564,Cruci_CruV-565
fullCP	Purple	test	cleaned_sequence	70adf4b40775050fb9bfb8a435f9131a9c6bdaba	2	Cruci_CruV-676,Cruci_CruV-677
fullCP	Purple	test	cleaned_sequence	c01b56f1c66cb540aa41ac85dcc3a713ae159f58	2	Cruci_CruV-844,Cruci_CruV-845
fullCP	Red	train	id	Cruci_CruV_420	2	Cruci_CruV_420,Cruci_CruV_420
fullCP	Red	train	id	Cruci_CruV-970	2	Cruci_CruV-970,Cruci_CruV-970
fullCP	Red	train	id	Cruci_CruV-972	3	Cruci_CruV-972,Cruci_CruV-972,Cruci_CruV-972
fullCP	Red	train	cleaned_sequence	b14f735f8f9941cf192401dc0b06d76eb5572958	2	Cruci_CruV-754,Cruci_CruV-755
fullCP	Red	train	cleaned_sequence	9bc11fb02b8f0413392b37d7f71fcae1ae68e2ee	3	Cruci_CruV_453,Cruci_CruV_455,Cruci_CruV_456
fullCP	Red	train	cleaned_sequence	7e2e97e9baf3240bdaebce85f8fb1d93b6b11a63	2	Cruci_CruV-692,Cruci_CruV-693
fullCP	Red	train	cleaned_sequence	a01d01a892b2e63e74f5416e8348bc4805ac0d01	2	Cruci_CruV_310,Cruci_CruV_311
fullCP	Red	train	cleaned_sequence	a33e6ac59c52a93b7153aa011971b1a0e2a8cabe	2	Cruci_CruV-826,Cruci_CruV-827
fullCP	Red	train	cleaned_sequence	2ba2dc74a8c2991bfdaf7b50e1f5c8d58343ef82	2	Cruci_CruV-778,Cruci_CruV-779
fullCP	Red	train	cleaned_sequence	e4f46928f53df69774c92d063671a8b3372bdb41	4	Cruci_CruV_243,Cruci_CruV_245,Cruci_CruV_276,Cruci_CruV_278
fullCP	Red	train	cleaned_sequence	8bd0e5e6d91a37c66567f02d456cbdc8db812b5f	2	Cruci_PB_KX388521,Cruci_PB_KX388522
fullCP	Red	train	cleaned_sequence	fba64079d0e1c7b3ec17188602218440ef06bb0a	3	Cruci_PB_KX388524,Cruci_PB_KX388526,Cruci_CruV-719
fullCP	Red	train	cleaned_sequence	c1431f048b374ccabf06e9614f95e1e21dac0506	3	Cruci_CruV_272,Cruci_CruV_277,Cruci_CruV_281
fullCP	Red	train	cleaned_sequence	c6b38e14383e2d2ab81a7f004d725de3c596881d	2	Cruci_PB_KX388517,Cruci_PB_KX388518
fullCP	Red	train	cleaned_sequence	5085d627f4ad4de28d1f62ec3768266b73350a24	2	Cruci_CruV-894,Cruci_CruV-895
fullCP	Red	train	cleaned_sequence	1fd5018eaf0cb8432049eb8c74b1d4ffc2cb71fd	2	Cruci_CruV-966,Cruci_CruV-965
fullCP	Red	train	cleaned_sequence	2f3358f878e8660ebc4cd77aa1b8c3866aa0dec7	3	Cruci_CruV_146,Cruci_CruV_147,Cruci_CruV_148
fullCP	Red	train	cleaned_sequence	f0a2bbba182be16e748c58ac89fd75a5917017be	3	Cruci_CruV-646,Cruci_CruV-647,Cruci_CruV-648
fullCP	Red	train	cleaned_sequence	febcf0ad9e50fba76bdf3b947d223fb0dbef6d2e	2	Cruci_CruV_409,Cruci_CruV_410
fullCP	Red	train	cleaned_sequence	c42c8205c4936424c31ce78a1518641ca44648d1	2	Cruci_CruV_505,Cruci_CruV_506
fullCP	Red	train	cleaned_sequence	7a5f9ef0fb94c549d33253def65bf8de648f8ae5	2	Cruci_CruV_527,Cruci_CruV_528
fullCP	Red	train	cleaned_sequence	b321cb42912f53236419775c620d72c42e9ebecf	2	Cruci_PB_KX388529,Cruci_PB_KX388530
fullCP	Red	train	cleaned_sequence	62300b71d236ac73e2de3a06ddc8bf3ba13062e1	2	Cruci_CruV_211,Cruci_CruV_234
fullCP	Red	train	cleaned_sequence	43e66b4b0612d1fa9877ae26f086416a3d7bbf81	2	Cruci_CruV_250,Cruci_CruV_251
fullCP	Red	train	cleaned_sequence	8b5d303d745946019be0c9b6994273cf79029ca4	2	Cruci_CruV-583,Cruci_CruV-584
fullCP	Red	train	cleaned_sequence	25f5b9216905fb7147a13855cc01357edc34d1a8	2	Cruci_CruV-629,Cruci_CruV-630
fullCP	Red	train	cleaned_sequence	18c104679f5542321331b4301f3281992ee9ae9b	2	Cruci_CruV-564,Cruci_CruV-565
fullCP	Red	train	cleaned_sequence	80f67641b60dd308b9a0b805cdf0da675fcf0ffa	2	Cruci_PB_KX388498,Cruci_PB_KX388499
fullCP	Red	train	cleaned_sequence	682d5452117b7222e0448adb50474c1dfa9a427d	2	Cruci_PB_KX388500,Cruci_PB_KX388501
fullCP	Red	train	cleaned_sequence	53b8f3c740835f4022fa068b83a314806d420b36	2	Cruci_CruV-701,Cruci_CruV-702
fullCP	Red	train	cleaned_sequence	f2c961535ab6031d9edff876bb76a7619e989f1e	2	Cruci_CruV_349,Cruci_CruV_353
fullCP	Red	train	cleaned_sequence	70adf4b40775050fb9bfb8a435f9131a9c6bdaba	2	Cruci_CruV-676,Cruci_CruV-677
fullCP	Red	train	cleaned_sequence	c01b56f1c66cb540aa41ac85dcc3a713ae159f58	2	Cruci_CruV-844,Cruci_CruV-845
fullCP	Red	train	cleaned_sequence	05ba7cf56bb5c22012efbcd091b8491c7f0e6fa7	2	Cruci_CruV-883,Cruci_CruV-884
fullCP	Red	train	cleaned_sequence	f40e37d2ceb18074ac9eb42ab81dbab465dc7110	2	Cruci_CruV-887,Cruci_CruV-888
fullCP	Red	train	cleaned_sequence	d95003bf3f88a1e95b9a2de7e09286bfee9352b3	2	Cruci_CruV-915,Cruci_CruV-916
fullCP	Red	train	cleaned_sequence	d838f7d2701dcaa22635f0fb0b198a7bc8694b5f	2	Cruci_CruV_501,Cruci_CruV_509
fullCP	Red	train	cleaned_sequence	b1773e302b4d2a51040738bffec6e238845d0299	2	Ribo_ND_018979,Ribo_NC_032880
fullCP	Red	train	cleaned_sequence	3eb79c07d4362e7159951431c40aac9a74964c1a	2	Ribo_ND_019228,Ribo_NC_033161
fullCP	Red	test	cleaned_sequence	47fbc63af62a20623b06c0fbe53eecbb964cd7fe	2	Ribo_Hibiscus_chlorotic_ringspot_virus_X86448,Ribo_ND_015813
fullCP	Red	test	cleaned_sequence	ac6e4df9c637b732983bbcb35c794c3c9b1216c4	2	Ribo_ND_015690,Ribo_Galinsoga_Mosaic_Virus
fullCP	Yellow	train	id	Cruci_CruV_420	2	Cruci_CruV_420,Cruci_CruV_420
fullCP	Yellow	train	id	Cruci_CruV-970	2	Cruci_CruV-970,Cruci_CruV-970
fullCP	Yellow	train	id	Cruci_CruV-972	3	Cruci_CruV-972,Cruci_CruV-972,Cruci_CruV-972
fullCP	Yellow	train	cleaned_sequence	b14f735f8f9941cf192401dc0b06d76eb5572958	2	Cruci_CruV-754,Cruci_CruV-755
fullCP	Yellow	train	cleaned_sequence	9bc11fb02b8f0413392b37d7f71fcae1ae68e2ee	3	Cruci_CruV_453,Cruci_CruV_455,Cruci_CruV_456
fullCP	Yellow	train	cleaned_sequence	7e2e97e9baf3240bdaebce85f8fb1d93b6b11a63	2	Cruci_CruV-692,Cruci_CruV-693
fullCP	Yellow	train	cleaned_sequence	a01d01a892b2e63e74f5416e8348bc4805ac0d01	2	Cruci_CruV_310,Cruci_CruV_311
fullCP	Yellow	train	cleaned_sequence	a33e6ac59c52a93b7153aa011971b1a0e2a8cabe	2	Cruci_CruV-826,Cruci_CruV-827
fullCP	Yellow	train	cleaned_sequence	2ba2dc74a8c2991bfdaf7b50e1f5c8d58343ef82	2	Cruci_CruV-778,Cruci_CruV-779
fullCP	Yellow	train	cleaned_sequence	e4f46928f53df69774c92d063671a8b3372bdb41	4	Cruci_CruV_243,Cruci_CruV_245,Cruci_CruV_276,Cruci_CruV_278
fullCP	Yellow	train	cleaned_sequence	8bd0e5e6d91a37c66567f02d456cbdc8db812b5f	2	Cruci_PB_KX388521,Cruci_PB_KX388522
fullCP	Yellow	train	cleaned_sequence	fba64079d0e1c7b3ec17188602218440ef06bb0a	3	Cruci_PB_KX388524,Cruci_PB_KX388526,Cruci_CruV-719
fullCP	Yellow	train	cleaned_sequence	c1431f048b374ccabf06e9614f95e1e21dac0506	3	Cruci_CruV_272,Cruci_CruV_277,Cruci_CruV_281
fullCP	Yellow	train	cleaned_sequence	c6b38e14383e2d2ab81a7f004d725de3c596881d	2	Cruci_PB_KX388517,Cruci_PB_KX388518
fullCP	Yellow	train	cleaned_sequence	5085d627f4ad4de28d1f62ec3768266b73350a24	2	Cruci_CruV-894,Cruci_CruV-895
fullCP	Yellow	train	cleaned_sequence	1fd5018eaf0cb8432049eb8c74b1d4ffc2cb71fd	2	Cruci_CruV-966,Cruci_CruV-965
fullCP	Yellow	train	cleaned_sequence	2f3358f878e8660ebc4cd77aa1b8c3866aa0dec7	3	Cruci_CruV_146,Cruci_CruV_147,Cruci_CruV_148
fullCP	Yellow	train	cleaned_sequence	f0a2bbba182be16e748c58ac89fd75a5917017be	3	Cruci_CruV-646,Cruci_CruV-647,Cruci_CruV-648
fullCP	Yellow	train	cleaned_sequence	febcf0ad9e50fba76bdf3b947d223fb0dbef6d2e	2	Cruci_CruV_409,Cruci_CruV_410
fullCP	Yellow	train	cleaned_sequence	c42c8205c4936424c31ce78a1518641ca44648d1	2	Cruci_CruV_505,Cruci_CruV_506
fullCP	Yellow	train	cleaned_sequence	7a5f9ef0fb94c549d33253def65bf8de648f8ae5	2	Cruci_CruV_527,Cruci_CruV_528
fullCP	Yellow	train	cleaned_sequence	b321cb42912f53236419775c620d72c42e9ebecf	2	Cruci_PB_KX388529,Cruci_PB_KX388530
fullCP	Yellow	train	cleaned_sequence	62300b71d236ac73e2de3a06ddc8bf3ba13062e1	2	Cruci_CruV_211,Cruci_CruV_234
fullCP	Yellow	train	cleaned_sequence	43e66b4b0612d1fa9877ae26f086416a3d7bbf81	2	Cruci_CruV_250,Cruci_CruV_251
fullCP	Yellow	train	cleaned_sequence	8b5d303d745946019be0c9b6994273cf79029ca4	2	Cruci_CruV-583,Cruci_CruV-584
fullCP	Yellow	train	cleaned_sequence	25f5b9216905fb7147a13855cc01357edc34d1a8	2	Cruci_CruV-629,Cruci_CruV-630
fullCP	Yellow	train	cleaned_sequence	18c104679f5542321331b4301f3281992ee9ae9b	2	Cruci_CruV-564,Cruci_CruV-565
fullCP	Yellow	train	cleaned_sequence	80f67641b60dd308b9a0b805cdf0da675fcf0ffa	2	Cruci_PB_KX388498,Cruci_PB_KX388499
fullCP	Yellow	train	cleaned_sequence	682d5452117b7222e0448adb50474c1dfa9a427d	2	Cruci_PB_KX388500,Cruci_PB_KX388501
fullCP	Yellow	train	cleaned_sequence	53b8f3c740835f4022fa068b83a314806d420b36	2	Cruci_CruV-701,Cruci_CruV-702
fullCP	Yellow	train	cleaned_sequence	f2c961535ab6031d9edff876bb76a7619e989f1e	2	Cruci_CruV_349,Cruci_CruV_353
fullCP	Yellow	train	cleaned_sequence	70adf4b40775050fb9bfb8a435f9131a9c6bdaba	2	Cruci_CruV-676,Cruci_CruV-677
fullCP	Yellow	train	cleaned_sequence	c01b56f1c66cb540aa41ac85dcc3a713ae159f58	2	Cruci_CruV-844,Cruci_CruV-845
fullCP	Yellow	train	cleaned_sequence	05ba7cf56bb5c22012efbcd091b8491c7f0e6fa7	2	Cruci_CruV-883,Cruci_CruV-884
fullCP	Yellow	train	cleaned_sequence	f40e37d2ceb18074ac9eb42ab81dbab465dc7110	2	Cruci_CruV-887,Cruci_CruV-888
fullCP	Yellow	train	cleaned_sequence	d95003bf3f88a1e95b9a2de7e09286bfee9352b3	2	Cruci_CruV-915,Cruci_CruV-916
fullCP	Yellow	train	cleaned_sequence	d838f7d2701dcaa22635f0fb0b198a7bc8694b5f	2	Cruci_CruV_501,Cruci_CruV_509
fullCP	Yellow	train	cleaned_sequence	47fbc63af62a20623b06c0fbe53eecbb964cd7fe	2	Ribo_Hibiscus_chlorotic_ringspot_virus_X86448,Ribo_ND_015813
fullCP	Yellow	train	cleaned_sequence	b1773e302b4d2a51040738bffec6e238845d0299	2	Ribo_ND_018979,Ribo_NC_032880
fullCP	Yellow	train	cleaned_sequence	ac6e4df9c637b732983bbcb35c794c3c9b1216c4	2	Ribo_ND_015690,Ribo_Galinsoga_Mosaic_Virus
fullCP	Yellow	test	cleaned_sequence	3eb79c07d4362e7159951431c40aac9a74964c1a	2	Ribo_ND_019228,Ribo_NC_033161
Rdomain	Blue	train	cleaned_sequence	910a0313bf556c88270eacfe0acc25706bd9e062	2	Cruci_CruV_406,Cruci_CruV_407
Rdomain	Blue	train	cleaned_sequence	39b7f8e3730465f91b3adcddc49ca72662451437	2	Cruci_CruV-754,Cruci_CruV-755
Rdomain	Blue	train	cleaned_sequence	5bb361d3b8086500fa43bf6dd7e618265919f7e0	2	Cruci_CruV_310,Cruci_CruV_311
Rdomain	Blue	train	cleaned_sequence	93d1a8f4f5ab5654251c2c3c3e2a54faa8801ada	3	Cruci_CruV_322,Cruci_CruV_323,Cruci_CruV_324
Rdomain	Blue	train	cleaned_sequence	f222e92731dea25d42baf35904d7b85265ac5d8c	4	Cruci_CruV_453,Cruci_CruV_455,Cruci_CruV_456,Cruci_CruV_454
Rdomain	Blue	train	cleaned_sequence	f9fca242cbe8788b2c7a35f44678647e20997633	2	Cruci_CruV_174,Cruci_CruV_175
Rdomain	Blue	train	cleaned_sequence	ba36b9939735bedc54fe7ca2d60ed967d597266f	2	Cruci_CruV-826,Cruci_CruV-827
Rdomain	Blue	train	cleaned_sequence	17a93c6fcd342da479149857c210df6375670731	2	Cruci_CruV-692,Cruci_CruV-693
Rdomain	Blue	train	cleaned_sequence	d45a3635a68e4cb580a2fd757c19459cbde4a0e2	2	Cruci_CruV-778,Cruci_CruV-779
Rdomain	Blue	train	cleaned_sequence	6608a01793e850c360c5098c3ee6080e76d7fd5d	5	Cruci_CruV_243,Cruci_CruV_245,Cruci_CruV_276,Cruci_CruV_278,Cruci_CruV_264
Rdomain	Blue	train	cleaned_sequence	39df721961e9a779f0c08eb3aecd1c94a2ba83e5	2	Cruci_CruV-704,Cruci_CruV-705
Rdomain	Blue	train	cleaned_sequence	1036574efca82ee525c656c7a1fcc4eace05f014	2	Cruci_CruV_83,Cruci_CruV_84
Rdomain	Blue	train	cleaned_sequence	08aca8703fdd64b8f13325f6acc17b78379ad146	2	Cruci_CruV-965,Cruci_CruV-966
Rdomain	Blue	train	cleaned_sequence	0c7b42b04c8004210b1814a2687c0b6dde67bfeb	2	Cruci_PB_KX388521,Cruci_PB_KX388522
Rdomain	Blue	train	cleaned_sequence	bf32b9c187d681aeda1cc4bce73a92ddaa771f03	5	Cruci_PB_KX388524,Cruci_PB_KX388526,Cruci_CruV-719,Cruci_PB_KX388525,Cruci_PB_KX388523
Rdomain	Blue	train	cleaned_sequence	6eac8f3f4bd22c3d75bc4ff06d4f8b61811d2411	2	Cruci_CruV_179,Cruci_CruV_180
Rdomain	Blue	train	cleaned_sequence	d25a0f37e58aecd4f96215620d93de9f673bf0af	2	Cruci_CruV_371,Cruci_CruV_372
Rdomain	Blue	train	cleaned_sequence	a2005b8fe3fcc52409b21f86c76182c7a3ab3c1f	2	Cruci_CruV_90,Cruci_CruV_91
Rdomain	Blue	train	cleaned_sequence	e758ddf261e48f01094ec0e9871aaab8fddff650	2	Cruci_CruV_238,Cruci_CruV_239
Rdomain	Blue	train	cleaned_sequence	452530816934e73b9b686830ab08c5d6e272b273	3	Cruci_CruV_146,Cruci_CruV_147,Cruci_CruV_148
Rdomain	Blue	train	cleaned_sequence	7839698fb71e969ffab15d322d08eace5762d904	2	Cruci_CruV-601,Cruci_CruV-600
Rdomain	Blue	train	cleaned_sequence	469fd144e7c2cf187fb7bf14d8fbc37c5082958a	2	Cruci_CruV-564,Cruci_CruV-565
Rdomain	Blue	train	cleaned_sequence	e686f6c03bab7f216b612ebce915d8ee1812a2b1	3	Cruci_PB_KX388528,Cruci_PB_KX388529,Cruci_PB_KX388530
Rdomain	Blue	train	cleaned_sequence	d2856c1f2eac24f2e46236a1fb71d7e2e3135339	2	Cruci_CruV-583,Cruci_CruV-584
Rdomain	Blue	train	cleaned_sequence	99f96995237bbff5fdb22d72ed0628e74225f45d	2	Cruci_CruV-598,Cruci_CruV-608
Rdomain	Blue	train	cleaned_sequence	e31cae50677556e655febd39ea7f7488072c89f1	2	Cruci_CruV-676,Cruci_CruV-677
Rdomain	Blue	train	cleaned_sequence	74bd8cab3a8b732d765f43d4ce209f32aa3f9184	2	Ribo_ND_019228,Ribo_NC_033161
Rdomain	Blue	train	cleaned_sequence	2f3d63ad6c5520d126353baf0a6d2b025d511885	2	Cruci_CruV_439,Cruci_CruV_446
Rdomain	Blue	train	cleaned_sequence	65460cfa6bae9542918fbe3fbad659cd37c8d92d	2	Ribo_JAAOEH010002326.1,Ribo_ND_349259
Rdomain	Blue	train	cleaned_sequence	328a45676bfefeef1a2454e5d9bb2ded3680290e	2	Cruci_CruV_211,Cruci_CruV_234
Rdomain	Blue	train	cleaned_sequence	02cf38512dd460571710a17b0b085be94d11a1d0	2	Cruci_CruV-915,Cruci_CruV-916
Rdomain	Blue	train	cleaned_sequence	ad281981696094e1fb8c62e50dd019649761f305	2	Cruci_CruV-894,Cruci_CruV-895
Rdomain	Blue	train	cleaned_sequence	28e993222d375a62e132efcc163dc6113ddf9dc2	2	Cruci_CruV_409,Cruci_CruV_410
Rdomain	Blue	train	cleaned_sequence	8161efb27400c0c62ab2d1a419da83445148c41a	2	Cruci_CruV-883,Cruci_CruV-884
Rdomain	Blue	train	cleaned_sequence	20d16cd5277aa6ec4ca37f093af3dc2b6d8b872d	2	Cruci_PB_KX388517,Cruci_PB_KX388518
Rdomain	Blue	train	cleaned_sequence	8b447f0a11980fa548c781e0b279f01fd1d6d9fd	2	Cruci_CruV-862,Cruci_CruV-860
Rdomain	Blue	train	cleaned_sequence	c9261069e1669271344b90f8cea0d6d0669bbed7	2	Ribo_Hibiscus_chlorotic_ringspot_virus_X86448,Ribo_ND_015813
Rdomain	Blue	train	cleaned_sequence	d28ac4a55003e9ba02cd8ca1b7caf34931d1ac81	2	Cruci_CruV_505,Cruci_CruV_506
Rdomain	Blue	train	cleaned_sequence	5686db11086e958c0e92af0ecd1f719c7a5dce87	2	Cruci_CruV_266,Cruci_CruV_265
Rdomain	Blue	train	cleaned_sequence	e11811480e87c1abb6a49fe147e6e847406af499	2	Cruci_CruV_250,Cruci_CruV_251
Rdomain	Blue	train	cleaned_sequence	805a485141c7ab00fdf8ad35eec58720073bb0ff	2	Cruci_CruV_319,Cruci_CruV_320
Rdomain	Blue	train	cleaned_sequence	4e8bfe006f07eadb803a9758bf1a0564125667a7	2	Cruci_CruV_527,Cruci_CruV_528
Rdomain	Blue	train	cleaned_sequence	5b6817766355456a6e6b2f3c98bd9a3b2c79117a	2	Cruci_CruV-844,Cruci_CruV-845
Rdomain	Blue	train	cleaned_sequence	c0676336289e736b163c010ba0ec320439056cff	2	Ribo_ND_018979,Ribo_NC_032880
Rdomain	Blue	train	cleaned_sequence	7fe7a18be01d5c23a976565f0bad6232e5c5bd4b	2	Ribo_ND_015690,Ribo_Galinsoga_Mosaic_Virus
Rdomain	Blue	train	cleaned_sequence	f53b608ef43456fc4a3509422e75c76371b4d01d	2	Ribo_ND_064866,Ribo_ND_024871
Rdomain	Blue	train	cleaned_sequence	be273138de61be1822d9dff22eedb002a8e2304e	2	Ribo_ND_292516,Ribo_ND_287421
Rdomain	Blue	train	cleaned_sequence	a71774b589f1d868632368dc00613e5a3c808b9c	2	Cruci_CruV-887,Cruci_CruV-888
Rdomain	Blue	train	cleaned_sequence	832324adc5e21f6ba1e5c37416da979150467400	2	Ribo_ND_385927,Ribo_ND_327463
Rdomain	Blue	train	cleaned_sequence	56048264dd9d610d60868e09ec765eb5e15ddbfe	2	Ribo_ND_087862,Ribo_ND_024746
Rdomain	Blue	test	cleaned_sequence	84d68e4af565e446cc2fce4869ed4941e429d7eb	5	Cruci_CruV_272,Cruci_CruV_277,Cruci_CruV_281,Cruci_CruV_291,Cruci_CruV_282
Rdomain	Blue	test	cleaned_sequence	a17a575c8e60a6c335db21f3c706d9fc4196223e	2	Cruci_CruV-629,Cruci_CruV-630
Rdomain	Blue	test	cleaned_sequence	9ba6336c98b1a4189a478d9cf66520e0efd43b9e	3	Cruci_CruV-646,Cruci_CruV-647,Cruci_CruV-648
Rdomain	Blue	test	cleaned_sequence	532fa2dc970591326cb951d371ae88b1392ac8e2	2	Cruci_CruV-701,Cruci_CruV-702
Rdomain	Blue	test	cleaned_sequence	632695626cf3846ea916a46c862c0b1b7676bf53	4	Cruci_PB_KX388498,Cruci_PB_KX388499,Cruci_PB_KX388500,Cruci_PB_KX388501
Rdomain	Blue	test	cleaned_sequence	263cb98fcff0f3cca05b574ae115ada82c4ba6be	2	Cruci_CruV_349,Cruci_CruV_353
Rdomain	Green	train	cleaned_sequence	39b7f8e3730465f91b3adcddc49ca72662451437	2	Cruci_CruV-754,Cruci_CruV-755
Rdomain	Green	train	cleaned_sequence	5bb361d3b8086500fa43bf6dd7e618265919f7e0	2	Cruci_CruV_310,Cruci_CruV_311
Rdomain	Green	train	cleaned_sequence	93d1a8f4f5ab5654251c2c3c3e2a54faa8801ada	3	Cruci_CruV_322,Cruci_CruV_323,Cruci_CruV_324
Rdomain	Green	train	cleaned_sequence	f9fca242cbe8788b2c7a35f44678647e20997633	2	Cruci_CruV_174,Cruci_CruV_175
Rdomain	Green	train	cleaned_sequence	17a93c6fcd342da479149857c210df6375670731	2	Cruci_CruV-692,Cruci_CruV-693
Rdomain	Green	train	cleaned_sequence	84d68e4af565e446cc2fce4869ed4941e429d7eb	5	Cruci_CruV_272,Cruci_CruV_277,Cruci_CruV_281,Cruci_CruV_291,Cruci_CruV_282
Rdomain	Green	train	cleaned_sequence	6608a01793e850c360c5098c3ee6080e76d7fd5d	5	Cruci_CruV_243,Cruci_CruV_245,Cruci_CruV_276,Cruci_CruV_278,Cruci_CruV_264
Rdomain	Green	train	cleaned_sequence	39df721961e9a779f0c08eb3aecd1c94a2ba83e5	2	Cruci_CruV-704,Cruci_CruV-705
Rdomain	Green	train	cleaned_sequence	1036574efca82ee525c656c7a1fcc4eace05f014	2	Cruci_CruV_83,Cruci_CruV_84
Rdomain	Green	train	cleaned_sequence	0c7b42b04c8004210b1814a2687c0b6dde67bfeb	2	Cruci_PB_KX388521,Cruci_PB_KX388522
Rdomain	Green	train	cleaned_sequence	bf32b9c187d681aeda1cc4bce73a92ddaa771f03	5	Cruci_PB_KX388524,Cruci_PB_KX388526,Cruci_CruV-719,Cruci_PB_KX388525,Cruci_PB_KX388523
Rdomain	Green	train	cleaned_sequence	6eac8f3f4bd22c3d75bc4ff06d4f8b61811d2411	2	Cruci_CruV_179,Cruci_CruV_180
Rdomain	Green	train	cleaned_sequence	a17a575c8e60a6c335db21f3c706d9fc4196223e	2	Cruci_CruV-629,Cruci_CruV-630
Rdomain	Green	train	cleaned_sequence	9ba6336c98b1a4189a478d9cf66520e0efd43b9e	3	Cruci_CruV-646,Cruci_CruV-647,Cruci_CruV-648
Rdomain	Green	train	cleaned_sequence	d25a0f37e58aecd4f96215620d93de9f673bf0af	2	Cruci_CruV_371,Cruci_CruV_372
Rdomain	Green	train	cleaned_sequence	a2005b8fe3fcc52409b21f86c76182c7a3ab3c1f	2	Cruci_CruV_90,Cruci_CruV_91
Rdomain	Green	train	cleaned_sequence	e758ddf261e48f01094ec0e9871aaab8fddff650	2	Cruci_CruV_238,Cruci_CruV_239
Rdomain	Green	train	cleaned_sequence	452530816934e73b9b686830ab08c5d6e272b273	3	Cruci_CruV_146,Cruci_CruV_147,Cruci_CruV_148
Rdomain	Green	train	cleaned_sequence	7839698fb71e969ffab15d322d08eace5762d904	2	Cruci_CruV-601,Cruci_CruV-600
Rdomain	Green	train	cleaned_sequence	532fa2dc970591326cb951d371ae88b1392ac8e2	2	Cruci_CruV-701,Cruci_CruV-702
Rdomain	Green	train	cleaned_sequence	469fd144e7c2cf187fb7bf14d8fbc37c5082958a	2	Cruci_CruV-564,Cruci_CruV-565
Rdomain	Green	train	cleaned_sequence	632695626cf3846ea916a46c862c0b1b7676bf53	4	Cruci_PB_KX388498,Cruci_PB_KX388499,Cruci_PB_KX388500,Cruci_PB_KX388501
Rdomain	Green	train	cleaned_sequence	d2856c1f2eac24f2e46236a1fb71d7e2e3135339	2	Cruci_CruV-583,Cruci_CruV-584
Rdomain	Green	train	cleaned_sequence	99f96995237bbff5fdb22d72ed0628e74225f45d	2	Cruci_CruV-598,Cruci_CruV-608
Rdomain	Green	train	cleaned_sequence	e31cae50677556e655febd39ea7f7488072c89f1	2	Cruci_CruV-676,Cruci_CruV-677
Rdomain	Green	train	cleaned_sequence	74bd8cab3a8b732d765f43d4ce209f32aa3f9184	2	Ribo_ND_019228,Ribo_NC_033161
Rdomain	Green	train	cleaned_sequence	263cb98fcff0f3cca05b574ae115ada82c4ba6be	2	Cruci_CruV_349,Cruci_CruV_353
Rdomain	Green	train	cleaned_sequence	65460cfa6bae9542918fbe3fbad659cd37c8d92d	2	Ribo_JAAOEH010002326.1,Ribo_ND_349259
Rdomain	Green	train	cleaned_sequence	328a45676bfefeef1a2454e5d9bb2ded3680290e	2	Cruci_CruV_211,Cruci_CruV_234
Rdomain	Green	train	cleaned_sequence	ad281981696094e1fb8c62e50dd019649761f305	2	Cruci_CruV-894,Cruci_CruV-895
Rdomain	Green	train	cleaned_sequence	28e993222d375a62e132efcc163dc6113ddf9dc2	2	Cruci_CruV_409,Cruci_CruV_410
Rdomain	Green	train	cleaned_sequence	20d16cd5277aa6ec4ca37f093af3dc2b6d8b872d	2	Cruci_PB_KX388517,Cruci_PB_KX388518
Rdomain	Green	train	cleaned_sequence	8b447f0a11980fa548c781e0b279f01fd1d6d9fd	2	Cruci_CruV-862,Cruci_CruV-860
Rdomain	Green	train	cleaned_sequence	c9261069e1669271344b90f8cea0d6d0669bbed7	2	Ribo_Hibiscus_chlorotic_ringspot_virus_X86448,Ribo_ND_015813
Rdomain	Green	train	cleaned_sequence	d28ac4a55003e9ba02cd8ca1b7caf34931d1ac81	2	Cruci_CruV_505,Cruci_CruV_506
Rdomain	Green	train	cleaned_sequence	5686db11086e958c0e92af0ecd1f719c7a5dce87	2	Cruci_CruV_266,Cruci_CruV_265
Rdomain	Green	train	cleaned_sequence	e11811480e87c1abb6a49fe147e6e847406af499	2	Cruci_CruV_250,Cruci_CruV_251
Rdomain	Green	train	cleaned_sequence	805a485141c7ab00fdf8ad35eec58720073bb0ff	2	Cruci_CruV_319,Cruci_CruV_320
Rdomain	Green	train	cleaned_sequence	4e8bfe006f07eadb803a9758bf1a0564125667a7	2	Cruci_CruV_527,Cruci_CruV_528
Rdomain	Green	train	cleaned_sequence	5b6817766355456a6e6b2f3c98bd9a3b2c79117a	2	Cruci_CruV-844,Cruci_CruV-845
Rdomain	Green	train	cleaned_sequence	7fe7a18be01d5c23a976565f0bad6232e5c5bd4b	2	Ribo_ND_015690,Ribo_Galinsoga_Mosaic_Virus
Rdomain	Green	train	cleaned_sequence	be273138de61be1822d9dff22eedb002a8e2304e	2	Ribo_ND_292516,Ribo_ND_287421
Rdomain	Green	test	cleaned_sequence	910a0313bf556c88270eacfe0acc25706bd9e062	2	Cruci_CruV_406,Cruci_CruV_407
Rdomain	Green	test	cleaned_sequence	f222e92731dea25d42baf35904d7b85265ac5d8c	4	Cruci_CruV_453,Cruci_CruV_455,Cruci_CruV_456,Cruci_CruV_454
Rdomain	Green	test	cleaned_sequence	ba36b9939735bedc54fe7ca2d60ed967d597266f	2	Cruci_CruV-826,Cruci_CruV-827
Rdomain	Green	test	cleaned_sequence	d45a3635a68e4cb580a2fd757c19459cbde4a0e2	2	Cruci_CruV-778,Cruci_CruV-779
Rdomain	Green	test	cleaned_sequence	08aca8703fdd64b8f13325f6acc17b78379ad146	2	Cruci_CruV-965,Cruci_CruV-966
Rdomain	Green	test	cleaned_sequence	e686f6c03bab7f216b612ebce915d8ee1812a2b1	3	Cruci_PB_KX388528,Cruci_PB_KX388529,Cruci_PB_KX388530
Rdomain	Green	test	cleaned_sequence	2f3d63ad6c5520d126353baf0a6d2b025d511885	2	Cruci_CruV_439,Cruci_CruV_446
Rdomain	Green	test	cleaned_sequence	02cf38512dd460571710a17b0b085be94d11a1d0	2	Cruci_CruV-915,Cruci_CruV-916
Rdomain	Green	test	cleaned_sequence	8161efb27400c0c62ab2d1a419da83445148c41a	2	Cruci_CruV-883,Cruci_CruV-884
Rdomain	Green	test	cleaned_sequence	c0676336289e736b163c010ba0ec320439056cff	2	Ribo_ND_018979,Ribo_NC_032880
Rdomain	Green	test	cleaned_sequence	f53b608ef43456fc4a3509422e75c76371b4d01d	2	Ribo_ND_064866,Ribo_ND_024871
Rdomain	Green	test	cleaned_sequence	a71774b589f1d868632368dc00613e5a3c808b9c	2	Cruci_CruV-887,Cruci_CruV-888
Rdomain	Green	test	cleaned_sequence	832324adc5e21f6ba1e5c37416da979150467400	2	Ribo_ND_385927,Ribo_ND_327463
Rdomain	Green	test	cleaned_sequence	56048264dd9d610d60868e09ec765eb5e15ddbfe	2	Ribo_ND_087862,Ribo_ND_024746
Rdomain	Purple	train	cleaned_sequence	910a0313bf556c88270eacfe0acc25706bd9e062	2	Cruci_CruV_406,Cruci_CruV_407
Rdomain	Purple	train	cleaned_sequence	f222e92731dea25d42baf35904d7b85265ac5d8c	4	Cruci_CruV_453,Cruci_CruV_455,Cruci_CruV_456,Cruci_CruV_454
Rdomain	Purple	train	cleaned_sequence	ba36b9939735bedc54fe7ca2d60ed967d597266f	2	Cruci_CruV-826,Cruci_CruV-827
Rdomain	Purple	train	cleaned_sequence	84d68e4af565e446cc2fce4869ed4941e429d7eb	5	Cruci_CruV_272,Cruci_CruV_277,Cruci_CruV_281,Cruci_CruV_291,Cruci_CruV_282
Rdomain	Purple	train	cleaned_sequence	d45a3635a68e4cb580a2fd757c19459cbde4a0e2	2	Cruci_CruV-778,Cruci_CruV-779
Rdomain	Purple	train	cleaned_sequence	1036574efca82ee525c656c7a1fcc4eace05f014	2	Cruci_CruV_83,Cruci_CruV_84
Rdomain	Purple	train	cleaned_sequence	08aca8703fdd64b8f13325f6acc17b78379ad146	2	Cruci_CruV-965,Cruci_CruV-966
Rdomain	Purple	train	cleaned_sequence	a17a575c8e60a6c335db21f3c706d9fc4196223e	2	Cruci_CruV-629,Cruci_CruV-630
Rdomain	Purple	train	cleaned_sequence	9ba6336c98b1a4189a478d9cf66520e0efd43b9e	3	Cruci_CruV-646,Cruci_CruV-647,Cruci_CruV-648
Rdomain	Purple	train	cleaned_sequence	e758ddf261e48f01094ec0e9871aaab8fddff650	2	Cruci_CruV_238,Cruci_CruV_239
Rdomain	Purple	train	cleaned_sequence	532fa2dc970591326cb951d371ae88b1392ac8e2	2	Cruci_CruV-701,Cruci_CruV-702
Rdomain	Purple	train	cleaned_sequence	e686f6c03bab7f216b612ebce915d8ee1812a2b1	3	Cruci_PB_KX388528,Cruci_PB_KX388529,Cruci_PB_KX388530
Rdomain	Purple	train	cleaned_sequence	632695626cf3846ea916a46c862c0b1b7676bf53	4	Cruci_PB_KX388498,Cruci_PB_KX388499,Cruci_PB_KX388500,Cruci_PB_KX388501
Rdomain	Purple	train	cleaned_sequence	74bd8cab3a8b732d765f43d4ce209f32aa3f9184	2	Ribo_ND_019228,Ribo_NC_033161
Rdomain	Purple	train	cleaned_sequence	263cb98fcff0f3cca05b574ae115ada82c4ba6be	2	Cruci_CruV_349,Cruci_CruV_353
Rdomain	Purple	train	cleaned_sequence	2f3d63ad6c5520d126353baf0a6d2b025d511885	2	Cruci_CruV_439,Cruci_CruV_446
Rdomain	Purple	train	cleaned_sequence	65460cfa6bae9542918fbe3fbad659cd37c8d92d	2	Ribo_JAAOEH010002326.1,Ribo_ND_349259
Rdomain	Purple	train	cleaned_sequence	02cf38512dd460571710a17b0b085be94d11a1d0	2	Cruci_CruV-915,Cruci_CruV-916
Rdomain	Purple	train	cleaned_sequence	8161efb27400c0c62ab2d1a419da83445148c41a	2	Cruci_CruV-883,Cruci_CruV-884
Rdomain	Purple	train	cleaned_sequence	c9261069e1669271344b90f8cea0d6d0669bbed7	2	Ribo_Hibiscus_chlorotic_ringspot_virus_X86448,Ribo_ND_015813
Rdomain	Purple	train	cleaned_sequence	805a485141c7ab00fdf8ad35eec58720073bb0ff	2	Cruci_CruV_319,Cruci_CruV_320
Rdomain	Purple	train	cleaned_sequence	c0676336289e736b163c010ba0ec320439056cff	2	Ribo_ND_018979,Ribo_NC_032880
Rdomain	Purple	train	cleaned_sequence	7fe7a18be01d5c23a976565f0bad6232e5c5bd4b	2	Ribo_ND_015690,Ribo_Galinsoga_Mosaic_Virus
Rdomain	Purple	train	cleaned_sequence	f53b608ef43456fc4a3509422e75c76371b4d01d	2	Ribo_ND_064866,Ribo_ND_024871
Rdomain	Purple	train	cleaned_sequence	be273138de61be1822d9dff22eedb002a8e2304e	2	Ribo_ND_292516,Ribo_ND_287421
Rdomain	Purple	train	cleaned_sequence	a71774b589f1d868632368dc00613e5a3c808b9c	2	Cruci_CruV-887,Cruci_CruV-888
Rdomain	Purple	train	cleaned_sequence	832324adc5e21f6ba1e5c37416da979150467400	2	Ribo_ND_385927,Ribo_ND_327463
Rdomain	Purple	train	cleaned_sequence	56048264dd9d610d60868e09ec765eb5e15ddbfe	2	Ribo_ND_087862,Ribo_ND_024746
Rdomain	Purple	train	cleaned_sequence	c63ae6dd4fc9f9dda66970e827d13f7c73fe841c	2	Ribo_ND_132327,Cruci_CruV_493
Rdomain	Purple	test	cleaned_sequence	39b7f8e3730465f91b3adcddc49ca72662451437	2	Cruci_CruV-754,Cruci_CruV-755
Rdomain	Purple	test	cleaned_sequence	5bb361d3b8086500fa43bf6dd7e618265919f7e0	2	Cruci_CruV_310,Cruci_CruV_311
Rdomain	Purple	test	cleaned_sequence	93d1a8f4f5ab5654251c2c3c3e2a54faa8801ada	3	Cruci_CruV_322,Cruci_CruV_323,Cruci_CruV_324
Rdomain	Purple	test	cleaned_sequence	f9fca242cbe8788b2c7a35f44678647e20997633	2	Cruci_CruV_174,Cruci_CruV_175
Rdomain	Purple	test	cleaned_sequence	17a93c6fcd342da479149857c210df6375670731	2	Cruci_CruV-692,Cruci_CruV-693
Rdomain	Purple	test	cleaned_sequence	6608a01793e850c360c5098c3ee6080e76d7fd5d	5	Cruci_CruV_243,Cruci_CruV_245,Cruci_CruV_276,Cruci_CruV_278,Cruci_CruV_264
Rdomain	Purple	test	cleaned_sequence	39df721961e9a779f0c08eb3aecd1c94a2ba83e5	2	Cruci_CruV-704,Cruci_CruV-705
Rdomain	Purple	test	cleaned_sequence	0c7b42b04c8004210b1814a2687c0b6dde67bfeb	2	Cruci_PB_KX388521,Cruci_PB_KX388522
Rdomain	Purple	test	cleaned_sequence	bf32b9c187d681aeda1cc4bce73a92ddaa771f03	5	Cruci_PB_KX388524,Cruci_PB_KX388526,Cruci_CruV-719,Cruci_PB_KX388525,Cruci_PB_KX388523
Rdomain	Purple	test	cleaned_sequence	6eac8f3f4bd22c3d75bc4ff06d4f8b61811d2411	2	Cruci_CruV_179,Cruci_CruV_180
Rdomain	Purple	test	cleaned_sequence	d25a0f37e58aecd4f96215620d93de9f673bf0af	2	Cruci_CruV_371,Cruci_CruV_372
Rdomain	Purple	test	cleaned_sequence	a2005b8fe3fcc52409b21f86c76182c7a3ab3c1f	2	Cruci_CruV_90,Cruci_CruV_91
Rdomain	Purple	test	cleaned_sequence	452530816934e73b9b686830ab08c5d6e272b273	3	Cruci_CruV_146,Cruci_CruV_147,Cruci_CruV_148
Rdomain	Purple	test	cleaned_sequence	7839698fb71e969ffab15d322d08eace5762d904	2	Cruci_CruV-601,Cruci_CruV-600
Rdomain	Purple	test	cleaned_sequence	469fd144e7c2cf187fb7bf14d8fbc37c5082958a	2	Cruci_CruV-564,Cruci_CruV-565
Rdomain	Purple	test	cleaned_sequence	d2856c1f2eac24f2e46236a1fb71d7e2e3135339	2	Cruci_CruV-583,Cruci_CruV-584
Rdomain	Purple	test	cleaned_sequence	99f96995237bbff5fdb22d72ed0628e74225f45d	2	Cruci_CruV-598,Cruci_CruV-608
Rdomain	Purple	test	cleaned_sequence	e31cae50677556e655febd39ea7f7488072c89f1	2	Cruci_CruV-676,Cruci_CruV-677
Rdomain	Purple	test	cleaned_sequence	328a45676bfefeef1a2454e5d9bb2ded3680290e	2	Cruci_CruV_211,Cruci_CruV_234
Rdomain	Purple	test	cleaned_sequence	ad281981696094e1fb8c62e50dd019649761f305	2	Cruci_CruV-894,Cruci_CruV-895
Rdomain	Purple	test	cleaned_sequence	28e993222d375a62e132efcc163dc6113ddf9dc2	2	Cruci_CruV_409,Cruci_CruV_410
Rdomain	Purple	test	cleaned_sequence	20d16cd5277aa6ec4ca37f093af3dc2b6d8b872d	2	Cruci_PB_KX388517,Cruci_PB_KX388518
Rdomain	Purple	test	cleaned_sequence	8b447f0a11980fa548c781e0b279f01fd1d6d9fd	2	Cruci_CruV-862,Cruci_CruV-860
Rdomain	Purple	test	cleaned_sequence	d28ac4a55003e9ba02cd8ca1b7caf34931d1ac81	2	Cruci_CruV_505,Cruci_CruV_506
Rdomain	Purple	test	cleaned_sequence	5686db11086e958c0e92af0ecd1f719c7a5dce87	2	Cruci_CruV_266,Cruci_CruV_265
Rdomain	Purple	test	cleaned_sequence	e11811480e87c1abb6a49fe147e6e847406af499	2	Cruci_CruV_250,Cruci_CruV_251
Rdomain	Purple	test	cleaned_sequence	4e8bfe006f07eadb803a9758bf1a0564125667a7	2	Cruci_CruV_527,Cruci_CruV_528
Rdomain	Purple	test	cleaned_sequence	5b6817766355456a6e6b2f3c98bd9a3b2c79117a	2	Cruci_CruV-844,Cruci_CruV-845
Rdomain	Red	train	cleaned_sequence	910a0313bf556c88270eacfe0acc25706bd9e062	2	Cruci_CruV_406,Cruci_CruV_407
Rdomain	Red	train	cleaned_sequence	39b7f8e3730465f91b3adcddc49ca72662451437	2	Cruci_CruV-754,Cruci_CruV-755
Rdomain	Red	train	cleaned_sequence	5bb361d3b8086500fa43bf6dd7e618265919f7e0	2	Cruci_CruV_310,Cruci_CruV_311
Rdomain	Red	train	cleaned_sequence	93d1a8f4f5ab5654251c2c3c3e2a54faa8801ada	3	Cruci_CruV_322,Cruci_CruV_323,Cruci_CruV_324
Rdomain	Red	train	cleaned_sequence	f222e92731dea25d42baf35904d7b85265ac5d8c	4	Cruci_CruV_453,Cruci_CruV_455,Cruci_CruV_456,Cruci_CruV_454
Rdomain	Red	train	cleaned_sequence	f9fca242cbe8788b2c7a35f44678647e20997633	2	Cruci_CruV_174,Cruci_CruV_175
Rdomain	Red	train	cleaned_sequence	ba36b9939735bedc54fe7ca2d60ed967d597266f	2	Cruci_CruV-826,Cruci_CruV-827
Rdomain	Red	train	cleaned_sequence	17a93c6fcd342da479149857c210df6375670731	2	Cruci_CruV-692,Cruci_CruV-693
Rdomain	Red	train	cleaned_sequence	84d68e4af565e446cc2fce4869ed4941e429d7eb	5	Cruci_CruV_272,Cruci_CruV_277,Cruci_CruV_281,Cruci_CruV_291,Cruci_CruV_282
Rdomain	Red	train	cleaned_sequence	d45a3635a68e4cb580a2fd757c19459cbde4a0e2	2	Cruci_CruV-778,Cruci_CruV-779
Rdomain	Red	train	cleaned_sequence	6608a01793e850c360c5098c3ee6080e76d7fd5d	5	Cruci_CruV_243,Cruci_CruV_245,Cruci_CruV_276,Cruci_CruV_278,Cruci_CruV_264
Rdomain	Red	train	cleaned_sequence	39df721961e9a779f0c08eb3aecd1c94a2ba83e5	2	Cruci_CruV-704,Cruci_CruV-705
Rdomain	Red	train	cleaned_sequence	1036574efca82ee525c656c7a1fcc4eace05f014	2	Cruci_CruV_83,Cruci_CruV_84
Rdomain	Red	train	cleaned_sequence	08aca8703fdd64b8f13325f6acc17b78379ad146	2	Cruci_CruV-965,Cruci_CruV-966
Rdomain	Red	train	cleaned_sequence	0c7b42b04c8004210b1814a2687c0b6dde67bfeb	2	Cruci_PB_KX388521,Cruci_PB_KX388522
Rdomain	Red	train	cleaned_sequence	bf32b9c187d681aeda1cc4bce73a92ddaa771f03	5	Cruci_PB_KX388524,Cruci_PB_KX388526,Cruci_CruV-719,Cruci_PB_KX388525,Cruci_PB_KX388523
Rdomain	Red	train	cleaned_sequence	6eac8f3f4bd22c3d75bc4ff06d4f8b61811d2411	2	Cruci_CruV_179,Cruci_CruV_180
Rdomain	Red	train	cleaned_sequence	a17a575c8e60a6c335db21f3c706d9fc4196223e	2	Cruci_CruV-629,Cruci_CruV-630
Rdomain	Red	train	cleaned_sequence	9ba6336c98b1a4189a478d9cf66520e0efd43b9e	3	Cruci_CruV-646,Cruci_CruV-647,Cruci_CruV-648
Rdomain	Red	train	cleaned_sequence	d25a0f37e58aecd4f96215620d93de9f673bf0af	2	Cruci_CruV_371,Cruci_CruV_372
Rdomain	Red	train	cleaned_sequence	a2005b8fe3fcc52409b21f86c76182c7a3ab3c1f	2	Cruci_CruV_90,Cruci_CruV_91
Rdomain	Red	train	cleaned_sequence	e758ddf261e48f01094ec0e9871aaab8fddff650	2	Cruci_CruV_238,Cruci_CruV_239
Rdomain	Red	train	cleaned_sequence	452530816934e73b9b686830ab08c5d6e272b273	3	Cruci_CruV_146,Cruci_CruV_147,Cruci_CruV_148
Rdomain	Red	train	cleaned_sequence	7839698fb71e969ffab15d322d08eace5762d904	2	Cruci_CruV-601,Cruci_CruV-600
Rdomain	Red	train	cleaned_sequence	532fa2dc970591326cb951d371ae88b1392ac8e2	2	Cruci_CruV-701,Cruci_CruV-702
Rdomain	Red	train	cleaned_sequence	469fd144e7c2cf187fb7bf14d8fbc37c5082958a	2	Cruci_CruV-564,Cruci_CruV-565
Rdomain	Red	train	cleaned_sequence	e686f6c03bab7f216b612ebce915d8ee1812a2b1	3	Cruci_PB_KX388528,Cruci_PB_KX388529,Cruci_PB_KX388530
Rdomain	Red	train	cleaned_sequence	632695626cf3846ea916a46c862c0b1b7676bf53	4	Cruci_PB_KX388498,Cruci_PB_KX388499,Cruci_PB_KX388500,Cruci_PB_KX388501
Rdomain	Red	train	cleaned_sequence	d2856c1f2eac24f2e46236a1fb71d7e2e3135339	2	Cruci_CruV-583,Cruci_CruV-584
Rdomain	Red	train	cleaned_sequence	99f96995237bbff5fdb22d72ed0628e74225f45d	2	Cruci_CruV-598,Cruci_CruV-608
Rdomain	Red	train	cleaned_sequence	e31cae50677556e655febd39ea7f7488072c89f1	2	Cruci_CruV-676,Cruci_CruV-677
Rdomain	Red	train	cleaned_sequence	74bd8cab3a8b732d765f43d4ce209f32aa3f9184	2	Ribo_ND_019228,Ribo_NC_033161
Rdomain	Red	train	cleaned_sequence	263cb98fcff0f3cca05b574ae115ada82c4ba6be	2	Cruci_CruV_349,Cruci_CruV_353
Rdomain	Red	train	cleaned_sequence	2f3d63ad6c5520d126353baf0a6d2b025d511885	2	Cruci_CruV_439,Cruci_CruV_446
Rdomain	Red	train	cleaned_sequence	65460cfa6bae9542918fbe3fbad659cd37c8d92d	2	Ribo_JAAOEH010002326.1,Ribo_ND_349259
Rdomain	Red	train	cleaned_sequence	328a45676bfefeef1a2454e5d9bb2ded3680290e	2	Cruci_CruV_211,Cruci_CruV_234
Rdomain	Red	train	cleaned_sequence	02cf38512dd460571710a17b0b085be94d11a1d0	2	Cruci_CruV-915,Cruci_CruV-916
Rdomain	Red	train	cleaned_sequence	ad281981696094e1fb8c62e50dd019649761f305	2	Cruci_CruV-894,Cruci_CruV-895
Rdomain	Red	train	cleaned_sequence	28e993222d375a62e132efcc163dc6113ddf9dc2	2	Cruci_CruV_409,Cruci_CruV_410
Rdomain	Red	train	cleaned_sequence	8161efb27400c0c62ab2d1a419da83445148c41a	2	Cruci_CruV-883,Cruci_CruV-884
Rdomain	Red	train	cleaned_sequence	20d16cd5277aa6ec4ca37f093af3dc2b6d8b872d	2	Cruci_PB_KX388517,Cruci_PB_KX388518
Rdomain	Red	train	cleaned_sequence	8b447f0a11980fa548c781e0b279f01fd1d6d9fd	2	Cruci_CruV-862,Cruci_CruV-860
Rdomain	Red	train	cleaned_sequence	d28ac4a55003e9ba02cd8ca1b7caf34931d1ac81	2	Cruci_CruV_505,Cruci_CruV_506
Rdomain	Red	train	cleaned_sequence	5686db11086e958c0e92af0ecd1f719c7a5dce87	2	Cruci_CruV_266,Cruci_CruV_265
Rdomain	Red	train	cleaned_sequence	e11811480e87c1abb6a49fe147e6e847406af499	2	Cruci_CruV_250,Cruci_CruV_251
Rdomain	Red	train	cleaned_sequence	805a485141c7ab00fdf8ad35eec58720073bb0ff	2	Cruci_CruV_319,Cruci_CruV_320
Rdomain	Red	train	cleaned_sequence	4e8bfe006f07eadb803a9758bf1a0564125667a7	2	Cruci_CruV_527,Cruci_CruV_528
Rdomain	Red	train	cleaned_sequence	5b6817766355456a6e6b2f3c98bd9a3b2c79117a	2	Cruci_CruV-844,Cruci_CruV-845
Rdomain	Red	train	cleaned_sequence	c0676336289e736b163c010ba0ec320439056cff	2	Ribo_ND_018979,Ribo_NC_032880
Rdomain	Red	train	cleaned_sequence	f53b608ef43456fc4a3509422e75c76371b4d01d	2	Ribo_ND_064866,Ribo_ND_024871
Rdomain	Red	train	cleaned_sequence	a71774b589f1d868632368dc00613e5a3c808b9c	2	Cruci_CruV-887,Cruci_CruV-888
Rdomain	Red	train	cleaned_sequence	832324adc5e21f6ba1e5c37416da979150467400	2	Ribo_ND_385927,Ribo_ND_327463
Rdomain	Red	train	cleaned_sequence	56048264dd9d610d60868e09ec765eb5e15ddbfe	2	Ribo_ND_087862,Ribo_ND_024746
Rdomain	Red	train	cleaned_sequence	c63ae6dd4fc9f9dda66970e827d13f7c73fe841c	2	Ribo_ND_132327,Cruci_CruV_493
Rdomain	Red	test	cleaned_sequence	c9261069e1669271344b90f8cea0d6d0669bbed7	2	Ribo_Hibiscus_chlorotic_ringspot_virus_X86448,Ribo_ND_015813
Rdomain	Red	test	cleaned_sequence	7fe7a18be01d5c23a976565f0bad6232e5c5bd4b	2	Ribo_ND_015690,Ribo_Galinsoga_Mosaic_Virus
Rdomain	Red	test	cleaned_sequence	be273138de61be1822d9dff22eedb002a8e2304e	2	Ribo_ND_292516,Ribo_ND_287421
Rdomain	Yellow	train	cleaned_sequence	910a0313bf556c88270eacfe0acc25706bd9e062	2	Cruci_CruV_406,Cruci_CruV_407
Rdomain	Yellow	train	cleaned_sequence	39b7f8e3730465f91b3adcddc49ca72662451437	2	Cruci_CruV-754,Cruci_CruV-755
Rdomain	Yellow	train	cleaned_sequence	5bb361d3b8086500fa43bf6dd7e618265919f7e0	2	Cruci_CruV_310,Cruci_CruV_311
Rdomain	Yellow	train	cleaned_sequence	93d1a8f4f5ab5654251c2c3c3e2a54faa8801ada	3	Cruci_CruV_322,Cruci_CruV_323,Cruci_CruV_324
Rdomain	Yellow	train	cleaned_sequence	f222e92731dea25d42baf35904d7b85265ac5d8c	4	Cruci_CruV_453,Cruci_CruV_455,Cruci_CruV_456,Cruci_CruV_454
Rdomain	Yellow	train	cleaned_sequence	f9fca242cbe8788b2c7a35f44678647e20997633	2	Cruci_CruV_174,Cruci_CruV_175
Rdomain	Yellow	train	cleaned_sequence	ba36b9939735bedc54fe7ca2d60ed967d597266f	2	Cruci_CruV-826,Cruci_CruV-827
Rdomain	Yellow	train	cleaned_sequence	17a93c6fcd342da479149857c210df6375670731	2	Cruci_CruV-692,Cruci_CruV-693
Rdomain	Yellow	train	cleaned_sequence	84d68e4af565e446cc2fce4869ed4941e429d7eb	5	Cruci_CruV_272,Cruci_CruV_277,Cruci_CruV_281,Cruci_CruV_291,Cruci_CruV_282
Rdomain	Yellow	train	cleaned_sequence	d45a3635a68e4cb580a2fd757c19459cbde4a0e2	2	Cruci_CruV-778,Cruci_CruV-779
Rdomain	Yellow	train	cleaned_sequence	6608a01793e850c360c5098c3ee6080e76d7fd5d	5	Cruci_CruV_243,Cruci_CruV_245,Cruci_CruV_276,Cruci_CruV_278,Cruci_CruV_264
Rdomain	Yellow	train	cleaned_sequence	39df721961e9a779f0c08eb3aecd1c94a2ba83e5	2	Cruci_CruV-704,Cruci_CruV-705
Rdomain	Yellow	train	cleaned_sequence	08aca8703fdd64b8f13325f6acc17b78379ad146	2	Cruci_CruV-965,Cruci_CruV-966
Rdomain	Yellow	train	cleaned_sequence	0c7b42b04c8004210b1814a2687c0b6dde67bfeb	2	Cruci_PB_KX388521,Cruci_PB_KX388522
Rdomain	Yellow	train	cleaned_sequence	bf32b9c187d681aeda1cc4bce73a92ddaa771f03	5	Cruci_PB_KX388524,Cruci_PB_KX388526,Cruci_CruV-719,Cruci_PB_KX388525,Cruci_PB_KX388523
Rdomain	Yellow	train	cleaned_sequence	6eac8f3f4bd22c3d75bc4ff06d4f8b61811d2411	2	Cruci_CruV_179,Cruci_CruV_180
Rdomain	Yellow	train	cleaned_sequence	a17a575c8e60a6c335db21f3c706d9fc4196223e	2	Cruci_CruV-629,Cruci_CruV-630
Rdomain	Yellow	train	cleaned_sequence	9ba6336c98b1a4189a478d9cf66520e0efd43b9e	3	Cruci_CruV-646,Cruci_CruV-647,Cruci_CruV-648
Rdomain	Yellow	train	cleaned_sequence	d25a0f37e58aecd4f96215620d93de9f673bf0af	2	Cruci_CruV_371,Cruci_CruV_372
Rdomain	Yellow	train	cleaned_sequence	a2005b8fe3fcc52409b21f86c76182c7a3ab3c1f	2	Cruci_CruV_90,Cruci_CruV_91
Rdomain	Yellow	train	cleaned_sequence	452530816934e73b9b686830ab08c5d6e272b273	3	Cruci_CruV_146,Cruci_CruV_147,Cruci_CruV_148
Rdomain	Yellow	train	cleaned_sequence	7839698fb71e969ffab15d322d08eace5762d904	2	Cruci_CruV-601,Cruci_CruV-600
Rdomain	Yellow	train	cleaned_sequence	532fa2dc970591326cb951d371ae88b1392ac8e2	2	Cruci_CruV-701,Cruci_CruV-702
Rdomain	Yellow	train	cleaned_sequence	469fd144e7c2cf187fb7bf14d8fbc37c5082958a	2	Cruci_CruV-564,Cruci_CruV-565
Rdomain	Yellow	train	cleaned_sequence	e686f6c03bab7f216b612ebce915d8ee1812a2b1	3	Cruci_PB_KX388528,Cruci_PB_KX388529,Cruci_PB_KX388530
Rdomain	Yellow	train	cleaned_sequence	632695626cf3846ea916a46c862c0b1b7676bf53	4	Cruci_PB_KX388498,Cruci_PB_KX388499,Cruci_PB_KX388500,Cruci_PB_KX388501
Rdomain	Yellow	train	cleaned_sequence	d2856c1f2eac24f2e46236a1fb71d7e2e3135339	2	Cruci_CruV-583,Cruci_CruV-584
Rdomain	Yellow	train	cleaned_sequence	99f96995237bbff5fdb22d72ed0628e74225f45d	2	Cruci_CruV-598,Cruci_CruV-608
Rdomain	Yellow	train	cleaned_sequence	e31cae50677556e655febd39ea7f7488072c89f1	2	Cruci_CruV-676,Cruci_CruV-677
Rdomain	Yellow	train	cleaned_sequence	263cb98fcff0f3cca05b574ae115ada82c4ba6be	2	Cruci_CruV_349,Cruci_CruV_353
Rdomain	Yellow	train	cleaned_sequence	2f3d63ad6c5520d126353baf0a6d2b025d511885	2	Cruci_CruV_439,Cruci_CruV_446
Rdomain	Yellow	train	cleaned_sequence	328a45676bfefeef1a2454e5d9bb2ded3680290e	2	Cruci_CruV_211,Cruci_CruV_234
Rdomain	Yellow	train	cleaned_sequence	02cf38512dd460571710a17b0b085be94d11a1d0	2	Cruci_CruV-915,Cruci_CruV-916
Rdomain	Yellow	train	cleaned_sequence	ad281981696094e1fb8c62e50dd019649761f305	2	Cruci_CruV-894,Cruci_CruV-895
Rdomain	Yellow	train	cleaned_sequence	28e993222d375a62e132efcc163dc6113ddf9dc2	2	Cruci_CruV_409,Cruci_CruV_410
Rdomain	Yellow	train	cleaned_sequence	8161efb27400c0c62ab2d1a419da83445148c41a	2	Cruci_CruV-883,Cruci_CruV-884
Rdomain	Yellow	train	cleaned_sequence	20d16cd5277aa6ec4ca37f093af3dc2b6d8b872d	2	Cruci_PB_KX388517,Cruci_PB_KX388518
Rdomain	Yellow	train	cleaned_sequence	8b447f0a11980fa548c781e0b279f01fd1d6d9fd	2	Cruci_CruV-862,Cruci_CruV-860
Rdomain	Yellow	train	cleaned_sequence	c9261069e1669271344b90f8cea0d6d0669bbed7	2	Ribo_Hibiscus_chlorotic_ringspot_virus_X86448,Ribo_ND_015813
Rdomain	Yellow	train	cleaned_sequence	d28ac4a55003e9ba02cd8ca1b7caf34931d1ac81	2	Cruci_CruV_505,Cruci_CruV_506
Rdomain	Yellow	train	cleaned_sequence	5686db11086e958c0e92af0ecd1f719c7a5dce87	2	Cruci_CruV_266,Cruci_CruV_265
Rdomain	Yellow	train	cleaned_sequence	e11811480e87c1abb6a49fe147e6e847406af499	2	Cruci_CruV_250,Cruci_CruV_251
Rdomain	Yellow	train	cleaned_sequence	4e8bfe006f07eadb803a9758bf1a0564125667a7	2	Cruci_CruV_527,Cruci_CruV_528
Rdomain	Yellow	train	cleaned_sequence	5b6817766355456a6e6b2f3c98bd9a3b2c79117a	2	Cruci_CruV-844,Cruci_CruV-845
Rdomain	Yellow	train	cleaned_sequence	c0676336289e736b163c010ba0ec320439056cff	2	Ribo_ND_018979,Ribo_NC_032880
Rdomain	Yellow	train	cleaned_sequence	7fe7a18be01d5c23a976565f0bad6232e5c5bd4b	2	Ribo_ND_015690,Ribo_Galinsoga_Mosaic_Virus
Rdomain	Yellow	train	cleaned_sequence	f53b608ef43456fc4a3509422e75c76371b4d01d	2	Ribo_ND_064866,Ribo_ND_024871
Rdomain	Yellow	train	cleaned_sequence	be273138de61be1822d9dff22eedb002a8e2304e	2	Ribo_ND_292516,Ribo_ND_287421
Rdomain	Yellow	train	cleaned_sequence	a71774b589f1d868632368dc00613e5a3c808b9c	2	Cruci_CruV-887,Cruci_CruV-888
Rdomain	Yellow	train	cleaned_sequence	832324adc5e21f6ba1e5c37416da979150467400	2	Ribo_ND_385927,Ribo_ND_327463
Rdomain	Yellow	train	cleaned_sequence	56048264dd9d610d60868e09ec765eb5e15ddbfe	2	Ribo_ND_087862,Ribo_ND_024746
Rdomain	Yellow	train	cleaned_sequence	c63ae6dd4fc9f9dda66970e827d13f7c73fe841c	2	Ribo_ND_132327,Cruci_CruV_493
Rdomain	Yellow	test	cleaned_sequence	1036574efca82ee525c656c7a1fcc4eace05f014	2	Cruci_CruV_83,Cruci_CruV_84
Rdomain	Yellow	test	cleaned_sequence	e758ddf261e48f01094ec0e9871aaab8fddff650	2	Cruci_CruV_238,Cruci_CruV_239
Rdomain	Yellow	test	cleaned_sequence	74bd8cab3a8b732d765f43d4ce209f32aa3f9184	2	Ribo_ND_019228,Ribo_NC_033161
Rdomain	Yellow	test	cleaned_sequence	65460cfa6bae9542918fbe3fbad659cd37c8d92d	2	Ribo_JAAOEH010002326.1,Ribo_ND_349259
Rdomain	Yellow	test	cleaned_sequence	805a485141c7ab00fdf8ad35eec58720073bb0ff	2	Cruci_CruV_319,Cruci_CruV_320
Sdomain	Blue	train	cleaned_sequence	2b83a04217343a5651d2f652bb703c8529660fca	2	Cruci_CruV-887,Cruci_CruV-888
Sdomain	Blue	train	cleaned_sequence	831219af3e26a7b80e4602688f12753e1ff85cc9	2	Ribo_ND_018979,Ribo_NC_032880
Sdomain	Blue	train	cleaned_sequence	0b247aad2a286b5c892f61236a23ee41f22326e5	2	Cruci_CruV-583,Cruci_CruV-584
Sdomain	Blue	train	cleaned_sequence	44b160fe1806a78595ed580b2dda3e16c3b0d07a	2	Cruci_CruV_310,Cruci_CruV_311
Sdomain	Blue	train	cleaned_sequence	0fb2da98877a26fb9fc8a50737f1a195878140d5	2	Cruci_CruV-676,Cruci_CruV-677
Sdomain	Blue	train	cleaned_sequence	0cce2126a17d378dfeee778dc0afb34adb0d233b	2	Cruci_CruV-570,Cruci_CruV-571
Sdomain	Blue	train	cleaned_sequence	5b4ae01c6903f418d8a69a1af5d8bc714de2e1e0	2	Ribo_Ga0006777J48905_1012910,Ribo_ND_037080
Sdomain	Blue	train	cleaned_sequence	486f72fbef8ce5cb46b53756bbafb9f91530e62e	2	Ribo_Ga0007413J51701_1025822,Ribo_ND_038050
Sdomain	Blue	train	cleaned_sequence	fcaca0df91663359f3522d37043e0b47b7688fd0	2	Ribo_JAAOEH010002326.1,Ribo_ND_349259
Sdomain	Blue	train	cleaned_sequence	12a847201f2a10ade98625e919272a89f530cfd4	2	Ribo_ND_130202,Ribo_Ga0187796_1184497
Sdomain	Blue	train	cleaned_sequence	676b859ba25132160dd0ffc4bc7710d7fef01523	2	Ribo_ND_130208,Ribo_Ga0187796_1206930
Sdomain	Blue	train	cleaned_sequence	914adb51dbd98e0dd703cd9108c4f65300e54781	2	Cruci_CruV_104,Cruci_CruV_105
Sdomain	Blue	train	cleaned_sequence	60f6a1a9d0794e83726cc652d98376f9b213c22f	2	Cruci_CruV_505,Cruci_CruV_506
Sdomain	Blue	train	cleaned_sequence	fbf1855de02d08a6f8a7d6abca7fbb9976274887	2	Cruci_CruV-894,Cruci_CruV-895
Sdomain	Blue	train	cleaned_sequence	a73b6c4a959e111935fb2d0b73ce04278de8a547	2	Cruci_CruV_527,Cruci_CruV_528
Sdomain	Blue	train	cleaned_sequence	8fee7699f88fe902d6fc4e15182da2a58cfe7993	2	Cruci_PB_KX388517,Cruci_PB_KX388518
Sdomain	Blue	train	cleaned_sequence	37462e7cc9b6524f71643f439f0f3351d403332b	2	Cruci_CruV-844,Cruci_CruV-845
Sdomain	Blue	train	cleaned_sequence	a8719132e47c6bd035f788a45de3be86a0de1385	2	Cruci_CruV_211,Cruci_CruV_234
Sdomain	Blue	train	cleaned_sequence	74fe87b81dbb88d0a5a68a269bd87fa5845eaa22	2	Cruci_CruV_179,Cruci_CruV_180
Sdomain	Blue	train	cleaned_sequence	1644ae23c8953eee972747bb29778ac567cded92	2	Cruci_CruV-815,Cruci_CruV-811
Sdomain	Blue	train	cleaned_sequence	73cc2c3fed71ec309371f97c03e3fa0c87e97a61	2	Cruci_CruV_371,Cruci_CruV_372
Sdomain	Blue	train	cleaned_sequence	02bcdbbb0e5d14b4bef08da59962f0ae9a6b95af	2	Cruci_CruV_90,Cruci_CruV_91
Sdomain	Blue	train	cleaned_sequence	c077f2f4efaa32f62de280947fd574b0c1802f9d	2	Cruci_PB_KX388521,Cruci_PB_KX388522
Sdomain	Blue	train	cleaned_sequence	ac198fedc3a0c984711029688ca4887ecf3a6848	3	Cruci_PB_KX388524,Cruci_PB_KX388526,Cruci_CruV-719
Sdomain	Blue	train	cleaned_sequence	1da23fb0c5dbbeb23ee23965dc4b560c7a1203ae	2	Cruci_CruV_174,Cruci_CruV_175
Sdomain	Blue	train	cleaned_sequence	7ff45ee98ded77737e4fee0ee8ee2dab0b73c48b	5	Cruci_CruV_243,Cruci_CruV_245,Cruci_CruV_276,Cruci_CruV_278,Cruci_CruV_264
Sdomain	Blue	train	cleaned_sequence	9ae9bb5d93b5ee336b47a8e21197ee9ef7078d83	2	Cruci_CruV-615,Cruci_CruV-616
Sdomain	Blue	train	cleaned_sequence	3c2f62111c5c4e86341cab17c6cc1463e54c942d	3	Cruci_CruV-599,Cruci_CruV-601,Cruci_CruV-600
Sdomain	Blue	train	cleaned_sequence	438416e9720736ef2b126469da4c1d3456cdc5d1	2	Cruci_CruV-564,Cruci_CruV-565
Sdomain	Blue	train	cleaned_sequence	9065a2ec1fbfa0f91b6f57c1e7c6f4340b8bcd44	2	Cruci_CruV-754,Cruci_CruV-755
Sdomain	Blue	train	cleaned_sequence	5a6c2e3e84c1d6309524825dd7c62612e471a58a	3	Cruci_CruV_322,Cruci_CruV_323,Cruci_CruV_324
Sdomain	Blue	train	cleaned_sequence	639c5af8cf37dfa6c9182088228d141052e23fdf	3	Cruci_CruV_146,Cruci_CruV_147,Cruci_CruV_148
Sdomain	Blue	train	cleaned_sequence	b6222e83d115fe9a0f5557a3689c1a7682e212b6	2	Cruci_CruV-692,Cruci_CruV-693
Sdomain	Blue	train	cleaned_sequence	c9ecbc0d47969786a08c1e84d89486fa1d251e6e	2	Cruci_CruV_266,Cruci_CruV_265
Sdomain	Blue	train	cleaned_sequence	062e48939e44f460c6a7ab876c3870c14caf453f	2	Cruci_CruV_250,Cruci_CruV_251
Sdomain	Blue	train	cleaned_sequence	54fec653e7f1bd9a112b6436ea06eeee7b38c3d3	2	Cruci_CruV_238,Cruci_CruV_239
Sdomain	Blue	train	cleaned_sequence	97cb8a1ac7c0980f9527742c4a389ec52efd4be5	2	Ribo_ND_126471,Ribo_Ga0187795_1158440
Sdomain	Blue	train	cleaned_sequence	e99c3bcb9ddf000b276955217be2e2b492ddddc8	2	Ribo_ND_181386,Ribo_ND_176763
Sdomain	Blue	train	cleaned_sequence	1221c69bfc1616c0031155cfe7f1c166f1312938	2	Cruci_PB_KX388527,Cruci_PB_KX388528
Sdomain	Blue	train	cleaned_sequence	d9dd56252ae288b383f34c4451e19811e4a33086	2	Cruci_PB_KX388529,Cruci_PB_KX388530
Sdomain	Blue	train	cleaned_sequence	d4fb9364d55910371ac39e55413fa81b0172320d	2	Ribo_ND_025226,Ribo_JAAOEH010001932.1
Sdomain	Blue	train	cleaned_sequence	ad86f050213048dd2dfd108a84dfd7f54a7acbeb	2	Ribo_ND_019228,Ribo_NC_033161
Sdomain	Blue	train	cleaned_sequence	26f15b607c77c9e1ae6636c0c62e0d1359e9709e	2	Ribo_ND_025095,Ribo_JAAOEH010001771.1
Sdomain	Blue	train	cleaned_sequence	21cb10ea10c6557ee3ddf9cb19285af6c751ac5e	2	Cruci_PB_KX388514,Cruci_PB_KX388515
Sdomain	Blue	train	cleaned_sequence	260b5db8bf8b5b1b5bdcf64ed687eabe521049f4	2	Cruci_CruV_501,Cruci_CruV_509
Sdomain	Blue	train	cleaned_sequence	7d3dd652382501793d4b1ae9ee250142106aca4e	2	Cruci_CruV_409,Cruci_CruV_410
Sdomain	Blue	train	cleaned_sequence	91f9ca989e9f02736acc905daefaccde8feda245	2	Ribo_JAAOEH010001845.1,Ribo_ND_025152
Sdomain	Blue	train	cleaned_sequence	d406050282442acb26d5c8b190942ff70d43d7db	2	Cruci_CruV_406,Cruci_CruV_407
Sdomain	Blue	train	cleaned_sequence	d43eecbb53928615baa24186c5cd77ac7143306b	2	Cruci_CruV_439,Cruci_CruV_446
Sdomain	Blue	train	cleaned_sequence	ce533e25ade9cc5cb80d9cdb24313cebc533381b	2	Cruci_CruV-635,Cruci_CruV-636
Sdomain	Blue	train	cleaned_sequence	c17dea32e2754b8fefd1b2e77905ce198863eb98	2	Cruci_CruV-826,Cruci_CruV-827
Sdomain	Blue	train	cleaned_sequence	1be78a3168243aef50dc23ce3565105fd3858171	2	Cruci_CruV-778,Cruci_CruV-779
Sdomain	Blue	train	cleaned_sequence	2c95c333d2c45876a9424b1a4334aeef58a94234	4	Cruci_CruV_453,Cruci_CruV_455,Cruci_CruV_456,Cruci_CruV_454
Sdomain	Blue	train	cleaned_sequence	9f4492d0832783ff6b8afd640363f3182f213c1e	2	Cruci_chiv_Eukaryote_metagenome_T142_contig705,Cruci_chiv_Eukaryote_metagenome_T149_contig609
Sdomain	Blue	train	cleaned_sequence	fb9b13d0a160039c0e3582fd64927e6ae26455e6	2	Ribo_ND_018983,Ribo_NC_032884
Sdomain	Blue	train	cleaned_sequence	191e0bf9935e2737fee1866cd5e26235f30f18c5	2	Cruci_CruV-915,Cruci_CruV-916
Sdomain	Blue	train	cleaned_sequence	756442057c9251507efd6c09853a79c006b47410	2	Ribo_ND_015828,Ribo_tomREF_NC_003633
Sdomain	Blue	train	cleaned_sequence	900f5045fe2f67706192864153410574f4dec28a	2	Ribo_ND_015659,Ribo_Melon_necrotic_spot_virus_NC_001504
Sdomain	Blue	train	cleaned_sequence	22e329043d6f6d78fb0d2eb0c3dd98862435d9de	2	Ribo_tomREF_NC_000939,Ribo_ND_017058
Sdomain	Blue	train	cleaned_sequence	16445fc761692ab1068665a6526578a38b3dbac3	2	Ribo_ND_015690,Ribo_Galinsoga_Mosaic_Virus
Sdomain	Blue	train	cleaned_sequence	336ef7855d4bc2529bf01da000a7f79a4aa7ffe0	2	Ribo_tomREF_NC_009533,Ribo_ND_016202
Sdomain	Blue	train	cleaned_sequence	d71de2edccac1e5d6411baea778b1a4ef93bd10a	2	Ribo_tomREF_NC_005286,Ribo_ND_015995
Sdomain	Blue	train	cleaned_sequence	e965b2460298c931f1ad2612416f6e9c8fe6b30c	2	Ribo_ND_019888,Ribo_tomREF_NC_007733
Sdomain	Blue	train	cleaned_sequence	31e2970bdb487d057801b55f8cadd5b88e406a51	2	Ribo_tomREF_NC_002187,Ribo_ND_015723
Sdomain	Blue	train	cleaned_sequence	8938e1fd4198bb84be307e64cdffe25a0c2ee4e3	2	Ribo_ND_017053,Ribo_Turnip_Crinkle_Virus_NC_003821
Sdomain	Blue	train	cleaned_sequence	0955b68c0fb1bb9719f9c98af26a387d497b76cf	2	Ribo_ND_015665,Ribo_tomREF_NC_001600
Sdomain	Blue	train	cleaned_sequence	f3928c85ff9b661176faf9bf6bb09d1145632647	2	Ribo_Hibiscus_chlorotic_ringspot_virus_X86448,Ribo_ND_015813
Sdomain	Blue	train	cleaned_sequence	041a920367f3c7b5c542ad8b5b5450a433f52da7	2	Cruci_CruV-883,Cruci_CruV-884
Sdomain	Blue	train	cleaned_sequence	7d604789f6a2bcbe9470ca6550bd4a2c7287445e	2	Cruci_CruV-965,Cruci_CruV-966
Sdomain	Blue	test	cleaned_sequence	a70f3d4a503d0e88849d8a2a61e78f39f925d7d8	4	Cruci_PB_KX388498,Cruci_PB_KX388499,Cruci_PB_KX388500,Cruci_PB_KX388501
Sdomain	Blue	test	cleaned_sequence	05450bfbf98cc1e27bea6ee5d216270b2453cdb7	2	Cruci_CruV_349,Cruci_CruV_353
Sdomain	Blue	test	cleaned_sequence	e6bb288c4acf4704e15581e3014729ef5cd5dd41	2	Cruci_CruV-701,Cruci_CruV-702
Sdomain	Blue	test	cleaned_sequence	332dd9aa4ef686b680f8e62f724fc25b99f876f4	2	Cruci_CruV-629,Cruci_CruV-630
Sdomain	Blue	test	cleaned_sequence	5b71141039bd4aa4b2af532c062572ee907acaf4	2	Cruci_CruV_259,Cruci_CruV-697
Sdomain	Blue	test	cleaned_sequence	c77408d7f5f067925a1db7d2ec212572a6a0b50b	3	Cruci_CruV-646,Cruci_CruV-647,Cruci_CruV-648
Sdomain	Blue	test	cleaned_sequence	7eafe76724dde593f931b14941db168f25e07a82	2	Cruci_CruV-793,Cruci_CruV-797
Sdomain	Blue	test	cleaned_sequence	7e068f24fdb4947ee7478ffb2a5ab8bf79ea60ff	5	Cruci_CruV_272,Cruci_CruV_277,Cruci_CruV_281,Cruci_CruV_291,Cruci_CruV_364
Sdomain	Blue	test	cleaned_sequence	89b88c3246b043cdfaa1daeacad298c0514be201	2	Ribo_ND_124074,Ribo_Ga0187794_1338946
Sdomain	Blue	test	cleaned_sequence	9b3e255e09109390ff822fecb1e13c2b9a8679ae	2	Ribo_Ga0184599_128623,Ribo_ND_239309
Sdomain	Blue	test	cleaned_sequence	71b913b0e92b91a09e5d6caba3e3a4d7921adaca	2	Ribo_ND_239080,Ribo_Ga0184575_112371
Sdomain	Green	train	cleaned_sequence	a70f3d4a503d0e88849d8a2a61e78f39f925d7d8	4	Cruci_PB_KX388498,Cruci_PB_KX388499,Cruci_PB_KX388500,Cruci_PB_KX388501
Sdomain	Green	train	cleaned_sequence	05450bfbf98cc1e27bea6ee5d216270b2453cdb7	2	Cruci_CruV_349,Cruci_CruV_353
Sdomain	Green	train	cleaned_sequence	e6bb288c4acf4704e15581e3014729ef5cd5dd41	2	Cruci_CruV-701,Cruci_CruV-702
Sdomain	Green	train	cleaned_sequence	332dd9aa4ef686b680f8e62f724fc25b99f876f4	2	Cruci_CruV-629,Cruci_CruV-630
Sdomain	Green	train	cleaned_sequence	0b247aad2a286b5c892f61236a23ee41f22326e5	2	Cruci_CruV-583,Cruci_CruV-584
Sdomain	Green	train	cleaned_sequence	44b160fe1806a78595ed580b2dda3e16c3b0d07a	2	Cruci_CruV_310,Cruci_CruV_311
Sdomain	Green	train	cleaned_sequence	0fb2da98877a26fb9fc8a50737f1a195878140d5	2	Cruci_CruV-676,Cruci_CruV-677
Sdomain	Green	train	cleaned_sequence	0cce2126a17d378dfeee778dc0afb34adb0d233b	2	Cruci_CruV-570,Cruci_CruV-571
Sdomain	Green	train	cleaned_sequence	5b4ae01c6903f418d8a69a1af5d8bc714de2e1e0	2	Ribo_Ga0006777J48905_1012910,Ribo_ND_037080
Sdomain	Green	train	cleaned_sequence	486f72fbef8ce5cb46b53756bbafb9f91530e62e	2	Ribo_Ga0007413J51701_1025822,Ribo_ND_038050
Sdomain	Green	train	cleaned_sequence	fcaca0df91663359f3522d37043e0b47b7688fd0	2	Ribo_JAAOEH010002326.1,Ribo_ND_349259
Sdomain	Green	train	cleaned_sequence	12a847201f2a10ade98625e919272a89f530cfd4	2	Ribo_ND_130202,Ribo_Ga0187796_1184497
Sdomain	Green	train	cleaned_sequence	676b859ba25132160dd0ffc4bc7710d7fef01523	2	Ribo_ND_130208,Ribo_Ga0187796_1206930
Sdomain	Green	train	cleaned_sequence	914adb51dbd98e0dd703cd9108c4f65300e54781	2	Cruci_CruV_104,Cruci_CruV_105
Sdomain	Green	train	cleaned_sequence	5b71141039bd4aa4b2af532c062572ee907acaf4	2	Cruci_CruV_259,Cruci_CruV-697
Sdomain	Green	train	cleaned_sequence	c77408d7f5f067925a1db7d2ec212572a6a0b50b	3	Cruci_CruV-646,Cruci_CruV-647,Cruci_CruV-648
Sdomain	Green	train	cleaned_sequence	7eafe76724dde593f931b14941db168f25e07a82	2	Cruci_CruV-793,Cruci_CruV-797
Sdomain	Green	train	cleaned_sequence	60f6a1a9d0794e83726cc652d98376f9b213c22f	2	Cruci_CruV_505,Cruci_CruV_506
Sdomain	Green	train	cleaned_sequence	fbf1855de02d08a6f8a7d6abca7fbb9976274887	2	Cruci_CruV-894,Cruci_CruV-895
Sdomain	Green	train	cleaned_sequence	a73b6c4a959e111935fb2d0b73ce04278de8a547	2	Cruci_CruV_527,Cruci_CruV_528
Sdomain	Green	train	cleaned_sequence	8fee7699f88fe902d6fc4e15182da2a58cfe7993	2	Cruci_PB_KX388517,Cruci_PB_KX388518
Sdomain	Green	train	cleaned_sequence	37462e7cc9b6524f71643f439f0f3351d403332b	2	Cruci_CruV-844,Cruci_CruV-845
Sdomain	Green	train	cleaned_sequence	a8719132e47c6bd035f788a45de3be86a0de1385	2	Cruci_CruV_211,Cruci_CruV_234
Sdomain	Green	train	cleaned_sequence	74fe87b81dbb88d0a5a68a269bd87fa5845eaa22	2	Cruci_CruV_179,Cruci_CruV_180
Sdomain	Green	train	cleaned_sequence	1644ae23c8953eee972747bb29778ac567cded92	2	Cruci_CruV-815,Cruci_CruV-811
Sdomain	Green	train	cleaned_sequence	73cc2c3fed71ec309371f97c03e3fa0c87e97a61	2	Cruci_CruV_371,Cruci_CruV_372
Sdomain	Green	train	cleaned_sequence	02bcdbbb0e5d14b4bef08da59962f0ae9a6b95af	2	Cruci_CruV_90,Cruci_CruV_91
Sdomain	Green	train	cleaned_sequence	c077f2f4efaa32f62de280947fd574b0c1802f9d	2	Cruci_PB_KX388521,Cruci_PB_KX388522
Sdomain	Green	train	cleaned_sequence	ac198fedc3a0c984711029688ca4887ecf3a6848	3	Cruci_PB_KX388524,Cruci_PB_KX388526,Cruci_CruV-719
Sdomain	Green	train	cleaned_sequence	1da23fb0c5dbbeb23ee23965dc4b560c7a1203ae	2	Cruci_CruV_174,Cruci_CruV_175
Sdomain	Green	train	cleaned_sequence	7ff45ee98ded77737e4fee0ee8ee2dab0b73c48b	5	Cruci_CruV_243,Cruci_CruV_245,Cruci_CruV_276,Cruci_CruV_278,Cruci_CruV_264
Sdomain	Green	train	cleaned_sequence	9ae9bb5d93b5ee336b47a8e21197ee9ef7078d83	2	Cruci_CruV-615,Cruci_CruV-616
Sdomain	Green	train	cleaned_sequence	3c2f62111c5c4e86341cab17c6cc1463e54c942d	3	Cruci_CruV-599,Cruci_CruV-601,Cruci_CruV-600
Sdomain	Green	train	cleaned_sequence	438416e9720736ef2b126469da4c1d3456cdc5d1	2	Cruci_CruV-564,Cruci_CruV-565
Sdomain	Green	train	cleaned_sequence	9065a2ec1fbfa0f91b6f57c1e7c6f4340b8bcd44	2	Cruci_CruV-754,Cruci_CruV-755
Sdomain	Green	train	cleaned_sequence	5a6c2e3e84c1d6309524825dd7c62612e471a58a	3	Cruci_CruV_322,Cruci_CruV_323,Cruci_CruV_324
Sdomain	Green	train	cleaned_sequence	639c5af8cf37dfa6c9182088228d141052e23fdf	3	Cruci_CruV_146,Cruci_CruV_147,Cruci_CruV_148
Sdomain	Green	train	cleaned_sequence	b6222e83d115fe9a0f5557a3689c1a7682e212b6	2	Cruci_CruV-692,Cruci_CruV-693
Sdomain	Green	train	cleaned_sequence	c9ecbc0d47969786a08c1e84d89486fa1d251e6e	2	Cruci_CruV_266,Cruci_CruV_265
Sdomain	Green	train	cleaned_sequence	062e48939e44f460c6a7ab876c3870c14caf453f	2	Cruci_CruV_250,Cruci_CruV_251
Sdomain	Green	train	cleaned_sequence	54fec653e7f1bd9a112b6436ea06eeee7b38c3d3	2	Cruci_CruV_238,Cruci_CruV_239
Sdomain	Green	train	cleaned_sequence	97cb8a1ac7c0980f9527742c4a389ec52efd4be5	2	Ribo_ND_126471,Ribo_Ga0187795_1158440
Sdomain	Green	train	cleaned_sequence	e99c3bcb9ddf000b276955217be2e2b492ddddc8	2	Ribo_ND_181386,Ribo_ND_176763
Sdomain	Green	train	cleaned_sequence	7e068f24fdb4947ee7478ffb2a5ab8bf79ea60ff	5	Cruci_CruV_272,Cruci_CruV_277,Cruci_CruV_281,Cruci_CruV_291,Cruci_CruV_364
Sdomain	Green	train	cleaned_sequence	89b88c3246b043cdfaa1daeacad298c0514be201	2	Ribo_ND_124074,Ribo_Ga0187794_1338946
Sdomain	Green	train	cleaned_sequence	d4fb9364d55910371ac39e55413fa81b0172320d	2	Ribo_ND_025226,Ribo_JAAOEH010001932.1
Sdomain	Green	train	cleaned_sequence	ad86f050213048dd2dfd108a84dfd7f54a7acbeb	2	Ribo_ND_019228,Ribo_NC_033161
Sdomain	Green	train	cleaned_sequence	26f15b607c77c9e1ae6636c0c62e0d1359e9709e	2	Ribo_ND_025095,Ribo_JAAOEH010001771.1
Sdomain	Green	train	cleaned_sequence	9b3e255e09109390ff822fecb1e13c2b9a8679ae	2	Ribo_Ga0184599_128623,Ribo_ND_239309
Sdomain	Green	train	cleaned_sequence	71b913b0e92b91a09e5d6caba3e3a4d7921adaca	2	Ribo_ND_239080,Ribo_Ga0184575_112371
Sdomain	Green	train	cleaned_sequence	21cb10ea10c6557ee3ddf9cb19285af6c751ac5e	2	Cruci_PB_KX388514,Cruci_PB_KX388515
Sdomain	Green	train	cleaned_sequence	7d3dd652382501793d4b1ae9ee250142106aca4e	2	Cruci_CruV_409,Cruci_CruV_410
Sdomain	Green	train	cleaned_sequence	91f9ca989e9f02736acc905daefaccde8feda245	2	Ribo_JAAOEH010001845.1,Ribo_ND_025152
Sdomain	Green	train	cleaned_sequence	756442057c9251507efd6c09853a79c006b47410	2	Ribo_ND_015828,Ribo_tomREF_NC_003633
Sdomain	Green	train	cleaned_sequence	900f5045fe2f67706192864153410574f4dec28a	2	Ribo_ND_015659,Ribo_Melon_necrotic_spot_virus_NC_001504
Sdomain	Green	train	cleaned_sequence	22e329043d6f6d78fb0d2eb0c3dd98862435d9de	2	Ribo_tomREF_NC_000939,Ribo_ND_017058
Sdomain	Green	train	cleaned_sequence	16445fc761692ab1068665a6526578a38b3dbac3	2	Ribo_ND_015690,Ribo_Galinsoga_Mosaic_Virus
Sdomain	Green	train	cleaned_sequence	336ef7855d4bc2529bf01da000a7f79a4aa7ffe0	2	Ribo_tomREF_NC_009533,Ribo_ND_016202
Sdomain	Green	train	cleaned_sequence	d71de2edccac1e5d6411baea778b1a4ef93bd10a	2	Ribo_tomREF_NC_005286,Ribo_ND_015995
Sdomain	Green	train	cleaned_sequence	e965b2460298c931f1ad2612416f6e9c8fe6b30c	2	Ribo_ND_019888,Ribo_tomREF_NC_007733
Sdomain	Green	train	cleaned_sequence	31e2970bdb487d057801b55f8cadd5b88e406a51	2	Ribo_tomREF_NC_002187,Ribo_ND_015723
Sdomain	Green	train	cleaned_sequence	8938e1fd4198bb84be307e64cdffe25a0c2ee4e3	2	Ribo_ND_017053,Ribo_Turnip_Crinkle_Virus_NC_003821
Sdomain	Green	train	cleaned_sequence	0955b68c0fb1bb9719f9c98af26a387d497b76cf	2	Ribo_ND_015665,Ribo_tomREF_NC_001600
Sdomain	Green	train	cleaned_sequence	f3928c85ff9b661176faf9bf6bb09d1145632647	2	Ribo_Hibiscus_chlorotic_ringspot_virus_X86448,Ribo_ND_015813
Sdomain	Green	test	cleaned_sequence	2b83a04217343a5651d2f652bb703c8529660fca	2	Cruci_CruV-887,Cruci_CruV-888
Sdomain	Green	test	cleaned_sequence	831219af3e26a7b80e4602688f12753e1ff85cc9	2	Ribo_ND_018979,Ribo_NC_032880
Sdomain	Green	test	cleaned_sequence	1221c69bfc1616c0031155cfe7f1c166f1312938	2	Cruci_PB_KX388527,Cruci_PB_KX388528
Sdomain	Green	test	cleaned_sequence	d9dd56252ae288b383f34c4451e19811e4a33086	2	Cruci_PB_KX388529,Cruci_PB_KX388530
Sdomain	Green	test	cleaned_sequence	260b5db8bf8b5b1b5bdcf64ed687eabe521049f4	2	Cruci_CruV_501,Cruci_CruV_509
Sdomain	Green	test	cleaned_sequence	d406050282442acb26d5c8b190942ff70d43d7db	2	Cruci_CruV_406,Cruci_CruV_407
Sdomain	Green	test	cleaned_sequence	d43eecbb53928615baa24186c5cd77ac7143306b	2	Cruci_CruV_439,Cruci_CruV_446
Sdomain	Green	test	cleaned_sequence	ce533e25ade9cc5cb80d9cdb24313cebc533381b	2	Cruci_CruV-635,Cruci_CruV-636
Sdomain	Green	test	cleaned_sequence	c17dea32e2754b8fefd1b2e77905ce198863eb98	2	Cruci_CruV-826,Cruci_CruV-827
Sdomain	Green	test	cleaned_sequence	1be78a3168243aef50dc23ce3565105fd3858171	2	Cruci_CruV-778,Cruci_CruV-779
Sdomain	Green	test	cleaned_sequence	2c95c333d2c45876a9424b1a4334aeef58a94234	4	Cruci_CruV_453,Cruci_CruV_455,Cruci_CruV_456,Cruci_CruV_454
Sdomain	Green	test	cleaned_sequence	9f4492d0832783ff6b8afd640363f3182f213c1e	2	Cruci_chiv_Eukaryote_metagenome_T142_contig705,Cruci_chiv_Eukaryote_metagenome_T149_contig609
Sdomain	Green	test	cleaned_sequence	fb9b13d0a160039c0e3582fd64927e6ae26455e6	2	Ribo_ND_018983,Ribo_NC_032884
Sdomain	Green	test	cleaned_sequence	191e0bf9935e2737fee1866cd5e26235f30f18c5	2	Cruci_CruV-915,Cruci_CruV-916
Sdomain	Green	test	cleaned_sequence	041a920367f3c7b5c542ad8b5b5450a433f52da7	2	Cruci_CruV-883,Cruci_CruV-884
Sdomain	Green	test	cleaned_sequence	7d604789f6a2bcbe9470ca6550bd4a2c7287445e	2	Cruci_CruV-965,Cruci_CruV-966
Sdomain	Purple	train	cleaned_sequence	2b83a04217343a5651d2f652bb703c8529660fca	2	Cruci_CruV-887,Cruci_CruV-888
Sdomain	Purple	train	cleaned_sequence	831219af3e26a7b80e4602688f12753e1ff85cc9	2	Ribo_ND_018979,Ribo_NC_032880
Sdomain	Purple	train	cleaned_sequence	a70f3d4a503d0e88849d8a2a61e78f39f925d7d8	4	Cruci_PB_KX388498,Cruci_PB_KX388499,Cruci_PB_KX388500,Cruci_PB_KX388501
Sdomain	Purple	train	cleaned_sequence	05450bfbf98cc1e27bea6ee5d216270b2453cdb7	2	Cruci_CruV_349,Cruci_CruV_353
Sdomain	Purple	train	cleaned_sequence	e6bb288c4acf4704e15581e3014729ef5cd5dd41	2	Cruci_CruV-701,Cruci_CruV-702
Sdomain	Purple	train	cleaned_sequence	332dd9aa4ef686b680f8e62f724fc25b99f876f4	2	Cruci_CruV-629,Cruci_CruV-630
Sdomain	Purple	train	cleaned_sequence	5b4ae01c6903f418d8a69a1af5d8bc714de2e1e0	2	Ribo_Ga0006777J48905_1012910,Ribo_ND_037080
Sdomain	Purple	train	cleaned_sequence	486f72fbef8ce5cb46b53756bbafb9f91530e62e	2	Ribo_Ga0007413J51701_1025822,Ribo_ND_038050
Sdomain	Purple	train	cleaned_sequence	fcaca0df91663359f3522d37043e0b47b7688fd0	2	Ribo_JAAOEH010002326.1,Ribo_ND_349259
Sdomain	Purple	train	cleaned_sequence	12a847201f2a10ade98625e919272a89f530cfd4	2	Ribo_ND_130202,Ribo_Ga0187796_1184497
Sdomain	Purple	train	cleaned_sequence	676b859ba25132160dd0ffc4bc7710d7fef01523	2	Ribo_ND_130208,Ribo_Ga0187796_1206930
Sdomain	Purple	train	cleaned_sequence	914adb51dbd98e0dd703cd9108c4f65300e54781	2	Cruci_CruV_104,Cruci_CruV_105
Sdomain	Purple	train	cleaned_sequence	5b71141039bd4aa4b2af532c062572ee907acaf4	2	Cruci_CruV_259,Cruci_CruV-697
Sdomain	Purple	train	cleaned_sequence	c77408d7f5f067925a1db7d2ec212572a6a0b50b	3	Cruci_CruV-646,Cruci_CruV-647,Cruci_CruV-648
Sdomain	Purple	train	cleaned_sequence	7eafe76724dde593f931b14941db168f25e07a82	2	Cruci_CruV-793,Cruci_CruV-797
Sdomain	Purple	train	cleaned_sequence	54fec653e7f1bd9a112b6436ea06eeee7b38c3d3	2	Cruci_CruV_238,Cruci_CruV_239
Sdomain	Purple	train	cleaned_sequence	97cb8a1ac7c0980f9527742c4a389ec52efd4be5	2	Ribo_ND_126471,Ribo_Ga0187795_1158440
Sdomain	Purple	train	cleaned_sequence	e99c3bcb9ddf000b276955217be2e2b492ddddc8	2	Ribo_ND_181386,Ribo_ND_176763
Sdomain	Purple	train	cleaned_sequence	1221c69bfc1616c0031155cfe7f1c166f1312938	2	Cruci_PB_KX388527,Cruci_PB_KX388528
Sdomain	Purple	train	cleaned_sequence	d9dd56252ae288b383f34c4451e19811e4a33086	2	Cruci_PB_KX388529,Cruci_PB_KX388530
Sdomain	Purple	train	cleaned_sequence	7e068f24fdb4947ee7478ffb2a5ab8bf79ea60ff	5	Cruci_CruV_272,Cruci_CruV_277,Cruci_CruV_281,Cruci_CruV_291,Cruci_CruV_364
Sdomain	Purple	train	cleaned_sequence	89b88c3246b043cdfaa1daeacad298c0514be201	2	Ribo_ND_124074,Ribo_Ga0187794_1338946
Sdomain	Purple	train	cleaned_sequence	d4fb9364d55910371ac39e55413fa81b0172320d	2	Ribo_ND_025226,Ribo_JAAOEH010001932.1
Sdomain	Purple	train	cleaned_sequence	ad86f050213048dd2dfd108a84dfd7f54a7acbeb	2	Ribo_ND_019228,Ribo_NC_033161
Sdomain	Purple	train	cleaned_sequence	26f15b607c77c9e1ae6636c0c62e0d1359e9709e	2	Ribo_ND_025095,Ribo_JAAOEH010001771.1
Sdomain	Purple	train	cleaned_sequence	9b3e255e09109390ff822fecb1e13c2b9a8679ae	2	Ribo_Ga0184599_128623,Ribo_ND_239309
Sdomain	Purple	train	cleaned_sequence	71b913b0e92b91a09e5d6caba3e3a4d7921adaca	2	Ribo_ND_239080,Ribo_Ga0184575_112371
Sdomain	Purple	train	cleaned_sequence	21cb10ea10c6557ee3ddf9cb19285af6c751ac5e	2	Cruci_PB_KX388514,Cruci_PB_KX388515
Sdomain	Purple	train	cleaned_sequence	260b5db8bf8b5b1b5bdcf64ed687eabe521049f4	2	Cruci_CruV_501,Cruci_CruV_509
Sdomain	Purple	train	cleaned_sequence	d406050282442acb26d5c8b190942ff70d43d7db	2	Cruci_CruV_406,Cruci_CruV_407
Sdomain	Purple	train	cleaned_sequence	d43eecbb53928615baa24186c5cd77ac7143306b	2	Cruci_CruV_439,Cruci_CruV_446
Sdomain	Purple	train	cleaned_sequence	ce533e25ade9cc5cb80d9cdb24313cebc533381b	2	Cruci_CruV-635,Cruci_CruV-636
Sdomain	Purple	train	cleaned_sequence	c17dea32e2754b8fefd1b2e77905ce198863eb98	2	Cruci_CruV-826,Cruci_CruV-827
Sdomain	Purple	train	cleaned_sequence	1be78a3168243aef50dc23ce3565105fd3858171	2	Cruci_CruV-778,Cruci_CruV-779
Sdomain	Purple	train	cleaned_sequence	2c95c333d2c45876a9424b1a4334aeef58a94234	4	Cruci_CruV_453,Cruci_CruV_455,Cruci_CruV_456,Cruci_CruV_454
Sdomain	Purple	train	cleaned_sequence	9f4492d0832783ff6b8afd640363f3182f213c1e	2	Cruci_chiv_Eukaryote_metagenome_T142_contig705,Cruci_chiv_Eukaryote_metagenome_T149_contig609
Sdomain	Purple	train	cleaned_sequence	fb9b13d0a160039c0e3582fd64927e6ae26455e6	2	Ribo_ND_018983,Ribo_NC_032884
Sdomain	Purple	train	cleaned_sequence	191e0bf9935e2737fee1866cd5e26235f30f18c5	2	Cruci_CruV-915,Cruci_CruV-916
Sdomain	Purple	train	cleaned_sequence	756442057c9251507efd6c09853a79c006b47410	2	Ribo_ND_015828,Ribo_tomREF_NC_003633
Sdomain	Purple	train	cleaned_sequence	900f5045fe2f67706192864153410574f4dec28a	2	Ribo_ND_015659,Ribo_Melon_necrotic_spot_virus_NC_001504
Sdomain	Purple	train	cleaned_sequence	22e329043d6f6d78fb0d2eb0c3dd98862435d9de	2	Ribo_tomREF_NC_000939,Ribo_ND_017058
Sdomain	Purple	train	cleaned_sequence	16445fc761692ab1068665a6526578a38b3dbac3	2	Ribo_ND_015690,Ribo_Galinsoga_Mosaic_Virus
Sdomain	Purple	train	cleaned_sequence	336ef7855d4bc2529bf01da000a7f79a4aa7ffe0	2	Ribo_tomREF_NC_009533,Ribo_ND_016202
Sdomain	Purple	train	cleaned_sequence	d71de2edccac1e5d6411baea778b1a4ef93bd10a	2	Ribo_tomREF_NC_005286,Ribo_ND_015995
Sdomain	Purple	train	cleaned_sequence	e965b2460298c931f1ad2612416f6e9c8fe6b30c	2	Ribo_ND_019888,Ribo_tomREF_NC_007733
Sdomain	Purple	train	cleaned_sequence	31e2970bdb487d057801b55f8cadd5b88e406a51	2	Ribo_tomREF_NC_002187,Ribo_ND_015723
Sdomain	Purple	train	cleaned_sequence	8938e1fd4198bb84be307e64cdffe25a0c2ee4e3	2	Ribo_ND_017053,Ribo_Turnip_Crinkle_Virus_NC_003821
Sdomain	Purple	train	cleaned_sequence	0955b68c0fb1bb9719f9c98af26a387d497b76cf	2	Ribo_ND_015665,Ribo_tomREF_NC_001600
Sdomain	Purple	train	cleaned_sequence	f3928c85ff9b661176faf9bf6bb09d1145632647	2	Ribo_Hibiscus_chlorotic_ringspot_virus_X86448,Ribo_ND_015813
Sdomain	Purple	train	cleaned_sequence	041a920367f3c7b5c542ad8b5b5450a433f52da7	2	Cruci_CruV-883,Cruci_CruV-884
Sdomain	Purple	train	cleaned_sequence	7d604789f6a2bcbe9470ca6550bd4a2c7287445e	2	Cruci_CruV-965,Cruci_CruV-966
Sdomain	Purple	test	cleaned_sequence	0b247aad2a286b5c892f61236a23ee41f22326e5	2	Cruci_CruV-583,Cruci_CruV-584
Sdomain	Purple	test	cleaned_sequence	44b160fe1806a78595ed580b2dda3e16c3b0d07a	2	Cruci_CruV_310,Cruci_CruV_311
Sdomain	Purple	test	cleaned_sequence	0fb2da98877a26fb9fc8a50737f1a195878140d5	2	Cruci_CruV-676,Cruci_CruV-677
Sdomain	Purple	test	cleaned_sequence	0cce2126a17d378dfeee778dc0afb34adb0d233b	2	Cruci_CruV-570,Cruci_CruV-571
Sdomain	Purple	test	cleaned_sequence	60f6a1a9d0794e83726cc652d98376f9b213c22f	2	Cruci_CruV_505,Cruci_CruV_506
Sdomain	Purple	test	cleaned_sequence	fbf1855de02d08a6f8a7d6abca7fbb9976274887	2	Cruci_CruV-894,Cruci_CruV-895
Sdomain	Purple	test	cleaned_sequence	a73b6c4a959e111935fb2d0b73ce04278de8a547	2	Cruci_CruV_527,Cruci_CruV_528
Sdomain	Purple	test	cleaned_sequence	8fee7699f88fe902d6fc4e15182da2a58cfe7993	2	Cruci_PB_KX388517,Cruci_PB_KX388518
Sdomain	Purple	test	cleaned_sequence	37462e7cc9b6524f71643f439f0f3351d403332b	2	Cruci_CruV-844,Cruci_CruV-845
Sdomain	Purple	test	cleaned_sequence	a8719132e47c6bd035f788a45de3be86a0de1385	2	Cruci_CruV_211,Cruci_CruV_234
Sdomain	Purple	test	cleaned_sequence	74fe87b81dbb88d0a5a68a269bd87fa5845eaa22	2	Cruci_CruV_179,Cruci_CruV_180
Sdomain	Purple	test	cleaned_sequence	1644ae23c8953eee972747bb29778ac567cded92	2	Cruci_CruV-815,Cruci_CruV-811
Sdomain	Purple	test	cleaned_sequence	73cc2c3fed71ec309371f97c03e3fa0c87e97a61	2	Cruci_CruV_371,Cruci_CruV_372
Sdomain	Purple	test	cleaned_sequence	02bcdbbb0e5d14b4bef08da59962f0ae9a6b95af	2	Cruci_CruV_90,Cruci_CruV_91
Sdomain	Purple	test	cleaned_sequence	c077f2f4efaa32f62de280947fd574b0c1802f9d	2	Cruci_PB_KX388521,Cruci_PB_KX388522
Sdomain	Purple	test	cleaned_sequence	ac198fedc3a0c984711029688ca4887ecf3a6848	3	Cruci_PB_KX388524,Cruci_PB_KX388526,Cruci_CruV-719
Sdomain	Purple	test	cleaned_sequence	1da23fb0c5dbbeb23ee23965dc4b560c7a1203ae	2	Cruci_CruV_174,Cruci_CruV_175
Sdomain	Purple	test	cleaned_sequence	7ff45ee98ded77737e4fee0ee8ee2dab0b73c48b	5	Cruci_CruV_243,Cruci_CruV_245,Cruci_CruV_276,Cruci_CruV_278,Cruci_CruV_264
Sdomain	Purple	test	cleaned_sequence	9ae9bb5d93b5ee336b47a8e21197ee9ef7078d83	2	Cruci_CruV-615,Cruci_CruV-616
Sdomain	Purple	test	cleaned_sequence	3c2f62111c5c4e86341cab17c6cc1463e54c942d	3	Cruci_CruV-599,Cruci_CruV-601,Cruci_CruV-600
Sdomain	Purple	test	cleaned_sequence	438416e9720736ef2b126469da4c1d3456cdc5d1	2	Cruci_CruV-564,Cruci_CruV-565
Sdomain	Purple	test	cleaned_sequence	9065a2ec1fbfa0f91b6f57c1e7c6f4340b8bcd44	2	Cruci_CruV-754,Cruci_CruV-755
Sdomain	Purple	test	cleaned_sequence	5a6c2e3e84c1d6309524825dd7c62612e471a58a	3	Cruci_CruV_322,Cruci_CruV_323,Cruci_CruV_324
Sdomain	Purple	test	cleaned_sequence	639c5af8cf37dfa6c9182088228d141052e23fdf	3	Cruci_CruV_146,Cruci_CruV_147,Cruci_CruV_148
Sdomain	Purple	test	cleaned_sequence	b6222e83d115fe9a0f5557a3689c1a7682e212b6	2	Cruci_CruV-692,Cruci_CruV-693
Sdomain	Purple	test	cleaned_sequence	c9ecbc0d47969786a08c1e84d89486fa1d251e6e	2	Cruci_CruV_266,Cruci_CruV_265
Sdomain	Purple	test	cleaned_sequence	062e48939e44f460c6a7ab876c3870c14caf453f	2	Cruci_CruV_250,Cruci_CruV_251
Sdomain	Purple	test	cleaned_sequence	7d3dd652382501793d4b1ae9ee250142106aca4e	2	Cruci_CruV_409,Cruci_CruV_410
Sdomain	Purple	test	cleaned_sequence	91f9ca989e9f02736acc905daefaccde8feda245	2	Ribo_JAAOEH010001845.1,Ribo_ND_025152
Sdomain	Red	train	cleaned_sequence	2b83a04217343a5651d2f652bb703c8529660fca	2	Cruci_CruV-887,Cruci_CruV-888
Sdomain	Red	train	cleaned_sequence	831219af3e26a7b80e4602688f12753e1ff85cc9	2	Ribo_ND_018979,Ribo_NC_032880
Sdomain	Red	train	cleaned_sequence	a70f3d4a503d0e88849d8a2a61e78f39f925d7d8	4	Cruci_PB_KX388498,Cruci_PB_KX388499,Cruci_PB_KX388500,Cruci_PB_KX388501
Sdomain	Red	train	cleaned_sequence	05450bfbf98cc1e27bea6ee5d216270b2453cdb7	2	Cruci_CruV_349,Cruci_CruV_353
Sdomain	Red	train	cleaned_sequence	e6bb288c4acf4704e15581e3014729ef5cd5dd41	2	Cruci_CruV-701,Cruci_CruV-702
Sdomain	Red	train	cleaned_sequence	332dd9aa4ef686b680f8e62f724fc25b99f876f4	2	Cruci_CruV-629,Cruci_CruV-630
Sdomain	Red	train	cleaned_sequence	0b247aad2a286b5c892f61236a23ee41f22326e5	2	Cruci_CruV-583,Cruci_CruV-584
Sdomain	Red	train	cleaned_sequence	44b160fe1806a78595ed580b2dda3e16c3b0d07a	2	Cruci_CruV_310,Cruci_CruV_311
Sdomain	Red	train	cleaned_sequence	0fb2da98877a26fb9fc8a50737f1a195878140d5	2	Cruci_CruV-676,Cruci_CruV-677
Sdomain	Red	train	cleaned_sequence	0cce2126a17d378dfeee778dc0afb34adb0d233b	2	Cruci_CruV-570,Cruci_CruV-571
Sdomain	Red	train	cleaned_sequence	5b4ae01c6903f418d8a69a1af5d8bc714de2e1e0	2	Ribo_Ga0006777J48905_1012910,Ribo_ND_037080
Sdomain	Red	train	cleaned_sequence	486f72fbef8ce5cb46b53756bbafb9f91530e62e	2	Ribo_Ga0007413J51701_1025822,Ribo_ND_038050
Sdomain	Red	train	cleaned_sequence	fcaca0df91663359f3522d37043e0b47b7688fd0	2	Ribo_JAAOEH010002326.1,Ribo_ND_349259
Sdomain	Red	train	cleaned_sequence	12a847201f2a10ade98625e919272a89f530cfd4	2	Ribo_ND_130202,Ribo_Ga0187796_1184497
Sdomain	Red	train	cleaned_sequence	676b859ba25132160dd0ffc4bc7710d7fef01523	2	Ribo_ND_130208,Ribo_Ga0187796_1206930
Sdomain	Red	train	cleaned_sequence	914adb51dbd98e0dd703cd9108c4f65300e54781	2	Cruci_CruV_104,Cruci_CruV_105
Sdomain	Red	train	cleaned_sequence	5b71141039bd4aa4b2af532c062572ee907acaf4	2	Cruci_CruV_259,Cruci_CruV-697
Sdomain	Red	train	cleaned_sequence	c77408d7f5f067925a1db7d2ec212572a6a0b50b	3	Cruci_CruV-646,Cruci_CruV-647,Cruci_CruV-648
Sdomain	Red	train	cleaned_sequence	7eafe76724dde593f931b14941db168f25e07a82	2	Cruci_CruV-793,Cruci_CruV-797
Sdomain	Red	train	cleaned_sequence	60f6a1a9d0794e83726cc652d98376f9b213c22f	2	Cruci_CruV_505,Cruci_CruV_506
Sdomain	Red	train	cleaned_sequence	fbf1855de02d08a6f8a7d6abca7fbb9976274887	2	Cruci_CruV-894,Cruci_CruV-895
Sdomain	Red	train	cleaned_sequence	a73b6c4a959e111935fb2d0b73ce04278de8a547	2	Cruci_CruV_527,Cruci_CruV_528
Sdomain	Red	train	cleaned_sequence	8fee7699f88fe902d6fc4e15182da2a58cfe7993	2	Cruci_PB_KX388517,Cruci_PB_KX388518
Sdomain	Red	train	cleaned_sequence	37462e7cc9b6524f71643f439f0f3351d403332b	2	Cruci_CruV-844,Cruci_CruV-845
Sdomain	Red	train	cleaned_sequence	a8719132e47c6bd035f788a45de3be86a0de1385	2	Cruci_CruV_211,Cruci_CruV_234
Sdomain	Red	train	cleaned_sequence	74fe87b81dbb88d0a5a68a269bd87fa5845eaa22	2	Cruci_CruV_179,Cruci_CruV_180
Sdomain	Red	train	cleaned_sequence	1644ae23c8953eee972747bb29778ac567cded92	2	Cruci_CruV-815,Cruci_CruV-811
Sdomain	Red	train	cleaned_sequence	73cc2c3fed71ec309371f97c03e3fa0c87e97a61	2	Cruci_CruV_371,Cruci_CruV_372
Sdomain	Red	train	cleaned_sequence	02bcdbbb0e5d14b4bef08da59962f0ae9a6b95af	2	Cruci_CruV_90,Cruci_CruV_91
Sdomain	Red	train	cleaned_sequence	c077f2f4efaa32f62de280947fd574b0c1802f9d	2	Cruci_PB_KX388521,Cruci_PB_KX388522
Sdomain	Red	train	cleaned_sequence	ac198fedc3a0c984711029688ca4887ecf3a6848	3	Cruci_PB_KX388524,Cruci_PB_KX388526,Cruci_CruV-719
Sdomain	Red	train	cleaned_sequence	1da23fb0c5dbbeb23ee23965dc4b560c7a1203ae	2	Cruci_CruV_174,Cruci_CruV_175
Sdomain	Red	train	cleaned_sequence	7ff45ee98ded77737e4fee0ee8ee2dab0b73c48b	5	Cruci_CruV_243,Cruci_CruV_245,Cruci_CruV_276,Cruci_CruV_278,Cruci_CruV_264
Sdomain	Red	train	cleaned_sequence	9ae9bb5d93b5ee336b47a8e21197ee9ef7078d83	2	Cruci_CruV-615,Cruci_CruV-616
Sdomain	Red	train	cleaned_sequence	3c2f62111c5c4e86341cab17c6cc1463e54c942d	3	Cruci_CruV-599,Cruci_CruV-601,Cruci_CruV-600
Sdomain	Red	train	cleaned_sequence	438416e9720736ef2b126469da4c1d3456cdc5d1	2	Cruci_CruV-564,Cruci_CruV-565
Sdomain	Red	train	cleaned_sequence	9065a2ec1fbfa0f91b6f57c1e7c6f4340b8bcd44	2	Cruci_CruV-754,Cruci_CruV-755
Sdomain	Red	train	cleaned_sequence	5a6c2e3e84c1d6309524825dd7c62612e471a58a	3	Cruci_CruV_322,Cruci_CruV_323,Cruci_CruV_324
Sdomain	Red	train	cleaned_sequence	639c5af8cf37dfa6c9182088228d141052e23fdf	3	Cruci_CruV_146,Cruci_CruV_147,Cruci_CruV_148
Sdomain	Red	train	cleaned_sequence	b6222e83d115fe9a0f5557a3689c1a7682e212b6	2	Cruci_CruV-692,Cruci_CruV-693
Sdomain	Red	train	cleaned_sequence	c9ecbc0d47969786a08c1e84d89486fa1d251e6e	2	Cruci_CruV_266,Cruci_CruV_265
Sdomain	Red	train	cleaned_sequence	062e48939e44f460c6a7ab876c3870c14caf453f	2	Cruci_CruV_250,Cruci_CruV_251
Sdomain	Red	train	cleaned_sequence	54fec653e7f1bd9a112b6436ea06eeee7b38c3d3	2	Cruci_CruV_238,Cruci_CruV_239
Sdomain	Red	train	cleaned_sequence	97cb8a1ac7c0980f9527742c4a389ec52efd4be5	2	Ribo_ND_126471,Ribo_Ga0187795_1158440
Sdomain	Red	train	cleaned_sequence	e99c3bcb9ddf000b276955217be2e2b492ddddc8	2	Ribo_ND_181386,Ribo_ND_176763
Sdomain	Red	train	cleaned_sequence	1221c69bfc1616c0031155cfe7f1c166f1312938	2	Cruci_PB_KX388527,Cruci_PB_KX388528
Sdomain	Red	train	cleaned_sequence	d9dd56252ae288b383f34c4451e19811e4a33086	2	Cruci_PB_KX388529,Cruci_PB_KX388530
Sdomain	Red	train	cleaned_sequence	7e068f24fdb4947ee7478ffb2a5ab8bf79ea60ff	5	Cruci_CruV_272,Cruci_CruV_277,Cruci_CruV_281,Cruci_CruV_291,Cruci_CruV_364
Sdomain	Red	train	cleaned_sequence	89b88c3246b043cdfaa1daeacad298c0514be201	2	Ribo_ND_124074,Ribo_Ga0187794_1338946
Sdomain	Red	train	cleaned_sequence	d4fb9364d55910371ac39e55413fa81b0172320d	2	Ribo_ND_025226,Ribo_JAAOEH010001932.1
Sdomain	Red	train	cleaned_sequence	ad86f050213048dd2dfd108a84dfd7f54a7acbeb	2	Ribo_ND_019228,Ribo_NC_033161
Sdomain	Red	train	cleaned_sequence	26f15b607c77c9e1ae6636c0c62e0d1359e9709e	2	Ribo_ND_025095,Ribo_JAAOEH010001771.1
Sdomain	Red	train	cleaned_sequence	9b3e255e09109390ff822fecb1e13c2b9a8679ae	2	Ribo_Ga0184599_128623,Ribo_ND_239309
Sdomain	Red	train	cleaned_sequence	71b913b0e92b91a09e5d6caba3e3a4d7921adaca	2	Ribo_ND_239080,Ribo_Ga0184575_112371
Sdomain	Red	train	cleaned_sequence	21cb10ea10c6557ee3ddf9cb19285af6c751ac5e	2	Cruci_PB_KX388514,Cruci_PB_KX388515
Sdomain	Red	train	cleaned_sequence	260b5db8bf8b5b1b5bdcf64ed687eabe521049f4	2	Cruci_CruV_501,Cruci_CruV_509
Sdomain	Red	train	cleaned_sequence	7d3dd652382501793d4b1ae9ee250142106aca4e	2	Cruci_CruV_409,Cruci_CruV_410
Sdomain	Red	train	cleaned_sequence	91f9ca989e9f02736acc905daefaccde8feda245	2	Ribo_JAAOEH010001845.1,Ribo_ND_025152
Sdomain	Red	train	cleaned_sequence	d406050282442acb26d5c8b190942ff70d43d7db	2	Cruci_CruV_406,Cruci_CruV_407
Sdomain	Red	train	cleaned_sequence	d43eecbb53928615baa24186c5cd77ac7143306b	2	Cruci_CruV_439,Cruci_CruV_446
Sdomain	Red	train	cleaned_sequence	ce533e25ade9cc5cb80d9cdb24313cebc533381b	2	Cruci_CruV-635,Cruci_CruV-636
Sdomain	Red	train	cleaned_sequence	c17dea32e2754b8fefd1b2e77905ce198863eb98	2	Cruci_CruV-826,Cruci_CruV-827
Sdomain	Red	train	cleaned_sequence	1be78a3168243aef50dc23ce3565105fd3858171	2	Cruci_CruV-778,Cruci_CruV-779
Sdomain	Red	train	cleaned_sequence	2c95c333d2c45876a9424b1a4334aeef58a94234	4	Cruci_CruV_453,Cruci_CruV_455,Cruci_CruV_456,Cruci_CruV_454
Sdomain	Red	train	cleaned_sequence	9f4492d0832783ff6b8afd640363f3182f213c1e	2	Cruci_chiv_Eukaryote_metagenome_T142_contig705,Cruci_chiv_Eukaryote_metagenome_T149_contig609
Sdomain	Red	train	cleaned_sequence	fb9b13d0a160039c0e3582fd64927e6ae26455e6	2	Ribo_ND_018983,Ribo_NC_032884
Sdomain	Red	train	cleaned_sequence	191e0bf9935e2737fee1866cd5e26235f30f18c5	2	Cruci_CruV-915,Cruci_CruV-916
Sdomain	Red	train	cleaned_sequence	041a920367f3c7b5c542ad8b5b5450a433f52da7	2	Cruci_CruV-883,Cruci_CruV-884
Sdomain	Red	train	cleaned_sequence	7d604789f6a2bcbe9470ca6550bd4a2c7287445e	2	Cruci_CruV-965,Cruci_CruV-966
Sdomain	Red	test	cleaned_sequence	756442057c9251507efd6c09853a79c006b47410	2	Ribo_ND_015828,Ribo_tomREF_NC_003633
Sdomain	Red	test	cleaned_sequence	900f5045fe2f67706192864153410574f4dec28a	2	Ribo_ND_015659,Ribo_Melon_necrotic_spot_virus_NC_001504
Sdomain	Red	test	cleaned_sequence	22e329043d6f6d78fb0d2eb0c3dd98862435d9de	2	Ribo_tomREF_NC_000939,Ribo_ND_017058
Sdomain	Red	test	cleaned_sequence	16445fc761692ab1068665a6526578a38b3dbac3	2	Ribo_ND_015690,Ribo_Galinsoga_Mosaic_Virus
Sdomain	Red	test	cleaned_sequence	336ef7855d4bc2529bf01da000a7f79a4aa7ffe0	2	Ribo_tomREF_NC_009533,Ribo_ND_016202
Sdomain	Red	test	cleaned_sequence	d71de2edccac1e5d6411baea778b1a4ef93bd10a	2	Ribo_tomREF_NC_005286,Ribo_ND_015995
Sdomain	Red	test	cleaned_sequence	e965b2460298c931f1ad2612416f6e9c8fe6b30c	2	Ribo_ND_019888,Ribo_tomREF_NC_007733
Sdomain	Red	test	cleaned_sequence	31e2970bdb487d057801b55f8cadd5b88e406a51	2	Ribo_tomREF_NC_002187,Ribo_ND_015723
Sdomain	Red	test	cleaned_sequence	8938e1fd4198bb84be307e64cdffe25a0c2ee4e3	2	Ribo_ND_017053,Ribo_Turnip_Crinkle_Virus_NC_003821
Sdomain	Red	test	cleaned_sequence	0955b68c0fb1bb9719f9c98af26a387d497b76cf	2	Ribo_ND_015665,Ribo_tomREF_NC_001600
Sdomain	Red	test	cleaned_sequence	f3928c85ff9b661176faf9bf6bb09d1145632647	2	Ribo_Hibiscus_chlorotic_ringspot_virus_X86448,Ribo_ND_015813
Sdomain	Yellow	train	cleaned_sequence	2b83a04217343a5651d2f652bb703c8529660fca	2	Cruci_CruV-887,Cruci_CruV-888
Sdomain	Yellow	train	cleaned_sequence	831219af3e26a7b80e4602688f12753e1ff85cc9	2	Ribo_ND_018979,Ribo_NC_032880
Sdomain	Yellow	train	cleaned_sequence	a70f3d4a503d0e88849d8a2a61e78f39f925d7d8	4	Cruci_PB_KX388498,Cruci_PB_KX388499,Cruci_PB_KX388500,Cruci_PB_KX388501
Sdomain	Yellow	train	cleaned_sequence	05450bfbf98cc1e27bea6ee5d216270b2453cdb7	2	Cruci_CruV_349,Cruci_CruV_353
Sdomain	Yellow	train	cleaned_sequence	e6bb288c4acf4704e15581e3014729ef5cd5dd41	2	Cruci_CruV-701,Cruci_CruV-702
Sdomain	Yellow	train	cleaned_sequence	332dd9aa4ef686b680f8e62f724fc25b99f876f4	2	Cruci_CruV-629,Cruci_CruV-630
Sdomain	Yellow	train	cleaned_sequence	0b247aad2a286b5c892f61236a23ee41f22326e5	2	Cruci_CruV-583,Cruci_CruV-584
Sdomain	Yellow	train	cleaned_sequence	44b160fe1806a78595ed580b2dda3e16c3b0d07a	2	Cruci_CruV_310,Cruci_CruV_311
Sdomain	Yellow	train	cleaned_sequence	0fb2da98877a26fb9fc8a50737f1a195878140d5	2	Cruci_CruV-676,Cruci_CruV-677
Sdomain	Yellow	train	cleaned_sequence	0cce2126a17d378dfeee778dc0afb34adb0d233b	2	Cruci_CruV-570,Cruci_CruV-571
Sdomain	Yellow	train	cleaned_sequence	5b71141039bd4aa4b2af532c062572ee907acaf4	2	Cruci_CruV_259,Cruci_CruV-697
Sdomain	Yellow	train	cleaned_sequence	c77408d7f5f067925a1db7d2ec212572a6a0b50b	3	Cruci_CruV-646,Cruci_CruV-647,Cruci_CruV-648
Sdomain	Yellow	train	cleaned_sequence	7eafe76724dde593f931b14941db168f25e07a82	2	Cruci_CruV-793,Cruci_CruV-797
Sdomain	Yellow	train	cleaned_sequence	60f6a1a9d0794e83726cc652d98376f9b213c22f	2	Cruci_CruV_505,Cruci_CruV_506
Sdomain	Yellow	train	cleaned_sequence	fbf1855de02d08a6f8a7d6abca7fbb9976274887	2	Cruci_CruV-894,Cruci_CruV-895
Sdomain	Yellow	train	cleaned_sequence	a73b6c4a959e111935fb2d0b73ce04278de8a547	2	Cruci_CruV_527,Cruci_CruV_528
Sdomain	Yellow	train	cleaned_sequence	8fee7699f88fe902d6fc4e15182da2a58cfe7993	2	Cruci_PB_KX388517,Cruci_PB_KX388518
Sdomain	Yellow	train	cleaned_sequence	37462e7cc9b6524f71643f439f0f3351d403332b	2	Cruci_CruV-844,Cruci_CruV-845
Sdomain	Yellow	train	cleaned_sequence	a8719132e47c6bd035f788a45de3be86a0de1385	2	Cruci_CruV_211,Cruci_CruV_234
Sdomain	Yellow	train	cleaned_sequence	74fe87b81dbb88d0a5a68a269bd87fa5845eaa22	2	Cruci_CruV_179,Cruci_CruV_180
Sdomain	Yellow	train	cleaned_sequence	1644ae23c8953eee972747bb29778ac567cded92	2	Cruci_CruV-815,Cruci_CruV-811
Sdomain	Yellow	train	cleaned_sequence	73cc2c3fed71ec309371f97c03e3fa0c87e97a61	2	Cruci_CruV_371,Cruci_CruV_372
Sdomain	Yellow	train	cleaned_sequence	02bcdbbb0e5d14b4bef08da59962f0ae9a6b95af	2	Cruci_CruV_90,Cruci_CruV_91
Sdomain	Yellow	train	cleaned_sequence	c077f2f4efaa32f62de280947fd574b0c1802f9d	2	Cruci_PB_KX388521,Cruci_PB_KX388522
Sdomain	Yellow	train	cleaned_sequence	ac198fedc3a0c984711029688ca4887ecf3a6848	3	Cruci_PB_KX388524,Cruci_PB_KX388526,Cruci_CruV-719
Sdomain	Yellow	train	cleaned_sequence	1da23fb0c5dbbeb23ee23965dc4b560c7a1203ae	2	Cruci_CruV_174,Cruci_CruV_175
Sdomain	Yellow	train	cleaned_sequence	7ff45ee98ded77737e4fee0ee8ee2dab0b73c48b	5	Cruci_CruV_243,Cruci_CruV_245,Cruci_CruV_276,Cruci_CruV_278,Cruci_CruV_264
Sdomain	Yellow	train	cleaned_sequence	9ae9bb5d93b5ee336b47a8e21197ee9ef7078d83	2	Cruci_CruV-615,Cruci_CruV-616
Sdomain	Yellow	train	cleaned_sequence	3c2f62111c5c4e86341cab17c6cc1463e54c942d	3	Cruci_CruV-599,Cruci_CruV-601,Cruci_CruV-600
Sdomain	Yellow	train	cleaned_sequence	438416e9720736ef2b126469da4c1d3456cdc5d1	2	Cruci_CruV-564,Cruci_CruV-565
Sdomain	Yellow	train	cleaned_sequence	9065a2ec1fbfa0f91b6f57c1e7c6f4340b8bcd44	2	Cruci_CruV-754,Cruci_CruV-755
Sdomain	Yellow	train	cleaned_sequence	5a6c2e3e84c1d6309524825dd7c62612e471a58a	3	Cruci_CruV_322,Cruci_CruV_323,Cruci_CruV_324
Sdomain	Yellow	train	cleaned_sequence	639c5af8cf37dfa6c9182088228d141052e23fdf	3	Cruci_CruV_146,Cruci_CruV_147,Cruci_CruV_148
Sdomain	Yellow	train	cleaned_sequence	b6222e83d115fe9a0f5557a3689c1a7682e212b6	2	Cruci_CruV-692,Cruci_CruV-693
Sdomain	Yellow	train	cleaned_sequence	c9ecbc0d47969786a08c1e84d89486fa1d251e6e	2	Cruci_CruV_266,Cruci_CruV_265
Sdomain	Yellow	train	cleaned_sequence	062e48939e44f460c6a7ab876c3870c14caf453f	2	Cruci_CruV_250,Cruci_CruV_251
Sdomain	Yellow	train	cleaned_sequence	1221c69bfc1616c0031155cfe7f1c166f1312938	2	Cruci_PB_KX388527,Cruci_PB_KX388528
Sdomain	Yellow	train	cleaned_sequence	d9dd56252ae288b383f34c4451e19811e4a33086	2	Cruci_PB_KX388529,Cruci_PB_KX388530
Sdomain	Yellow	train	cleaned_sequence	7e068f24fdb4947ee7478ffb2a5ab8bf79ea60ff	5	Cruci_CruV_272,Cruci_CruV_277,Cruci_CruV_281,Cruci_CruV_291,Cruci_CruV_364
Sdomain	Yellow	train	cleaned_sequence	89b88c3246b043cdfaa1daeacad298c0514be201	2	Ribo_ND_124074,Ribo_Ga0187794_1338946
Sdomain	Yellow	train	cleaned_sequence	9b3e255e09109390ff822fecb1e13c2b9a8679ae	2	Ribo_Ga0184599_128623,Ribo_ND_239309
Sdomain	Yellow	train	cleaned_sequence	71b913b0e92b91a09e5d6caba3e3a4d7921adaca	2	Ribo_ND_239080,Ribo_Ga0184575_112371
Sdomain	Yellow	train	cleaned_sequence	260b5db8bf8b5b1b5bdcf64ed687eabe521049f4	2	Cruci_CruV_501,Cruci_CruV_509
Sdomain	Yellow	train	cleaned_sequence	7d3dd652382501793d4b1ae9ee250142106aca4e	2	Cruci_CruV_409,Cruci_CruV_410
Sdomain	Yellow	train	cleaned_sequence	91f9ca989e9f02736acc905daefaccde8feda245	2	Ribo_JAAOEH010001845.1,Ribo_ND_025152
Sdomain	Yellow	train	cleaned_sequence	d406050282442acb26d5c8b190942ff70d43d7db	2	Cruci_CruV_406,Cruci_CruV_407
Sdomain	Yellow	train	cleaned_sequence	d43eecbb53928615baa24186c5cd77ac7143306b	2	Cruci_CruV_439,Cruci_CruV_446
Sdomain	Yellow	train	cleaned_sequence	ce533e25ade9cc5cb80d9cdb24313cebc533381b	2	Cruci_CruV-635,Cruci_CruV-636
Sdomain	Yellow	train	cleaned_sequence	c17dea32e2754b8fefd1b2e77905ce198863eb98	2	Cruci_CruV-826,Cruci_CruV-827
Sdomain	Yellow	train	cleaned_sequence	1be78a3168243aef50dc23ce3565105fd3858171	2	Cruci_CruV-778,Cruci_CruV-779
Sdomain	Yellow	train	cleaned_sequence	2c95c333d2c45876a9424b1a4334aeef58a94234	4	Cruci_CruV_453,Cruci_CruV_455,Cruci_CruV_456,Cruci_CruV_454
Sdomain	Yellow	train	cleaned_sequence	9f4492d0832783ff6b8afd640363f3182f213c1e	2	Cruci_chiv_Eukaryote_metagenome_T142_contig705,Cruci_chiv_Eukaryote_metagenome_T149_contig609
Sdomain	Yellow	train	cleaned_sequence	fb9b13d0a160039c0e3582fd64927e6ae26455e6	2	Ribo_ND_018983,Ribo_NC_032884
Sdomain	Yellow	train	cleaned_sequence	191e0bf9935e2737fee1866cd5e26235f30f18c5	2	Cruci_CruV-915,Cruci_CruV-916
Sdomain	Yellow	train	cleaned_sequence	756442057c9251507efd6c09853a79c006b47410	2	Ribo_ND_015828,Ribo_tomREF_NC_003633
Sdomain	Yellow	train	cleaned_sequence	900f5045fe2f67706192864153410574f4dec28a	2	Ribo_ND_015659,Ribo_Melon_necrotic_spot_virus_NC_001504
Sdomain	Yellow	train	cleaned_sequence	22e329043d6f6d78fb0d2eb0c3dd98862435d9de	2	Ribo_tomREF_NC_000939,Ribo_ND_017058
Sdomain	Yellow	train	cleaned_sequence	16445fc761692ab1068665a6526578a38b3dbac3	2	Ribo_ND_015690,Ribo_Galinsoga_Mosaic_Virus
Sdomain	Yellow	train	cleaned_sequence	336ef7855d4bc2529bf01da000a7f79a4aa7ffe0	2	Ribo_tomREF_NC_009533,Ribo_ND_016202
Sdomain	Yellow	train	cleaned_sequence	d71de2edccac1e5d6411baea778b1a4ef93bd10a	2	Ribo_tomREF_NC_005286,Ribo_ND_015995
Sdomain	Yellow	train	cleaned_sequence	e965b2460298c931f1ad2612416f6e9c8fe6b30c	2	Ribo_ND_019888,Ribo_tomREF_NC_007733
Sdomain	Yellow	train	cleaned_sequence	31e2970bdb487d057801b55f8cadd5b88e406a51	2	Ribo_tomREF_NC_002187,Ribo_ND_015723
Sdomain	Yellow	train	cleaned_sequence	8938e1fd4198bb84be307e64cdffe25a0c2ee4e3	2	Ribo_ND_017053,Ribo_Turnip_Crinkle_Virus_NC_003821
Sdomain	Yellow	train	cleaned_sequence	0955b68c0fb1bb9719f9c98af26a387d497b76cf	2	Ribo_ND_015665,Ribo_tomREF_NC_001600
Sdomain	Yellow	train	cleaned_sequence	f3928c85ff9b661176faf9bf6bb09d1145632647	2	Ribo_Hibiscus_chlorotic_ringspot_virus_X86448,Ribo_ND_015813
Sdomain	Yellow	train	cleaned_sequence	041a920367f3c7b5c542ad8b5b5450a433f52da7	2	Cruci_CruV-883,Cruci_CruV-884
Sdomain	Yellow	train	cleaned_sequence	7d604789f6a2bcbe9470ca6550bd4a2c7287445e	2	Cruci_CruV-965,Cruci_CruV-966
Sdomain	Yellow	test	cleaned_sequence	5b4ae01c6903f418d8a69a1af5d8bc714de2e1e0	2	Ribo_Ga0006777J48905_1012910,Ribo_ND_037080
Sdomain	Yellow	test	cleaned_sequence	486f72fbef8ce5cb46b53756bbafb9f91530e62e	2	Ribo_Ga0007413J51701_1025822,Ribo_ND_038050
Sdomain	Yellow	test	cleaned_sequence	fcaca0df91663359f3522d37043e0b47b7688fd0	2	Ribo_JAAOEH010002326.1,Ribo_ND_349259
Sdomain	Yellow	test	cleaned_sequence	12a847201f2a10ade98625e919272a89f530cfd4	2	Ribo_ND_130202,Ribo_Ga0187796_1184497
Sdomain	Yellow	test	cleaned_sequence	676b859ba25132160dd0ffc4bc7710d7fef01523	2	Ribo_ND_130208,Ribo_Ga0187796_1206930
Sdomain	Yellow	test	cleaned_sequence	914adb51dbd98e0dd703cd9108c4f65300e54781	2	Cruci_CruV_104,Cruci_CruV_105
Sdomain	Yellow	test	cleaned_sequence	54fec653e7f1bd9a112b6436ea06eeee7b38c3d3	2	Cruci_CruV_238,Cruci_CruV_239
Sdomain	Yellow	test	cleaned_sequence	97cb8a1ac7c0980f9527742c4a389ec52efd4be5	2	Ribo_ND_126471,Ribo_Ga0187795_1158440
Sdomain	Yellow	test	cleaned_sequence	e99c3bcb9ddf000b276955217be2e2b492ddddc8	2	Ribo_ND_181386,Ribo_ND_176763
Sdomain	Yellow	test	cleaned_sequence	d4fb9364d55910371ac39e55413fa81b0172320d	2	Ribo_ND_025226,Ribo_JAAOEH010001932.1
Sdomain	Yellow	test	cleaned_sequence	ad86f050213048dd2dfd108a84dfd7f54a7acbeb	2	Ribo_ND_019228,Ribo_NC_033161
Sdomain	Yellow	test	cleaned_sequence	26f15b607c77c9e1ae6636c0c62e0d1359e9709e	2	Ribo_ND_025095,Ribo_JAAOEH010001771.1
Sdomain	Yellow	test	cleaned_sequence	21cb10ea10c6557ee3ddf9cb19285af6c751ac5e	2	Cruci_PB_KX388514,Cruci_PB_KX388515
Pdomain	Blue	train	cleaned_sequence	f7158332da8a9b19b1aa09f75187ca9666f87e8f	2	Cruci_CruV-887,Cruci_CruV-888
Pdomain	Blue	train	cleaned_sequence	b9c42664e72f53617c00eb2ea517d510fc468426	2	Ribo_ND_018979,Ribo_NC_032880
Pdomain	Blue	train	cleaned_sequence	f789d99220b087488f75da00cc4b1b2eed0ff561	2	Cruci_CruV-583,Cruci_CruV-584
Pdomain	Blue	train	cleaned_sequence	bccd5dc968b42e800e97f960b4b34437e4a08c8a	2	Cruci_CruV_310,Cruci_CruV_311
Pdomain	Blue	train	cleaned_sequence	6a955ac18294216e852c6b024be881ce6cb8bb02	2	Cruci_CruV-598,Cruci_CruV-608
Pdomain	Blue	train	cleaned_sequence	254979d578d02b145d3b963f1cb177535338296b	2	Cruci_CruV-676,Cruci_CruV-677
Pdomain	Blue	train	cleaned_sequence	b82d3c81bd92dca09d79a972a64c00e22b2005c9	2	Ribo_ND_130208,Ribo_Ga0187796_1206930
Pdomain	Blue	train	cleaned_sequence	6b360c5de7d719e5287f2dd457111d63dd4552dc	2	Cruci_CruV_83,Cruci_CruV_84
Pdomain	Blue	train	cleaned_sequence	a175158ca3037adaf322567a616858a9ad354793	2	Cruci_CruV_204,Cruci_CruV_205
Pdomain	Blue	train	cleaned_sequence	a49a553079d9baa2244e6e52b2e79c978104e201	2	Cruci_CruV_505,Cruci_CruV_506
Pdomain	Blue	train	cleaned_sequence	66cb88b84349823a81475a7256b6a8f9c8b54527	2	Cruci_CruV-894,Cruci_CruV-895
Pdomain	Blue	train	cleaned_sequence	fc4b3dbe14325e8a3bd936de8f24175e16442bb2	2	Cruci_CruV_527,Cruci_CruV_528
Pdomain	Blue	train	cleaned_sequence	9fc2c048f57284b458ad935f0b9419293d2e77ca	2	Cruci_PB_KX388517,Cruci_PB_KX388518
Pdomain	Blue	train	cleaned_sequence	7707002fe4c7c47df530830340c4ca1b8691c3ca	2	Cruci_CruV-844,Cruci_CruV-845
Pdomain	Blue	train	cleaned_sequence	d7b5c123d6c2e0aed829cd06dec2403727a10777	2	Cruci_CruV_211,Cruci_CruV_234
Pdomain	Blue	train	cleaned_sequence	c7c7b3a7350602c86135c213d965f04782b21f5a	2	Cruci_CruV-815,Cruci_CruV-811
Pdomain	Blue	train	cleaned_sequence	a001ea8ae4551908c93528f4b867781a8054b65a	7	Cruci_PB_KX388521,Cruci_PB_KX388522,Cruci_PB_KX388524,Cruci_PB_KX388526,Cruci_CruV-719,Cruci_PB_KX388525,Cruci_PB_KX388523
Pdomain	Blue	train	cleaned_sequence	b5351883a9c1f4ebfd32fdbfbdc6832b84da794b	4	Cruci_CruV_243,Cruci_CruV_245,Cruci_CruV_276,Cruci_CruV_278
Pdomain	Blue	train	cleaned_sequence	e651e994380f61f39764d02b45adbe3abdbe171e	2	Cruci_CruV-615,Cruci_CruV-616
Pdomain	Blue	train	cleaned_sequence	5143c95cb71de201f69757abf078b6e4ef3be01b	2	Cruci_CruV-564,Cruci_CruV-565
Pdomain	Blue	train	cleaned_sequence	b2288fa390243daa17ff7efcc9aa4f9e68960ab0	2	Cruci_CruV-754,Cruci_CruV-755
Pdomain	Blue	train	cleaned_sequence	f6a9799f2cd23a7692f29c6ee755ecf98d851075	3	Cruci_CruV_146,Cruci_CruV_147,Cruci_CruV_148
Pdomain	Blue	train	cleaned_sequence	0ade6f2e976ce01eb8a66667ade0ca97de278bf3	2	Cruci_CruV-692,Cruci_CruV-693
Pdomain	Blue	train	cleaned_sequence	df19410097bc7f256b8d84d8b9cc5e6bd6bb7731	2	Cruci_CruV_250,Cruci_CruV_251
Pdomain	Blue	train	cleaned_sequence	992ca6da18740fc9ec03b8415b0a4c51838f15e2	4	Cruci_PB_KX388527,Cruci_PB_KX388528,Cruci_PB_KX388529,Cruci_PB_KX388530
Pdomain	Blue	train	cleaned_sequence	e1fab80a19bdf472731b4d7a74eed667680df132	2	Cruci_CruV_164,Cruci_CruV_162
Pdomain	Blue	train	cleaned_sequence	fa29a9127314d988245231f40df533edc5946994	2	Ribo_ND_025226,Ribo_JAAOEH010001932.1
Pdomain	Blue	train	cleaned_sequence	14475ae28a8a601a33650ed40818ecd5a6c49c10	2	Ribo_ND_019228,Ribo_NC_033161
Pdomain	Blue	train	cleaned_sequence	ae8e2b91498f600ff352722c012edc7f2cffd532	2	Ribo_ND_025095,Ribo_JAAOEH010001771.1
Pdomain	Blue	train	cleaned_sequence	0cf3e87e1ffe6fdabe75ad4ec82609b9a16e4c5b	2	Cruci_PB_KX388514,Cruci_PB_KX388515
Pdomain	Blue	train	cleaned_sequence	897a96a2002dcada5e4bb9ebedd8f25e01e68529	2	Cruci_CruV_501,Cruci_CruV_509
Pdomain	Blue	train	cleaned_sequence	3531102135eeb5780b284338edf93f3f11b18da8	2	Cruci_CruV_409,Cruci_CruV_410
Pdomain	Blue	train	cleaned_sequence	0f37ccda126db907ca9d3e28b484bef29a876196	2	Ribo_JAAOEH010001845.1,Ribo_ND_025152
Pdomain	Blue	train	cleaned_sequence	b99d345c7089134c9109250122307d4690657a00	2	Cruci_CruCGE_436,Cruci_CruV_434
Pdomain	Blue	train	cleaned_sequence	35bfb1706481d411a5e0aa32f674364292ac24fc	2	Cruci_CruV-635,Cruci_CruV-636
Pdomain	Blue	train	cleaned_sequence	d46ca2dfa11b5c16d72c709a8d0715b379c4f574	2	Cruci_CruV-826,Cruci_CruV-827
Pdomain	Blue	train	cleaned_sequence	8938deba9b7b081d33e406b87a4b3d131d911c2a	2	Cruci_CruV-778,Cruci_CruV-779
Pdomain	Blue	train	cleaned_sequence	79ed4ddfa63a2e7ffdc504f183c905c3bdb5003d	3	Cruci_CruV_453,Cruci_CruV_455,Cruci_CruV_456
Pdomain	Blue	train	cleaned_sequence	9ae7330fa6492d3430d06e99dfe7927babf2742a	2	Ribo_ND_018983,Ribo_NC_032884
Pdomain	Blue	train	cleaned_sequence	78ef964ccf17978c0224bf94340c940dec2981d1	2	Cruci_CruV-915,Cruci_CruV-916
Pdomain	Blue	train	cleaned_sequence	d3d681458f5759bb1c6eab346ba67562c97e04ec	2	Ribo_ND_015828,Ribo_tomREF_NC_003633
Pdomain	Blue	train	cleaned_sequence	d4601d9973a1e59c31b6716f7828de7c383d4d96	2	Ribo_ND_015659,Ribo_Melon_necrotic_spot_virus_NC_001504
Pdomain	Blue	train	cleaned_sequence	c10b19201bd0a679d2f418f35d2bd4e78ad376c8	2	Ribo_tomREF_NC_000939,Ribo_ND_017058
Pdomain	Blue	train	cleaned_sequence	a74b31382c382fdff125a537f756858c2f6df027	2	Ribo_ND_015690,Ribo_Galinsoga_Mosaic_Virus
Pdomain	Blue	train	cleaned_sequence	12859b09cf740a0f5371494906a30ed7cbe224b8	2	Ribo_tomREF_NC_009533,Ribo_ND_016202
Pdomain	Blue	train	cleaned_sequence	8ee11d2f2a060704fbadc5d843ab800ff3b1d62d	2	Ribo_tomREF_NC_005286,Ribo_ND_015995
Pdomain	Blue	train	cleaned_sequence	5038a894bcca4d68f4e23c5a66a715b40f45fc41	2	Ribo_ND_019888,Ribo_tomREF_NC_007733
Pdomain	Blue	train	cleaned_sequence	7d4110c96a1b2dce9aa1ea23b2142ed557cd81e6	2	Ribo_tomREF_NC_002187,Ribo_ND_015723
Pdomain	Blue	train	cleaned_sequence	e50c5ed1726cea0c56cbfc3e8553c0c371d46c9c	2	Ribo_ND_017053,Ribo_Turnip_Crinkle_Virus_NC_003821
Pdomain	Blue	train	cleaned_sequence	c42b36c5fec7a0f30436e3b62118b6334a66191b	2	Ribo_ND_015665,Ribo_tomREF_NC_001600
Pdomain	Blue	train	cleaned_sequence	28a977253af283194d55b27df6a286533056bf2b	2	Ribo_Hibiscus_chlorotic_ringspot_virus_X86448,Ribo_ND_015813
Pdomain	Blue	train	cleaned_sequence	27b0a036c674355bf13cca380178a1e22df85126	2	Cruci_CruV-883,Cruci_CruV-884
Pdomain	Blue	train	cleaned_sequence	53ab51053125c55e2cc336d23c5dda4d27d1de15	2	Cruci_CruV-965,Cruci_CruV-966
Pdomain	Blue	test	cleaned_sequence	3b758ed8a749e3fbee9e351714b5fced37eaa582	2	Cruci_PB_KX388498,Cruci_PB_KX388499
Pdomain	Blue	test	cleaned_sequence	36967454fc32a44c273ca7f9880937df864eb39a	2	Cruci_PB_KX388500,Cruci_PB_KX388501
Pdomain	Blue	test	cleaned_sequence	0dec73970bcc0b42e7bd4be9f1a8d797c6db1bef	2	Cruci_CruV_349,Cruci_CruV_353
Pdomain	Blue	test	cleaned_sequence	6fbded8f175601138d1d59258d43dbefc937f9f3	2	Cruci_CruV-701,Cruci_CruV-702
Pdomain	Blue	test	cleaned_sequence	73b9246dea75cfe3ab2cf079bd0435fe3463d29b	2	Cruci_CruV-629,Cruci_CruV-630
Pdomain	Blue	test	cleaned_sequence	d91a093cf99447350a2b2876228e76474896933e	2	Cruci_CruV_259,Cruci_CruV-697
Pdomain	Blue	test	cleaned_sequence	6f8265ced3d7f9526d7b884d9b760b0b69c1958f	3	Cruci_CruV-646,Cruci_CruV-647,Cruci_CruV-648
Pdomain	Blue	test	cleaned_sequence	3811760cc0264f04bf593b17f6e9e02b3d09e10a	5	Cruci_CruV_272,Cruci_CruV_277,Cruci_CruV_281,Cruci_CruV_282,Cruci_CruV_364
Pdomain	Green	train	cleaned_sequence	3b758ed8a749e3fbee9e351714b5fced37eaa582	2	Cruci_PB_KX388498,Cruci_PB_KX388499
Pdomain	Green	train	cleaned_sequence	36967454fc32a44c273ca7f9880937df864eb39a	2	Cruci_PB_KX388500,Cruci_PB_KX388501
Pdomain	Green	train	cleaned_sequence	0dec73970bcc0b42e7bd4be9f1a8d797c6db1bef	2	Cruci_CruV_349,Cruci_CruV_353
Pdomain	Green	train	cleaned_sequence	6fbded8f175601138d1d59258d43dbefc937f9f3	2	Cruci_CruV-701,Cruci_CruV-702
Pdomain	Green	train	cleaned_sequence	73b9246dea75cfe3ab2cf079bd0435fe3463d29b	2	Cruci_CruV-629,Cruci_CruV-630
Pdomain	Green	train	cleaned_sequence	f789d99220b087488f75da00cc4b1b2eed0ff561	2	Cruci_CruV-583,Cruci_CruV-584
Pdomain	Green	train	cleaned_sequence	bccd5dc968b42e800e97f960b4b34437e4a08c8a	2	Cruci_CruV_310,Cruci_CruV_311
Pdomain	Green	train	cleaned_sequence	6a955ac18294216e852c6b024be881ce6cb8bb02	2	Cruci_CruV-598,Cruci_CruV-608
Pdomain	Green	train	cleaned_sequence	254979d578d02b145d3b963f1cb177535338296b	2	Cruci_CruV-676,Cruci_CruV-677
Pdomain	Green	train	cleaned_sequence	b82d3c81bd92dca09d79a972a64c00e22b2005c9	2	Ribo_ND_130208,Ribo_Ga0187796_1206930
Pdomain	Green	train	cleaned_sequence	6b360c5de7d719e5287f2dd457111d63dd4552dc	2	Cruci_CruV_83,Cruci_CruV_84
Pdomain	Green	train	cleaned_sequence	a175158ca3037adaf322567a616858a9ad354793	2	Cruci_CruV_204,Cruci_CruV_205
Pdomain	Green	train	cleaned_sequence	d91a093cf99447350a2b2876228e76474896933e	2	Cruci_CruV_259,Cruci_CruV-697
Pdomain	Green	train	cleaned_sequence	6f8265ced3d7f9526d7b884d9b760b0b69c1958f	3	Cruci_CruV-646,Cruci_CruV-647,Cruci_CruV-648
Pdomain	Green	train	cleaned_sequence	a49a553079d9baa2244e6e52b2e79c978104e201	2	Cruci_CruV_505,Cruci_CruV_506
Pdomain	Green	train	cleaned_sequence	66cb88b84349823a81475a7256b6a8f9c8b54527	2	Cruci_CruV-894,Cruci_CruV-895
Pdomain	Green	train	cleaned_sequence	fc4b3dbe14325e8a3bd936de8f24175e16442bb2	2	Cruci_CruV_527,Cruci_CruV_528
Pdomain	Green	train	cleaned_sequence	9fc2c048f57284b458ad935f0b9419293d2e77ca	2	Cruci_PB_KX388517,Cruci_PB_KX388518
Pdomain	Green	train	cleaned_sequence	7707002fe4c7c47df530830340c4ca1b8691c3ca	2	Cruci_CruV-844,Cruci_CruV-845
Pdomain	Green	train	cleaned_sequence	d7b5c123d6c2e0aed829cd06dec2403727a10777	2	Cruci_CruV_211,Cruci_CruV_234
Pdomain	Green	train	cleaned_sequence	c7c7b3a7350602c86135c213d965f04782b21f5a	2	Cruci_CruV-815,Cruci_CruV-811
Pdomain	Green	train	cleaned_sequence	a001ea8ae4551908c93528f4b867781a8054b65a	7	Cruci_PB_KX388521,Cruci_PB_KX388522,Cruci_PB_KX388524,Cruci_PB_KX388526,Cruci_CruV-719,Cruci_PB_KX388525,Cruci_PB_KX388523
Pdomain	Green	train	cleaned_sequence	b5351883a9c1f4ebfd32fdbfbdc6832b84da794b	4	Cruci_CruV_243,Cruci_CruV_245,Cruci_CruV_276,Cruci_CruV_278
Pdomain	Green	train	cleaned_sequence	e651e994380f61f39764d02b45adbe3abdbe171e	2	Cruci_CruV-615,Cruci_CruV-616
Pdomain	Green	train	cleaned_sequence	5143c95cb71de201f69757abf078b6e4ef3be01b	2	Cruci_CruV-564,Cruci_CruV-565
Pdomain	Green	train	cleaned_sequence	b2288fa390243daa17ff7efcc9aa4f9e68960ab0	2	Cruci_CruV-754,Cruci_CruV-755
Pdomain	Green	train	cleaned_sequence	f6a9799f2cd23a7692f29c6ee755ecf98d851075	3	Cruci_CruV_146,Cruci_CruV_147,Cruci_CruV_148
Pdomain	Green	train	cleaned_sequence	0ade6f2e976ce01eb8a66667ade0ca97de278bf3	2	Cruci_CruV-692,Cruci_CruV-693
Pdomain	Green	train	cleaned_sequence	df19410097bc7f256b8d84d8b9cc5e6bd6bb7731	2	Cruci_CruV_250,Cruci_CruV_251
Pdomain	Green	train	cleaned_sequence	e1fab80a19bdf472731b4d7a74eed667680df132	2	Cruci_CruV_164,Cruci_CruV_162
Pdomain	Green	train	cleaned_sequence	3811760cc0264f04bf593b17f6e9e02b3d09e10a	5	Cruci_CruV_272,Cruci_CruV_277,Cruci_CruV_281,Cruci_CruV_282,Cruci_CruV_364
Pdomain	Green	train	cleaned_sequence	fa29a9127314d988245231f40df533edc5946994	2	Ribo_ND_025226,Ribo_JAAOEH010001932.1
Pdomain	Green	train	cleaned_sequence	14475ae28a8a601a33650ed40818ecd5a6c49c10	2	Ribo_ND_019228,Ribo_NC_033161
Pdomain	Green	train	cleaned_sequence	ae8e2b91498f600ff352722c012edc7f2cffd532	2	Ribo_ND_025095,Ribo_JAAOEH010001771.1
Pdomain	Green	train	cleaned_sequence	0cf3e87e1ffe6fdabe75ad4ec82609b9a16e4c5b	2	Cruci_PB_KX388514,Cruci_PB_KX388515
Pdomain	Green	train	cleaned_sequence	3531102135eeb5780b284338edf93f3f11b18da8	2	Cruci_CruV_409,Cruci_CruV_410
Pdomain	Green	train	cleaned_sequence	0f37ccda126db907ca9d3e28b484bef29a876196	2	Ribo_JAAOEH010001845.1,Ribo_ND_025152
Pdomain	Green	train	cleaned_sequence	d3d681458f5759bb1c6eab346ba67562c97e04ec	2	Ribo_ND_015828,Ribo_tomREF_NC_003633
Pdomain	Green	train	cleaned_sequence	d4601d9973a1e59c31b6716f7828de7c383d4d96	2	Ribo_ND_015659,Ribo_Melon_necrotic_spot_virus_NC_001504
Pdomain	Green	train	cleaned_sequence	c10b19201bd0a679d2f418f35d2bd4e78ad376c8	2	Ribo_tomREF_NC_000939,Ribo_ND_017058
Pdomain	Green	train	cleaned_sequence	a74b31382c382fdff125a537f756858c2f6df027	2	Ribo_ND_015690,Ribo_Galinsoga_Mosaic_Virus
Pdomain	Green	train	cleaned_sequence	12859b09cf740a0f5371494906a30ed7cbe224b8	2	Ribo_tomREF_NC_009533,Ribo_ND_016202
Pdomain	Green	train	cleaned_sequence	8ee11d2f2a060704fbadc5d843ab800ff3b1d62d	2	Ribo_tomREF_NC_005286,Ribo_ND_015995
Pdomain	Green	train	cleaned_sequence	5038a894bcca4d68f4e23c5a66a715b40f45fc41	2	Ribo_ND_019888,Ribo_tomREF_NC_007733
Pdomain	Green	train	cleaned_sequence	7d4110c96a1b2dce9aa1ea23b2142ed557cd81e6	2	Ribo_tomREF_NC_002187,Ribo_ND_015723
Pdomain	Green	train	cleaned_sequence	e50c5ed1726cea0c56cbfc3e8553c0c371d46c9c	2	Ribo_ND_017053,Ribo_Turnip_Crinkle_Virus_NC_003821
Pdomain	Green	train	cleaned_sequence	c42b36c5fec7a0f30436e3b62118b6334a66191b	2	Ribo_ND_015665,Ribo_tomREF_NC_001600
Pdomain	Green	train	cleaned_sequence	28a977253af283194d55b27df6a286533056bf2b	2	Ribo_Hibiscus_chlorotic_ringspot_virus_X86448,Ribo_ND_015813
Pdomain	Green	test	cleaned_sequence	f7158332da8a9b19b1aa09f75187ca9666f87e8f	2	Cruci_CruV-887,Cruci_CruV-888
Pdomain	Green	test	cleaned_sequence	b9c42664e72f53617c00eb2ea517d510fc468426	2	Ribo_ND_018979,Ribo_NC_032880
Pdomain	Green	test	cleaned_sequence	992ca6da18740fc9ec03b8415b0a4c51838f15e2	4	Cruci_PB_KX388527,Cruci_PB_KX388528,Cruci_PB_KX388529,Cruci_PB_KX388530
Pdomain	Green	test	cleaned_sequence	897a96a2002dcada5e4bb9ebedd8f25e01e68529	2	Cruci_CruV_501,Cruci_CruV_509
Pdomain	Green	test	cleaned_sequence	b99d345c7089134c9109250122307d4690657a00	2	Cruci_CruCGE_436,Cruci_CruV_434
Pdomain	Green	test	cleaned_sequence	35bfb1706481d411a5e0aa32f674364292ac24fc	2	Cruci_CruV-635,Cruci_CruV-636
Pdomain	Green	test	cleaned_sequence	d46ca2dfa11b5c16d72c709a8d0715b379c4f574	2	Cruci_CruV-826,Cruci_CruV-827
Pdomain	Green	test	cleaned_sequence	8938deba9b7b081d33e406b87a4b3d131d911c2a	2	Cruci_CruV-778,Cruci_CruV-779
Pdomain	Green	test	cleaned_sequence	79ed4ddfa63a2e7ffdc504f183c905c3bdb5003d	3	Cruci_CruV_453,Cruci_CruV_455,Cruci_CruV_456
Pdomain	Green	test	cleaned_sequence	9ae7330fa6492d3430d06e99dfe7927babf2742a	2	Ribo_ND_018983,Ribo_NC_032884
Pdomain	Green	test	cleaned_sequence	78ef964ccf17978c0224bf94340c940dec2981d1	2	Cruci_CruV-915,Cruci_CruV-916
Pdomain	Green	test	cleaned_sequence	27b0a036c674355bf13cca380178a1e22df85126	2	Cruci_CruV-883,Cruci_CruV-884
Pdomain	Green	test	cleaned_sequence	53ab51053125c55e2cc336d23c5dda4d27d1de15	2	Cruci_CruV-965,Cruci_CruV-966
Pdomain	Purple	train	cleaned_sequence	f7158332da8a9b19b1aa09f75187ca9666f87e8f	2	Cruci_CruV-887,Cruci_CruV-888
Pdomain	Purple	train	cleaned_sequence	b9c42664e72f53617c00eb2ea517d510fc468426	2	Ribo_ND_018979,Ribo_NC_032880
Pdomain	Purple	train	cleaned_sequence	3b758ed8a749e3fbee9e351714b5fced37eaa582	2	Cruci_PB_KX388498,Cruci_PB_KX388499
Pdomain	Purple	train	cleaned_sequence	36967454fc32a44c273ca7f9880937df864eb39a	2	Cruci_PB_KX388500,Cruci_PB_KX388501
Pdomain	Purple	train	cleaned_sequence	0dec73970bcc0b42e7bd4be9f1a8d797c6db1bef	2	Cruci_CruV_349,Cruci_CruV_353
Pdomain	Purple	train	cleaned_sequence	6fbded8f175601138d1d59258d43dbefc937f9f3	2	Cruci_CruV-701,Cruci_CruV-702
Pdomain	Purple	train	cleaned_sequence	73b9246dea75cfe3ab2cf079bd0435fe3463d29b	2	Cruci_CruV-629,Cruci_CruV-630
Pdomain	Purple	train	cleaned_sequence	b82d3c81bd92dca09d79a972a64c00e22b2005c9	2	Ribo_ND_130208,Ribo_Ga0187796_1206930
Pdomain	Purple	train	cleaned_sequence	6b360c5de7d719e5287f2dd457111d63dd4552dc	2	Cruci_CruV_83,Cruci_CruV_84
Pdomain	Purple	train	cleaned_sequence	a175158ca3037adaf322567a616858a9ad354793	2	Cruci_CruV_204,Cruci_CruV_205
Pdomain	Purple	train	cleaned_sequence	d91a093cf99447350a2b2876228e76474896933e	2	Cruci_CruV_259,Cruci_CruV-697
Pdomain	Purple	train	cleaned_sequence	6f8265ced3d7f9526d7b884d9b760b0b69c1958f	3	Cruci_CruV-646,Cruci_CruV-647,Cruci_CruV-648
Pdomain	Purple	train	cleaned_sequence	992ca6da18740fc9ec03b8415b0a4c51838f15e2	4	Cruci_PB_KX388527,Cruci_PB_KX388528,Cruci_PB_KX388529,Cruci_PB_KX388530
Pdomain	Purple	train	cleaned_sequence	e1fab80a19bdf472731b4d7a74eed667680df132	2	Cruci_CruV_164,Cruci_CruV_162
Pdomain	Purple	train	cleaned_sequence	3811760cc0264f04bf593b17f6e9e02b3d09e10a	5	Cruci_CruV_272,Cruci_CruV_277,Cruci_CruV_281,Cruci_CruV_282,Cruci_CruV_364
Pdomain	Purple	train	cleaned_sequence	fa29a9127314d988245231f40df533edc5946994	2	Ribo_ND_025226,Ribo_JAAOEH010001932.1
Pdomain	Purple	train	cleaned_sequence	14475ae28a8a601a33650ed40818ecd5a6c49c10	2	Ribo_ND_019228,Ribo_NC_033161
Pdomain	Purple	train	cleaned_sequence	ae8e2b91498f600ff352722c012edc7f2cffd532	2	Ribo_ND_025095,Ribo_JAAOEH010001771.1
Pdomain	Purple	train	cleaned_sequence	0cf3e87e1ffe6fdabe75ad4ec82609b9a16e4c5b	2	Cruci_PB_KX388514,Cruci_PB_KX388515
Pdomain	Purple	train	cleaned_sequence	897a96a2002dcada5e4bb9ebedd8f25e01e68529	2	Cruci_CruV_501,Cruci_CruV_509
Pdomain	Purple	train	cleaned_sequence	b99d345c7089134c9109250122307d4690657a00	2	Cruci_CruCGE_436,Cruci_CruV_434
Pdomain	Purple	train	cleaned_sequence	35bfb1706481d411a5e0aa32f674364292ac24fc	2	Cruci_CruV-635,Cruci_CruV-636
Pdomain	Purple	train	cleaned_sequence	d46ca2dfa11b5c16d72c709a8d0715b379c4f574	2	Cruci_CruV-826,Cruci_CruV-827
Pdomain	Purple	train	cleaned_sequence	8938deba9b7b081d33e406b87a4b3d131d911c2a	2	Cruci_CruV-778,Cruci_CruV-779
Pdomain	Purple	train	cleaned_sequence	79ed4ddfa63a2e7ffdc504f183c905c3bdb5003d	3	Cruci_CruV_453,Cruci_CruV_455,Cruci_CruV_456
Pdomain	Purple	train	cleaned_sequence	9ae7330fa6492d3430d06e99dfe7927babf2742a	2	Ribo_ND_018983,Ribo_NC_032884
Pdomain	Purple	train	cleaned_sequence	78ef964ccf17978c0224bf94340c940dec2981d1	2	Cruci_CruV-915,Cruci_CruV-916
Pdomain	Purple	train	cleaned_sequence	d3d681458f5759bb1c6eab346ba67562c97e04ec	2	Ribo_ND_015828,Ribo_tomREF_NC_003633
Pdomain	Purple	train	cleaned_sequence	d4601d9973a1e59c31b6716f7828de7c383d4d96	2	Ribo_ND_015659,Ribo_Melon_necrotic_spot_virus_NC_001504
Pdomain	Purple	train	cleaned_sequence	c10b19201bd0a679d2f418f35d2bd4e78ad376c8	2	Ribo_tomREF_NC_000939,Ribo_ND_017058
Pdomain	Purple	train	cleaned_sequence	a74b31382c382fdff125a537f756858c2f6df027	2	Ribo_ND_015690,Ribo_Galinsoga_Mosaic_Virus
Pdomain	Purple	train	cleaned_sequence	12859b09cf740a0f5371494906a30ed7cbe224b8	2	Ribo_tomREF_NC_009533,Ribo_ND_016202
Pdomain	Purple	train	cleaned_sequence	8ee11d2f2a060704fbadc5d843ab800ff3b1d62d	2	Ribo_tomREF_NC_005286,Ribo_ND_015995
Pdomain	Purple	train	cleaned_sequence	5038a894bcca4d68f4e23c5a66a715b40f45fc41	2	Ribo_ND_019888,Ribo_tomREF_NC_007733
Pdomain	Purple	train	cleaned_sequence	7d4110c96a1b2dce9aa1ea23b2142ed557cd81e6	2	Ribo_tomREF_NC_002187,Ribo_ND_015723
Pdomain	Purple	train	cleaned_sequence	e50c5ed1726cea0c56cbfc3e8553c0c371d46c9c	2	Ribo_ND_017053,Ribo_Turnip_Crinkle_Virus_NC_003821
Pdomain	Purple	train	cleaned_sequence	c42b36c5fec7a0f30436e3b62118b6334a66191b	2	Ribo_ND_015665,Ribo_tomREF_NC_001600
Pdomain	Purple	train	cleaned_sequence	28a977253af283194d55b27df6a286533056bf2b	2	Ribo_Hibiscus_chlorotic_ringspot_virus_X86448,Ribo_ND_015813
Pdomain	Purple	train	cleaned_sequence	27b0a036c674355bf13cca380178a1e22df85126	2	Cruci_CruV-883,Cruci_CruV-884
Pdomain	Purple	train	cleaned_sequence	53ab51053125c55e2cc336d23c5dda4d27d1de15	2	Cruci_CruV-965,Cruci_CruV-966
Pdomain	Purple	test	cleaned_sequence	f789d99220b087488f75da00cc4b1b2eed0ff561	2	Cruci_CruV-583,Cruci_CruV-584
Pdomain	Purple	test	cleaned_sequence	bccd5dc968b42e800e97f960b4b34437e4a08c8a	2	Cruci_CruV_310,Cruci_CruV_311
Pdomain	Purple	test	cleaned_sequence	6a955ac18294216e852c6b024be881ce6cb8bb02	2	Cruci_CruV-598,Cruci_CruV-608
Pdomain	Purple	test	cleaned_sequence	254979d578d02b145d3b963f1cb177535338296b	2	Cruci_CruV-676,Cruci_CruV-677
Pdomain	Purple	test	cleaned_sequence	a49a553079d9baa2244e6e52b2e79c978104e201	2	Cruci_CruV_505,Cruci_CruV_506
Pdomain	Purple	test	cleaned_sequence	66cb88b84349823a81475a7256b6a8f9c8b54527	2	Cruci_CruV-894,Cruci_CruV-895
Pdomain	Purple	test	cleaned_sequence	fc4b3dbe14325e8a3bd936de8f24175e16442bb2	2	Cruci_CruV_527,Cruci_CruV_528
Pdomain	Purple	test	cleaned_sequence	9fc2c048f57284b458ad935f0b9419293d2e77ca	2	Cruci_PB_KX388517,Cruci_PB_KX388518
Pdomain	Purple	test	cleaned_sequence	7707002fe4c7c47df530830340c4ca1b8691c3ca	2	Cruci_CruV-844,Cruci_CruV-845
Pdomain	Purple	test	cleaned_sequence	d7b5c123d6c2e0aed829cd06dec2403727a10777	2	Cruci_CruV_211,Cruci_CruV_234
Pdomain	Purple	test	cleaned_sequence	c7c7b3a7350602c86135c213d965f04782b21f5a	2	Cruci_CruV-815,Cruci_CruV-811
Pdomain	Purple	test	cleaned_sequence	a001ea8ae4551908c93528f4b867781a8054b65a	7	Cruci_PB_KX388521,Cruci_PB_KX388522,Cruci_PB_KX388524,Cruci_PB_KX388526,Cruci_CruV-719,Cruci_PB_KX388525,Cruci_PB_KX388523
Pdomain	Purple	test	cleaned_sequence	b5351883a9c1f4ebfd32fdbfbdc6832b84da794b	4	Cruci_CruV_243,Cruci_CruV_245,Cruci_CruV_276,Cruci_CruV_278
Pdomain	Purple	test	cleaned_sequence	e651e994380f61f39764d02b45adbe3abdbe171e	2	Cruci_CruV-615,Cruci_CruV-616
Pdomain	Purple	test	cleaned_sequence	5143c95cb71de201f69757abf078b6e4ef3be01b	2	Cruci_CruV-564,Cruci_CruV-565
Pdomain	Purple	test	cleaned_sequence	b2288fa390243daa17ff7efcc9aa4f9e68960ab0	2	Cruci_CruV-754,Cruci_CruV-755
Pdomain	Purple	test	cleaned_sequence	f6a9799f2cd23a7692f29c6ee755ecf98d851075	3	Cruci_CruV_146,Cruci_CruV_147,Cruci_CruV_148
Pdomain	Purple	test	cleaned_sequence	0ade6f2e976ce01eb8a66667ade0ca97de278bf3	2	Cruci_CruV-692,Cruci_CruV-693
Pdomain	Purple	test	cleaned_sequence	df19410097bc7f256b8d84d8b9cc5e6bd6bb7731	2	Cruci_CruV_250,Cruci_CruV_251
Pdomain	Purple	test	cleaned_sequence	3531102135eeb5780b284338edf93f3f11b18da8	2	Cruci_CruV_409,Cruci_CruV_410
Pdomain	Purple	test	cleaned_sequence	0f37ccda126db907ca9d3e28b484bef29a876196	2	Ribo_JAAOEH010001845.1,Ribo_ND_025152
Pdomain	Red	train	cleaned_sequence	f7158332da8a9b19b1aa09f75187ca9666f87e8f	2	Cruci_CruV-887,Cruci_CruV-888
Pdomain	Red	train	cleaned_sequence	b9c42664e72f53617c00eb2ea517d510fc468426	2	Ribo_ND_018979,Ribo_NC_032880
Pdomain	Red	train	cleaned_sequence	3b758ed8a749e3fbee9e351714b5fced37eaa582	2	Cruci_PB_KX388498,Cruci_PB_KX388499
Pdomain	Red	train	cleaned_sequence	36967454fc32a44c273ca7f9880937df864eb39a	2	Cruci_PB_KX388500,Cruci_PB_KX388501
Pdomain	Red	train	cleaned_sequence	0dec73970bcc0b42e7bd4be9f1a8d797c6db1bef	2	Cruci_CruV_349,Cruci_CruV_353
Pdomain	Red	train	cleaned_sequence	6fbded8f175601138d1d59258d43dbefc937f9f3	2	Cruci_CruV-701,Cruci_CruV-702
Pdomain	Red	train	cleaned_sequence	73b9246dea75cfe3ab2cf079bd0435fe3463d29b	2	Cruci_CruV-629,Cruci_CruV-630
Pdomain	Red	train	cleaned_sequence	f789d99220b087488f75da00cc4b1b2eed0ff561	2	Cruci_CruV-583,Cruci_CruV-584
Pdomain	Red	train	cleaned_sequence	bccd5dc968b42e800e97f960b4b34437e4a08c8a	2	Cruci_CruV_310,Cruci_CruV_311
Pdomain	Red	train	cleaned_sequence	6a955ac18294216e852c6b024be881ce6cb8bb02	2	Cruci_CruV-598,Cruci_CruV-608
Pdomain	Red	train	cleaned_sequence	254979d578d02b145d3b963f1cb177535338296b	2	Cruci_CruV-676,Cruci_CruV-677
Pdomain	Red	train	cleaned_sequence	b82d3c81bd92dca09d79a972a64c00e22b2005c9	2	Ribo_ND_130208,Ribo_Ga0187796_1206930
Pdomain	Red	train	cleaned_sequence	6b360c5de7d719e5287f2dd457111d63dd4552dc	2	Cruci_CruV_83,Cruci_CruV_84
Pdomain	Red	train	cleaned_sequence	a175158ca3037adaf322567a616858a9ad354793	2	Cruci_CruV_204,Cruci_CruV_205
Pdomain	Red	train	cleaned_sequence	d91a093cf99447350a2b2876228e76474896933e	2	Cruci_CruV_259,Cruci_CruV-697
Pdomain	Red	train	cleaned_sequence	6f8265ced3d7f9526d7b884d9b760b0b69c1958f	3	Cruci_CruV-646,Cruci_CruV-647,Cruci_CruV-648
Pdomain	Red	train	cleaned_sequence	a49a553079d9baa2244e6e52b2e79c978104e201	2	Cruci_CruV_505,Cruci_CruV_506
Pdomain	Red	train	cleaned_sequence	66cb88b84349823a81475a7256b6a8f9c8b54527	2	Cruci_CruV-894,Cruci_CruV-895
Pdomain	Red	train	cleaned_sequence	fc4b3dbe14325e8a3bd936de8f24175e16442bb2	2	Cruci_CruV_527,Cruci_CruV_528
Pdomain	Red	train	cleaned_sequence	9fc2c048f57284b458ad935f0b9419293d2e77ca	2	Cruci_PB_KX388517,Cruci_PB_KX388518
Pdomain	Red	train	cleaned_sequence	7707002fe4c7c47df530830340c4ca1b8691c3ca	2	Cruci_CruV-844,Cruci_CruV-845
Pdomain	Red	train	cleaned_sequence	d7b5c123d6c2e0aed829cd06dec2403727a10777	2	Cruci_CruV_211,Cruci_CruV_234
Pdomain	Red	train	cleaned_sequence	c7c7b3a7350602c86135c213d965f04782b21f5a	2	Cruci_CruV-815,Cruci_CruV-811
Pdomain	Red	train	cleaned_sequence	a001ea8ae4551908c93528f4b867781a8054b65a	7	Cruci_PB_KX388521,Cruci_PB_KX388522,Cruci_PB_KX388524,Cruci_PB_KX388526,Cruci_CruV-719,Cruci_PB_KX388525,Cruci_PB_KX388523
Pdomain	Red	train	cleaned_sequence	b5351883a9c1f4ebfd32fdbfbdc6832b84da794b	4	Cruci_CruV_243,Cruci_CruV_245,Cruci_CruV_276,Cruci_CruV_278
Pdomain	Red	train	cleaned_sequence	e651e994380f61f39764d02b45adbe3abdbe171e	2	Cruci_CruV-615,Cruci_CruV-616
Pdomain	Red	train	cleaned_sequence	5143c95cb71de201f69757abf078b6e4ef3be01b	2	Cruci_CruV-564,Cruci_CruV-565
Pdomain	Red	train	cleaned_sequence	b2288fa390243daa17ff7efcc9aa4f9e68960ab0	2	Cruci_CruV-754,Cruci_CruV-755
Pdomain	Red	train	cleaned_sequence	f6a9799f2cd23a7692f29c6ee755ecf98d851075	3	Cruci_CruV_146,Cruci_CruV_147,Cruci_CruV_148
Pdomain	Red	train	cleaned_sequence	0ade6f2e976ce01eb8a66667ade0ca97de278bf3	2	Cruci_CruV-692,Cruci_CruV-693
Pdomain	Red	train	cleaned_sequence	df19410097bc7f256b8d84d8b9cc5e6bd6bb7731	2	Cruci_CruV_250,Cruci_CruV_251
Pdomain	Red	train	cleaned_sequence	992ca6da18740fc9ec03b8415b0a4c51838f15e2	4	Cruci_PB_KX388527,Cruci_PB_KX388528,Cruci_PB_KX388529,Cruci_PB_KX388530
Pdomain	Red	train	cleaned_sequence	e1fab80a19bdf472731b4d7a74eed667680df132	2	Cruci_CruV_164,Cruci_CruV_162
Pdomain	Red	train	cleaned_sequence	3811760cc0264f04bf593b17f6e9e02b3d09e10a	5	Cruci_CruV_272,Cruci_CruV_277,Cruci_CruV_281,Cruci_CruV_282,Cruci_CruV_364
Pdomain	Red	train	cleaned_sequence	fa29a9127314d988245231f40df533edc5946994	2	Ribo_ND_025226,Ribo_JAAOEH010001932.1
Pdomain	Red	train	cleaned_sequence	14475ae28a8a601a33650ed40818ecd5a6c49c10	2	Ribo_ND_019228,Ribo_NC_033161
Pdomain	Red	train	cleaned_sequence	ae8e2b91498f600ff352722c012edc7f2cffd532	2	Ribo_ND_025095,Ribo_JAAOEH010001771.1
Pdomain	Red	train	cleaned_sequence	0cf3e87e1ffe6fdabe75ad4ec82609b9a16e4c5b	2	Cruci_PB_KX388514,Cruci_PB_KX388515
Pdomain	Red	train	cleaned_sequence	897a96a2002dcada5e4bb9ebedd8f25e01e68529	2	Cruci_CruV_501,Cruci_CruV_509
Pdomain	Red	train	cleaned_sequence	3531102135eeb5780b284338edf93f3f11b18da8	2	Cruci_CruV_409,Cruci_CruV_410
Pdomain	Red	train	cleaned_sequence	0f37ccda126db907ca9d3e28b484bef29a876196	2	Ribo_JAAOEH010001845.1,Ribo_ND_025152
Pdomain	Red	train	cleaned_sequence	b99d345c7089134c9109250122307d4690657a00	2	Cruci_CruCGE_436,Cruci_CruV_434
Pdomain	Red	train	cleaned_sequence	35bfb1706481d411a5e0aa32f674364292ac24fc	2	Cruci_CruV-635,Cruci_CruV-636
Pdomain	Red	train	cleaned_sequence	d46ca2dfa11b5c16d72c709a8d0715b379c4f574	2	Cruci_CruV-826,Cruci_CruV-827
Pdomain	Red	train	cleaned_sequence	8938deba9b7b081d33e406b87a4b3d131d911c2a	2	Cruci_CruV-778,Cruci_CruV-779
Pdomain	Red	train	cleaned_sequence	79ed4ddfa63a2e7ffdc504f183c905c3bdb5003d	3	Cruci_CruV_453,Cruci_CruV_455,Cruci_CruV_456
Pdomain	Red	train	cleaned_sequence	9ae7330fa6492d3430d06e99dfe7927babf2742a	2	Ribo_ND_018983,Ribo_NC_032884
Pdomain	Red	train	cleaned_sequence	78ef964ccf17978c0224bf94340c940dec2981d1	2	Cruci_CruV-915,Cruci_CruV-916
Pdomain	Red	train	cleaned_sequence	27b0a036c674355bf13cca380178a1e22df85126	2	Cruci_CruV-883,Cruci_CruV-884
Pdomain	Red	train	cleaned_sequence	53ab51053125c55e2cc336d23c5dda4d27d1de15	2	Cruci_CruV-965,Cruci_CruV-966
Pdomain	Red	test	cleaned_sequence	d3d681458f5759bb1c6eab346ba67562c97e04ec	2	Ribo_ND_015828,Ribo_tomREF_NC_003633
Pdomain	Red	test	cleaned_sequence	d4601d9973a1e59c31b6716f7828de7c383d4d96	2	Ribo_ND_015659,Ribo_Melon_necrotic_spot_virus_NC_001504
Pdomain	Red	test	cleaned_sequence	c10b19201bd0a679d2f418f35d2bd4e78ad376c8	2	Ribo_tomREF_NC_000939,Ribo_ND_017058
Pdomain	Red	test	cleaned_sequence	a74b31382c382fdff125a537f756858c2f6df027	2	Ribo_ND_015690,Ribo_Galinsoga_Mosaic_Virus
Pdomain	Red	test	cleaned_sequence	12859b09cf740a0f5371494906a30ed7cbe224b8	2	Ribo_tomREF_NC_009533,Ribo_ND_016202
Pdomain	Red	test	cleaned_sequence	8ee11d2f2a060704fbadc5d843ab800ff3b1d62d	2	Ribo_tomREF_NC_005286,Ribo_ND_015995
Pdomain	Red	test	cleaned_sequence	5038a894bcca4d68f4e23c5a66a715b40f45fc41	2	Ribo_ND_019888,Ribo_tomREF_NC_007733
Pdomain	Red	test	cleaned_sequence	7d4110c96a1b2dce9aa1ea23b2142ed557cd81e6	2	Ribo_tomREF_NC_002187,Ribo_ND_015723
Pdomain	Red	test	cleaned_sequence	e50c5ed1726cea0c56cbfc3e8553c0c371d46c9c	2	Ribo_ND_017053,Ribo_Turnip_Crinkle_Virus_NC_003821
Pdomain	Red	test	cleaned_sequence	c42b36c5fec7a0f30436e3b62118b6334a66191b	2	Ribo_ND_015665,Ribo_tomREF_NC_001600
Pdomain	Red	test	cleaned_sequence	28a977253af283194d55b27df6a286533056bf2b	2	Ribo_Hibiscus_chlorotic_ringspot_virus_X86448,Ribo_ND_015813
Pdomain	Yellow	train	cleaned_sequence	f7158332da8a9b19b1aa09f75187ca9666f87e8f	2	Cruci_CruV-887,Cruci_CruV-888
Pdomain	Yellow	train	cleaned_sequence	b9c42664e72f53617c00eb2ea517d510fc468426	2	Ribo_ND_018979,Ribo_NC_032880
Pdomain	Yellow	train	cleaned_sequence	3b758ed8a749e3fbee9e351714b5fced37eaa582	2	Cruci_PB_KX388498,Cruci_PB_KX388499
Pdomain	Yellow	train	cleaned_sequence	36967454fc32a44c273ca7f9880937df864eb39a	2	Cruci_PB_KX388500,Cruci_PB_KX388501
Pdomain	Yellow	train	cleaned_sequence	0dec73970bcc0b42e7bd4be9f1a8d797c6db1bef	2	Cruci_CruV_349,Cruci_CruV_353
Pdomain	Yellow	train	cleaned_sequence	6fbded8f175601138d1d59258d43dbefc937f9f3	2	Cruci_CruV-701,Cruci_CruV-702
Pdomain	Yellow	train	cleaned_sequence	73b9246dea75cfe3ab2cf079bd0435fe3463d29b	2	Cruci_CruV-629,Cruci_CruV-630
Pdomain	Yellow	train	cleaned_sequence	f789d99220b087488f75da00cc4b1b2eed0ff561	2	Cruci_CruV-583,Cruci_CruV-584
Pdomain	Yellow	train	cleaned_sequence	bccd5dc968b42e800e97f960b4b34437e4a08c8a	2	Cruci_CruV_310,Cruci_CruV_311
Pdomain	Yellow	train	cleaned_sequence	6a955ac18294216e852c6b024be881ce6cb8bb02	2	Cruci_CruV-598,Cruci_CruV-608
Pdomain	Yellow	train	cleaned_sequence	254979d578d02b145d3b963f1cb177535338296b	2	Cruci_CruV-676,Cruci_CruV-677
Pdomain	Yellow	train	cleaned_sequence	d91a093cf99447350a2b2876228e76474896933e	2	Cruci_CruV_259,Cruci_CruV-697
Pdomain	Yellow	train	cleaned_sequence	6f8265ced3d7f9526d7b884d9b760b0b69c1958f	3	Cruci_CruV-646,Cruci_CruV-647,Cruci_CruV-648
Pdomain	Yellow	train	cleaned_sequence	a49a553079d9baa2244e6e52b2e79c978104e201	2	Cruci_CruV_505,Cruci_CruV_506
Pdomain	Yellow	train	cleaned_sequence	66cb88b84349823a81475a7256b6a8f9c8b54527	2	Cruci_CruV-894,Cruci_CruV-895
Pdomain	Yellow	train	cleaned_sequence	fc4b3dbe14325e8a3bd936de8f24175e16442bb2	2	Cruci_CruV_527,Cruci_CruV_528
Pdomain	Yellow	train	cleaned_sequence	9fc2c048f57284b458ad935f0b9419293d2e77ca	2	Cruci_PB_KX388517,Cruci_PB_KX388518
Pdomain	Yellow	train	cleaned_sequence	7707002fe4c7c47df530830340c4ca1b8691c3ca	2	Cruci_CruV-844,Cruci_CruV-845
Pdomain	Yellow	train	cleaned_sequence	d7b5c123d6c2e0aed829cd06dec2403727a10777	2	Cruci_CruV_211,Cruci_CruV_234
Pdomain	Yellow	train	cleaned_sequence	c7c7b3a7350602c86135c213d965f04782b21f5a	2	Cruci_CruV-815,Cruci_CruV-811
Pdomain	Yellow	train	cleaned_sequence	a001ea8ae4551908c93528f4b867781a8054b65a	7	Cruci_PB_KX388521,Cruci_PB_KX388522,Cruci_PB_KX388524,Cruci_PB_KX388526,Cruci_CruV-719,Cruci_PB_KX388525,Cruci_PB_KX388523
Pdomain	Yellow	train	cleaned_sequence	b5351883a9c1f4ebfd32fdbfbdc6832b84da794b	4	Cruci_CruV_243,Cruci_CruV_245,Cruci_CruV_276,Cruci_CruV_278
Pdomain	Yellow	train	cleaned_sequence	e651e994380f61f39764d02b45adbe3abdbe171e	2	Cruci_CruV-615,Cruci_CruV-616
Pdomain	Yellow	train	cleaned_sequence	5143c95cb71de201f69757abf078b6e4ef3be01b	2	Cruci_CruV-564,Cruci_CruV-565
Pdomain	Yellow	train	cleaned_sequence	b2288fa390243daa17ff7efcc9aa4f9e68960ab0	2	Cruci_CruV-754,Cruci_CruV-755
Pdomain	Yellow	train	cleaned_sequence	f6a9799f2cd23a7692f29c6ee755ecf98d851075	3	Cruci_CruV_146,Cruci_CruV_147,Cruci_CruV_148
Pdomain	Yellow	train	cleaned_sequence	0ade6f2e976ce01eb8a66667ade0ca97de278bf3	2	Cruci_CruV-692,Cruci_CruV-693
Pdomain	Yellow	train	cleaned_sequence	df19410097bc7f256b8d84d8b9cc5e6bd6bb7731	2	Cruci_CruV_250,Cruci_CruV_251
Pdomain	Yellow	train	cleaned_sequence	992ca6da18740fc9ec03b8415b0a4c51838f15e2	4	Cruci_PB_KX388527,Cruci_PB_KX388528,Cruci_PB_KX388529,Cruci_PB_KX388530
Pdomain	Yellow	train	cleaned_sequence	3811760cc0264f04bf593b17f6e9e02b3d09e10a	5	Cruci_CruV_272,Cruci_CruV_277,Cruci_CruV_281,Cruci_CruV_282,Cruci_CruV_364
Pdomain	Yellow	train	cleaned_sequence	897a96a2002dcada5e4bb9ebedd8f25e01e68529	2	Cruci_CruV_501,Cruci_CruV_509
Pdomain	Yellow	train	cleaned_sequence	3531102135eeb5780b284338edf93f3f11b18da8	2	Cruci_CruV_409,Cruci_CruV_410
Pdomain	Yellow	train	cleaned_sequence	0f37ccda126db907ca9d3e28b484bef29a876196	2	Ribo_JAAOEH010001845.1,Ribo_ND_025152
Pdomain	Yellow	train	cleaned_sequence	b99d345c7089134c9109250122307d4690657a00	2	Cruci_CruCGE_436,Cruci_CruV_434
Pdomain	Yellow	train	cleaned_sequence	35bfb1706481d411a5e0aa32f674364292ac24fc	2	Cruci_CruV-635,Cruci_CruV-636
Pdomain	Yellow	train	cleaned_sequence	d46ca2dfa11b5c16d72c709a8d0715b379c4f574	2	Cruci_CruV-826,Cruci_CruV-827
Pdomain	Yellow	train	cleaned_sequence	8938deba9b7b081d33e406b87a4b3d131d911c2a	2	Cruci_CruV-778,Cruci_CruV-779
Pdomain	Yellow	train	cleaned_sequence	79ed4ddfa63a2e7ffdc504f183c905c3bdb5003d	3	Cruci_CruV_453,Cruci_CruV_455,Cruci_CruV_456
Pdomain	Yellow	train	cleaned_sequence	9ae7330fa6492d3430d06e99dfe7927babf2742a	2	Ribo_ND_018983,Ribo_NC_032884
Pdomain	Yellow	train	cleaned_sequence	78ef964ccf17978c0224bf94340c940dec2981d1	2	Cruci_CruV-915,Cruci_CruV-916
Pdomain	Yellow	train	cleaned_sequence	d3d681458f5759bb1c6eab346ba67562c97e04ec	2	Ribo_ND_015828,Ribo_tomREF_NC_003633
Pdomain	Yellow	train	cleaned_sequence	d4601d9973a1e59c31b6716f7828de7c383d4d96	2	Ribo_ND_015659,Ribo_Melon_necrotic_spot_virus_NC_001504
Pdomain	Yellow	train	cleaned_sequence	c10b19201bd0a679d2f418f35d2bd4e78ad376c8	2	Ribo_tomREF_NC_000939,Ribo_ND_017058
Pdomain	Yellow	train	cleaned_sequence	a74b31382c382fdff125a537f756858c2f6df027	2	Ribo_ND_015690,Ribo_Galinsoga_Mosaic_Virus
Pdomain	Yellow	train	cleaned_sequence	12859b09cf740a0f5371494906a30ed7cbe224b8	2	Ribo_tomREF_NC_009533,Ribo_ND_016202
Pdomain	Yellow	train	cleaned_sequence	8ee11d2f2a060704fbadc5d843ab800ff3b1d62d	2	Ribo_tomREF_NC_005286,Ribo_ND_015995
Pdomain	Yellow	train	cleaned_sequence	5038a894bcca4d68f4e23c5a66a715b40f45fc41	2	Ribo_ND_019888,Ribo_tomREF_NC_007733
Pdomain	Yellow	train	cleaned_sequence	7d4110c96a1b2dce9aa1ea23b2142ed557cd81e6	2	Ribo_tomREF_NC_002187,Ribo_ND_015723
Pdomain	Yellow	train	cleaned_sequence	e50c5ed1726cea0c56cbfc3e8553c0c371d46c9c	2	Ribo_ND_017053,Ribo_Turnip_Crinkle_Virus_NC_003821
Pdomain	Yellow	train	cleaned_sequence	c42b36c5fec7a0f30436e3b62118b6334a66191b	2	Ribo_ND_015665,Ribo_tomREF_NC_001600
Pdomain	Yellow	train	cleaned_sequence	28a977253af283194d55b27df6a286533056bf2b	2	Ribo_Hibiscus_chlorotic_ringspot_virus_X86448,Ribo_ND_015813
Pdomain	Yellow	train	cleaned_sequence	27b0a036c674355bf13cca380178a1e22df85126	2	Cruci_CruV-883,Cruci_CruV-884
Pdomain	Yellow	train	cleaned_sequence	53ab51053125c55e2cc336d23c5dda4d27d1de15	2	Cruci_CruV-965,Cruci_CruV-966
Pdomain	Yellow	test	cleaned_sequence	b82d3c81bd92dca09d79a972a64c00e22b2005c9	2	Ribo_ND_130208,Ribo_Ga0187796_1206930
Pdomain	Yellow	test	cleaned_sequence	6b360c5de7d719e5287f2dd457111d63dd4552dc	2	Cruci_CruV_83,Cruci_CruV_84
Pdomain	Yellow	test	cleaned_sequence	a175158ca3037adaf322567a616858a9ad354793	2	Cruci_CruV_204,Cruci_CruV_205
Pdomain	Yellow	test	cleaned_sequence	e1fab80a19bdf472731b4d7a74eed667680df132	2	Cruci_CruV_164,Cruci_CruV_162
Pdomain	Yellow	test	cleaned_sequence	fa29a9127314d988245231f40df533edc5946994	2	Ribo_ND_025226,Ribo_JAAOEH010001932.1
Pdomain	Yellow	test	cleaned_sequence	14475ae28a8a601a33650ed40818ecd5a6c49c10	2	Ribo_ND_019228,Ribo_NC_033161
Pdomain	Yellow	test	cleaned_sequence	ae8e2b91498f600ff352722c012edc7f2cffd532	2	Ribo_ND_025095,Ribo_JAAOEH010001771.1
Pdomain	Yellow	test	cleaned_sequence	0cf3e87e1ffe6fdabe75ad4ec82609b9a16e4c5b	2	Cruci_PB_KX388514,Cruci_PB_KX388515
