domain	fold	split	sequence_id	raw_length	cleaned_length	stops_removed	stops_replaced	invalid_removed	invalid_replaced
fullCP	Blue	train	Cruci_CruCGE-944	779	778	1	0	0	0
fullCP	Blue	train	Cruci_CruV_499	729	728	1	0	0	0
fullCP	Blue	train	Cruci_CruV_502	727	726	1	0	0	0
fullCP	Blue	train	Cruci_CruV_462	720	719	1	0	0	0
fullCP	Blue	train	Cruci_CruV_457	712	711	1	0	0	0
fullCP	Blue	train	Cruci_CruV_484	655	654	1	0	0	0
fullCP	Blue	train	Cruci_CruV_406	653	652	1	0	0	0
fullCP	Blue	train	Cruci_CruV_407	653	652	1	0	0	0
fullCP	Blue	train	Cruci_CruV_488	653	652	1	0	0	0
fullCP	Blue	train	Cruci_CruV-900	648	647	1	0	0	0
fullCP	Blue	train	Cruci_CruV_516	643	642	1	0	0	0
fullCP	Blue	train	Cruci_CruV_463	640	639	1	0	0	0
fullCP	Blue	train	Cruci_CruV_412	632	631	1	0	0	0
fullCP	Blue	train	Cruci_Ariz_MW697732	607	606	1	0	0	0
fullCP	Blue	train	Cruci_CruV_486	604	603	1	0	0	0
fullCP	Blue	train	Cruci_CruV_232	602	601	1	0	0	0
fullCP	Blue	train	Cruci_chiv_Lake_Pavin_contig403	601	600	1	0	0	0
fullCP	Blue	train	Cruci_CruV_237	601	600	1	0	0	0
fullCP	Blue	train	Cruci_CruV_382	600	599	1	0	0	0
fullCP	Blue	train	Cruci_PB_KX388516	594	593	1	0	0	0
fullCP	Blue	train	Cruci_CruV_376	593	592	1	0	0	0
fullCP	Blue	train	Cruci_CruV_508	591	590	1	0	0	0
fullCP	Blue	train	Cruci_PB_KX388503	590	589	1	0	0	0
fullCP	Blue	train	Cruci_CruV_470	588	587	1	0	0	0
fullCP	Blue	train	Cruci_CruV_365	586	585	1	0	0	0
fullCP	Blue	train	Cruci_CruV_433	585	584	1	0	0	0
fullCP	Blue	train	Cruci_CruV_495	585	584	1	0	0	0
fullCP	Blue	train	Cruci_CruV_313	584	583	1	0	0	0
fullCP	Blue	train	Cruci_CruV_500	581	580	1	0	0	0
fullCP	Blue	train	Cruci_CruV_392	580	579	1	0	0	0
fullCP	Blue	train	Cruci_CruV_220	578	577	1	0	0	0
fullCP	Blue	train	Cruci_CruV_413	578	577	1	0	0	0
fullCP	Blue	train	Cruci_chiv_Eukaryote_metagenome_T142_contig705	577	576	1	0	0	0
fullCP	Blue	train	Cruci_chiv_Eukaryote_metagenome_T149_contig609	577	576	1	0	0	0
fullCP	Blue	train	Cruci_CruV_402	577	576	1	0	0	0
fullCP	Blue	train	Cruci_CruCGE-562	574	573	1	0	0	0
fullCP	Blue	train	Cruci_CruV_460	574	573	1	0	0	0
fullCP	Blue	train	Cruci_CruV_355	573	572	1	0	0	0
fullCP	Blue	train	Cruci_muss_OR270612	572	571	1	0	0	0
fullCP	Blue	train	Cruci_CruV_453	571	570	1	0	0	0
fullCP	Blue	train	Cruci_CruV_454	571	570	1	0	0	0
fullCP	Blue	train	Cruci_CruV_455	571	570	1	0	0	0
fullCP	Blue	train	Cruci_CruV_456	571	570	1	0	0	0
fullCP	Blue	train	Cruci_CruV_541	571	570	1	0	0	0
fullCP	Blue	train	Cruci_CruV_125	570	569	1	0	0	0
fullCP	Blue	train	Cruci_chiv_Lake_Pavin_contig15342	569	568	1	0	0	0
fullCP	Blue	train	Cruci_CruV_172	566	565	1	0	0	0
fullCP	Blue	train	Cruci_CruV_322	566	565	1	0	0	0
fullCP	Blue	train	Cruci_CruV_323	566	565	1	0	0	0
fullCP	Blue	train	Cruci_CruV_324	566	565	1	0	0	0
fullCP	Blue	train	Cruci_CruV_400	566	565	1	0	0	0
fullCP	Blue	train	Cruci_chiv_Eukaryote_metagenome_T149_contig276	565	564	1	0	0	0
fullCP	Blue	train	Cruci_CruV_347	565	564	1	0	0	0
fullCP	Blue	train	Cruci_Oys_GWHBFST00001923_circ	565	564	1	0	0	0
fullCP	Blue	train	Cruci_CruV_526	564	563	1	0	0	0
fullCP	Blue	train	Cruci_PB_KX388502	564	563	1	0	0	0
fullCP	Blue	train	Cruci_CruV_287	563	562	1	0	0	0
fullCP	Blue	train	Cruci_CruV_368	563	562	1	0	0	0
fullCP	Blue	train	Cruci_CruV_418	561	560	1	0	0	0
fullCP	Blue	train	Cruci_CruV_219	560	559	1	0	0	0
fullCP	Blue	train	Cruci_CruV_408	558	557	1	0	0	0
fullCP	Blue	train	Cruci_CruV_472	558	557	1	0	0	0
fullCP	Blue	train	Cruci_CruV_532	556	555	1	0	0	0
fullCP	Blue	train	Cruci_Ariz_MW697595	554	553	1	0	0	0
fullCP	Blue	train	Cruci_CruV_194	553	552	1	0	0	0
fullCP	Blue	train	Cruci_CruV_185	552	551	1	0	0	0
fullCP	Blue	train	Cruci_CruV_450	552	551	1	0	0	0
fullCP	Blue	train	Cruci_CruV_520	549	548	1	0	0	0
fullCP	Blue	train	Cruci_Oys_GWHBFST00002020_circ	547	546	1	0	0	0
fullCP	Blue	train	Cruci_CruV_300	545	544	1	0	0	0
fullCP	Blue	train	Cruci_Ariz_MW697584	543	542	1	0	0	0
fullCP	Blue	train	Cruci_CruV_391	543	542	1	0	0	0
fullCP	Blue	train	Cruci_CruV_274	542	541	1	0	0	0
fullCP	Blue	train	Cruci_CruV_309	541	540	1	0	0	0
fullCP	Blue	train	Cruci_CruV_310	541	540	1	0	0	0
fullCP	Blue	train	Cruci_CruV_311	541	540	1	0	0	0
fullCP	Blue	train	Cruci_CruV_240	540	539	1	0	0	0
fullCP	Blue	train	Cruci_CruV_331	540	539	1	0	0	0
fullCP	Blue	train	Cruci_CruV_345	540	539	1	0	0	0
fullCP	Blue	train	Cruci_CruV_288	539	538	1	0	0	0
fullCP	Blue	train	Cruci_Ariz_MW697596	536	535	1	0	0	0
fullCP	Blue	train	Cruci_CruV_305	536	535	1	0	0	0
fullCP	Blue	train	Cruci_Ariz_MW697558	535	534	1	0	0	0
fullCP	Blue	train	Cruci_CruV_414	532	531	1	0	0	0
fullCP	Blue	train	Cruci_CruV_297	531	530	1	0	0	0
fullCP	Blue	train	Cruci_CruV_336	531	530	1	0	0	0
fullCP	Blue	train	Cruci_Oys_GWHBFST00000019_circ	531	530	1	0	0	0
fullCP	Blue	train	Cruci_CruV_135	530	529	1	0	0	0
fullCP	Blue	train	Cruci_CruV_186	528	527	1	0	0	0
fullCP	Blue	train	Cruci_CruV_427	528	527	1	0	0	0
fullCP	Blue	train	Cruci_CruV_183	527	526	1	0	0	0
fullCP	Blue	train	Cruci_CruV_416	527	526	1	0	0	0
fullCP	Blue	train	Cruci_CruV_459	527	526	1	0	0	0
fullCP	Blue	train	Cruci_CruV_473	527	523	4	0	0	0
fullCP	Blue	train	Cruci_CruV_475	527	526	1	0	0	0
fullCP	Blue	train	Cruci_CruV_99	526	525	1	0	0	0
fullCP	Blue	train	Cruci_Oys_GWHBFST00003133_circ	526	525	1	0	0	0
fullCP	Blue	train	Cruci_CruV_298	525	524	1	0	0	0
fullCP	Blue	train	Cruci_CruV_397	525	524	1	0	0	0
fullCP	Blue	train	Cruci_Oys_GWHBFST00002740_circ	525	524	1	0	0	0
fullCP	Blue	train	Cruci_CruCGE_436	524	523	1	0	0	0
fullCP	Blue	train	Cruci_CruV_417	524	523	1	0	0	0
fullCP	Blue	train	Cruci_Oys_GWHBFST00000015_circ	524	523	1	0	0	0
fullCP	Blue	train	Cruci_chiv_35_Marine_contig3	523	522	1	0	0	0
fullCP	Blue	train	Cruci_CruV_301	523	522	1	0	0	0
fullCP	Blue	train	Cruci_CruV_304	523	522	1	0	0	0
fullCP	Blue	train	Cruci_CruV_434	523	522	1	0	0	0
fullCP	Blue	train	Cruci_CruV_491	523	522	1	0	0	0
fullCP	Blue	train	Cruci_CruV_163	522	521	1	0	0	0
fullCP	Blue	train	Cruci_CruV_426	521	520	1	0	0	0
fullCP	Blue	train	Cruci_CruV_465	521	520	1	0	0	0
fullCP	Blue	train	Cruci_CruV-788	520	519	1	0	0	0
fullCP	Blue	train	Cruci_CruCGE_471	519	518	1	0	0	0
fullCP	Blue	train	Cruci_CruV_396	519	518	1	0	0	0
fullCP	Blue	train	Cruci_CruV_422	519	518	1	0	0	0
fullCP	Blue	train	Cruci_CruV_524	519	518	1	0	0	0
fullCP	Blue	train	Cruci_Tisza_MH616643.1	519	518	1	0	0	0
fullCP	Blue	train	Cruci_CruV_174	517	516	1	0	0	0
fullCP	Blue	train	Cruci_CruV_175	517	516	1	0	0	0
fullCP	Blue	train	Cruci_CruV_244	516	515	1	0	0	0
fullCP	Blue	train	Cruci_Schm_JAMFLK010001745_circular	516	515	1	0	0	0
fullCP	Blue	train	Cruci_Ariz_MW697554	515	514	1	0	0	0
fullCP	Blue	train	Cruci_CruV_247	513	512	1	0	0	0
fullCP	Blue	train	Cruci_Ariz_MW697687	512	511	1	0	0	0
fullCP	Blue	train	Cruci_CruCGE_533	511	510	1	0	0	0
fullCP	Blue	train	Cruci_CruV_266	511	510	1	0	0	0
fullCP	Blue	train	Cruci_CruV_390	510	509	1	0	0	0
fullCP	Blue	train	Cruci_CruV_373	509	508	1	0	0	0
fullCP	Blue	train	Cruci_CruV_474	509	508	1	0	0	0
fullCP	Blue	train	Cruci_muss_OR270609	509	508	1	0	0	0
fullCP	Blue	train	Cruci_Tisza_MK012518.1	509	508	1	0	0	0
fullCP	Blue	train	Cruci_CruV_213	508	507	1	0	0	0
fullCP	Blue	train	Cruci_Tisza_MH617557.1	508	507	1	0	0	0
fullCP	Blue	train	Cruci_CruV_243	506	505	1	0	0	0
fullCP	Blue	train	Cruci_CruV_245	506	505	1	0	0	0
fullCP	Blue	train	Cruci_CruV_264	506	505	1	0	0	0
fullCP	Blue	train	Cruci_CruV_276	506	505	1	0	0	0
fullCP	Blue	train	Cruci_CruV_278	506	505	1	0	0	0
fullCP	Blue	train	Cruci_CruV_361	506	505	1	0	0	0
fullCP	Blue	train	Cruci_CruV_424	505	504	1	0	0	0
fullCP	Blue	train	Cruci_CruV_480	505	504	1	0	0	0
fullCP	Blue	train	Cruci_CruV_192	503	502	1	0	0	0
fullCP	Blue	train	Cruci_CruV_92	501	500	1	0	0	0
fullCP	Blue	train	Cruci_CruV_384	499	498	1	0	0	0
fullCP	Blue	train	Cruci_CruV_432	499	498	1	0	0	0
fullCP	Blue	train	Cruci_CruV_482	499	498	1	0	0	0
fullCP	Blue	train	Cruci_CruV_494	499	498	1	0	0	0
fullCP	Blue	train	Cruci_IWaV278_CircoRep	499	498	1	0	0	0
fullCP	Blue	train	Cruci_CruV_525	498	497	1	0	0	0
fullCP	Blue	train	Cruci_CruV_386	494	493	1	0	0	0
fullCP	Blue	train	Cruci_CruV_258	493	492	1	0	0	0
fullCP	Blue	train	Cruci_CruV_338	493	492	1	0	0	0
fullCP	Blue	train	Cruci_CruV_481	493	492	1	0	0	0
fullCP	Blue	train	Cruci_CruV_512	493	492	1	0	0	0
fullCP	Blue	train	Cruci_CruV_275	492	491	1	0	0	0
fullCP	Blue	train	Cruci_CruV_340	492	491	1	0	0	0
fullCP	Blue	train	Cruci_CruV_535	492	491	1	0	0	0
fullCP	Blue	train	Cruci_PB_KX388494	492	491	1	0	0	0
fullCP	Blue	train	Cruci_CruV_346	491	490	1	0	0	0
fullCP	Blue	train	Cruci_Ariz_MW697694	490	489	1	0	0	0
fullCP	Blue	train	Cruci_CruV_440	490	489	1	0	0	0
fullCP	Blue	train	Cruci_CruV_496	490	489	1	0	0	0
fullCP	Blue	train	Cruci_CruV_530	490	489	1	0	0	0
fullCP	Blue	train	Cruci_PB_KX388521	490	489	1	0	0	0
fullCP	Blue	train	Cruci_PB_KX388522	490	489	1	0	0	0
fullCP	Blue	train	Cruci_PB_KX388524	490	489	1	0	0	0
fullCP	Blue	train	Cruci_PB_KX388525	490	489	1	0	0	0
fullCP	Blue	train	Cruci_PB_KX388526	490	489	1	0	0	0
fullCP	Blue	train	Cruci_CruV_429	488	487	1	0	0	0
fullCP	Blue	train	Cruci_CruV_521	488	487	1	0	0	0
fullCP	Blue	train	Cruci_CruV_95	486	485	1	0	0	0
fullCP	Blue	train	Cruci_CruV-607	486	484	2	0	0	0
fullCP	Blue	train	Cruci_CruV_246	484	483	1	0	0	0
fullCP	Blue	train	Cruci_CruV_293	484	483	1	0	0	0
fullCP	Blue	train	Cruci_CruV_439	484	483	1	0	0	0
fullCP	Blue	train	Cruci_CruV_446	484	483	1	0	0	0
fullCP	Blue	train	Cruci_PB_KX388517	484	483	1	0	0	0
fullCP	Blue	train	Cruci_PB_KX388518	484	483	1	0	0	0
fullCP	Blue	train	Cruci_CruV-966	482	481	1	0	0	0
fullCP	Blue	train	Cruci_CruV_537	482	481	1	0	0	0
fullCP	Blue	train	Cruci_PB_KX388523	482	481	1	0	0	0
fullCP	Blue	train	Cruci_CruV_107	479	478	1	0	0	0
fullCP	Blue	train	Cruci_CruV_468	479	478	1	0	0	0
fullCP	Blue	train	Cruci_PB_KX388508	479	478	1	0	0	0
fullCP	Blue	train	Cruci_Tisza_MH617070.1	479	478	1	0	0	0
fullCP	Blue	train	Cruci_CruV_101	478	477	1	0	0	0
fullCP	Blue	train	Cruci_CruV_207	478	477	1	0	0	0
fullCP	Blue	train	Cruci_CruV_195	477	476	1	0	0	0
fullCP	Blue	train	Cruci_CruV_489	477	476	1	0	0	0
fullCP	Blue	train	Cruci_PB_KX388514	477	476	1	0	0	0
fullCP	Blue	train	Cruci_CruV_375	476	475	1	0	0	0
fullCP	Blue	train	Cruci_CruV_479	475	474	1	0	0	0
fullCP	Blue	train	Cruci_CruV_131	474	473	1	0	0	0
fullCP	Blue	train	Cruci_CruV_146	473	472	1	0	0	0
fullCP	Blue	train	Cruci_CruV_147	473	472	1	0	0	0
fullCP	Blue	train	Cruci_CruV_148	473	472	1	0	0	0
fullCP	Blue	train	Cruci_CruV_152	473	472	1	0	0	0
fullCP	Blue	train	Cruci_CruV_443	473	472	1	0	0	0
fullCP	Blue	train	Cruci_CruV_534	473	472	1	0	0	0
fullCP	Blue	train	Cruci_CruV_93	472	471	1	0	0	0
fullCP	Blue	train	Cruci_CruV_103	472	471	1	0	0	0
fullCP	Blue	train	Cruci_CruV_143	472	471	1	0	0	0
fullCP	Blue	train	Cruci_CruV_201	472	471	1	0	0	0
fullCP	Blue	train	Cruci_CruV_229	472	471	1	0	0	0
fullCP	Blue	train	Cruci_CruV_249	471	470	1	0	0	0
fullCP	Blue	train	Cruci_CruV_441	471	470	1	0	0	0
fullCP	Blue	train	Cruci_CruV_142	470	469	1	0	0	0
fullCP	Blue	train	Cruci_CruV_228	470	469	1	0	0	0
fullCP	Blue	train	Cruci_Tisza_MH617326.1	470	469	1	0	0	0
fullCP	Blue	train	Cruci_CruV_173	469	468	1	0	0	0
fullCP	Blue	train	Cruci_CruV_127	468	467	1	0	0	0
fullCP	Blue	train	Cruci_CruV_257	468	467	1	0	0	0
fullCP	Blue	train	Cruci_CruV_261	468	467	1	0	0	0
fullCP	Blue	train	Cruci_CruV_316	468	467	1	0	0	0
fullCP	Blue	train	Cruci_CruV_329	468	467	1	0	0	0
fullCP	Blue	train	Cruci_CruV_371	468	467	1	0	0	0
fullCP	Blue	train	Cruci_CruV_372	468	467	1	0	0	0
fullCP	Blue	train	Cruci_CruV_458	468	467	1	0	0	0
fullCP	Blue	train	Cruci_CruV_104	467	466	1	0	0	0
fullCP	Blue	train	Cruci_CruV_105	467	466	1	0	0	0
fullCP	Blue	train	Cruci_CruV_294	467	466	1	0	0	0
fullCP	Blue	train	Cruci_CruV_120	466	465	1	0	0	0
fullCP	Blue	train	Cruci_CruV_290	466	465	1	0	0	0
fullCP	Blue	train	Cruci_CruV_447	466	465	1	0	0	0
fullCP	Blue	train	Cruci_chiv_Astrammina_rara_contig97_330847425	465	464	1	0	0	0
fullCP	Blue	train	Cruci_CruCGE_110	465	464	1	0	0	0
fullCP	Blue	train	Cruci_CruV_209	465	464	1	0	0	0
fullCP	Blue	train	Cruci_CruV_263	465	464	1	0	0	0
fullCP	Blue	train	Cruci_CruV_270	465	464	1	0	0	0
fullCP	Blue	train	Cruci_Oys_GWHBFST00001471_circ	465	464	1	0	0	0
fullCP	Blue	train	Cruci_PB_KX388507	465	464	1	0	0	0
fullCP	Blue	train	Cruci_chiv_Airborne_RD1_contig10	464	463	1	0	0	0
fullCP	Blue	train	Cruci_CruV_111	464	463	1	0	0	0
fullCP	Blue	train	Cruci_CruV_241	464	463	1	0	0	0
fullCP	Blue	train	Cruci_CruV_269	464	463	1	0	0	0
fullCP	Blue	train	Cruci_CruV_312	464	463	1	0	0	0
fullCP	Blue	train	Cruci_CruV_419	464	463	1	0	0	0
fullCP	Blue	train	Cruci_chiv_RW_Nursery_DNA_contig62	463	462	1	0	0	0
fullCP	Blue	train	Cruci_CruV_140	463	462	1	0	0	0
fullCP	Blue	train	Cruci_CruV_341	463	462	1	0	0	0
fullCP	Blue	train	Cruci_CruV_387	463	462	1	0	0	0
fullCP	Blue	train	Cruci_CruV_431	463	462	1	0	0	0
fullCP	Blue	train	Cruci_CruV_517	463	462	1	0	0	0
fullCP	Blue	train	Cruci_CruV_518	463	462	1	0	0	0
fullCP	Blue	train	Cruci_CruV_129	462	461	1	0	0	0
fullCP	Blue	train	Cruci_CruV_178	462	461	1	0	0	0
fullCP	Blue	train	Cruci_CruV_279	462	461	1	0	0	0
fullCP	Blue	train	Cruci_CruV_411	462	461	1	0	0	0
fullCP	Blue	train	Cruci_CruV_89	461	460	1	0	0	0
fullCP	Blue	train	Cruci_CruV_151	461	460	1	0	0	0
fullCP	Blue	train	Cruci_CruV_308	461	460	1	0	0	0
fullCP	Blue	train	Cruci_CruV_370	461	460	1	0	0	0
fullCP	Blue	train	Cruci_CruV_461	461	460	1	0	0	0
fullCP	Blue	train	Cruci_CruV_83	460	459	1	0	0	0
fullCP	Blue	train	Cruci_CruV_84	460	459	1	0	0	0
fullCP	Blue	train	Cruci_CruV_123	460	459	1	0	0	0
fullCP	Blue	train	Cruci_CruV_218	460	459	1	0	0	0
fullCP	Blue	train	Cruci_CruV_226	460	459	1	0	0	0
fullCP	Blue	train	Cruci_CruV_428	460	459	1	0	0	0
fullCP	Blue	train	Cruci_CruV_510	460	459	1	0	0	0
fullCP	Blue	train	Cruci_CruV_515	460	459	1	0	0	0
fullCP	Blue	train	Cruci_PB_KX388519	460	459	1	0	0	0
fullCP	Blue	train	Cruci_Tisza_MH617001.1	460	459	1	0	0	0
fullCP	Blue	train	Cruci_chiv_Lake_Bourget_contig37546	459	458	1	0	0	0
fullCP	Blue	train	Cruci_CruV_379	459	458	1	0	0	0
fullCP	Blue	train	Cruci_CruV_404	459	458	1	0	0	0
fullCP	Blue	train	Cruci_CruV_477	459	458	1	0	0	0
fullCP	Blue	train	Cruci_PB_KX388505	459	458	1	0	0	0
fullCP	Blue	train	Cruci_PB_KX388520	459	458	1	0	0	0
fullCP	Blue	train	Cruci_CruV_115	458	457	1	0	0	0
fullCP	Blue	train	Cruci_CruV_126	458	457	1	0	0	0
fullCP	Blue	train	Cruci_CruV_339	458	457	1	0	0	0
fullCP	Blue	train	Cruci_CruV_360	458	457	1	0	0	0
fullCP	Blue	train	Cruci_CruV_394	458	457	1	0	0	0
fullCP	Blue	train	Cruci_CruCGE-610	457	456	1	0	0	0
fullCP	Blue	train	Cruci_CruV_97	457	456	1	0	0	0
fullCP	Blue	train	Cruci_CruV_108	457	456	1	0	0	0
fullCP	Blue	train	Cruci_CruV_124	457	456	1	0	0	0
fullCP	Blue	train	Cruci_CruV_255	457	456	1	0	0	0
fullCP	Blue	train	Cruci_CruV_389	457	456	1	0	0	0
fullCP	Blue	train	Cruci_CruV_90	456	455	1	0	0	0
fullCP	Blue	train	Cruci_CruV_91	456	455	1	0	0	0
fullCP	Blue	train	Cruci_CruV_106	456	455	1	0	0	0
fullCP	Blue	train	Cruci_CruV_362	456	455	1	0	0	0
fullCP	Blue	train	Cruci_CruV_409	456	455	1	0	0	0
fullCP	Blue	train	Cruci_CruV_410	456	455	1	0	0	0
fullCP	Blue	train	Cruci_CruV_378	455	454	1	0	0	0
fullCP	Blue	train	Cruci_CruV_156	454	453	1	0	0	0
fullCP	Blue	train	Cruci_CruV_167	454	453	1	0	0	0
fullCP	Blue	train	Cruci_CruV_505	454	453	1	0	0	0
fullCP	Blue	train	Cruci_CruV_506	454	453	1	0	0	0
fullCP	Blue	train	Cruci_CruV_98	453	452	1	0	0	0
fullCP	Blue	train	Cruci_CruV_119	453	452	1	0	0	0
fullCP	Blue	train	Cruci_CruV_133	453	452	1	0	0	0
fullCP	Blue	train	Cruci_CruV_200	453	452	1	0	0	0
fullCP	Blue	train	Cruci_CruV_238	453	452	1	0	0	0
fullCP	Blue	train	Cruci_CruV_239	453	452	1	0	0	0
fullCP	Blue	train	Cruci_CruV_268	453	452	1	0	0	0
fullCP	Blue	train	Cruci_CruV_442	453	452	1	0	0	0
fullCP	Blue	train	Cruci_Schm_JAMFLK010002086_circular	453	452	1	0	0	0
fullCP	Blue	train	Cruci_CruV_94	452	451	1	0	0	0
fullCP	Blue	train	Cruci_CruV_202	452	451	1	0	0	0
fullCP	Blue	train	Cruci_CruV_527	452	451	1	0	0	0
fullCP	Blue	train	Cruci_CruV_528	452	451	1	0	0	0
fullCP	Blue	train	Cruci_CruV_102	451	450	1	0	0	0
fullCP	Blue	train	Cruci_CruV_109	451	450	1	0	0	0
fullCP	Blue	train	Cruci_CruV_153	451	450	1	0	0	0
fullCP	Blue	train	Cruci_Tisza_MH617718.1	451	450	1	0	0	0
fullCP	Blue	train	Cruci_CruV_100	450	449	1	0	0	0
fullCP	Blue	train	Cruci_CruV_357	450	449	1	0	0	0
fullCP	Blue	train	Cruci_CruV_367	450	449	1	0	0	0
fullCP	Blue	train	Cruci_PB_KX388510	450	449	1	0	0	0
fullCP	Blue	train	Cruci_CruV_116	449	448	1	0	0	0
fullCP	Blue	train	Cruci_CruV_420	449	448	1	0	0	0
fullCP	Blue	train	Cruci_PB_KX388527	449	448	1	0	0	0
fullCP	Blue	train	Cruci_PB_KX388528	449	448	1	0	0	0
fullCP	Blue	train	Cruci_PB_KX388529	449	448	1	0	0	0
fullCP	Blue	train	Cruci_PB_KX388530	449	448	1	0	0	0
fullCP	Blue	train	Cruci_CruV_179	448	447	1	0	0	0
fullCP	Blue	train	Cruci_CruV_180	448	447	1	0	0	0
fullCP	Blue	train	Cruci_CruV_196	448	447	1	0	0	0
fullCP	Blue	train	Cruci_CruV_210	448	447	1	0	0	0
fullCP	Blue	train	Cruci_CruV_211	448	447	1	0	0	0
fullCP	Blue	train	Cruci_CruV_234	448	447	1	0	0	0
fullCP	Blue	train	Cruci_CruV_149	447	446	1	0	0	0
fullCP	Blue	train	Cruci_CruV_504	447	446	1	0	0	0
fullCP	Blue	train	Cruci_CruV_523	447	446	1	0	0	0
fullCP	Blue	train	Cruci_CruV_188	446	445	1	0	0	0
fullCP	Blue	train	Cruci_CruV_265	446	445	1	0	0	0
fullCP	Blue	train	Cruci_PB_KX388509	446	445	1	0	0	0
fullCP	Blue	train	Cruci_CruV_122	445	444	1	0	0	0
fullCP	Blue	train	Cruci_CruV_139	445	444	1	0	0	0
fullCP	Blue	train	Cruci_CruV_250	445	444	1	0	0	0
fullCP	Blue	train	Cruci_CruV_251	445	444	1	0	0	0
fullCP	Blue	train	Cruci_CruCGE_85	444	443	1	0	0	0
fullCP	Blue	train	Cruci_CruV_208	444	443	1	0	0	0
fullCP	Blue	train	Cruci_CruV_134	443	442	1	0	0	0
fullCP	Blue	train	Cruci_CruV_138	443	442	1	0	0	0
fullCP	Blue	train	Cruci_CruV_141	443	442	1	0	0	0
fullCP	Blue	train	Cruci_CruV_227	442	441	1	0	0	0
fullCP	Blue	train	Cruci_CruV_503	442	441	1	0	0	0
fullCP	Blue	train	Cruci_CruV-824	441	440	1	0	0	0
fullCP	Blue	train	Cruci_chiv_Airborne_IC2_contig9	440	439	1	0	0	0
fullCP	Blue	train	Cruci_CruV_224	438	437	1	0	0	0
fullCP	Blue	train	Cruci_CruV_507	438	437	1	0	0	0
fullCP	Blue	train	Cruci_muss_OR270671	438	437	1	0	0	0
fullCP	Blue	train	Cruci_CruV_132	437	436	1	0	0	0
fullCP	Blue	train	Cruci_Ariz_MW697623	436	435	1	0	0	0
fullCP	Blue	train	Cruci_CruV_81	436	435	1	0	0	0
fullCP	Blue	train	Cruci_CruV_86	436	435	1	0	0	0
fullCP	Blue	train	Cruci_CruV_112	435	434	1	0	0	0
fullCP	Blue	train	Cruci_CruV_438	435	434	1	0	0	0
fullCP	Blue	train	Cruci_CruV_529	435	434	1	0	0	0
fullCP	Blue	train	Cruci_CruV_401	434	433	1	0	0	0
fullCP	Blue	train	Cruci_CruV_492	433	432	1	0	0	0
fullCP	Blue	train	Cruci_CruV_130	432	431	1	0	0	0
fullCP	Blue	train	Cruci_CruV_164	432	431	1	0	0	0
fullCP	Blue	train	Cruci_CruV_162	431	430	1	0	0	0
fullCP	Blue	train	Cruci_CruV_328	431	430	1	0	0	0
fullCP	Blue	train	Cruci_CruV_490	431	430	1	0	0	0
fullCP	Blue	train	Cruci_CruV_514	430	429	1	0	0	0
fullCP	Blue	train	Cruci_CruV_260	429	428	1	0	0	0
fullCP	Blue	train	Cruci_CruV_467	429	428	1	0	0	0
fullCP	Blue	train	Cruci_CruV_487	429	428	1	0	0	0
fullCP	Blue	train	Cruci_CruV_168	428	427	1	0	0	0
fullCP	Blue	train	Cruci_PB_KX388506	426	425	1	0	0	0
fullCP	Blue	train	Cruci_CruV_198	425	424	1	0	0	0
fullCP	Blue	train	Cruci_Tisza_MH616915.1	425	424	1	0	0	0
fullCP	Blue	train	Cruci_CruV_271	420	419	1	0	0	0
fullCP	Blue	train	Cruci_CruV_374	420	419	1	0	0	0
fullCP	Blue	train	Cruci_CruV_444	418	417	1	0	0	0
fullCP	Blue	train	Cruci_CruV_497	418	417	1	0	0	0
fullCP	Blue	train	Cruci_CruV_380	415	414	1	0	0	0
fullCP	Blue	train	Cruci_Tisza_MK012445.1	411	410	1	0	0	0
fullCP	Blue	train	Cruci_CruV_522	410	409	1	0	0	0
fullCP	Blue	train	Cruci_CruV_319	409	408	1	0	0	0
fullCP	Blue	train	Cruci_CruV_320	409	408	1	0	0	0
fullCP	Blue	train	Cruci_CruV_445	408	407	1	0	0	0
fullCP	Blue	train	Cruci_CruV_449	408	407	1	0	0	0
fullCP	Blue	train	Cruci_CruV_538	408	407	1	0	0	0
fullCP	Blue	train	Cruci_CruV-847	408	407	1	0	0	0
fullCP	Blue	train	Cruci_CruV_531	404	403	1	0	0	0
fullCP	Blue	train	Cruci_CruV_166	401	400	1	0	0	0
fullCP	Blue	train	Cruci_CruV_536	396	395	1	0	0	0
fullCP	Blue	train	Cruci_CruV_493	395	394	1	0	0	0
fullCP	Blue	train	Cruci_CruV_483	393	392	1	0	0	0
fullCP	Blue	train	Cruci_CruV_513	390	389	1	0	0	0
fullCP	Blue	train	Cruci_CruV_501	384	383	1	0	0	0
fullCP	Blue	train	Cruci_CruV_509	384	383	1	0	0	0
fullCP	Blue	train	Cruci_PB_KX388513	379	378	1	0	0	0
fullCP	Blue	train	Cruci_CruV_170	378	377	1	0	0	0
fullCP	Blue	train	Cruci_PB_KX388515	376	375	1	0	0	0
fullCP	Blue	train	Cruci_CruV_498	372	371	1	0	0	0
fullCP	Blue	train	Cruci_CruV_381	371	370	1	0	0	0
fullCP	Blue	train	Cruci_CruV_420	362	361	1	0	0	0
fullCP	Blue	train	Cruci_CruV_144	356	355	1	0	0	0
fullCP	Blue	train	Cruci_CruV_405	354	353	1	0	0	0
fullCP	Blue	train	Cruci_CruV_430	353	352	1	0	0	0
fullCP	Blue	train	Cruci_CruV_358	349	348	1	0	0	0
fullCP	Blue	train	Cruci_CruV_423	347	346	1	0	0	0
fullCP	Blue	train	Cruci_CruV_88	344	343	1	0	0	0
fullCP	Blue	train	Cruci_CruV_399	344	343	1	0	0	0
fullCP	Blue	train	Cruci_CruV_377	342	341	1	0	0	0
fullCP	Blue	train	Cruci_CruV_435	340	339	1	0	0	0
fullCP	Blue	train	Cruci_CruV_451	337	336	1	0	0	0
fullCP	Blue	train	Cruci_CruV_464	335	334	1	0	0	0
fullCP	Blue	train	Cruci_CruV_421	334	333	1	0	0	0
fullCP	Blue	train	Cruci_CruV_452	331	330	1	0	0	0
fullCP	Blue	train	Cruci_CruV_466	326	325	1	0	0	0
fullCP	Blue	train	Cruci_CruV_539	326	325	1	0	0	0
fullCP	Blue	train	Cruci_CruV_204	319	318	1	0	0	0
fullCP	Blue	train	Cruci_CruV_205	319	318	1	0	0	0
fullCP	Blue	train	Cruci_CruV_385	271	270	1	0	0	0
fullCP	Blue	train	Cruci_CruCGE-561	206	205	1	0	0	0
fullCP	Blue	train	Ribo_ND_017060	387	386	1	0	0	0
fullCP	Blue	train	Ribo_ND_018898	478	477	1	0	0	0
fullCP	Blue	train	Ribo_ND_025188	433	432	1	0	0	0
fullCP	Blue	train	Ribo_ND_025076	434	433	1	0	0	0
fullCP	Blue	train	Ribo_ND_024616	476	475	1	0	0	0
fullCP	Blue	train	Ribo_ND_015818	346	345	1	0	0	0
fullCP	Blue	train	Ribo_ND_025210	426	425	1	0	0	0
fullCP	Blue	train	Ribo_ND_025007	431	430	1	0	0	0
fullCP	Blue	train	Ribo_ND_026010	411	410	1	0	0	0
fullCP	Blue	train	Ribo_ND_025421	421	420	1	0	0	0
fullCP	Blue	train	Ribo_ND_025106	415	414	1	0	0	0
fullCP	Blue	train	Ribo_ND_025969	435	434	1	0	0	0
fullCP	Blue	train	Ribo_ND_025989	441	440	1	0	0	0
fullCP	Blue	train	Ribo_ND_017889	348	347	1	0	0	0
fullCP	Blue	train	Ribo_ND_025465	434	433	1	0	0	0
fullCP	Blue	train	Ribo_ND_023567	343	342	1	0	0	0
fullCP	Blue	train	Ribo_ND_017059	349	348	1	0	0	0
fullCP	Blue	train	Ribo_ND_016336	355	354	1	0	0	0
fullCP	Blue	train	Ribo_ND_025139	430	429	1	0	0	0
fullCP	Blue	train	Ribo_ND_026256	434	433	1	0	0	0
fullCP	Blue	train	Ribo_ND_025631	436	435	1	0	0	0
fullCP	Blue	train	Ribo_ND_019002	413	412	1	0	0	0
fullCP	Blue	train	Ribo_ND_025336	432	431	1	0	0	0
fullCP	Blue	train	Ribo_ND_025329	426	425	1	0	0	0
fullCP	Blue	train	Ribo_ND_026391	433	432	1	0	0	0
fullCP	Blue	train	Ribo_ND_019368	385	384	1	0	0	0
fullCP	Blue	train	Ribo_ND_024902	521	520	1	0	0	0
fullCP	Blue	train	Ribo_ND_015997	365	364	1	0	0	0
fullCP	Blue	train	Ribo_ND_195592	415	414	1	0	0	0
fullCP	Blue	train	Ribo_ND_025008	477	476	1	0	0	0
fullCP	Blue	train	Ribo_ND_025207	421	420	1	0	0	0
fullCP	Blue	train	Ribo_ND_025399	435	434	1	0	0	0
fullCP	Blue	train	Ribo_ND_025258	405	404	1	0	0	0
fullCP	Blue	train	Ribo_ND_016192	346	345	1	0	0	0
fullCP	Blue	train	Ribo_ND_025088	429	428	1	0	0	0
fullCP	Blue	train	Ribo_ND_025166	453	452	1	0	0	0
fullCP	Blue	train	Ribo_ND_026140	423	422	1	0	0	0
fullCP	Blue	train	Ribo_ND_025705	438	437	1	0	0	0
fullCP	Blue	train	Ribo_ND_025263	419	418	1	0	0	0
fullCP	Blue	train	Ribo_ND_025482	437	436	1	0	0	0
fullCP	Blue	train	Ribo_ND_020449	347	346	1	0	0	0
fullCP	Blue	train	Ribo_ND_025116	426	425	1	0	0	0
fullCP	Blue	train	Ribo_ND_025352	408	407	1	0	0	0
fullCP	Blue	train	Ribo_ND_026239	422	421	1	0	0	0
fullCP	Blue	train	Ribo_ND_025235	420	419	1	0	0	0
fullCP	Blue	train	Ribo_ND_025671	444	443	1	0	0	0
fullCP	Blue	train	Ribo_ND_026175	431	430	1	0	0	0
fullCP	Blue	train	Ribo_ND_025357	413	412	1	0	0	0
fullCP	Blue	train	Ribo_ND_025344	416	415	1	0	0	0
fullCP	Blue	train	Ribo_ND_016809	340	339	1	0	0	0
fullCP	Blue	train	Ribo_ND_025531	408	407	1	0	0	0
fullCP	Blue	train	Ribo_ND_016022	338	337	1	0	0	0
fullCP	Blue	train	Ribo_ND_025218	437	436	1	0	0	0
fullCP	Blue	train	Ribo_ND_025414	445	444	1	0	0	0
fullCP	Blue	train	Ribo_ND_015955	381	380	1	0	0	0
fullCP	Blue	train	Ribo_ND_025129	426	425	1	0	0	0
fullCP	Blue	train	Ribo_ND_025597	453	452	1	0	0	0
fullCP	Blue	train	Ribo_ND_025039	416	415	1	0	0	0
fullCP	Blue	train	Ribo_ND_026110	427	426	1	0	0	0
fullCP	Blue	train	Ribo_ND_025259	421	420	1	0	0	0
fullCP	Blue	train	Ribo_ND_025513	433	432	1	0	0	0
fullCP	Blue	train	Ribo_ND_025321	432	431	1	0	0	0
fullCP	Blue	train	Ribo_ND_025316	426	425	1	0	0	0
fullCP	Blue	train	Ribo_ND_025276	422	421	1	0	0	0
fullCP	Blue	train	Ribo_ND_026074	436	435	1	0	0	0
fullCP	Blue	train	Ribo_ND_025610	439	438	1	0	0	0
fullCP	Blue	train	Ribo_ND_025130	434	433	1	0	0	0
fullCP	Blue	train	Ribo_ND_025275	423	422	1	0	0	0
fullCP	Blue	train	Ribo_ND_025389	422	421	1	0	0	0
fullCP	Blue	train	Ribo_ND_025138	433	432	1	0	0	0
fullCP	Blue	train	Ribo_ND_015807	368	367	1	0	0	0
fullCP	Blue	train	Ribo_ND_025079	426	425	1	0	0	0
fullCP	Blue	train	Ribo_ND_025104	426	425	1	0	0	0
fullCP	Blue	train	Ribo_ND_016320	377	376	1	0	0	0
fullCP	Blue	train	Ribo_ND_025182	403	402	1	0	0	0
fullCP	Blue	train	Ribo_ND_025238	425	424	1	0	0	0
fullCP	Blue	train	Ribo_ND_025196	430	429	1	0	0	0
fullCP	Blue	train	Ribo_ND_025471	410	409	1	0	0	0
fullCP	Blue	train	Ribo_ND_024645	306	305	1	0	0	0
fullCP	Blue	train	Ribo_ND_096184	498	497	1	0	0	0
fullCP	Blue	train	Ribo_ND_229813	396	395	1	0	0	0
fullCP	Blue	train	Ribo_ND_068189	429	428	1	0	0	0
fullCP	Blue	train	Ribo_ND_325601	375	374	1	0	0	0
fullCP	Blue	train	Ribo_ND_056260	592	591	1	0	0	0
fullCP	Blue	train	Ribo_ND_029735	353	352	1	0	0	0
fullCP	Blue	train	Ribo_ND_125904	543	542	1	0	0	0
fullCP	Blue	train	Ribo_ND_343811	416	415	1	0	0	0
fullCP	Blue	train	Ribo_ND_125033	419	418	1	0	0	0
fullCP	Blue	train	Ribo_ND_160081	457	456	1	0	0	0
fullCP	Blue	train	Ribo_tombunoda_ScMacrV2	423	422	1	0	0	0
fullCP	Blue	train	Ribo_JAAOEH010001851.1	377	376	1	0	0	0
fullCP	Blue	train	Ribo_ND_095983	367	366	1	0	0	0
fullCP	Blue	train	Ribo_ND_391223	391	390	1	0	0	0
fullCP	Blue	train	Ribo_ND_370449	413	412	1	0	0	0
fullCP	Blue	train	Ribo_ND_347441	435	434	1	0	0	0
fullCP	Blue	train	Ribo_ND_133472	438	437	1	0	0	0
fullCP	Blue	train	Ribo_ND_104240	422	421	1	0	0	0
fullCP	Blue	train	Ribo_ND_085862	421	420	1	0	0	0
fullCP	Blue	train	Ribo_ND_163355	389	388	1	0	0	0
fullCP	Blue	train	Ribo_tomREF_NC_005285	379	378	1	0	0	0
fullCP	Blue	train	Ribo_ND_089420	425	424	1	0	0	0
fullCP	Blue	train	Ribo_ND_059596	378	377	1	0	0	0
fullCP	Blue	train	Ribo_ND_062045	489	488	1	0	0	0
fullCP	Blue	train	Ribo_ND_179935	457	456	1	0	0	0
fullCP	Blue	train	Ribo_ND_164838	366	365	1	0	0	0
fullCP	Blue	train	Ribo_ND_391487	442	441	1	0	0	0
fullCP	Blue	train	Ribo_ND_292516	342	341	1	0	0	0
fullCP	Blue	train	Ribo_ND_026280	351	350	1	0	0	0
fullCP	Blue	train	Ribo_ND_083710	413	412	1	0	0	0
fullCP	Blue	train	Ribo_ND_030664	461	460	1	0	0	0
fullCP	Blue	train	Ribo_ND_363507	458	457	1	0	0	0
fullCP	Blue	train	Ribo_ND_391197	473	472	1	0	0	0
fullCP	Blue	train	Ribo_ND_227326	465	464	1	0	0	0
fullCP	Blue	train	Ribo_ND_030168	472	471	1	0	0	0
fullCP	Blue	train	Ribo_ND_025097	420	419	1	0	0	0
fullCP	Blue	train	Ribo_ND_095360	434	433	1	0	0	0
fullCP	Blue	train	Ribo_ND_107501	384	383	1	0	0	0
fullCP	Blue	train	Ribo_ND_386714	338	337	1	0	0	0
fullCP	Blue	train	Ribo_ND_043980	412	411	1	0	0	0
fullCP	Blue	train	Ribo_ND_056125	530	529	1	0	0	0
fullCP	Blue	train	Ribo_ND_037792	410	409	1	0	0	0
fullCP	Blue	train	Ribo_ND_053581	658	657	1	0	0	0
fullCP	Blue	train	Ribo_ND_284218	357	356	1	0	0	0
fullCP	Blue	train	Ribo_ND_030336	407	406	1	0	0	0
fullCP	Blue	train	Ribo_ND_105225	497	496	1	0	0	0
fullCP	Blue	train	Ribo_ND_291744	380	379	1	0	0	0
fullCP	Blue	train	Ribo_ND_056123	568	567	1	0	0	0
fullCP	Blue	train	Ribo_ND_075367	392	391	1	0	0	0
fullCP	Blue	train	Ribo_tomREF_NC_005286	346	345	1	0	0	0
fullCP	Blue	train	Ribo_ND_378405	530	529	1	0	0	0
fullCP	Blue	train	Ribo_ND_089790	420	419	1	0	0	0
fullCP	Blue	train	Ribo_ND_025670	409	408	1	0	0	0
fullCP	Blue	train	Ribo_JAAOEH010001260.1	518	517	1	0	0	0
fullCP	Blue	train	Ribo_ND_380970	478	477	1	0	0	0
fullCP	Blue	train	Ribo_ND_081107	389	388	1	0	0	0
fullCP	Blue	train	Ribo_ND_048421	453	452	1	0	0	0
fullCP	Blue	train	Ribo_ND_043423	350	349	1	0	0	0
fullCP	Blue	train	Ribo_ND_378685	421	420	1	0	0	0
fullCP	Blue	train	Ribo_ND_366312	475	474	1	0	0	0
fullCP	Blue	train	Ribo_ND_043569	378	377	1	0	0	0
fullCP	Blue	train	Ribo_ND_339599	434	433	1	0	0	0
fullCP	Blue	train	Ribo_ND_294842	442	441	1	0	0	0
fullCP	Blue	train	Ribo_ND_025226	495	494	1	0	0	0
fullCP	Blue	train	Ribo_JAAOEH010004953.1	429	428	1	0	0	0
fullCP	Blue	train	Ribo_ND_351124	314	313	1	0	0	0
fullCP	Blue	train	Ribo_ND_295007	318	317	1	0	0	0
fullCP	Blue	train	Ribo_ND_155991	447	446	1	0	0	0
fullCP	Blue	train	Ribo_ND_178820	470	469	1	0	0	0
fullCP	Blue	train	Ribo_ND_015828	479	478	1	0	0	0
fullCP	Blue	train	Ribo_ND_370441	404	403	1	0	0	0
fullCP	Blue	train	Ribo_ND_058974	357	356	1	0	0	0
fullCP	Blue	train	Ribo_ND_103830	403	402	1	0	0	0
fullCP	Blue	train	Ribo_ND_158134	441	440	1	0	0	0
fullCP	Blue	train	Ribo_ND_304046	530	529	1	0	0	0
fullCP	Blue	train	Ribo_tomREF_NC_002187	353	352	1	0	0	0
fullCP	Blue	train	Ribo_ND_166797	372	371	1	0	0	0
fullCP	Blue	train	Ribo_ND_276168	672	671	1	0	0	0
fullCP	Blue	train	Ribo_ND_179269	412	411	1	0	0	0
fullCP	Blue	train	Ribo_ND_352102	447	446	1	0	0	0
fullCP	Blue	train	Ribo_ND_097179	420	419	1	0	0	0
fullCP	Blue	train	Ribo_ND_179963	455	454	1	0	0	0
fullCP	Blue	train	Ribo_ND_105296	484	483	1	0	0	0
fullCP	Blue	train	Ribo_ND_035541	367	366	1	0	0	0
fullCP	Blue	train	Ribo_ND_249715	430	429	1	0	0	0
fullCP	Blue	train	Ribo_ND_391167	386	385	1	0	0	0
fullCP	Blue	train	Ribo_JAAOEH010002326.1	421	420	1	0	0	0
fullCP	Blue	train	Ribo_ND_028501	315	314	1	0	0	0
fullCP	Blue	train	Ribo_ND_129947	488	487	1	0	0	0
fullCP	Blue	train	Ribo_ND_192680	430	429	1	0	0	0
fullCP	Blue	train	Ribo_ND_146063	424	423	1	0	0	0
fullCP	Blue	train	Ribo_ND_019433	339	338	1	0	0	0
fullCP	Blue	train	Ribo_ND_028274	368	367	1	0	0	0
fullCP	Blue	train	Ribo_ND_057910	410	409	1	0	0	0
fullCP	Blue	train	Ribo_ND_129822	321	320	1	0	0	0
fullCP	Blue	train	Ribo_ND_049856	454	453	1	0	0	0
fullCP	Blue	train	Ribo_ND_365502	412	411	1	0	0	0
fullCP	Blue	train	Ribo_ND_024480	629	628	1	0	0	0
fullCP	Blue	train	Ribo_ND_175762	392	391	1	0	0	0
fullCP	Blue	train	Ribo_ND_156799	418	417	1	0	0	0
fullCP	Blue	train	Ribo_ND_180550	491	490	1	0	0	0
fullCP	Blue	train	Ribo_ND_202996	448	447	1	0	0	0
fullCP	Blue	train	Ribo_ND_113307	449	448	1	0	0	0
fullCP	Blue	train	Ribo_ND_115234	377	376	1	0	0	0
fullCP	Blue	train	Ribo_ND_163158	431	430	1	0	0	0
fullCP	Blue	train	Ribo_NC_032991	454	453	1	0	0	0
fullCP	Blue	train	Ribo_ND_123948	473	472	1	0	0	0
fullCP	Blue	train	Ribo_ND_110535	457	456	1	0	0	0
fullCP	Blue	train	Ribo_ND_017053	354	353	1	0	0	0
fullCP	Blue	train	Ribo_ND_350470	445	444	1	0	0	0
fullCP	Blue	train	Ribo_ND_220764	429	428	1	0	0	0
fullCP	Blue	train	Ribo_ND_019888	379	378	1	0	0	0
fullCP	Blue	train	Ribo_ND_084543	452	451	1	0	0	0
fullCP	Blue	train	Ribo_ND_389828	354	353	1	0	0	0
fullCP	Blue	train	Ribo_ND_083791	419	418	1	0	0	0
fullCP	Blue	train	Ribo_ND_131961	422	421	1	0	0	0
fullCP	Blue	train	Ribo_ND_043009	491	490	1	0	0	0
fullCP	Blue	train	Ribo_ND_030182	493	492	1	0	0	0
fullCP	Blue	train	Ribo_ND_114535	432	431	1	0	0	0
fullCP	Blue	train	Ribo_ND_311193	324	323	1	0	0	0
fullCP	Blue	train	Ribo_ND_103289	399	398	1	0	0	0
fullCP	Blue	train	Ribo_ND_133651	422	421	1	0	0	0
fullCP	Blue	train	Ribo_ND_059860	403	402	1	0	0	0
fullCP	Blue	train	Ribo_ND_327463	408	407	1	0	0	0
fullCP	Blue	train	Ribo_ND_184545	408	407	1	0	0	0
fullCP	Blue	train	Ribo_ND_050484	439	438	1	0	0	0
fullCP	Blue	train	Ribo_ND_379577	400	399	1	0	0	0
fullCP	Blue	train	Ribo_ND_177717	468	467	1	0	0	0
fullCP	Blue	train	Ribo_ND_364440	394	393	1	0	0	0
fullCP	Blue	train	Ribo_ND_114938	493	492	1	0	0	0
fullCP	Blue	train	Ribo_ND_166599	573	572	1	0	0	0
fullCP	Blue	train	Ribo_ND_138928	400	399	1	0	0	0
fullCP	Blue	train	Ribo_ND_043264	599	598	1	0	0	0
fullCP	Blue	train	Ribo_ND_249711	426	425	1	0	0	0
fullCP	Blue	train	Ribo_ND_382437	533	532	1	0	0	0
fullCP	Blue	train	Ribo_ND_290178	377	376	1	0	0	0
fullCP	Blue	train	Ribo_ND_279722	422	421	1	0	0	0
fullCP	Blue	train	Ribo_ND_188767	444	443	1	0	0	0
fullCP	Blue	train	Ribo_ND_276201	406	405	1	0	0	0
fullCP	Blue	train	Ribo_ND_278789	343	342	1	0	0	0
fullCP	Blue	train	Ribo_ND_251248	413	412	1	0	0	0
fullCP	Blue	train	Ribo_ND_028704	413	412	1	0	0	0
fullCP	Blue	train	Ribo_ND_182235	496	495	1	0	0	0
fullCP	Blue	train	Ribo_ND_133927	400	399	1	0	0	0
fullCP	Blue	train	Ribo_ND_251186	441	440	1	0	0	0
fullCP	Blue	train	Ribo_ND_133460	379	378	1	0	0	0
fullCP	Blue	train	Ribo_ND_239648	479	478	1	0	0	0
fullCP	Blue	train	Ribo_ND_170511	412	411	1	0	0	0
fullCP	Blue	train	Ribo_ND_066836	446	445	1	0	0	0
fullCP	Blue	train	Ribo_ND_330301	431	430	1	0	0	0
fullCP	Blue	train	Ribo_ND_190377	439	438	1	0	0	0
fullCP	Blue	train	Ribo_ND_139084	518	517	1	0	0	0
fullCP	Blue	train	Ribo_ND_055001	506	505	1	0	0	0
fullCP	Blue	train	Ribo_ND_165024	318	317	1	0	0	0
fullCP	Blue	train	Ribo_ND_160101	478	477	1	0	0	0
fullCP	Blue	train	Ribo_ND_267441	544	543	1	0	0	0
fullCP	Blue	train	Ribo_ND_107697	493	492	1	0	0	0
fullCP	Blue	train	Ribo_ND_292524	347	346	1	0	0	0
fullCP	Blue	train	Ribo_ND_249807	474	473	1	0	0	0
fullCP	Blue	train	Ribo_ND_291700	450	449	1	0	0	0
fullCP	Blue	train	Ribo_ND_387582	345	344	1	0	0	0
fullCP	Blue	train	Ribo_ND_286064	482	481	1	0	0	0
fullCP	Blue	train	Ribo_ND_197526	417	416	1	0	0	0
fullCP	Blue	train	Ribo_ND_189516	424	423	1	0	0	0
fullCP	Blue	train	Ribo_ND_088082	556	555	1	0	0	0
fullCP	Blue	train	Ribo_ND_126494	444	443	1	0	0	0
fullCP	Blue	train	Ribo_ND_177732	378	377	1	0	0	0
fullCP	Blue	train	Ribo_ND_052487	451	450	1	0	0	0
fullCP	Blue	train	Ribo_ND_030231	407	406	1	0	0	0
fullCP	Blue	train	Ribo_JAAOEH010001482.1	429	428	1	0	0	0
fullCP	Blue	train	Ribo_ND_095194	436	435	1	0	0	0
fullCP	Blue	train	Ribo_ND_365659	473	472	1	0	0	0
fullCP	Blue	train	Ribo_JAAOEH010001845.1	449	448	1	0	0	0
fullCP	Blue	train	Ribo_ND_288149	340	339	1	0	0	0
fullCP	Blue	train	Ribo_ND_095663	480	479	1	0	0	0
fullCP	Blue	train	Ribo_ND_281703	351	350	1	0	0	0
fullCP	Blue	train	Ribo_ND_028760	513	512	1	0	0	0
fullCP	Blue	train	Ribo_ND_329968	427	426	1	0	0	0
fullCP	Blue	train	Ribo_ND_159193	441	440	1	0	0	0
fullCP	Blue	train	Ribo_ND_134054	581	580	1	0	0	0
fullCP	Blue	train	Ribo_ND_391455	378	377	1	0	0	0
fullCP	Blue	train	Ribo_ND_124450	419	418	1	0	0	0
fullCP	Blue	train	Ribo_ND_074414	485	484	1	0	0	0
fullCP	Blue	train	Ribo_ND_343394	418	417	1	0	0	0
fullCP	Blue	train	Ribo_ND_146224	421	420	1	0	0	0
fullCP	Blue	train	Ribo_ND_086097	470	469	1	0	0	0
fullCP	Blue	train	Ribo_ND_230736	400	399	1	0	0	0
fullCP	Blue	train	Ribo_ND_345468	345	344	1	0	0	0
fullCP	Blue	train	Ribo_ND_044117	417	416	1	0	0	0
fullCP	Blue	train	Ribo_ND_263188	444	443	1	0	0	0
fullCP	Blue	train	Ribo_ND_085900	487	486	1	0	0	0
fullCP	Blue	train	Ribo_JAAOEH010003587.1	429	428	1	0	0	0
fullCP	Blue	train	Ribo_ND_134820	369	368	1	0	0	0
fullCP	Blue	train	Ribo_ND_387994	426	425	1	0	0	0
fullCP	Blue	train	Ribo_ND_299966	331	330	1	0	0	0
fullCP	Blue	train	Ribo_ND_176110	432	431	1	0	0	0
fullCP	Blue	train	Ribo_ND_195569	396	395	1	0	0	0
fullCP	Blue	train	Ribo_ND_168812	427	426	1	0	0	0
fullCP	Blue	train	Ribo_ND_018979	455	454	1	0	0	0
fullCP	Blue	train	Ribo_ND_166707	445	444	1	0	0	0
fullCP	Blue	train	Ribo_ND_202071	440	439	1	0	0	0
fullCP	Blue	train	Ribo_ND_090497	455	454	1	0	0	0
fullCP	Blue	train	Ribo_ND_382385	309	308	1	0	0	0
fullCP	Blue	train	Ribo_ND_290964	463	462	1	0	0	0
fullCP	Blue	train	Ribo_ND_026643	392	391	1	0	0	0
fullCP	Blue	train	Ribo_ND_066936	445	444	1	0	0	0
fullCP	Blue	train	Ribo_ND_043343	446	445	1	0	0	0
fullCP	Blue	train	Ribo_ND_016151	352	351	1	0	0	0
fullCP	Blue	train	Ribo_ND_057454	380	379	1	0	0	0
fullCP	Blue	train	Ribo_ND_175769	373	372	1	0	0	0
fullCP	Blue	train	Ribo_ND_287598	380	379	1	0	0	0
fullCP	Blue	train	Ribo_ND_060760	406	405	1	0	0	0
fullCP	Blue	train	Ribo_ND_120998	544	543	1	0	0	0
fullCP	Blue	train	Ribo_ND_057098	437	436	1	0	0	0
fullCP	Blue	train	Ribo_ND_093545	470	469	1	0	0	0
fullCP	Blue	train	Ribo_JAAOEH010002410.1	495	494	1	0	0	0
fullCP	Blue	train	Ribo_ND_162128	418	417	1	0	0	0
fullCP	Blue	train	Ribo_ND_045405	437	436	1	0	0	0
fullCP	Blue	train	Ribo_ND_091396	420	419	1	0	0	0
fullCP	Blue	train	Ribo_ND_294143	478	477	1	0	0	0
fullCP	Blue	train	Ribo_ND_363026	611	610	1	0	0	0
fullCP	Blue	train	Ribo_ND_060927	437	436	1	0	0	0
fullCP	Blue	train	Ribo_ND_294854	442	441	1	0	0	0
fullCP	Blue	train	Ribo_ND_180066	374	373	1	0	0	0
fullCP	Blue	train	Ribo_ND_144217	451	450	1	0	0	0
fullCP	Blue	train	Ribo_ND_181970	384	383	1	0	0	0
fullCP	Blue	train	Ribo_ND_163299	499	498	1	0	0	0
fullCP	Blue	train	Ribo_ND_097300	417	416	1	0	0	0
fullCP	Blue	train	Ribo_ND_187649	450	449	1	0	0	0
fullCP	Blue	train	Ribo_ND_166714	426	425	1	0	0	0
fullCP	Blue	train	Ribo_ND_109034	528	527	1	0	0	0
fullCP	Blue	train	Ribo_ND_085033	419	418	1	0	0	0
fullCP	Blue	train	Ribo_ND_015813	346	345	1	0	0	0
fullCP	Blue	train	Ribo_ND_391725	439	438	1	0	0	0
fullCP	Blue	train	Ribo_ND_246835	465	464	1	0	0	0
fullCP	Blue	train	Ribo_tomREF_NC_009533	333	332	1	0	0	0
fullCP	Blue	train	Ribo_JAAOEH010002346.1	425	424	1	0	0	0
fullCP	Blue	train	Ribo_ND_391473	412	411	1	0	0	0
fullCP	Blue	train	Ribo_ND_043886	369	368	1	0	0	0
fullCP	Blue	train	Ribo_ND_044426	479	478	1	0	0	0
fullCP	Blue	train	Ribo_NC_032782	598	597	1	0	0	0
fullCP	Blue	train	Ribo_ND_264019	461	460	1	0	0	0
fullCP	Blue	train	Ribo_ND_249677	558	557	1	0	0	0
fullCP	Blue	train	Ribo_ND_365818	434	433	1	0	0	0
fullCP	Blue	train	Ribo_ND_327924	390	389	1	0	0	0
fullCP	Blue	train	Ribo_ND_025350	360	359	1	0	0	0
fullCP	Blue	train	Ribo_ND_042393	430	429	1	0	0	0
fullCP	Blue	train	Ribo_ND_028450	496	495	1	0	0	0
fullCP	Blue	train	Ribo_ND_111053	497	496	1	0	0	0
fullCP	Blue	train	Ribo_ND_017294	342	341	1	0	0	0
fullCP	Blue	train	Ribo_ND_366252	344	343	1	0	0	0
fullCP	Blue	train	Ribo_ND_107675	511	510	1	0	0	0
fullCP	Blue	train	Ribo_ND_025469	470	469	1	0	0	0
fullCP	Blue	train	Ribo_ND_382439	380	379	1	0	0	0
fullCP	Blue	train	Ribo_ND_030209	421	420	1	0	0	0
fullCP	Blue	train	Ribo_ND_121954	338	337	1	0	0	0
fullCP	Blue	train	Ribo_ND_080284	397	396	1	0	0	0
fullCP	Blue	train	Ribo_ND_166611	436	435	1	0	0	0
fullCP	Blue	train	Ribo_ND_118549	431	430	1	0	0	0
fullCP	Blue	train	Ribo_ND_029391	510	509	1	0	0	0
fullCP	Blue	train	Ribo_ND_249734	425	424	1	0	0	0
fullCP	Blue	train	Ribo_ND_345044	361	360	1	0	0	0
fullCP	Blue	train	Ribo_ND_335728	489	488	1	0	0	0
fullCP	Blue	train	Ribo_ND_366370	453	452	1	0	0	0
fullCP	Blue	train	Ribo_ND_093203	348	347	1	0	0	0
fullCP	Blue	train	Ribo_ND_028931	411	410	1	0	0	0
fullCP	Blue	train	Ribo_ND_015659	435	434	1	0	0	0
fullCP	Blue	train	Ribo_ND_290971	464	463	1	0	0	0
fullCP	Blue	train	Ribo_ND_146235	421	420	1	0	0	0
fullCP	Blue	train	Ribo_ND_155771	439	438	1	0	0	0
fullCP	Blue	train	Ribo_ND_114170	479	478	1	0	0	0
fullCP	Blue	train	Ribo_ND_386716	406	405	1	0	0	0
fullCP	Blue	train	Ribo_ND_054817	428	427	1	0	0	0
fullCP	Blue	train	Ribo_ND_056137	434	433	1	0	0	0
fullCP	Blue	train	Ribo_ND_150220	393	392	1	0	0	0
fullCP	Blue	train	Ribo_ND_370447	414	413	1	0	0	0
fullCP	Blue	train	Ribo_ND_234623	471	470	1	0	0	0
fullCP	Blue	train	Ribo_ND_184639	444	443	1	0	0	0
fullCP	Blue	train	Ribo_ND_281961	495	494	1	0	0	0
fullCP	Blue	train	Ribo_ND_015723	387	386	1	0	0	0
fullCP	Blue	train	Ribo_ND_333280	428	427	1	0	0	0
fullCP	Blue	train	Ribo_ND_018983	359	358	1	0	0	0
fullCP	Blue	train	Ribo_ND_130208	435	434	1	0	0	0
fullCP	Blue	train	Ribo_ND_041978	348	347	1	0	0	0
fullCP	Blue	train	Ribo_JAAOEH010002449.1	577	576	1	0	0	0
fullCP	Blue	train	Ribo_ND_019228	421	420	1	0	0	0
fullCP	Blue	train	Ribo_ND_094718	395	394	1	0	0	0
fullCP	Blue	train	Ribo_ND_363042	354	353	1	0	0	0
fullCP	Blue	train	Ribo_ND_075631	466	465	1	0	0	0
fullCP	Blue	train	Ribo_ND_030265	431	430	1	0	0	0
fullCP	Blue	train	Ribo_ND_187985	471	470	1	0	0	0
fullCP	Blue	train	Ribo_ND_156954	515	514	1	0	0	0
fullCP	Blue	train	Ribo_ND_114735	502	501	1	0	0	0
fullCP	Blue	train	Ribo_ND_381661	511	510	1	0	0	0
fullCP	Blue	train	Ribo_ND_082480	561	560	1	0	0	0
fullCP	Blue	train	Ribo_ND_268835	470	469	1	0	0	0
fullCP	Blue	train	Ribo_ND_109125	565	564	1	0	0	0
fullCP	Blue	train	Ribo_ND_236420	365	364	1	0	0	0
fullCP	Blue	train	Ribo_ND_099971	423	422	1	0	0	0
fullCP	Blue	train	Ribo_ND_292549	420	419	1	0	0	0
fullCP	Blue	train	Ribo_ND_358846	488	487	1	0	0	0
fullCP	Blue	train	Ribo_ND_094098	464	463	1	0	0	0
fullCP	Blue	train	Ribo_JAAOEH010001875.1	417	416	1	0	0	0
fullCP	Blue	train	Ribo_ND_253618	425	424	1	0	0	0
fullCP	Blue	train	Ribo_ND_046378	489	488	1	0	0	0
fullCP	Blue	train	Ribo_ND_030153	432	431	1	0	0	0
fullCP	Blue	train	Ribo_ND_148054	429	428	1	0	0	0
fullCP	Blue	train	Ribo_ND_065557	382	381	1	0	0	0
fullCP	Blue	train	Ribo_ND_134282	464	463	1	0	0	0
fullCP	Blue	train	Ribo_ND_391035	375	374	1	0	0	0
fullCP	Blue	train	Ribo_ND_087436	345	344	1	0	0	0
fullCP	Blue	train	Ribo_ND_152036	366	365	1	0	0	0
fullCP	Blue	train	Ribo_ND_024662	468	467	1	0	0	0
fullCP	Blue	train	Ribo_ND_126471	552	551	1	0	0	0
fullCP	Blue	train	Ribo_ND_130202	456	455	1	0	0	0
fullCP	Blue	train	Ribo_ND_390447	378	377	1	0	0	0
fullCP	Blue	train	Ribo_ND_251197	422	421	1	0	0	0
fullCP	Blue	train	Ribo_ND_126022	574	573	1	0	0	0
fullCP	Blue	train	Ribo_ND_306667	389	388	1	0	0	0
fullCP	Blue	train	Ribo_tomREF_NC_000939	374	373	1	0	0	0
fullCP	Blue	train	Ribo_ND_285582	644	643	1	0	0	0
fullCP	Blue	train	Ribo_ND_391215	520	519	1	0	0	0
fullCP	Blue	train	Ribo_ND_026429	397	396	1	0	0	0
fullCP	Blue	train	Ribo_ND_184895	389	388	1	0	0	0
fullCP	Blue	train	Ribo_ND_288221	635	634	1	0	0	0
fullCP	Blue	train	Ribo_ND_251071	474	473	1	0	0	0
fullCP	Blue	train	Ribo_ND_064866	443	442	1	0	0	0
fullCP	Blue	train	Ribo_ND_084065	437	436	1	0	0	0
fullCP	Blue	train	Ribo_ND_166566	364	363	1	0	0	0
fullCP	Blue	train	Ribo_ND_082485	558	557	1	0	0	0
fullCP	Blue	train	Ribo_ND_024939	463	462	1	0	0	0
fullCP	Blue	train	Ribo_ND_030302	415	414	1	0	0	0
fullCP	Blue	train	Ribo_ND_094822	416	415	1	0	0	0
fullCP	Blue	train	Ribo_ND_025925	427	426	1	0	0	0
fullCP	Blue	train	Ribo_ND_046929	423	422	1	0	0	0
fullCP	Blue	train	Ribo_ND_327002	427	426	1	0	0	0
fullCP	Blue	train	Ribo_ND_248208	473	472	1	0	0	0
fullCP	Blue	train	Ribo_ND_029688	452	451	1	0	0	0
fullCP	Blue	train	Ribo_ND_290214	393	392	1	0	0	0
fullCP	Blue	train	Ribo_ND_390177	408	407	1	0	0	0
fullCP	Blue	train	Ribo_ND_391466	463	462	1	0	0	0
fullCP	Blue	train	Ribo_ND_162910	531	530	1	0	0	0
fullCP	Blue	train	Ribo_ND_203978	334	333	1	0	0	0
fullCP	Blue	train	Ribo_ND_381618	436	435	1	0	0	0
fullCP	Blue	train	Ribo_ND_287427	501	500	1	0	0	0
fullCP	Blue	train	Ribo_ND_107344	359	358	1	0	0	0
fullCP	Blue	train	Ribo_ND_288214	492	491	1	0	0	0
fullCP	Blue	train	Ribo_JAAOEH010001942.1	564	563	1	0	0	0
fullCP	Blue	train	Ribo_ND_163272	410	409	1	0	0	0
fullCP	Blue	train	Ribo_ND_037412	599	598	1	0	0	0
fullCP	Blue	train	Ribo_ND_281976	364	363	1	0	0	0
fullCP	Blue	train	Ribo_ND_251156	413	412	1	0	0	0
fullCP	Blue	train	Ribo_ND_295394	358	357	1	0	0	0
fullCP	Blue	train	Ribo_ND_114875	456	455	1	0	0	0
fullCP	Blue	train	Ribo_ND_124838	396	395	1	0	0	0
fullCP	Blue	train	Ribo_ND_166578	367	366	1	0	0	0
fullCP	Blue	train	Ribo_ND_169363	468	467	1	0	0	0
fullCP	Blue	train	Ribo_ND_029080	392	391	1	0	0	0
fullCP	Blue	train	Ribo_ND_299879	492	491	1	0	0	0
fullCP	Blue	train	Ribo_ND_066589	388	387	1	0	0	0
fullCP	Blue	train	Ribo_ND_025153	357	356	1	0	0	0
fullCP	Blue	train	Ribo_ND_087424	502	501	1	0	0	0
fullCP	Blue	train	Ribo_ND_131407	434	433	1	0	0	0
fullCP	Blue	train	Ribo_ND_180487	438	437	1	0	0	0
fullCP	Blue	train	Ribo_ND_046317	608	607	1	0	0	0
fullCP	Blue	train	Ribo_ND_028954	612	611	1	0	0	0
fullCP	Blue	train	Ribo_ND_246785	464	463	1	0	0	0
fullCP	Blue	train	Ribo_ND_249733	532	531	1	0	0	0
fullCP	Blue	train	Ribo_ND_363858	424	423	1	0	0	0
fullCP	Blue	train	Ribo_ND_043361	430	429	1	0	0	0
fullCP	Blue	train	Ribo_JAAOEH010002610.1	415	414	1	0	0	0
fullCP	Blue	train	Ribo_ND_188050	363	362	1	0	0	0
fullCP	Blue	train	Ribo_ND_106166	434	433	1	0	0	0
fullCP	Blue	train	Ribo_ND_190494	408	407	1	0	0	0
fullCP	Blue	train	Ribo_ND_128914	482	481	1	0	0	0
fullCP	Blue	train	Ribo_ND_385927	395	394	1	0	0	0
fullCP	Blue	train	Ribo_ND_209726	423	422	1	0	0	0
fullCP	Blue	train	Ribo_ND_124466	387	386	1	0	0	0
fullCP	Blue	train	Ribo_ND_030535	362	361	1	0	0	0
fullCP	Blue	train	Ribo_ND_093435	459	458	1	0	0	0
fullCP	Blue	train	Ribo_ND_106677	415	414	1	0	0	0
fullCP	Blue	train	Ribo_ND_287421	342	341	1	0	0	0
fullCP	Blue	train	Ribo_ND_365622	548	547	1	0	0	0
fullCP	Blue	train	Ribo_ND_195610	419	418	1	0	0	0
fullCP	Blue	train	Ribo_ND_107386	403	402	1	0	0	0
fullCP	Blue	train	Ribo_ND_025305	383	382	1	0	0	0
fullCP	Blue	train	Ribo_ND_228726	464	463	1	0	0	0
fullCP	Blue	train	Ribo_ND_028680	446	445	1	0	0	0
fullCP	Blue	train	Ribo_ND_024437	441	440	1	0	0	0
fullCP	Blue	train	Ribo_ND_096464	445	444	1	0	0	0
fullCP	Blue	train	Ribo_ND_066931	501	500	1	0	0	0
fullCP	Blue	train	Ribo_ND_043246	434	433	1	0	0	0
fullCP	Blue	train	Ribo_ND_097677	470	469	1	0	0	0
fullCP	Blue	train	Ribo_ND_099728	431	430	1	0	0	0
fullCP	Blue	train	Ribo_ND_030312	412	411	1	0	0	0
fullCP	Blue	train	Ribo_ND_385553	429	428	1	0	0	0
fullCP	Blue	train	Ribo_ND_125159	413	412	1	0	0	0
fullCP	Blue	train	Ribo_ND_019348	432	431	1	0	0	0
fullCP	Blue	train	Ribo_ND_025533	410	409	1	0	0	0
fullCP	Blue	train	Ribo_ND_078080	460	459	1	0	0	0
fullCP	Blue	train	Ribo_ND_107474	426	425	1	0	0	0
fullCP	Blue	train	Ribo_ND_122116	465	464	1	0	0	0
fullCP	Blue	train	Ribo_ND_043223	381	380	1	0	0	0
fullCP	Blue	train	Ribo_ND_097599	425	424	1	0	0	0
fullCP	Blue	train	Ribo_ND_020627	340	339	1	0	0	0
fullCP	Blue	train	Ribo_ND_306697	379	378	1	0	0	0
fullCP	Blue	train	Ribo_ND_232461	430	429	1	0	0	0
fullCP	Blue	train	Ribo_ND_042915	423	422	1	0	0	0
fullCP	Blue	train	Ribo_ND_327870	370	369	1	0	0	0
fullCP	Blue	train	Ribo_ND_100038	431	430	1	0	0	0
fullCP	Blue	train	Ribo_ND_051634	542	541	1	0	0	0
fullCP	Blue	train	Ribo_ND_095900	471	470	1	0	0	0
fullCP	Blue	train	Ribo_ND_385286	444	443	1	0	0	0
fullCP	Blue	train	Ribo_ND_176115	521	520	1	0	0	0
fullCP	Blue	train	Ribo_ND_050578	425	424	1	0	0	0
fullCP	Blue	train	Ribo_ND_034853	426	425	1	0	0	0
fullCP	Blue	train	Ribo_ND_156763	513	512	1	0	0	0
fullCP	Blue	train	Ribo_ND_174691	507	506	1	0	0	0
fullCP	Blue	train	Ribo_ND_365983	429	428	1	0	0	0
fullCP	Blue	train	Ribo_ND_386284	488	487	1	0	0	0
fullCP	Blue	train	Ribo_ND_069154	488	487	1	0	0	0
fullCP	Blue	train	Ribo_ND_163124	472	471	1	0	0	0
fullCP	Blue	train	Ribo_ND_391165	460	459	1	0	0	0
fullCP	Blue	train	Ribo_ND_125217	401	400	1	0	0	0
fullCP	Blue	train	Ribo_ND_190374	382	381	1	0	0	0
fullCP	Blue	train	Ribo_ND_170543	418	417	1	0	0	0
fullCP	Blue	train	Ribo_ND_249738	439	438	1	0	0	0
fullCP	Blue	train	Ribo_ND_134196	449	448	1	0	0	0
fullCP	Blue	train	Ribo_ND_044597	435	434	1	0	0	0
fullCP	Blue	train	Ribo_ND_379850	468	467	1	0	0	0
fullCP	Blue	train	Ribo_ND_166523	392	391	1	0	0	0
fullCP	Blue	train	Ribo_ND_036494	410	409	1	0	0	0
fullCP	Blue	train	Ribo_ND_172983	417	416	1	0	0	0
fullCP	Blue	train	Ribo_ND_284204	357	356	1	0	0	0
fullCP	Blue	train	Ribo_ND_249709	420	419	1	0	0	0
fullCP	Blue	train	Ribo_ND_087862	414	413	1	0	0	0
fullCP	Blue	train	Ribo_ND_391151	529	528	1	0	0	0
fullCP	Blue	train	Ribo_ND_028069	412	411	1	0	0	0
fullCP	Blue	train	Ribo_ND_152138	485	484	1	0	0	0
fullCP	Blue	train	Ribo_ND_388731	372	371	1	0	0	0
fullCP	Blue	train	Ribo_ND_065460	400	399	1	0	0	0
fullCP	Blue	train	Ribo_ND_386726	396	395	1	0	0	0
fullCP	Blue	train	Ribo_ND_390432	368	367	1	0	0	0
fullCP	Blue	train	Ribo_ND_390654	456	455	1	0	0	0
fullCP	Blue	train	Ribo_ND_232455	442	441	1	0	0	0
fullCP	Blue	train	Ribo_ND_046761	423	422	1	0	0	0
fullCP	Blue	train	Ribo_ND_046897	454	453	1	0	0	0
fullCP	Blue	train	Ribo_ND_300927	402	401	1	0	0	0
fullCP	Blue	train	Ribo_ND_172611	355	354	1	0	0	0
fullCP	Blue	train	Ribo_ND_051536	423	422	1	0	0	0
fullCP	Blue	train	Ribo_ND_385876	472	471	1	0	0	0
fullCP	Blue	train	Ribo_ND_130292	436	435	1	0	0	0
fullCP	Blue	train	Ribo_ND_362746	421	420	1	0	0	0
fullCP	Blue	train	Ribo_ND_025523	359	358	1	0	0	0
fullCP	Blue	train	Ribo_ND_383206	349	348	1	0	0	0
fullCP	Blue	train	Ribo_ND_015665	366	365	1	0	0	0
fullCP	Blue	train	Ribo_ND_047125	372	371	1	0	0	0
fullCP	Blue	train	Ribo_ND_157297	352	351	1	0	0	0
fullCP	Blue	train	Ribo_ND_130920	423	422	1	0	0	0
fullCP	Blue	train	Ribo_ND_090573	449	448	1	0	0	0
fullCP	Blue	train	Ribo_ND_028768	419	418	1	0	0	0
fullCP	Blue	train	Ribo_ND_025122	393	392	1	0	0	0
fullCP	Blue	train	Ribo_ND_387689	301	300	1	0	0	0
fullCP	Blue	train	Ribo_ND_379330	386	385	1	0	0	0
fullCP	Blue	train	Ribo_ND_041617	470	469	1	0	0	0
fullCP	Blue	train	Ribo_ND_025437	422	421	1	0	0	0
fullCP	Blue	train	Ribo_ND_028328	416	415	1	0	0	0
fullCP	Blue	train	Ribo_ND_389711	497	496	1	0	0	0
fullCP	Blue	train	Ribo_ND_334638	422	421	1	0	0	0
fullCP	Blue	train	Ribo_ND_281997	374	373	1	0	0	0
fullCP	Blue	train	Ribo_ND_124503	562	561	1	0	0	0
fullCP	Blue	train	Ribo_ND_301567	420	419	1	0	0	0
fullCP	Blue	train	Ribo_ND_121659	499	498	1	0	0	0
fullCP	Blue	train	Ribo_Ga0127507_1003872	379	378	1	0	0	0
fullCP	Blue	train	Ribo_ND_025042	478	477	1	0	0	0
fullCP	Blue	train	Ribo_ND_046480	426	425	1	0	0	0
fullCP	Blue	train	Ribo_ND_382127	475	474	1	0	0	0
fullCP	Blue	train	Ribo_ND_387567	448	447	1	0	0	0
fullCP	Blue	train	Ribo_ND_044336	392	391	1	0	0	0
fullCP	Blue	train	Ribo_ND_059632	513	512	1	0	0	0
fullCP	Blue	train	Ribo_ND_129723	412	411	1	0	0	0
fullCP	Blue	train	Ribo_ND_185431	351	350	1	0	0	0
fullCP	Blue	train	Ribo_ND_025209	460	459	1	0	0	0
fullCP	Blue	train	Ribo_ND_126777	343	342	1	0	0	0
fullCP	Blue	train	Ribo_ND_249722	417	416	1	0	0	0
fullCP	Blue	train	Ribo_ND_047182	429	428	1	0	0	0
fullCP	Blue	train	Ribo_ND_090466	398	397	1	0	0	0
fullCP	Blue	train	Ribo_ND_342381	354	353	1	0	0	0
fullCP	Blue	train	Ribo_ND_094808	488	487	1	0	0	0
fullCP	Blue	train	Ribo_ND_390206	368	367	1	0	0	0
fullCP	Blue	train	Ribo_ND_091569	402	401	1	0	0	0
fullCP	Blue	train	Ribo_ND_293245	356	355	1	0	0	0
fullCP	Blue	train	Ribo_ND_209831	566	565	1	0	0	0
fullCP	Blue	train	Ribo_ND_057440	609	608	1	0	0	0
fullCP	Blue	train	Ribo_ND_302664	434	433	1	0	0	0
fullCP	Blue	train	Ribo_ND_028381	347	346	1	0	0	0
fullCP	Blue	train	Ribo_ND_203599	465	464	1	0	0	0
fullCP	Blue	train	Ribo_ND_081504	405	404	1	0	0	0
fullCP	Blue	train	Ribo_ND_289130	380	379	1	0	0	0
fullCP	Blue	train	Ribo_ND_239879	633	632	1	0	0	0
fullCP	Blue	train	Ribo_ND_141237	541	540	1	0	0	0
fullCP	Blue	train	Ribo_ND_276181	446	445	1	0	0	0
fullCP	Blue	train	Ribo_ND_100110	490	489	1	0	0	0
fullCP	Blue	train	Ribo_ND_113791	516	515	1	0	0	0
fullCP	Blue	train	Ribo_ND_092587	398	397	1	0	0	0
fullCP	Blue	train	Ribo_ND_049257	465	464	1	0	0	0
fullCP	Blue	train	Ribo_ND_056534	357	356	1	0	0	0
fullCP	Blue	train	Ribo_ND_167327	383	382	1	0	0	0
fullCP	Blue	train	Ribo_ND_096062	326	325	1	0	0	0
fullCP	Blue	train	Ribo_ND_082626	614	613	1	0	0	0
fullCP	Blue	train	Ribo_ND_162119	418	417	1	0	0	0
fullCP	Blue	train	Ribo_ND_054423	436	435	1	0	0	0
fullCP	Blue	train	Ribo_ND_080952	517	516	1	0	0	0
fullCP	Blue	train	Ribo_ND_284211	429	428	1	0	0	0
fullCP	Blue	train	Ribo_ND_044943	583	582	1	0	0	0
fullCP	Blue	train	Ribo_ND_100007	439	438	1	0	0	0
fullCP	Blue	train	Ribo_ND_082763	388	387	1	0	0	0
fullCP	Blue	train	Ribo_ND_343304	424	423	1	0	0	0
fullCP	Blue	train	Ribo_ND_112030	380	379	1	0	0	0
fullCP	Blue	train	Ribo_ND_044838	591	590	1	0	0	0
fullCP	Blue	train	Ribo_ND_129922	354	353	1	0	0	0
fullCP	Blue	train	Ribo_ND_282773	424	423	1	0	0	0
fullCP	Blue	train	Ribo_ND_126855	446	445	1	0	0	0
fullCP	Blue	train	Ribo_ND_249643	523	522	1	0	0	0
fullCP	Blue	train	Ribo_JAAOEH010004401.1	428	427	1	0	0	0
fullCP	Blue	train	Ribo_ND_249717	425	424	1	0	0	0
fullCP	Blue	train	Ribo_ND_279534	357	356	1	0	0	0
fullCP	Blue	train	Ribo_ND_089619	508	507	1	0	0	0
fullCP	Blue	train	Ribo_ND_156966	472	471	1	0	0	0
fullCP	Blue	train	Ribo_ND_391477	410	409	1	0	0	0
fullCP	Blue	train	Ribo_ND_161999	554	553	1	0	0	0
fullCP	Blue	train	Ribo_ND_024358	482	481	1	0	0	0
fullCP	Blue	train	Ribo_ND_109190	413	412	1	0	0	0
fullCP	Blue	train	Ribo_ND_093165	379	378	1	0	0	0
fullCP	Blue	train	Ribo_ND_293168	363	362	1	0	0	0
fullCP	Blue	train	Ribo_ND_028071	413	412	1	0	0	0
fullCP	Blue	train	Ribo_ND_151495	401	400	1	0	0	0
fullCP	Blue	train	Ribo_ND_064805	659	658	1	0	0	0
fullCP	Blue	train	Ribo_ND_038050	435	434	1	0	0	0
fullCP	Blue	train	Ribo_ND_068953	463	462	1	0	0	0
fullCP	Blue	train	Ribo_ND_289146	408	407	1	0	0	0
fullCP	Blue	train	Ribo_ND_028737	361	360	1	0	0	0
fullCP	Blue	train	Ribo_JAAOEH010005851.1	424	423	1	0	0	0
fullCP	Blue	train	Ribo_ND_363188	422	421	1	0	0	0
fullCP	Blue	train	Ribo_ND_030167	440	439	1	0	0	0
fullCP	Blue	train	Ribo_ND_210078	356	355	1	0	0	0
fullCP	Blue	train	Ribo_ND_025550	419	418	1	0	0	0
fullCP	Blue	train	Ribo_ND_335472	428	427	1	0	0	0
fullCP	Blue	train	Ribo_ND_018962	394	393	1	0	0	0
fullCP	Blue	train	Ribo_ND_150904	358	357	1	0	0	0
fullCP	Blue	train	Ribo_ND_389708	451	450	1	0	0	0
fullCP	Blue	train	Ribo_ND_017293	339	338	1	0	0	0
fullCP	Blue	train	Ribo_ND_044149	422	421	1	0	0	0
fullCP	Blue	train	Ribo_ND_370430	420	419	1	0	0	0
fullCP	Blue	train	Ribo_ND_299887	455	454	1	0	0	0
fullCP	Blue	train	Ribo_ND_046858	497	496	1	0	0	0
fullCP	Blue	train	Ribo_ND_156561	454	453	1	0	0	0
fullCP	Blue	train	Ribo_ND_104580	481	480	1	0	0	0
fullCP	Blue	train	Ribo_ND_124237	519	518	1	0	0	0
fullCP	Blue	train	Ribo_ND_391025	456	455	1	0	0	0
fullCP	Blue	train	Ribo_ND_080221	452	451	1	0	0	0
fullCP	Blue	train	Ribo_ND_166930	432	431	1	0	0	0
fullCP	Blue	train	Ribo_ND_203176	486	485	1	0	0	0
fullCP	Blue	train	Ribo_ND_030257	419	418	1	0	0	0
fullCP	Blue	train	Ribo_ND_327282	535	534	1	0	0	0
fullCP	Blue	train	Ribo_ND_204147	443	442	1	0	0	0
fullCP	Blue	train	Ribo_ND_249740	416	415	1	0	0	0
fullCP	Blue	train	Ribo_ND_024984	477	476	1	0	0	0
fullCP	Blue	train	Ribo_ND_187630	452	451	1	0	0	0
fullCP	Blue	train	Ribo_ND_025598	377	376	1	0	0	0
fullCP	Blue	train	Ribo_ND_304663	417	416	1	0	0	0
fullCP	Blue	train	Ribo_ND_391182	378	377	1	0	0	0
fullCP	Blue	train	Ribo_ND_158705	448	447	1	0	0	0
fullCP	Blue	train	Ribo_ND_101784	482	481	1	0	0	0
fullCP	Blue	train	Ribo_ND_113090	357	356	1	0	0	0
fullCP	Blue	train	Ribo_ND_131051	479	478	1	0	0	0
fullCP	Blue	train	Ribo_ND_189570	478	477	1	0	0	0
fullCP	Blue	train	Ribo_ND_390249	435	434	1	0	0	0
fullCP	Blue	train	Ribo_ND_095482	379	378	1	0	0	0
fullCP	Blue	train	Ribo_ND_044240	437	436	1	0	0	0
fullCP	Blue	train	Ribo_ND_381174	425	424	1	0	0	0
fullCP	Blue	train	Ribo_ND_056148	467	466	1	0	0	0
fullCP	Blue	train	Ribo_ND_048689	303	302	1	0	0	0
fullCP	Blue	train	Ribo_ND_064397	560	559	1	0	0	0
fullCP	Blue	train	Ribo_ND_092948	392	391	1	0	0	0
fullCP	Blue	train	Ribo_NC_032884	343	342	1	0	0	0
fullCP	Blue	train	Ribo_ND_365732	473	472	1	0	0	0
fullCP	Blue	train	Ribo_ND_149174	401	400	1	0	0	0
fullCP	Blue	train	Ribo_ND_336310	599	598	1	0	0	0
fullCP	Blue	train	Ribo_ND_099904	489	488	1	0	0	0
fullCP	Blue	train	Ribo_ND_175738	514	513	1	0	0	0
fullCP	Blue	train	Ribo_ND_162268	436	435	1	0	0	0
fullCP	Blue	train	Ribo_ND_108514	585	584	1	0	0	0
fullCP	Blue	train	Ribo_ND_133060	432	431	1	0	0	0
fullCP	Blue	train	Ribo_ND_025095	454	453	1	0	0	0
fullCP	Blue	train	Ribo_ND_282731	424	423	1	0	0	0
fullCP	Blue	train	Ribo_ND_344864	483	482	1	0	0	0
fullCP	Blue	train	Ribo_ND_363252	396	395	1	0	0	0
fullCP	Blue	train	Ribo_ND_281801	352	351	1	0	0	0
fullCP	Blue	train	Ribo_ND_028716	376	375	1	0	0	0
fullCP	Blue	train	Ribo_ND_249827	380	379	1	0	0	0
fullCP	Blue	train	Ribo_ND_103002	528	527	1	0	0	0
fullCP	Blue	train	Ribo_ND_163206	688	687	1	0	0	0
fullCP	Blue	train	Ribo_ND_025706	391	390	1	0	0	0
fullCP	Blue	train	Ribo_JAAOEH010001208.1	381	380	1	0	0	0
fullCP	Blue	train	Ribo_ND_099810	440	439	1	0	0	0
fullCP	Blue	train	Ribo_ND_347450	432	431	1	0	0	0
fullCP	Blue	train	Ribo_ND_115273	410	409	1	0	0	0
fullCP	Blue	train	Ribo_ND_198694	445	444	1	0	0	0
fullCP	Blue	train	Ribo_ND_082839	431	430	1	0	0	0
fullCP	Blue	train	Ribo_ND_289124	455	454	1	0	0	0
fullCP	Blue	train	Ribo_ND_278159	351	350	1	0	0	0
fullCP	Blue	train	Ribo_ND_102430	472	471	1	0	0	0
fullCP	Blue	train	Ribo_ND_284825	474	473	1	0	0	0
fullCP	Blue	train	Ribo_ND_210241	446	445	1	0	0	0
fullCP	Blue	train	Ribo_ND_282720	486	485	1	0	0	0
fullCP	Blue	train	Ribo_ND_043923	413	412	1	0	0	0
fullCP	Blue	train	Ribo_ND_301024	419	418	1	0	0	0
fullCP	Blue	train	Ribo_ND_370454	390	389	1	0	0	0
fullCP	Blue	train	Ribo_ND_363905	417	416	1	0	0	0
fullCP	Blue	train	Ribo_ND_151413	436	435	1	0	0	0
fullCP	Blue	train	Ribo_ND_089609	401	400	1	0	0	0
fullCP	Blue	train	Ribo_tomREF_NC_022895	391	390	1	0	0	0
fullCP	Blue	train	Ribo_ND_030238	393	392	1	0	0	0
fullCP	Blue	train	Ribo_ND_387096	541	540	1	0	0	0
fullCP	Blue	train	Ribo_ND_127922	385	384	1	0	0	0
fullCP	Blue	train	Ribo_ND_092480	385	384	1	0	0	0
fullCP	Blue	train	Ribo_Ga0127505_1039318	543	542	1	0	0	0
fullCP	Blue	train	Ribo_ND_025679	490	489	1	0	0	0
fullCP	Blue	train	Ribo_ND_057797	379	378	1	0	0	0
fullCP	Blue	train	Ribo_ND_294841	357	356	1	0	0	0
fullCP	Blue	train	Ribo_ND_107279	478	477	1	0	0	0
fullCP	Blue	train	Ribo_ND_067383	465	464	1	0	0	0
fullCP	Blue	train	Ribo_ND_251250	438	437	1	0	0	0
fullCP	Blue	train	Ribo_ND_292467	420	419	1	0	0	0
fullCP	Blue	train	Ribo_ND_164848	445	444	1	0	0	0
fullCP	Blue	train	Ribo_ND_025475	397	396	1	0	0	0
fullCP	Blue	train	Ribo_ND_048457	424	423	1	0	0	0
fullCP	Blue	train	Ribo_ND_057449	511	510	1	0	0	0
fullCP	Blue	train	Ribo_ND_147067	433	432	1	0	0	0
fullCP	Blue	train	Ribo_ND_306487	331	330	1	0	0	0
fullCP	Blue	train	Ribo_JAAOEH010002127.1	357	356	1	0	0	0
fullCP	Blue	train	Ribo_ND_082062	358	357	1	0	0	0
fullCP	Blue	train	Ribo_ND_249719	443	442	1	0	0	0
fullCP	Blue	train	Ribo_ND_025326	377	376	1	0	0	0
fullCP	Blue	train	Ribo_ND_163033	382	381	1	0	0	0
fullCP	Blue	train	Ribo_ND_083099	353	352	1	0	0	0
fullCP	Blue	train	Ribo_tomREF_NC_001469	381	380	1	0	0	0
fullCP	Blue	train	Ribo_ND_180510	423	422	1	0	0	0
fullCP	Blue	train	Ribo_ND_112591	438	437	1	0	0	0
fullCP	Blue	train	Ribo_ND_190342	365	364	1	0	0	0
fullCP	Blue	train	Ribo_ND_366175	440	439	1	0	0	0
fullCP	Blue	train	Ribo_ND_094183	376	375	1	0	0	0
fullCP	Blue	train	Ribo_ND_251103	385	384	1	0	0	0
fullCP	Blue	train	Ribo_ND_025587	407	406	1	0	0	0
fullCP	Blue	train	Ribo_ND_056464	435	434	1	0	0	0
fullCP	Blue	train	Ribo_ND_290207	349	348	1	0	0	0
fullCP	Blue	train	Ribo_ND_128048	413	412	1	0	0	0
fullCP	Blue	train	Ribo_ND_132240	447	446	1	0	0	0
fullCP	Blue	train	Ribo_ND_166803	423	422	1	0	0	0
fullCP	Blue	train	Ribo_ND_293220	454	453	1	0	0	0
fullCP	Blue	train	Ribo_ND_037368	425	424	1	0	0	0
fullCP	Blue	train	Ribo_tomREF_NC_020073	392	391	1	0	0	0
fullCP	Blue	train	Ribo_ND_058275	577	576	1	0	0	0
fullCP	Blue	train	Ribo_ND_370416	442	441	1	0	0	0
fullCP	Blue	train	Ribo_ND_285201	346	345	1	0	0	0
fullCP	Blue	train	Ribo_ND_028526	523	522	1	0	0	0
fullCP	Blue	train	Ribo_ND_179581	376	375	1	0	0	0
fullCP	Blue	train	Ribo_ND_236943	502	501	1	0	0	0
fullCP	Blue	train	Ribo_tomREF_NC_030452	390	389	1	0	0	0
fullCP	Blue	train	Ribo_ND_060792	357	356	1	0	0	0
fullCP	Blue	train	Ribo_ND_387053	402	401	1	0	0	0
fullCP	Blue	train	Ribo_ND_278441	428	427	1	0	0	0
fullCP	Blue	train	Ribo_ND_158731	504	503	1	0	0	0
fullCP	Blue	train	Ribo_NC_033438	350	349	1	0	0	0
fullCP	Blue	train	Ribo_ND_056608	411	410	1	0	0	0
fullCP	Blue	train	Ribo_ND_024746	422	421	1	0	0	0
fullCP	Blue	train	Ribo_ND_189456	527	526	1	0	0	0
fullCP	Blue	train	Ribo_tombunoda_KF510030	451	450	1	0	0	0
fullCP	Blue	train	Ribo_ND_045743	474	473	1	0	0	0
fullCP	Blue	train	Ribo_ND_202418	370	369	1	0	0	0
fullCP	Blue	train	Ribo_ND_024730	489	488	1	0	0	0
fullCP	Blue	train	Ribo_ND_336234	390	389	1	0	0	0
fullCP	Blue	train	Ribo_ND_025424	370	369	1	0	0	0
fullCP	Blue	train	Ribo_ND_037080	462	461	1	0	0	0
fullCP	Blue	train	Ribo_ND_028817	432	431	1	0	0	0
fullCP	Blue	train	Ribo_ND_169315	378	377	1	0	0	0
fullCP	Blue	train	Ribo_ND_071273	461	460	1	0	0	0
fullCP	Blue	train	Ribo_ND_329178	426	425	1	0	0	0
fullCP	Blue	train	Ribo_ND_091409	521	520	1	0	0	0
fullCP	Blue	train	Ribo_ND_365513	431	430	1	0	0	0
fullCP	Blue	train	Ribo_ND_170524	623	622	1	0	0	0
fullCP	Blue	train	Ribo_ND_147366	360	359	1	0	0	0
fullCP	Blue	train	Ribo_ND_378986	412	411	1	0	0	0
fullCP	Blue	train	Ribo_JAAOEH010001771.1	443	442	1	0	0	0
fullCP	Blue	train	Ribo_ND_057539	312	311	1	0	0	0
fullCP	Blue	train	Ribo_ND_251120	456	455	1	0	0	0
fullCP	Blue	train	Ribo_ND_327873	432	431	1	0	0	0
fullCP	Blue	train	Ribo_ND_177413	430	429	1	0	0	0
fullCP	Blue	train	Ribo_ND_094061	445	444	1	0	0	0
fullCP	Blue	train	Ribo_ND_030242	406	405	1	0	0	0
fullCP	Blue	train	Ribo_ND_258921	550	549	1	0	0	0
fullCP	Blue	train	Ribo_ND_282003	324	323	1	0	0	0
fullCP	Blue	train	Ribo_ND_226143	375	374	1	0	0	0
fullCP	Blue	train	Ribo_ND_339575	397	396	1	0	0	0
fullCP	Blue	train	Ribo_ND_053539	394	393	1	0	0	0
fullCP	Blue	train	Ribo_ND_266811	375	374	1	0	0	0
fullCP	Blue	train	Ribo_ND_017768	302	301	1	0	0	0
fullCP	Blue	train	Ribo_ND_166868	411	410	1	0	0	0
fullCP	Blue	train	Ribo_ND_345505	412	411	1	0	0	0
fullCP	Blue	train	Ribo_ND_249699	422	421	1	0	0	0
fullCP	Blue	train	Ribo_ND_030228	430	429	1	0	0	0
fullCP	Blue	train	Ribo_ND_024707	438	437	1	0	0	0
fullCP	Blue	train	Ribo_ND_138880	426	425	1	0	0	0
fullCP	Blue	train	Ribo_ND_090759	341	340	1	0	0	0
fullCP	Blue	train	Ribo_ND_249488	560	559	1	0	0	0
fullCP	Blue	train	Ribo_ND_237007	494	493	1	0	0	0
fullCP	Blue	train	Ribo_ND_340116	420	419	1	0	0	0
fullCP	Blue	train	Ribo_ND_175203	389	388	1	0	0	0
fullCP	Blue	train	Ribo_ND_016517	345	344	1	0	0	0
fullCP	Blue	train	Ribo_ND_284233	341	340	1	0	0	0
fullCP	Blue	train	Ribo_ND_391046	369	368	1	0	0	0
fullCP	Blue	train	Ribo_tomREF_NC_001339	389	388	1	0	0	0
fullCP	Blue	train	Ribo_ND_337560	364	363	1	0	0	0
fullCP	Blue	train	Ribo_ND_313196	510	509	1	0	0	0
fullCP	Blue	train	Ribo_ND_304381	484	483	1	0	0	0
fullCP	Blue	train	Ribo_ND_114758	521	520	1	0	0	0
fullCP	Blue	train	Ribo_ND_057533	441	440	1	0	0	0
fullCP	Blue	train	Ribo_ND_025512	435	434	1	0	0	0
fullCP	Blue	train	Ribo_ND_145828	427	426	1	0	0	0
fullCP	Blue	train	Ribo_ND_366210	617	616	1	0	0	0
fullCP	Blue	train	Ribo_ND_306376	311	310	1	0	0	0
fullCP	Blue	train	Ribo_tomREF_NC_001600	352	351	1	0	0	0
fullCP	Blue	train	Ribo_ND_025211	363	362	1	0	0	0
fullCP	Blue	train	Ribo_ND_363181	333	332	1	0	0	0
fullCP	Blue	train	Ribo_ND_095931	506	505	1	0	0	0
fullCP	Blue	train	Ribo_ND_028859	418	417	1	0	0	0
fullCP	Blue	train	Ribo_ND_016811	345	344	1	0	0	0
fullCP	Blue	train	Ribo_ND_291015	354	353	1	0	0	0
fullCP	Blue	train	Ribo_ND_060734	441	440	1	0	0	0
fullCP	Blue	train	Ribo_ND_059851	501	500	1	0	0	0
fullCP	Blue	train	Ribo_ND_015995	350	349	1	0	0	0
fullCP	Blue	train	Ribo_ND_387173	421	420	1	0	0	0
fullCP	Blue	train	Ribo_ND_048417	358	357	1	0	0	0
fullCP	Blue	train	Ribo_ND_185791	407	406	1	0	0	0
fullCP	Blue	train	Ribo_ND_168815	390	389	1	0	0	0
fullCP	Blue	train	Ribo_ND_344308	474	473	1	0	0	0
fullCP	Blue	train	Ribo_ND_350465	519	518	1	0	0	0
fullCP	Blue	train	Ribo_ND_032229	429	428	1	0	0	0
fullCP	Blue	train	Ribo_ND_284212	346	345	1	0	0	0
fullCP	Blue	train	Ribo_ND_128801	391	390	1	0	0	0
fullCP	Blue	train	Ribo_ND_134792	362	361	1	0	0	0
fullCP	Blue	train	Ribo_ND_025549	382	381	1	0	0	0
fullCP	Blue	train	Ribo_ND_064469	518	517	1	0	0	0
fullCP	Blue	train	Ribo_ND_142318	587	586	1	0	0	0
fullCP	Blue	train	Ribo_ND_198441	417	416	1	0	0	0
fullCP	Blue	train	Ribo_ND_095233	362	361	1	0	0	0
fullCP	Blue	train	Ribo_ND_182537	430	429	1	0	0	0
fullCP	Blue	train	Ribo_ND_106556	471	470	1	0	0	0
fullCP	Blue	train	Ribo_ND_105163	447	446	1	0	0	0
fullCP	Blue	train	Ribo_ND_083005	430	429	1	0	0	0
fullCP	Blue	train	Ribo_ND_308260	427	426	1	0	0	0
fullCP	Blue	train	Ribo_ND_114322	379	378	1	0	0	0
fullCP	Blue	train	Ribo_ND_016202	339	338	1	0	0	0
fullCP	Blue	train	Ribo_ND_279514	423	422	1	0	0	0
fullCP	Blue	train	Ribo_ND_086121	452	451	1	0	0	0
fullCP	Blue	train	Ribo_ND_081696	433	432	1	0	0	0
fullCP	Blue	train	Ribo_ND_028949	415	414	1	0	0	0
fullCP	Blue	train	Ribo_ND_121885	359	358	1	0	0	0
fullCP	Blue	train	Ribo_ND_084466	340	339	1	0	0	0
fullCP	Blue	train	Ribo_ND_024704	512	511	1	0	0	0
fullCP	Blue	train	Ribo_ND_306441	367	366	1	0	0	0
fullCP	Blue	train	Ribo_ND_345541	425	424	1	0	0	0
fullCP	Blue	train	Ribo_JAAOEH010001460.1	379	378	1	0	0	0
fullCP	Blue	train	Ribo_ND_024955	477	476	1	0	0	0
fullCP	Blue	train	Ribo_ND_108358	578	577	1	0	0	0
fullCP	Blue	train	Ribo_ND_107013	506	505	1	0	0	0
fullCP	Blue	train	Ribo_ND_028067	408	407	1	0	0	0
fullCP	Blue	train	Ribo_ND_134564	529	528	1	0	0	0
fullCP	Blue	train	Ribo_ND_356789	410	409	1	0	0	0
fullCP	Blue	train	Ribo_ND_101584	486	485	1	0	0	0
fullCP	Blue	train	Ribo_ND_112191	476	475	1	0	0	0
fullCP	Blue	train	Ribo_ND_026347	410	409	1	0	0	0
fullCP	Blue	train	Ribo_JAAOEH010004812.1	474	473	1	0	0	0
fullCP	Blue	train	Ribo_ND_060762	430	429	1	0	0	0
fullCP	Blue	train	Ribo_ND_107292	403	402	1	0	0	0
fullCP	Blue	train	Ribo_ND_341362	382	381	1	0	0	0
fullCP	Blue	train	Ribo_ND_386299	356	355	1	0	0	0
fullCP	Blue	train	Ribo_ND_106626	435	434	1	0	0	0
fullCP	Blue	train	Ribo_ND_044835	532	531	1	0	0	0
fullCP	Blue	train	Ribo_ND_146036	376	375	1	0	0	0
fullCP	Blue	train	Ribo_ND_025846	417	416	1	0	0	0
fullCP	Blue	train	Ribo_ND_329481	426	425	1	0	0	0
fullCP	Blue	train	Ribo_ND_379348	391	390	1	0	0	0
fullCP	Blue	train	Ribo_ND_286546	585	584	1	0	0	0
fullCP	Blue	train	Ribo_ND_112280	450	449	1	0	0	0
fullCP	Blue	train	Ribo_ND_363036	396	395	1	0	0	0
fullCP	Blue	train	Ribo_ND_385935	458	457	1	0	0	0
fullCP	Blue	train	Ribo_ND_363503	438	437	1	0	0	0
fullCP	Blue	train	Ribo_ND_029460	481	480	1	0	0	0
fullCP	Blue	train	Ribo_JAAOEH010003866.1	522	521	1	0	0	0
fullCP	Blue	train	Ribo_ND_028733	368	367	1	0	0	0
fullCP	Blue	train	Ribo_ND_188635	490	489	1	0	0	0
fullCP	Blue	train	Ribo_ND_370446	521	520	1	0	0	0
fullCP	Blue	train	Ribo_ND_117960	408	407	1	0	0	0
fullCP	Blue	train	Ribo_ND_025243	364	363	1	0	0	0
fullCP	Blue	train	Ribo_ND_249837	375	374	1	0	0	0
fullCP	Blue	train	Ribo_ND_065538	380	379	1	0	0	0
fullCP	Blue	train	Ribo_ND_381566	478	477	1	0	0	0
fullCP	Blue	train	Ribo_ND_184068	367	366	1	0	0	0
fullCP	Blue	train	Ribo_ND_341296	443	442	1	0	0	0
fullCP	Blue	train	Ribo_JAAOEH010002267.1	377	376	1	0	0	0
fullCP	Blue	train	Ribo_ND_119710	437	436	1	0	0	0
fullCP	Blue	train	Ribo_ND_090706	453	452	1	0	0	0
fullCP	Blue	train	Ribo_ND_029515	438	437	1	0	0	0
fullCP	Blue	train	Ribo_ND_166807	432	431	1	0	0	0
fullCP	Blue	train	Ribo_NC_033111	480	479	1	0	0	0
fullCP	Blue	train	Ribo_ND_358880	424	423	1	0	0	0
fullCP	Blue	train	Ribo_ND_105004	461	460	1	0	0	0
fullCP	Blue	train	Ribo_ND_025152	451	450	1	0	0	0
fullCP	Blue	train	Ribo_ND_254815	424	423	1	0	0	0
fullCP	Blue	train	Ribo_ND_176763	374	373	1	0	0	0
fullCP	Blue	train	Ribo_ND_160131	408	407	1	0	0	0
fullCP	Blue	train	Ribo_ND_044399	421	420	1	0	0	0
fullCP	Blue	train	Ribo_ND_390200	339	338	1	0	0	0
fullCP	Blue	train	Ribo_ND_097035	448	447	1	0	0	0
fullCP	Blue	train	Ribo_ND_097088	493	492	1	0	0	0
fullCP	Blue	train	Ribo_ND_388329	387	386	1	0	0	0
fullCP	Blue	train	Ribo_ND_239549	415	414	1	0	0	0
fullCP	Blue	train	Ribo_ND_058928	480	479	1	0	0	0
fullCP	Blue	train	Ribo_ND_024871	439	438	1	0	0	0
fullCP	Blue	train	Ribo_ND_389921	398	397	1	0	0	0
fullCP	Blue	train	Ribo_ND_132724	516	515	1	0	0	0
fullCP	Blue	train	Ribo_ND_028066	422	421	1	0	0	0
fullCP	Blue	train	Ribo_ND_134742	394	393	1	0	0	0
fullCP	Blue	train	Ribo_ND_100104	417	416	1	0	0	0
fullCP	Blue	train	Ribo_ND_055896	378	377	1	0	0	0
fullCP	Blue	train	Ribo_ND_092447	554	553	1	0	0	0
fullCP	Blue	train	Ribo_ND_289096	458	457	1	0	0	0
fullCP	Blue	train	Ribo_ND_363531	506	505	1	0	0	0
fullCP	Blue	train	Ribo_ND_028408	412	411	1	0	0	0
fullCP	Blue	train	Ribo_ND_211785	346	345	1	0	0	0
fullCP	Blue	train	Ribo_ND_059615	513	512	1	0	0	0
fullCP	Blue	train	Ribo_ND_046068	564	563	1	0	0	0
fullCP	Blue	train	Ribo_ND_349259	421	420	1	0	0	0
fullCP	Blue	train	Ribo_ND_249650	414	413	1	0	0	0
fullCP	Blue	train	Ribo_ND_029661	427	426	1	0	0	0
fullCP	Blue	train	Ribo_ND_015690	341	340	1	0	0	0
fullCP	Blue	train	Ribo_ND_327996	376	375	1	0	0	0
fullCP	Blue	train	Ribo_ND_379896	423	422	1	0	0	0
fullCP	Blue	train	Ribo_ND_282017	341	340	1	0	0	0
fullCP	Blue	train	Ribo_ND_041696	424	423	1	0	0	0
fullCP	Blue	train	Ribo_ND_338848	524	523	1	0	0	0
fullCP	Blue	train	Ribo_ND_085206	308	307	1	0	0	0
fullCP	Blue	train	Ribo_ND_045947	373	372	1	0	0	0
fullCP	Blue	train	Ribo_ND_030364	577	576	1	0	0	0
fullCP	Blue	train	Ribo_ND_251221	427	426	1	0	0	0
fullCP	Blue	train	Ribo_ND_025722	384	383	1	0	0	0
fullCP	Blue	train	Ribo_ND_251198	437	436	1	0	0	0
fullCP	Blue	train	Ribo_ND_291673	419	418	1	0	0	0
fullCP	Blue	train	Ribo_JAAOEH010002232.1	431	430	1	0	0	0
fullCP	Blue	train	Ribo_ND_108055	472	471	1	0	0	0
fullCP	Blue	train	Ribo_ND_025792	487	486	1	0	0	0
fullCP	Blue	train	Ribo_ND_166450	440	439	1	0	0	0
fullCP	Blue	train	Ribo_ND_152451	608	607	1	0	0	0
fullCP	Blue	train	Ribo_ND_365844	432	431	1	0	0	0
fullCP	Blue	train	Ribo_ND_025260	490	489	1	0	0	0
fullCP	Blue	train	Ribo_ND_025791	387	386	1	0	0	0
fullCP	Blue	train	Ribo_ND_092887	354	353	1	0	0	0
fullCP	Blue	train	Ribo_ND_051123	440	439	1	0	0	0
fullCP	Blue	train	Ribo_ND_048572	415	414	1	0	0	0
fullCP	Blue	train	Ribo_ND_226039	509	508	1	0	0	0
fullCP	Blue	train	Ribo_ND_071032	449	448	1	0	0	0
fullCP	Blue	train	Ribo_ND_131731	452	451	1	0	0	0
fullCP	Blue	train	Ribo_ND_025373	370	369	1	0	0	0
fullCP	Blue	train	Ribo_ND_096072	442	441	1	0	0	0
fullCP	Blue	train	Ribo_ND_088149	598	597	1	0	0	0
fullCP	Blue	train	Ribo_ND_391022	423	422	1	0	0	0
fullCP	Blue	train	Ribo_ND_391489	351	350	1	0	0	0
fullCP	Blue	train	Ribo_ND_166800	402	401	1	0	0	0
fullCP	Blue	train	Ribo_ND_044364	304	303	1	0	0	0
fullCP	Blue	train	Ribo_ND_029438	435	434	1	0	0	0
fullCP	Blue	train	Ribo_ND_359430	417	416	1	0	0	0
fullCP	Blue	train	Ribo_ND_194362	425	424	1	0	0	0
fullCP	Blue	train	Ribo_ND_203487	498	497	1	0	0	0
fullCP	Blue	train	Ribo_ND_348887	336	335	1	0	0	0
fullCP	Blue	train	Ribo_ND_058946	451	450	1	0	0	0
fullCP	Blue	train	Ribo_ND_081873	619	618	1	0	0	0
fullCP	Blue	train	Ribo_ND_251353	487	486	1	0	0	0
fullCP	Blue	train	Ribo_ND_151781	430	429	1	0	0	0
fullCP	Blue	train	Ribo_ND_166753	451	450	1	0	0	0
fullCP	Blue	train	Ribo_ND_059415	378	377	1	0	0	0
fullCP	Blue	train	Ribo_ND_176106	448	447	1	0	0	0
fullCP	Blue	train	Ribo_ND_029384	410	409	1	0	0	0
fullCP	Blue	train	Ribo_ND_202064	366	365	1	0	0	0
fullCP	Blue	train	Ribo_ND_363601	388	387	1	0	0	0
fullCP	Blue	train	Ribo_ND_016088	339	338	1	0	0	0
fullCP	Blue	train	Ribo_ND_101574	348	347	1	0	0	0
fullCP	Blue	train	Ribo_ND_335948	432	431	1	0	0	0
fullCP	Blue	train	Ribo_ND_347447	426	425	1	0	0	0
fullCP	Blue	train	Ribo_ND_029681	431	430	1	0	0	0
fullCP	Blue	train	Ribo_ND_288285	437	436	1	0	0	0
fullCP	Blue	train	Ribo_ND_096144	473	472	1	0	0	0
fullCP	Blue	train	Ribo_ND_221336	386	385	1	0	0	0
fullCP	Blue	train	Ribo_ND_289203	396	395	1	0	0	0
fullCP	Blue	train	Ribo_ND_370448	399	398	1	0	0	0
fullCP	Blue	train	Ribo_tomREF_NC_035452	454	453	1	0	0	0
fullCP	Blue	train	Ribo_ND_124702	497	496	1	0	0	0
fullCP	Blue	train	Ribo_ND_379594	419	418	1	0	0	0
fullCP	Blue	train	Ribo_ND_321947	538	537	1	0	0	0
fullCP	Blue	train	Ribo_ND_286599	343	342	1	0	0	0
fullCP	Blue	train	Ribo_ND_112738	451	450	1	0	0	0
fullCP	Blue	train	Ribo_ND_061627	415	414	1	0	0	0
fullCP	Blue	train	Ribo_ND_109078	477	476	1	0	0	0
fullCP	Blue	train	Ribo_ND_387559	363	362	1	0	0	0
fullCP	Blue	train	Ribo_ND_106539	537	536	1	0	0	0
fullCP	Blue	train	Ribo_ND_321366	366	365	1	0	0	0
fullCP	Blue	train	Ribo_ND_184566	426	425	1	0	0	0
fullCP	Blue	train	Ribo_ND_388279	430	429	1	0	0	0
fullCP	Blue	train	Ribo_ND_130501	437	436	1	0	0	0
fullCP	Blue	train	Ribo_ND_384169	386	385	1	0	0	0
fullCP	Blue	train	Ribo_ND_024948	475	474	1	0	0	0
fullCP	Blue	train	Ribo_ND_026199	422	421	1	0	0	0
fullCP	Blue	train	Ribo_ND_168965	376	375	1	0	0	0
fullCP	Blue	train	Ribo_ND_025361	387	386	1	0	0	0
fullCP	Blue	train	Ribo_ND_046952	426	425	1	0	0	0
fullCP	Blue	train	Ribo_ND_128603	480	479	1	0	0	0
fullCP	Blue	train	Ribo_ND_248264	418	417	1	0	0	0
fullCP	Blue	train	Ribo_ND_103115	464	463	1	0	0	0
fullCP	Blue	train	Ribo_ND_385473	386	385	1	0	0	0
fullCP	Blue	train	Ribo_ND_285669	368	367	1	0	0	0
fullCP	Blue	train	Ribo_ND_307123	303	302	1	0	0	0
fullCP	Blue	train	Ribo_ND_046666	426	425	1	0	0	0
fullCP	Blue	train	Ribo_ND_082876	452	451	1	0	0	0
fullCP	Blue	train	Ribo_ND_281099	583	582	1	0	0	0
fullCP	Blue	train	Ribo_ND_029138	417	416	1	0	0	0
fullCP	Blue	train	Ribo_ND_107245	381	380	1	0	0	0
fullCP	Blue	train	Ribo_ND_249653	455	454	1	0	0	0
fullCP	Blue	train	Ribo_ND_082351	480	479	1	0	0	0
fullCP	Blue	train	Ribo_ND_380131	374	373	1	0	0	0
fullCP	Blue	train	Ribo_ND_264333	318	317	1	0	0	0
fullCP	Blue	train	Ribo_ND_058964	640	639	1	0	0	0
fullCP	Blue	train	Ribo_ND_286562	456	455	1	0	0	0
fullCP	Blue	train	Ribo_ND_163072	411	410	1	0	0	0
fullCP	Blue	train	Ribo_ND_114665	431	430	1	0	0	0
fullCP	Blue	train	Ribo_ND_028884	407	406	1	0	0	0
fullCP	Blue	train	Ribo_ND_361344	484	483	1	0	0	0
fullCP	Blue	train	Ribo_ND_030388	477	476	1	0	0	0
fullCP	Blue	train	Ribo_ND_030557	368	367	1	0	0	0
fullCP	Blue	train	Ribo_ND_156755	447	446	1	0	0	0
fullCP	Blue	train	Ribo_JAAOEH010002460.1	411	410	1	0	0	0
fullCP	Blue	train	Ribo_ND_348190	423	422	1	0	0	0
fullCP	Blue	train	Ribo_ND_133241	475	474	1	0	0	0
fullCP	Blue	train	Ribo_NC_033443	489	488	1	0	0	0
fullCP	Blue	train	Ribo_ND_384050	386	385	1	0	0	0
fullCP	Blue	train	Ribo_ND_030655	452	451	1	0	0	0
fullCP	Blue	train	Ribo_ND_163136	361	360	1	0	0	0
fullCP	Blue	train	Ribo_ND_076186	337	336	1	0	0	0
fullCP	Blue	train	Ribo_ND_379306	424	423	1	0	0	0
fullCP	Blue	train	Ribo_ND_251266	409	408	1	0	0	0
fullCP	Blue	train	Ribo_ND_147059	407	406	1	0	0	0
fullCP	Blue	train	Ribo_ND_113984	429	428	1	0	0	0
fullCP	Blue	train	Ribo_ND_166644	431	430	1	0	0	0
fullCP	Blue	train	Ribo_ND_043449	421	420	1	0	0	0
fullCP	Blue	train	Ribo_ND_341308	406	405	1	0	0	0
fullCP	Blue	train	Ribo_ND_030619	413	412	1	0	0	0
fullCP	Blue	train	Ribo_ND_152263	457	456	1	0	0	0
fullCP	Blue	train	Ribo_ND_287498	556	555	1	0	0	0
fullCP	Blue	train	Ribo_ND_343365	488	487	1	0	0	0
fullCP	Blue	train	Ribo_ND_366332	459	458	1	0	0	0
fullCP	Blue	train	Ribo_ND_385031	497	496	1	0	0	0
fullCP	Blue	train	Ribo_ND_067689	434	433	1	0	0	0
fullCP	Blue	train	Ribo_ND_386712	438	437	1	0	0	0
fullCP	Blue	train	Ribo_ND_162000	451	450	1	0	0	0
fullCP	Blue	train	Ribo_ND_114974	492	491	1	0	0	0
fullCP	Blue	train	Ribo_ND_090578	422	421	1	0	0	0
fullCP	Blue	train	Ribo_ND_118606	387	386	1	0	0	0
fullCP	Blue	train	Ribo_ND_274455	430	429	1	0	0	0
fullCP	Blue	train	Ribo_ND_030500	562	561	1	0	0	0
fullCP	Blue	train	Ribo_ND_240910	451	450	1	0	0	0
fullCP	Blue	train	Ribo_ND_025249	420	419	1	0	0	0
fullCP	Blue	train	Ribo_ND_020635	378	377	1	0	0	0
fullCP	Blue	train	Ribo_ND_379299	459	458	1	0	0	0
fullCP	Blue	train	Ribo_ND_149118	319	318	1	0	0	0
fullCP	Blue	train	Ribo_ND_129240	397	396	1	0	0	0
fullCP	Blue	train	Ribo_ND_370427	399	398	1	0	0	0
fullCP	Blue	train	Ribo_ND_028774	411	410	1	0	0	0
fullCP	Blue	train	Ribo_ND_101960	429	428	1	0	0	0
fullCP	Blue	train	Ribo_ND_348995	378	377	1	0	0	0
fullCP	Blue	train	Ribo_ND_224267	439	438	1	0	0	0
fullCP	Blue	train	Ribo_JAAOEH010003334.1	441	440	1	0	0	0
fullCP	Blue	train	Ribo_ND_025327	400	399	1	0	0	0
fullCP	Blue	train	Ribo_ND_029406	426	425	1	0	0	0
fullCP	Blue	train	Ribo_ND_166489	376	375	1	0	0	0
fullCP	Blue	train	Ribo_ND_326772	422	421	1	0	0	0
fullCP	Blue	train	Ribo_ND_095564	493	492	1	0	0	0
fullCP	Blue	train	Ribo_ND_389843	471	470	1	0	0	0
fullCP	Blue	train	Ribo_ND_381586	414	413	1	0	0	0
fullCP	Blue	train	Ribo_JAAOEH010001272.1	519	518	1	0	0	0
fullCP	Blue	train	Ribo_ND_355772	378	377	1	0	0	0
fullCP	Blue	train	Ribo_ND_055821	403	402	1	0	0	0
fullCP	Blue	train	Ribo_ND_387581	349	348	1	0	0	0
fullCP	Blue	train	Ribo_ND_292487	343	342	1	0	0	0
fullCP	Blue	train	Ribo_Ga0187796_1206930	450	449	1	0	0	0
fullCP	Blue	train	Ribo_ND_256267	378	377	1	0	0	0
fullCP	Blue	train	Ribo_ND_092889	450	449	1	0	0	0
fullCP	Blue	train	Ribo_ND_137595	414	413	1	0	0	0
fullCP	Blue	train	Ribo_ND_163344	415	414	1	0	0	0
fullCP	Blue	train	Ribo_JAAOEH010001830.1	431	430	1	0	0	0
fullCP	Blue	train	Ribo_ND_082205	352	351	1	0	0	0
fullCP	Blue	train	Ribo_ND_276222	371	370	1	0	0	0
fullCP	Blue	train	Ribo_ND_251123	469	468	1	0	0	0
fullCP	Blue	train	Ribo_ND_066692	453	452	1	0	0	0
fullCP	Blue	train	Ribo_ND_113214	398	397	1	0	0	0
fullCP	Blue	train	Ribo_ND_145825	417	416	1	0	0	0
fullCP	Blue	train	Ribo_ND_251546	458	457	1	0	0	0
fullCP	Blue	train	Ribo_ND_134565	395	394	1	0	0	0
fullCP	Blue	train	Ribo_JAAOEH010000682.1	545	544	1	0	0	0
fullCP	Blue	train	Ribo_ND_221761	481	480	1	0	0	0
fullCP	Blue	train	Ribo_ND_029711	403	402	1	0	0	0
fullCP	Blue	train	Ribo_JAAOEH010004707.1	424	423	1	0	0	0
fullCP	Blue	train	Ribo_ND_019484	338	337	1	0	0	0
fullCP	Blue	train	Ribo_ND_127829	378	377	1	0	0	0
fullCP	Blue	train	Ribo_ND_084066	372	371	1	0	0	0
fullCP	Blue	train	Ribo_tombunoda_PlhalsV2	376	375	1	0	0	0
fullCP	Blue	train	Ribo_ND_172936	455	454	1	0	0	0
fullCP	Blue	train	Ribo_ND_044314	593	592	1	0	0	0
fullCP	Blue	train	Ribo_ND_162029	426	425	1	0	0	0
fullCP	Blue	train	Ribo_ND_117610	431	430	1	0	0	0
fullCP	Blue	train	Ribo_ND_066339	528	527	1	0	0	0
fullCP	Blue	train	Ribo_ND_054075	453	452	1	0	0	0
fullCP	Blue	train	Ribo_ND_028897	413	412	1	0	0	0
fullCP	Blue	train	Ribo_ND_025168	439	438	1	0	0	0
fullCP	Blue	train	Ribo_ND_343206	491	490	1	0	0	0
fullCP	Blue	train	Ribo_ND_044728	529	528	1	0	0	0
fullCP	Blue	train	Ribo_ND_043328	356	355	1	0	0	0
fullCP	Blue	train	Ribo_ND_109227	449	448	1	0	0	0
fullCP	Blue	train	Ribo_ND_025487	335	334	1	0	0	0
fullCP	Blue	train	Ribo_ND_292468	381	380	1	0	0	0
fullCP	Blue	train	Ribo_ND_133967	567	566	1	0	0	0
fullCP	Blue	train	Ribo_ND_389837	350	349	1	0	0	0
fullCP	Blue	train	Ribo_ND_276198	382	381	1	0	0	0
fullCP	Blue	train	Ribo_ND_030439	513	512	1	0	0	0
fullCP	Blue	train	Ribo_JAAOEH010001918.1	415	414	1	0	0	0
fullCP	Blue	train	Ribo_tomREF_NC_003633	455	454	1	0	0	0
fullCP	Blue	train	Ribo_ND_391471	532	531	1	0	0	0
fullCP	Blue	train	Ribo_ND_026159	320	319	1	0	0	0
fullCP	Blue	train	Ribo_ND_347420	373	372	1	0	0	0
fullCP	Blue	train	Ribo_ND_085676	652	651	1	0	0	0
fullCP	Blue	train	Ribo_ND_129610	439	438	1	0	0	0
fullCP	Blue	train	Ribo_ND_082594	421	420	1	0	0	0
fullCP	Blue	train	Ribo_ND_344529	335	334	1	0	0	0
fullCP	Blue	train	Ribo_ND_282038	394	393	1	0	0	0
fullCP	Blue	train	Ribo_ND_084751	417	416	1	0	0	0
fullCP	Blue	train	Ribo_ND_104666	443	442	1	0	0	0
fullCP	Blue	train	Ribo_ND_100474	354	353	1	0	0	0
fullCP	Blue	train	Ribo_tomREF_NC_023339	389	388	1	0	0	0
fullCP	Blue	train	Ribo_ND_024858	468	467	1	0	0	0
fullCP	Blue	train	Ribo_ND_284819	632	631	1	0	0	0
fullCP	Blue	train	Ribo_ND_249226	347	346	1	0	0	0
fullCP	Blue	train	Ribo_ND_381701	422	421	1	0	0	0
fullCP	Blue	train	Ribo_ND_327486	443	442	1	0	0	0
fullCP	Blue	train	Ribo_ND_166810	425	424	1	0	0	0
fullCP	Blue	train	Ribo_ND_114032	454	453	1	0	0	0
fullCP	Blue	train	Ribo_ND_095265	326	325	1	0	0	0
fullCP	Blue	train	Ribo_ND_030149	420	419	1	0	0	0
fullCP	Blue	train	Ribo_ND_370405	515	514	1	0	0	0
fullCP	Blue	train	Ribo_ND_028684	500	499	1	0	0	0
fullCP	Blue	train	Ribo_ND_221227	428	427	1	0	0	0
fullCP	Blue	train	Ribo_ND_391490	351	350	1	0	0	0
fullCP	Blue	train	Ribo_ND_073926	427	426	1	0	0	0
fullCP	Blue	train	Ribo_ND_028878	420	419	1	0	0	0
fullCP	Blue	train	Ribo_ND_179939	463	462	1	0	0	0
fullCP	Blue	train	Ribo_ND_230750	378	377	1	0	0	0
fullCP	Blue	train	Ribo_ND_198292	477	476	1	0	0	0
fullCP	Blue	train	Ribo_ND_030353	447	446	1	0	0	0
fullCP	Blue	train	Ribo_ND_161323	427	426	1	0	0	0
fullCP	Blue	train	Ribo_ND_094068	422	421	1	0	0	0
fullCP	Blue	train	Ribo_ND_054718	484	483	1	0	0	0
fullCP	Blue	train	Ribo_ND_102429	380	379	1	0	0	0
fullCP	Blue	train	Ribo_ND_365497	435	434	1	0	0	0
fullCP	Blue	train	Ribo_ND_025213	484	483	1	0	0	0
fullCP	Blue	train	Ribo_ND_221222	499	498	1	0	0	0
fullCP	Blue	train	Ribo_ND_185405	526	525	1	0	0	0
fullCP	Blue	train	Ribo_ND_181904	480	479	1	0	0	0
fullCP	Blue	train	Ribo_ND_070705	358	357	1	0	0	0
fullCP	Blue	train	Ribo_ND_221979	564	563	1	0	0	0
fullCP	Blue	train	Ribo_ND_187628	463	462	1	0	0	0
fullCP	Blue	train	Ribo_ND_113432	430	429	1	0	0	0
fullCP	Blue	train	Ribo_ND_155710	430	429	1	0	0	0
fullCP	Blue	train	Ribo_ND_096037	361	360	1	0	0	0
fullCP	Blue	train	Ribo_ND_358063	448	447	1	0	0	0
fullCP	Blue	train	Ribo_ND_030540	427	426	1	0	0	0
fullCP	Blue	train	Ribo_JAAOEH010001932.1	475	474	1	0	0	0
fullCP	Blue	train	Ribo_ND_391476	406	405	1	0	0	0
fullCP	Blue	train	Ribo_ND_210459	418	417	1	0	0	0
fullCP	Blue	train	Ribo_ND_129009	515	514	1	0	0	0
fullCP	Blue	train	Ribo_ND_087716	409	408	1	0	0	0
fullCP	Blue	train	Ribo_ND_066079	475	474	1	0	0	0
fullCP	Blue	train	Ribo_ND_101966	421	420	1	0	0	0
fullCP	Blue	train	Ribo_ND_121570	437	436	1	0	0	0
fullCP	Blue	train	Ribo_ND_157660	385	384	1	0	0	0
fullCP	Blue	train	Ribo_ND_024416	501	500	1	0	0	0
fullCP	Blue	train	Ribo_ND_306663	332	331	1	0	0	0
fullCP	Blue	train	Ribo_ND_106338	510	509	1	0	0	0
fullCP	Blue	train	Ribo_ND_042233	415	414	1	0	0	0
fullCP	Blue	train	Ribo_ND_388118	428	427	1	0	0	0
fullCP	Blue	train	Ribo_ND_209718	457	456	1	0	0	0
fullCP	Blue	train	Ribo_ND_095624	579	578	1	0	0	0
fullCP	Blue	train	Ribo_ND_181386	551	550	1	0	0	0
fullCP	Blue	train	Ribo_ND_390213	423	422	1	0	0	0
fullCP	Blue	train	Ribo_ND_281671	457	456	1	0	0	0
fullCP	Blue	train	Ribo_ND_094177	392	391	1	0	0	0
fullCP	Blue	train	Ribo_ND_025169	421	420	1	0	0	0
fullCP	Blue	train	Ribo_ND_187973	417	416	1	0	0	0
fullCP	Blue	train	Ribo_NC_033187	352	351	1	0	0	0
fullCP	Blue	train	Ribo_ND_381553	472	471	1	0	0	0
fullCP	Blue	train	Ribo_ND_107592	434	433	1	0	0	0
fullCP	Blue	train	Ribo_ND_024293	462	461	1	0	0	0
fullCP	Blue	train	Ribo_ND_025491	474	473	1	0	0	0
fullCP	Blue	train	Ribo_JAAOEH010004908.1	432	431	1	0	0	0
fullCP	Blue	train	Ribo_ND_159768	442	441	1	0	0	0
fullCP	Blue	train	Ribo_ND_166650	442	441	1	0	0	0
fullCP	Blue	train	Ribo_ND_115393	433	432	1	0	0	0
fullCP	Blue	train	Ribo_ND_108364	427	426	1	0	0	0
fullCP	Blue	train	Ribo_ND_162995	353	352	1	0	0	0
fullCP	Blue	train	Ribo_ND_161363	524	523	1	0	0	0
fullCP	Blue	train	Ribo_ND_389147	383	382	1	0	0	0
fullCP	Blue	train	Ribo_ND_309034	416	415	1	0	0	0
fullCP	Blue	train	Ribo_ND_282993	416	415	1	0	0	0
fullCP	Blue	train	Ribo_ND_030162	429	428	1	0	0	0
fullCP	Blue	train	Ribo_ND_037751	545	544	1	0	0	0
fullCP	Blue	train	Ribo_ND_165277	517	516	1	0	0	0
fullCP	Blue	train	Ribo_ND_019145	438	437	1	0	0	0
fullCP	Blue	train	Ribo_ND_366110	378	377	1	0	0	0
fullCP	Blue	train	Ribo_ND_182785	419	418	1	0	0	0
fullCP	Blue	train	Ribo_ND_338439	338	337	1	0	0	0
fullCP	Blue	train	Ribo_ND_233410	375	374	1	0	0	0
fullCP	Blue	train	Ribo_ND_141117	451	450	1	0	0	0
fullCP	Blue	train	Ribo_ND_120879	382	381	1	0	0	0
fullCP	Blue	train	Ribo_ND_126269	516	515	1	0	0	0
fullCP	Blue	train	Ribo_ND_025544	515	514	1	0	0	0
fullCP	Blue	train	Ribo_ND_249710	427	426	1	0	0	0
fullCP	Blue	train	Ribo_ND_327198	362	361	1	0	0	0
fullCP	Blue	train	Ribo_ND_025117	538	537	1	0	0	0
fullCP	Blue	train	Ribo_ND_389814	380	379	1	0	0	0
fullCP	Blue	train	Ribo_ND_061784	393	392	1	0	0	0
fullCP	Blue	train	Ribo_ND_290258	427	426	1	0	0	0
fullCP	Blue	train	Ribo_ND_159691	465	464	1	0	0	0
fullCP	Blue	train	Ribo_ND_029504	409	408	1	0	0	0
fullCP	Blue	train	Ribo_MT138147_clostero-likeRdRp_translation	419	418	1	0	0	0
fullCP	Blue	train	Ribo_ND_119547	430	429	1	0	0	0
fullCP	Blue	train	Ribo_ND_015684	345	344	1	0	0	0
fullCP	Blue	train	Ribo_ND_190325	470	469	1	0	0	0
fullCP	Blue	train	Ribo_ND_386283	418	417	1	0	0	0
fullCP	Blue	train	Ribo_ND_107694	428	427	1	0	0	0
fullCP	Blue	train	Ribo_ND_030196	372	371	1	0	0	0
fullCP	Blue	train	Ribo_ND_251219	433	432	1	0	0	0
fullCP	Blue	train	Ribo_ND_029646	441	440	1	0	0	0
fullCP	Blue	train	Ribo_ND_299981	427	426	1	0	0	0
fullCP	Blue	train	Ribo_ND_069102	420	419	1	0	0	0
fullCP	Blue	train	Ribo_ND_370409	360	359	1	0	0	0
fullCP	Blue	train	Ribo_ND_046841	419	418	1	0	0	0
fullCP	Blue	train	Ribo_ND_385092	590	589	1	0	0	0
fullCP	Blue	train	Ribo_ND_122974	441	440	1	0	0	0
fullCP	Blue	train	Ribo_ND_135121	411	410	1	0	0	0
fullCP	Blue	train	Ribo_ND_166745	437	436	1	0	0	0
fullCP	Blue	train	Ribo_ND_114912	382	381	1	0	0	0
fullCP	Blue	train	Ribo_ND_386710	422	421	1	0	0	0
fullCP	Blue	train	Ribo_ND_025035	481	480	1	0	0	0
fullCP	Blue	train	Ribo_ND_172616	378	377	1	0	0	0
fullCP	Blue	train	Ribo_ND_017058	379	378	1	0	0	0
fullCP	Blue	train	Ribo_ND_379831	545	544	1	0	0	0
fullCP	Blue	train	Ribo_ND_184896	459	458	1	0	0	0
fullCP	Blue	train	Ribo_ND_363032	421	420	1	0	0	0
fullCP	Blue	train	Ribo_ND_270988	405	404	1	0	0	0
fullCP	Blue	train	Ribo_ND_327359	373	372	1	0	0	0
fullCP	Blue	train	Ribo_ND_304209	448	447	1	0	0	0
fullCP	Blue	train	Ribo_ND_025456	518	517	1	0	0	0
fullCP	Blue	train	Ribo_ND_203486	457	456	1	0	0	0
fullCP	Blue	train	Ribo_ND_125556	318	317	1	0	0	0
fullCP	Blue	train	Ribo_ND_138350	562	561	1	0	0	0
fullCP	Blue	train	Ribo_ND_094357	339	338	1	0	0	0
fullCP	Blue	train	Ribo_ND_135180	387	386	1	0	0	0
fullCP	Blue	train	Ribo_ND_223996	431	430	1	0	0	0
fullCP	Blue	train	Ribo_ND_108539	309	308	1	0	0	0
fullCP	Blue	train	Ribo_ND_162049	448	447	1	0	0	0
fullCP	Blue	train	Ribo_ND_067073	433	432	1	0	0	0
fullCP	Blue	train	Ribo_tomREF_NC_007733	352	351	1	0	0	0
fullCP	Blue	train	Ribo_ND_025262	487	486	1	0	0	0
fullCP	Blue	train	Ribo_ND_030491	437	436	1	0	0	0
fullCP	Blue	train	Ribo_ND_183764	490	489	1	0	0	0
fullCP	Blue	train	Ribo_ND_187623	419	418	1	0	0	0
fullCP	Blue	train	Ribo_ND_202743	485	484	1	0	0	0
fullCP	Blue	train	Ribo_ND_166391	397	396	1	0	0	0
fullCP	Blue	train	Ribo_ND_114564	436	435	1	0	0	0
fullCP	Blue	train	Ribo_ND_344454	433	432	1	0	0	0
fullCP	Blue	train	Ribo_ND_391228	350	349	1	0	0	0
fullCP	Blue	train	Ribo_ND_122391	469	468	1	0	0	0
fullCP	Blue	train	Ribo_ND_102609	325	324	1	0	0	0
fullCP	Blue	train	Ribo_ND_370444	479	478	1	0	0	0
fullCP	Blue	train	Ribo_ND_180439	375	374	1	0	0	0
fullCP	Blue	train	Ribo_ND_082950	426	425	1	0	0	0
fullCP	Blue	train	Ribo_JAAOEH010004042.1	432	431	1	0	0	0
fullCP	Blue	train	Ribo_ND_081609	478	477	1	0	0	0
fullCP	Blue	train	Ribo_ND_025998	384	383	1	0	0	0
fullCP	Blue	train	Ribo_ND_029528	351	350	1	0	0	0
fullCP	Blue	train	Ribo_ND_099921	417	416	1	0	0	0
fullCP	Blue	test	Cruci_CruV_469	579	578	1	0	0	0
fullCP	Blue	test	Cruci_Schm_JAMFLK010001929_circular	574	573	1	0	0	0
fullCP	Blue	test	Cruci_CruV_351	568	567	1	0	0	0
fullCP	Blue	test	Cruci_CruV_214	565	564	1	0	0	0
fullCP	Blue	test	Cruci_Schm_JAMFLK010001378_circular	565	564	1	0	0	0
fullCP	Blue	test	Cruci_Ariz_MW697566	547	546	1	0	0	0
fullCP	Blue	test	Cruci_CruV_256	543	542	1	0	0	0
fullCP	Blue	test	Cruci_CruV_393	540	539	1	0	0	0
fullCP	Blue	test	Cruci_CruCGE_82	537	536	1	0	0	0
fullCP	Blue	test	Cruci_CruV_350	537	536	1	0	0	0
fullCP	Blue	test	Cruci_CruV_369	537	536	1	0	0	0
fullCP	Blue	test	Cruci_CruV_325	526	525	1	0	0	0
fullCP	Blue	test	Cruci_CruV_327	526	525	1	0	0	0
fullCP	Blue	test	Cruci_CruV_403	524	523	1	0	0	0
fullCP	Blue	test	Cruci_CruV_235	519	518	1	0	0	0
fullCP	Blue	test	Cruci_CruV_343	516	515	1	0	0	0
fullCP	Blue	test	Cruci_CruV_189	515	514	1	0	0	0
fullCP	Blue	test	Cruci_CruV_252	507	506	1	0	0	0
fullCP	Blue	test	Cruci_CruV_254	506	505	1	0	0	0
fullCP	Blue	test	Cruci_CruV_303	505	504	1	0	0	0
fullCP	Blue	test	Cruci_CruV_285	504	503	1	0	0	0
fullCP	Blue	test	Cruci_CruV_476	504	503	1	0	0	0
fullCP	Blue	test	Cruci_CruV_184	503	502	1	0	0	0
fullCP	Blue	test	Cruci_CruV_289	503	502	1	0	0	0
fullCP	Blue	test	Cruci_CruV_318	502	501	1	0	0	0
fullCP	Blue	test	Cruci_CruV_348	502	501	1	0	0	0
fullCP	Blue	test	Cruci_CruV_253	500	499	1	0	0	0
fullCP	Blue	test	Cruci_CruV_315	500	499	1	0	0	0
fullCP	Blue	test	Cruci_CruV_307	499	498	1	0	0	0
fullCP	Blue	test	Cruci_CruV_342	499	498	1	0	0	0
fullCP	Blue	test	Cruci_CruV_354	496	495	1	0	0	0
fullCP	Blue	test	Cruci_CruV_363	494	493	1	0	0	0
fullCP	Blue	test	Cruci_CruV_314	492	491	1	0	0	0
fullCP	Blue	test	Cruci_CruV_356	492	491	1	0	0	0
fullCP	Blue	test	Cruci_CruV_302	491	490	1	0	0	0
fullCP	Blue	test	Cruci_CruV_197	489	488	1	0	0	0
fullCP	Blue	test	Cruci_CruV_519	488	487	1	0	0	0
fullCP	Blue	test	Cruci_CruV_272	487	486	1	0	0	0
fullCP	Blue	test	Cruci_CruV_277	487	486	1	0	0	0
fullCP	Blue	test	Cruci_CruV_281	487	486	1	0	0	0
fullCP	Blue	test	Cruci_CruV_282	487	486	1	0	0	0
fullCP	Blue	test	Cruci_CruV_291	487	486	1	0	0	0
fullCP	Blue	test	Cruci_Ariz_MW697557	480	479	1	0	0	0
fullCP	Blue	test	Cruci_CruV_199	480	479	1	0	0	0
fullCP	Blue	test	Cruci_CruV_216	480	479	1	0	0	0
fullCP	Blue	test	Cruci_CruV_177	479	478	1	0	0	0
fullCP	Blue	test	Cruci_CruV_330	477	476	1	0	0	0
fullCP	Blue	test	Cruci_Ariz_MW697564	476	475	1	0	0	0
fullCP	Blue	test	Cruci_CruV_286	476	475	1	0	0	0
fullCP	Blue	test	Cruci_Schm_JAMFLK010002076_circular	475	474	1	0	0	0
fullCP	Blue	test	Cruci_CruV_160	474	473	1	0	0	0
fullCP	Blue	test	Cruci_CruCGE_296	473	472	1	0	0	0
fullCP	Blue	test	Cruci_CruV_165	473	472	1	0	0	0
fullCP	Blue	test	Cruci_CruV_181	473	472	1	0	0	0
fullCP	Blue	test	Cruci_CruV_187	473	472	1	0	0	0
fullCP	Blue	test	Cruci_CruV_273	473	472	1	0	0	0
fullCP	Blue	test	Cruci_CruV_326	473	472	1	0	0	0
fullCP	Blue	test	Cruci_Ariz_MW697583	472	471	1	0	0	0
fullCP	Blue	test	Cruci_Ariz_MW697667	472	471	1	0	0	0
fullCP	Blue	test	Cruci_CruV_193	472	471	1	0	0	0
fullCP	Blue	test	Cruci_CruV_230	472	471	1	0	0	0
fullCP	Blue	test	Cruci_PB_KX388512	472	471	1	0	0	0
fullCP	Blue	test	Cruci_CruV_191	471	470	1	0	0	0
fullCP	Blue	test	Cruci_CruV_225	471	470	1	0	0	0
fullCP	Blue	test	Cruci_CruV_136	469	468	1	0	0	0
fullCP	Blue	test	Cruci_CruV_299	469	468	1	0	0	0
fullCP	Blue	test	Cruci_Tisza_MK012433.1	468	467	1	0	0	0
fullCP	Blue	test	Cruci_Tisza_MK012508.1	468	467	1	0	0	0
fullCP	Blue	test	Cruci_chiv_Lake_Bourget_contig37561	467	466	1	0	0	0
fullCP	Blue	test	Cruci_CruV_171	466	465	1	0	0	0
fullCP	Blue	test	Cruci_CruV_233	466	465	1	0	0	0
fullCP	Blue	test	Cruci_CruV_321	466	465	1	0	0	0
fullCP	Blue	test	Cruci_CruV_448	466	465	1	0	0	0
fullCP	Blue	test	Cruci_CruV_231	464	463	1	0	0	0
fullCP	Blue	test	Cruci_CruV_236	464	463	1	0	0	0
fullCP	Blue	test	Cruci_CruV_248	464	463	1	0	0	0
fullCP	Blue	test	Cruci_Tisza_MK012526.1	464	463	1	0	0	0
fullCP	Blue	test	Cruci_CruV_96	463	462	1	0	0	0
fullCP	Blue	test	Cruci_CruV_284	463	462	1	0	0	0
fullCP	Blue	test	Cruci_CruCGE_155	462	461	1	0	0	0
fullCP	Blue	test	Cruci_CruV_159	462	461	1	0	0	0
fullCP	Blue	test	Cruci_CruV_280	462	461	1	0	0	0
fullCP	Blue	test	Cruci_CruV_306	462	461	1	0	0	0
fullCP	Blue	test	Cruci_CruCGE_114	461	460	1	0	0	0
fullCP	Blue	test	Cruci_CruV_333	461	460	1	0	0	0
fullCP	Blue	test	Cruci_CruV_87	460	459	1	0	0	0
fullCP	Blue	test	Cruci_CruV_161	460	459	1	0	0	0
fullCP	Blue	test	Cruci_CruV_223	460	459	1	0	0	0
fullCP	Blue	test	Cruci_Tisza_MK012503.1	460	459	1	0	0	0
fullCP	Blue	test	Cruci_CruV_145	459	458	1	0	0	0
fullCP	Blue	test	Cruci_CruV_150	459	458	1	0	0	0
fullCP	Blue	test	Cruci_CruV_206	459	458	1	0	0	0
fullCP	Blue	test	Cruci_CruV_215	459	458	1	0	0	0
fullCP	Blue	test	Cruci_CruV_337	459	458	1	0	0	0
fullCP	Blue	test	Cruci_CruV_366	459	458	1	0	0	0
fullCP	Blue	test	Cruci_CruV_137	457	456	1	0	0	0
fullCP	Blue	test	Cruci_chiv_CHIV14_NC_027196	456	455	1	0	0	0
fullCP	Blue	test	Cruci_CruV_388	456	455	1	0	0	0
fullCP	Blue	test	Cruci_PB_KX388504	456	455	1	0	0	0
fullCP	Blue	test	Cruci_CruV_359	455	454	1	0	0	0
fullCP	Blue	test	Cruci_CruCGE_118	454	453	1	0	0	0
fullCP	Blue	test	Cruci_CruV_295	451	450	1	0	0	0
fullCP	Blue	test	Cruci_CruV_335	451	450	1	0	0	0
fullCP	Blue	test	Cruci_CruV_117	450	449	1	0	0	0
fullCP	Blue	test	Cruci_CruV_169	450	449	1	0	0	0
fullCP	Blue	test	Cruci_CruV_437	450	449	1	0	0	0
fullCP	Blue	test	Cruci_Tisza_MK012505.1	450	449	1	0	0	0
fullCP	Blue	test	Cruci_CruV_222	449	448	1	0	0	0
fullCP	Blue	test	Cruci_CruV_267	449	448	1	0	0	0
fullCP	Blue	test	Cruci_Ariz_MW697567	448	447	1	0	0	0
fullCP	Blue	test	Cruci_CruV_154	447	446	1	0	0	0
fullCP	Blue	test	Cruci_CruV_242	446	445	1	0	0	0
fullCP	Blue	test	Cruci_CruV_344	446	445	1	0	0	0
fullCP	Blue	test	Cruci_PB_KX388497	446	445	1	0	0	0
fullCP	Blue	test	Cruci_CruV_221	445	444	1	0	0	0
fullCP	Blue	test	Cruci_CruV_511	445	444	1	0	0	0
fullCP	Blue	test	Cruci_CruV_157	444	443	1	0	0	0
fullCP	Blue	test	Cruci_CruV_259	444	443	1	0	0	0
fullCP	Blue	test	Cruci_CruV_292	444	443	1	0	0	0
fullCP	Blue	test	Cruci_CruV_383	444	443	1	0	0	0
fullCP	Blue	test	Cruci_CruV_128	443	442	1	0	0	0
fullCP	Blue	test	Cruci_CruV_217	443	442	1	0	0	0
fullCP	Blue	test	Cruci_CruV_158	440	439	1	0	0	0
fullCP	Blue	test	Cruci_CruV_212	440	439	1	0	0	0
fullCP	Blue	test	Cruci_CruV_415	439	438	1	0	0	0
fullCP	Blue	test	Cruci_PB_KX388511	439	438	1	0	0	0
fullCP	Blue	test	Cruci_chiv_Lake_Pavin_contig10824	438	437	1	0	0	0
fullCP	Blue	test	Cruci_CruV_176	438	437	1	0	0	0
fullCP	Blue	test	Cruci_CruV_425	437	436	1	0	0	0
fullCP	Blue	test	Cruci_CruV_478	437	436	1	0	0	0
fullCP	Blue	test	Cruci_CruV_121	436	435	1	0	0	0
fullCP	Blue	test	Cruci_PB_KX388498	436	435	1	0	0	0
fullCP	Blue	test	Cruci_PB_KX388499	436	435	1	0	0	0
fullCP	Blue	test	Cruci_PB_KX388500	436	435	1	0	0	0
fullCP	Blue	test	Cruci_PB_KX388501	436	435	1	0	0	0
fullCP	Blue	test	Cruci_PB_KX388496	435	434	1	0	0	0
fullCP	Blue	test	Cruci_Ariz_MW697543	434	433	1	0	0	0
fullCP	Blue	test	Cruci_CruV_262	433	432	1	0	0	0
fullCP	Blue	test	Cruci_CruV_398	433	432	1	0	0	0
fullCP	Blue	test	Cruci_CruV_349	432	431	1	0	0	0
fullCP	Blue	test	Cruci_CruV_353	432	431	1	0	0	0
fullCP	Blue	test	Cruci_CruV_113	431	430	1	0	0	0
fullCP	Blue	test	Cruci_CruV_317	431	430	1	0	0	0
fullCP	Blue	test	Cruci_CruV_182	428	427	1	0	0	0
fullCP	Blue	test	Cruci_CruV_203	428	427	1	0	0	0
fullCP	Blue	test	Cruci_CruV_283	427	426	1	0	0	0
fullCP	Blue	test	Cruci_PB_KX388495	427	426	1	0	0	0
fullCP	Blue	test	Cruci_CruV_334	426	425	1	0	0	0
fullCP	Blue	test	Cruci_CruV_190	425	424	1	0	0	0
fullCP	Blue	test	Cruci_CruV_352	423	422	1	0	0	0
fullCP	Blue	test	Cruci_CruV_364	423	422	1	0	0	0
fullCP	Blue	test	Cruci_CruV_485	416	415	1	0	0	0
fullCP	Blue	test	Cruci_CruV_395	407	406	1	0	0	0
fullCP	Blue	test	Cruci_CruV_332	399	398	1	0	0	0
fullCP	Blue	test	Cruci_CruV-697	334	333	1	0	0	0
fullCP	Blue	test	Cruci_CruV_731	465	464	1	0	0	0
fullCP	Blue	test	Ribo_ND_025131	414	413	1	0	0	0
fullCP	Blue	test	Ribo_ND_025058	419	418	1	0	0	0
fullCP	Blue	test	Ribo_ND_025434	421	420	1	0	0	0
fullCP	Blue	test	Ribo_ND_025286	414	413	1	0	0	0
fullCP	Blue	test	Ribo_ND_025228	404	403	1	0	0	0
fullCP	Blue	test	Ribo_ND_025280	435	434	1	0	0	0
fullCP	Blue	test	Ribo_ND_093303	517	516	1	0	0	0
fullCP	Blue	test	Ribo_ND_130317	470	469	1	0	0	0
fullCP	Blue	test	Ribo_ND_029450	430	429	1	0	0	0
fullCP	Blue	test	Ribo_JAAOEH010001751.1	413	412	1	0	0	0
fullCP	Blue	test	Ribo_ND_136222	531	530	1	0	0	0
fullCP	Blue	test	Ribo_ND_051567	440	439	1	0	0	0
fullCP	Blue	test	Ribo_ND_046601	448	447	1	0	0	0
fullCP	Blue	test	Ribo_ND_030566	528	527	1	0	0	0
fullCP	Blue	test	Ribo_ND_306979	446	445	1	0	0	0
fullCP	Blue	test	Ribo_ND_209405	422	421	1	0	0	0
fullCP	Blue	test	Ribo_ND_157972	449	448	1	0	0	0
fullCP	Blue	test	Ribo_ND_331194	450	449	1	0	0	0
fullCP	Blue	test	Ribo_ND_099772	464	463	1	0	0	0
fullCP	Blue	test	Ribo_ND_179968	419	418	1	0	0	0
fullCP	Blue	test	Ribo_ND_381128	531	530	1	0	0	0
fullCP	Blue	test	Ribo_ND_220610	441	440	1	0	0	0
fullCP	Blue	test	Ribo_ND_364448	421	420	1	0	0	0
fullCP	Blue	test	Ribo_ND_216514	457	456	1	0	0	0
fullCP	Blue	test	Ribo_ND_188581	550	549	1	0	0	0
fullCP	Blue	test	Ribo_ND_067439	644	643	1	0	0	0
fullCP	Blue	test	Ribo_ND_216740	432	431	1	0	0	0
fullCP	Blue	test	Ribo_ND_215238	437	436	1	0	0	0
fullCP	Blue	test	Ribo_ND_156851	531	530	1	0	0	0
fullCP	Blue	test	Ribo_ND_025223	419	418	1	0	0	0
fullCP	Blue	test	Ribo_ND_184904	488	487	1	0	0	0
fullCP	Blue	test	Ribo_ND_156205	553	552	1	0	0	0
fullCP	Blue	test	Ribo_ND_163010	433	432	1	0	0	0
fullCP	Blue	test	Ribo_ND_113583	429	428	1	0	0	0
fullCP	Blue	test	Ribo_ND_159755	422	421	1	0	0	0
fullCP	Blue	test	Ribo_ND_178256	562	561	1	0	0	0
fullCP	Blue	test	Ribo_ND_370389	455	454	1	0	0	0
fullCP	Blue	test	Ribo_ND_276858	449	448	1	0	0	0
fullCP	Blue	test	Ribo_ND_029416	463	462	1	0	0	0
fullCP	Blue	test	Ribo_ND_043235	420	419	1	0	0	0
fullCP	Blue	test	Ribo_ND_183795	540	539	1	0	0	0
fullCP	Blue	test	Ribo_ND_132795	527	526	1	0	0	0
fullCP	Blue	test	Ribo_ND_389800	447	446	1	0	0	0
fullCP	Blue	test	Ribo_ND_092298	678	677	1	0	0	0
fullCP	Blue	test	Ribo_ND_366190	434	433	1	0	0	0
fullCP	Blue	test	Ribo_ND_125752	560	559	1	0	0	0
fullCP	Blue	test	Ribo_ND_178506	448	447	1	0	0	0
fullCP	Blue	test	Ribo_ND_124074	441	440	1	0	0	0
fullCP	Blue	test	Ribo_ND_364444	419	418	1	0	0	0
fullCP	Blue	test	Ribo_ND_162083	466	465	1	0	0	0
fullCP	Blue	test	Ribo_ND_084192	425	424	1	0	0	0
fullCP	Blue	test	Ribo_ND_250998	423	422	1	0	0	0
fullCP	Blue	test	Ribo_ND_190317	555	554	1	0	0	0
fullCP	Blue	test	Ribo_ND_343517	437	436	1	0	0	0
fullCP	Blue	test	Ribo_ND_205493	456	455	1	0	0	0
fullCP	Blue	test	Ribo_ND_043347	409	408	1	0	0	0
fullCP	Blue	test	Ribo_ND_388266	534	533	1	0	0	0
fullCP	Blue	test	Ribo_ND_132327	324	323	1	0	0	0
fullCP	Blue	test	Ribo_ND_207626	587	586	1	0	0	0
fullCP	Blue	test	Ribo_ND_166631	532	531	1	0	0	0
fullCP	Blue	test	Ribo_ND_086105	427	426	1	0	0	0
fullCP	Blue	test	Ribo_ND_166662	407	406	1	0	0	0
fullCP	Blue	test	Ribo_NC_032826	417	416	1	0	0	0
fullCP	Blue	test	Ribo_ND_209163	469	468	1	0	0	0
fullCP	Blue	test	Ribo_ND_185856	492	491	1	0	0	0
fullCP	Blue	test	Ribo_ND_044832	451	450	1	0	0	0
fullCP	Blue	test	Ribo_ND_203489	442	441	1	0	0	0
fullCP	Blue	test	Ribo_ND_044604	438	437	1	0	0	0
fullCP	Blue	test	Ribo_ND_164988	421	420	1	0	0	0
fullCP	Blue	test	Ribo_ND_132246	509	508	1	0	0	0
fullCP	Blue	test	Ribo_ND_365515	490	489	1	0	0	0
fullCP	Blue	test	Ribo_ND_099920	420	419	1	0	0	0
fullCP	Blue	test	Ribo_ND_388134	449	448	1	0	0	0
fullCP	Blue	test	Ribo_ND_386266	522	521	1	0	0	0
fullCP	Blue	test	Ribo_ND_184602	420	419	1	0	0	0
fullCP	Blue	test	Ribo_ND_132224	464	463	1	0	0	0
fullCP	Blue	test	Ribo_ND_172658	427	426	1	0	0	0
fullCP	Blue	test	Ribo_ND_030308	433	432	1	0	0	0
fullCP	Blue	test	Ribo_ND_251215	455	454	1	0	0	0
fullCP	Blue	test	Ribo_ND_081500	546	545	1	0	0	0
fullCP	Blue	test	Ribo_ND_389529	419	418	1	0	0	0
fullCP	Blue	test	Ribo_ND_163335	413	412	1	0	0	0
fullCP	Blue	test	Ribo_ND_050395	436	435	1	0	0	0
fullCP	Blue	test	Ribo_ND_210470	414	413	1	0	0	0
fullCP	Blue	test	Ribo_ND_361906	529	528	1	0	0	0
fullCP	Blue	test	Ribo_ND_239309	438	437	1	0	0	0
fullCP	Blue	test	Ribo_ND_205490	441	440	1	0	0	0
fullCP	Blue	test	Ribo_JAAOEH010002777.1	425	424	1	0	0	0
fullCP	Blue	test	Ribo_ND_099990	438	437	1	0	0	0
fullCP	Blue	test	Ribo_ND_046330	457	456	1	0	0	0
fullCP	Blue	test	Ribo_ND_030549	460	459	1	0	0	0
fullCP	Blue	test	Ribo_ND_091979	442	441	1	0	0	0
fullCP	Blue	test	Ribo_ND_146081	404	403	1	0	0	0
fullCP	Blue	test	Ribo_ND_029689	417	416	1	0	0	0
fullCP	Blue	test	Ribo_ND_040244	470	469	1	0	0	0
fullCP	Blue	test	Ribo_ND_092976	418	417	1	0	0	0
fullCP	Blue	test	Ribo_JAAOEH010002630.1	513	512	1	0	0	0
fullCP	Blue	test	Ribo_ND_251191	428	427	1	0	0	0
fullCP	Blue	test	Ribo_ND_028934	467	466	1	0	0	0
fullCP	Blue	test	Ribo_ND_108971	430	429	1	0	0	0
fullCP	Blue	test	Ribo_ND_160106	407	406	1	0	0	0
fullCP	Blue	test	Ribo_ND_132404	610	609	1	0	0	0
fullCP	Blue	test	Ribo_ND_239080	420	419	1	0	0	0
fullCP	Blue	test	Ribo_ND_215017	424	423	1	0	0	0
fullCP	Blue	test	Ribo_ND_030523	475	474	1	0	0	0
fullCP	Blue	test	Ribo_ND_366118	433	432	1	0	0	0
fullCP	Blue	test	Ribo_ND_092703	547	546	1	0	0	0
fullCP	Blue	test	Ribo_ND_099892	437	436	1	0	0	0
fullCP	Blue	test	Ribo_ND_251225	452	451	1	0	0	0
fullCP	Blue	test	Ribo_Ga0184575_112371	431	430	1	0	0	0
fullCP	Blue	test	Ribo_ND_240609	439	438	1	0	0	0
fullCP	Blue	test	Ribo_ND_163049	399	398	1	0	0	0
fullCP	Blue	test	Ribo_ND_052692	495	494	1	0	0	0
fullCP	Blue	test	Ribo_ND_187940	409	408	1	0	0	0
fullCP	Blue	test	Ribo_ND_100095	479	478	1	0	0	0
fullCP	Blue	test	Ribo_ND_175194	426	425	1	0	0	0
fullCP	Blue	test	Ribo_ND_112677	461	460	1	0	0	0
fullCP	Blue	test	Ribo_ND_155767	420	419	1	0	0	0
fullCP	Blue	test	Ribo_ND_321729	439	438	1	0	0	0
fullCP	Blue	test	Ribo_ND_239075	475	474	1	0	0	0
fullCP	Blue	test	Ribo_ND_249648	431	430	1	0	0	0
fullCP	Blue	test	Ribo_ND_166642	443	442	1	0	0	0
fullCP	Blue	test	Ribo_ND_249548	660	659	1	0	0	0
fullCP	Blue	test	Ribo_ND_132598	542	541	1	0	0	0
fullCP	Blue	test	Ribo_ND_045532	374	373	1	0	0	0
fullCP	Blue	test	Ribo_ND_305901	615	614	1	0	0	0
fullCP	Blue	test	Ribo_ND_147194	420	419	1	0	0	0
fullCP	Blue	test	Ribo_ND_105187	446	445	1	0	0	0
fullCP	Blue	test	Ribo_ND_028994	407	406	1	0	0	0
fullCP	Blue	test	Ribo_ND_094133	416	415	1	0	0	0
fullCP	Blue	test	Ribo_ND_109141	413	412	1	0	0	0
fullCP	Blue	test	Ribo_ND_046859	426	425	1	0	0	0
fullCP	Blue	test	Ribo_ND_300454	434	433	1	0	0	0
fullCP	Blue	test	Ribo_ND_302803	439	438	1	0	0	0
fullCP	Blue	test	Ribo_ND_090381	411	410	1	0	0	0
fullCP	Blue	test	Ribo_ND_156943	430	429	1	0	0	0
fullCP	Blue	test	Ribo_ND_306739	443	442	1	0	0	0
fullCP	Blue	test	Ribo_ND_046668	444	443	1	0	0	0
fullCP	Blue	test	Ribo_ND_237671	431	430	1	0	0	0
fullCP	Blue	test	Ribo_ND_132919	475	474	1	0	0	0
fullCP	Blue	test	Ribo_ND_156478	454	453	1	0	0	0
fullCP	Blue	test	Ribo_ND_239311	432	431	1	0	0	0
fullCP	Blue	test	Ribo_ND_028676	529	528	1	0	0	0
fullCP	Blue	test	Ribo_ND_156208	421	420	1	0	0	0
fullCP	Blue	test	Ribo_ND_215889	427	426	1	0	0	0
fullCP	Blue	test	Ribo_ND_096611	451	450	1	0	0	0
fullCP	Blue	test	Ribo_ND_319688	423	422	1	0	0	0
fullCP	Blue	test	Ribo_ND_115280	454	453	1	0	0	0
fullCP	Blue	test	Ribo_ND_112150	414	413	1	0	0	0
fullCP	Blue	test	Ribo_ND_085733	345	344	1	0	0	0
fullCP	Blue	test	Ribo_ND_132962	468	467	1	0	0	0
fullCP	Blue	test	Ribo_ND_143535	447	446	1	0	0	0
fullCP	Blue	test	Ribo_ND_166546	405	404	1	0	0	0
fullCP	Blue	test	Ribo_ND_118715	445	444	1	0	0	0
fullCP	Blue	test	Ribo_ND_166424	457	456	1	0	0	0
fullCP	Blue	test	Ribo_ND_155687	427	426	1	0	0	0
fullCP	Blue	test	Ribo_ND_249718	397	396	1	0	0	0
fullCP	Blue	test	Ribo_ND_089888	386	385	1	0	0	0
fullCP	Blue	test	Ribo_ND_237656	593	592	1	0	0	0
fullCP	Blue	test	Ribo_ND_162284	411	410	1	0	0	0
fullCP	Blue	test	Ribo_ND_105005	449	448	1	0	0	0
fullCP	Blue	test	Ribo_ND_117606	438	437	1	0	0	0
fullCP	Blue	test	Ribo_ND_164984	444	443	1	0	0	0
fullCP	Blue	test	Ribo_ND_249723	436	435	1	0	0	0
fullCP	Blue	test	Ribo_ND_388274	597	596	1	0	0	0
fullCP	Blue	test	Ribo_ND_030247	452	451	1	0	0	0
fullCP	Blue	test	Ribo_ND_105690	455	454	1	0	0	0
fullCP	Green	train	Cruci_CruV_488	653	652	1	0	0	0
fullCP	Green	train	Cruci_CruV-900	648	647	1	0	0	0
fullCP	Green	train	Cruci_CruV_516	643	642	1	0	0	0
fullCP	Green	train	Cruci_CruV_232	602	601	1	0	0	0
fullCP	Green	train	Cruci_CruV_237	601	600	1	0	0	0
fullCP	Green	train	Cruci_CruV_382	600	599	1	0	0	0
fullCP	Green	train	Cruci_PB_KX388516	594	593	1	0	0	0
fullCP	Green	train	Cruci_CruV_376	593	592	1	0	0	0
fullCP	Green	train	Cruci_PB_KX388503	590	589	1	0	0	0
fullCP	Green	train	Cruci_CruV_365	586	585	1	0	0	0
fullCP	Green	train	Cruci_CruV_495	585	584	1	0	0	0
fullCP	Green	train	Cruci_CruV_313	584	583	1	0	0	0
fullCP	Green	train	Cruci_CruV_469	579	578	1	0	0	0
fullCP	Green	train	Cruci_CruV_220	578	577	1	0	0	0
fullCP	Green	train	Cruci_CruCGE-562	574	573	1	0	0	0
fullCP	Green	train	Cruci_Schm_JAMFLK010001929_circular	574	573	1	0	0	0
fullCP	Green	train	Cruci_CruV_355	573	572	1	0	0	0
fullCP	Green	train	Cruci_CruV_125	570	569	1	0	0	0
fullCP	Green	train	Cruci_CruV_351	568	567	1	0	0	0
fullCP	Green	train	Cruci_CruV_172	566	565	1	0	0	0
fullCP	Green	train	Cruci_CruV_322	566	565	1	0	0	0
fullCP	Green	train	Cruci_CruV_323	566	565	1	0	0	0
fullCP	Green	train	Cruci_CruV_324	566	565	1	0	0	0
fullCP	Green	train	Cruci_CruV_400	566	565	1	0	0	0
fullCP	Green	train	Cruci_CruV_214	565	564	1	0	0	0
fullCP	Green	train	Cruci_Schm_JAMFLK010001378_circular	565	564	1	0	0	0
fullCP	Green	train	Cruci_CruV_526	564	563	1	0	0	0
fullCP	Green	train	Cruci_PB_KX388502	564	563	1	0	0	0
fullCP	Green	train	Cruci_CruV_368	563	562	1	0	0	0
fullCP	Green	train	Cruci_CruV_418	561	560	1	0	0	0
fullCP	Green	train	Cruci_CruV_219	560	559	1	0	0	0
fullCP	Green	train	Cruci_CruV_408	558	557	1	0	0	0
fullCP	Green	train	Cruci_CruV_194	553	552	1	0	0	0
fullCP	Green	train	Cruci_CruV_185	552	551	1	0	0	0
fullCP	Green	train	Cruci_CruV_520	549	548	1	0	0	0
fullCP	Green	train	Cruci_Ariz_MW697566	547	546	1	0	0	0
fullCP	Green	train	Cruci_CruV_300	545	544	1	0	0	0
fullCP	Green	train	Cruci_CruV_256	543	542	1	0	0	0
fullCP	Green	train	Cruci_CruV_391	543	542	1	0	0	0
fullCP	Green	train	Cruci_CruV_274	542	541	1	0	0	0
fullCP	Green	train	Cruci_CruV_309	541	540	1	0	0	0
fullCP	Green	train	Cruci_CruV_310	541	540	1	0	0	0
fullCP	Green	train	Cruci_CruV_311	541	540	1	0	0	0
fullCP	Green	train	Cruci_CruV_240	540	539	1	0	0	0
fullCP	Green	train	Cruci_CruV_393	540	539	1	0	0	0
fullCP	Green	train	Cruci_CruV_288	539	538	1	0	0	0
fullCP	Green	train	Cruci_CruCGE_82	537	536	1	0	0	0
fullCP	Green	train	Cruci_CruV_350	537	536	1	0	0	0
fullCP	Green	train	Cruci_CruV_369	537	536	1	0	0	0
fullCP	Green	train	Cruci_CruV_305	536	535	1	0	0	0
fullCP	Green	train	Cruci_Ariz_MW697558	535	534	1	0	0	0
fullCP	Green	train	Cruci_CruV_297	531	530	1	0	0	0
fullCP	Green	train	Cruci_CruV_135	530	529	1	0	0	0
fullCP	Green	train	Cruci_CruV_186	528	527	1	0	0	0
fullCP	Green	train	Cruci_CruV_183	527	526	1	0	0	0
fullCP	Green	train	Cruci_CruV_99	526	525	1	0	0	0
fullCP	Green	train	Cruci_CruV_325	526	525	1	0	0	0
fullCP	Green	train	Cruci_CruV_327	526	525	1	0	0	0
fullCP	Green	train	Cruci_CruV_403	524	523	1	0	0	0
fullCP	Green	train	Cruci_CruV_417	524	523	1	0	0	0
fullCP	Green	train	Cruci_CruV_301	523	522	1	0	0	0
fullCP	Green	train	Cruci_CruV_304	523	522	1	0	0	0
fullCP	Green	train	Cruci_CruV_491	523	522	1	0	0	0
fullCP	Green	train	Cruci_CruV_163	522	521	1	0	0	0
fullCP	Green	train	Cruci_CruV-788	520	519	1	0	0	0
fullCP	Green	train	Cruci_CruV_235	519	518	1	0	0	0
fullCP	Green	train	Cruci_CruV_524	519	518	1	0	0	0
fullCP	Green	train	Cruci_CruV_174	517	516	1	0	0	0
fullCP	Green	train	Cruci_CruV_175	517	516	1	0	0	0
fullCP	Green	train	Cruci_CruV_343	516	515	1	0	0	0
fullCP	Green	train	Cruci_Schm_JAMFLK010001745_circular	516	515	1	0	0	0
fullCP	Green	train	Cruci_Ariz_MW697554	515	514	1	0	0	0
fullCP	Green	train	Cruci_CruV_189	515	514	1	0	0	0
fullCP	Green	train	Cruci_CruV_247	513	512	1	0	0	0
fullCP	Green	train	Cruci_CruV_266	511	510	1	0	0	0
fullCP	Green	train	Cruci_CruV_390	510	509	1	0	0	0
fullCP	Green	train	Cruci_CruV_373	509	508	1	0	0	0
fullCP	Green	train	Cruci_Tisza_MK012518.1	509	508	1	0	0	0
fullCP	Green	train	Cruci_CruV_213	508	507	1	0	0	0
fullCP	Green	train	Cruci_Tisza_MH617557.1	508	507	1	0	0	0
fullCP	Green	train	Cruci_CruV_252	507	506	1	0	0	0
fullCP	Green	train	Cruci_CruV_243	506	505	1	0	0	0
fullCP	Green	train	Cruci_CruV_245	506	505	1	0	0	0
fullCP	Green	train	Cruci_CruV_254	506	505	1	0	0	0
fullCP	Green	train	Cruci_CruV_264	506	505	1	0	0	0
fullCP	Green	train	Cruci_CruV_276	506	505	1	0	0	0
fullCP	Green	train	Cruci_CruV_278	506	505	1	0	0	0
fullCP	Green	train	Cruci_CruV_361	506	505	1	0	0	0
fullCP	Green	train	Cruci_CruV_303	505	504	1	0	0	0
fullCP	Green	train	Cruci_CruV_424	505	504	1	0	0	0
fullCP	Green	train	Cruci_CruV_285	504	503	1	0	0	0
fullCP	Green	train	Cruci_CruV_476	504	503	1	0	0	0
fullCP	Green	train	Cruci_CruV_184	503	502	1	0	0	0
fullCP	Green	train	Cruci_CruV_192	503	502	1	0	0	0
fullCP	Green	train	Cruci_CruV_289	503	502	1	0	0	0
fullCP	Green	train	Cruci_CruV_318	502	501	1	0	0	0
fullCP	Green	train	Cruci_CruV_348	502	501	1	0	0	0
fullCP	Green	train	Cruci_CruV_92	501	500	1	0	0	0
fullCP	Green	train	Cruci_CruV_253	500	499	1	0	0	0
fullCP	Green	train	Cruci_CruV_315	500	499	1	0	0	0
fullCP	Green	train	Cruci_CruV_307	499	498	1	0	0	0
fullCP	Green	train	Cruci_CruV_342	499	498	1	0	0	0
fullCP	Green	train	Cruci_CruV_384	499	498	1	0	0	0
fullCP	Green	train	Cruci_CruV_494	499	498	1	0	0	0
fullCP	Green	train	Cruci_CruV_525	498	497	1	0	0	0
fullCP	Green	train	Cruci_CruV_354	496	495	1	0	0	0
fullCP	Green	train	Cruci_CruV_363	494	493	1	0	0	0
fullCP	Green	train	Cruci_CruV_386	494	493	1	0	0	0
fullCP	Green	train	Cruci_CruV_258	493	492	1	0	0	0
fullCP	Green	train	Cruci_CruV_338	493	492	1	0	0	0
fullCP	Green	train	Cruci_CruV_481	493	492	1	0	0	0
fullCP	Green	train	Cruci_CruV_275	492	491	1	0	0	0
fullCP	Green	train	Cruci_CruV_314	492	491	1	0	0	0
fullCP	Green	train	Cruci_CruV_340	492	491	1	0	0	0
fullCP	Green	train	Cruci_CruV_356	492	491	1	0	0	0
fullCP	Green	train	Cruci_CruV_535	492	491	1	0	0	0
fullCP	Green	train	Cruci_PB_KX388494	492	491	1	0	0	0
fullCP	Green	train	Cruci_CruV_302	491	490	1	0	0	0
fullCP	Green	train	Cruci_PB_KX388521	490	489	1	0	0	0
fullCP	Green	train	Cruci_PB_KX388522	490	489	1	0	0	0
fullCP	Green	train	Cruci_PB_KX388524	490	489	1	0	0	0
fullCP	Green	train	Cruci_PB_KX388525	490	489	1	0	0	0
fullCP	Green	train	Cruci_PB_KX388526	490	489	1	0	0	0
fullCP	Green	train	Cruci_CruV_197	489	488	1	0	0	0
fullCP	Green	train	Cruci_CruV_429	488	487	1	0	0	0
fullCP	Green	train	Cruci_CruV_519	488	487	1	0	0	0
fullCP	Green	train	Cruci_CruV_521	488	487	1	0	0	0
fullCP	Green	train	Cruci_CruV_272	487	486	1	0	0	0
fullCP	Green	train	Cruci_CruV_277	487	486	1	0	0	0
fullCP	Green	train	Cruci_CruV_281	487	486	1	0	0	0
fullCP	Green	train	Cruci_CruV_282	487	486	1	0	0	0
fullCP	Green	train	Cruci_CruV_291	487	486	1	0	0	0
fullCP	Green	train	Cruci_CruV_95	486	485	1	0	0	0
fullCP	Green	train	Cruci_CruV-607	486	484	2	0	0	0
fullCP	Green	train	Cruci_CruV_246	484	483	1	0	0	0
fullCP	Green	train	Cruci_CruV_293	484	483	1	0	0	0
fullCP	Green	train	Cruci_PB_KX388517	484	483	1	0	0	0
fullCP	Green	train	Cruci_PB_KX388518	484	483	1	0	0	0
fullCP	Green	train	Cruci_CruV_537	482	481	1	0	0	0
fullCP	Green	train	Cruci_PB_KX388523	482	481	1	0	0	0
fullCP	Green	train	Cruci_Ariz_MW697557	480	479	1	0	0	0
fullCP	Green	train	Cruci_CruV_199	480	479	1	0	0	0
fullCP	Green	train	Cruci_CruV_216	480	479	1	0	0	0
fullCP	Green	train	Cruci_CruV_107	479	478	1	0	0	0
fullCP	Green	train	Cruci_CruV_177	479	478	1	0	0	0
fullCP	Green	train	Cruci_CruV_468	479	478	1	0	0	0
fullCP	Green	train	Cruci_PB_KX388508	479	478	1	0	0	0
fullCP	Green	train	Cruci_Tisza_MH617070.1	479	478	1	0	0	0
fullCP	Green	train	Cruci_CruV_101	478	477	1	0	0	0
fullCP	Green	train	Cruci_CruV_207	478	477	1	0	0	0
fullCP	Green	train	Cruci_CruV_195	477	476	1	0	0	0
fullCP	Green	train	Cruci_CruV_330	477	476	1	0	0	0
fullCP	Green	train	Cruci_PB_KX388514	477	476	1	0	0	0
fullCP	Green	train	Cruci_Ariz_MW697564	476	475	1	0	0	0
fullCP	Green	train	Cruci_CruV_286	476	475	1	0	0	0
fullCP	Green	train	Cruci_CruV_479	475	474	1	0	0	0
fullCP	Green	train	Cruci_Schm_JAMFLK010002076_circular	475	474	1	0	0	0
fullCP	Green	train	Cruci_CruV_131	474	473	1	0	0	0
fullCP	Green	train	Cruci_CruV_160	474	473	1	0	0	0
fullCP	Green	train	Cruci_CruCGE_296	473	472	1	0	0	0
fullCP	Green	train	Cruci_CruV_146	473	472	1	0	0	0
fullCP	Green	train	Cruci_CruV_147	473	472	1	0	0	0
fullCP	Green	train	Cruci_CruV_148	473	472	1	0	0	0
fullCP	Green	train	Cruci_CruV_152	473	472	1	0	0	0
fullCP	Green	train	Cruci_CruV_165	473	472	1	0	0	0
fullCP	Green	train	Cruci_CruV_181	473	472	1	0	0	0
fullCP	Green	train	Cruci_CruV_187	473	472	1	0	0	0
fullCP	Green	train	Cruci_CruV_273	473	472	1	0	0	0
fullCP	Green	train	Cruci_CruV_326	473	472	1	0	0	0
fullCP	Green	train	Cruci_CruV_443	473	472	1	0	0	0
fullCP	Green	train	Cruci_CruV_534	473	472	1	0	0	0
fullCP	Green	train	Cruci_Ariz_MW697583	472	471	1	0	0	0
fullCP	Green	train	Cruci_Ariz_MW697667	472	471	1	0	0	0
fullCP	Green	train	Cruci_CruV_93	472	471	1	0	0	0
fullCP	Green	train	Cruci_CruV_103	472	471	1	0	0	0
fullCP	Green	train	Cruci_CruV_143	472	471	1	0	0	0
fullCP	Green	train	Cruci_CruV_193	472	471	1	0	0	0
fullCP	Green	train	Cruci_CruV_201	472	471	1	0	0	0
fullCP	Green	train	Cruci_CruV_229	472	471	1	0	0	0
fullCP	Green	train	Cruci_CruV_230	472	471	1	0	0	0
fullCP	Green	train	Cruci_PB_KX388512	472	471	1	0	0	0
fullCP	Green	train	Cruci_CruV_191	471	470	1	0	0	0
fullCP	Green	train	Cruci_CruV_225	471	470	1	0	0	0
fullCP	Green	train	Cruci_CruV_249	471	470	1	0	0	0
fullCP	Green	train	Cruci_CruV_441	471	470	1	0	0	0
fullCP	Green	train	Cruci_CruV_142	470	469	1	0	0	0
fullCP	Green	train	Cruci_CruV_228	470	469	1	0	0	0
fullCP	Green	train	Cruci_Tisza_MH617326.1	470	469	1	0	0	0
fullCP	Green	train	Cruci_CruV_136	469	468	1	0	0	0
fullCP	Green	train	Cruci_CruV_173	469	468	1	0	0	0
fullCP	Green	train	Cruci_CruV_299	469	468	1	0	0	0
fullCP	Green	train	Cruci_CruV_127	468	467	1	0	0	0
fullCP	Green	train	Cruci_CruV_257	468	467	1	0	0	0
fullCP	Green	train	Cruci_CruV_261	468	467	1	0	0	0
fullCP	Green	train	Cruci_CruV_316	468	467	1	0	0	0
fullCP	Green	train	Cruci_CruV_329	468	467	1	0	0	0
fullCP	Green	train	Cruci_CruV_371	468	467	1	0	0	0
fullCP	Green	train	Cruci_CruV_372	468	467	1	0	0	0
fullCP	Green	train	Cruci_Tisza_MK012433.1	468	467	1	0	0	0
fullCP	Green	train	Cruci_Tisza_MK012508.1	468	467	1	0	0	0
fullCP	Green	train	Cruci_chiv_Lake_Bourget_contig37561	467	466	1	0	0	0
fullCP	Green	train	Cruci_CruV_104	467	466	1	0	0	0
fullCP	Green	train	Cruci_CruV_105	467	466	1	0	0	0
fullCP	Green	train	Cruci_CruV_294	467	466	1	0	0	0
fullCP	Green	train	Cruci_CruV_120	466	465	1	0	0	0
fullCP	Green	train	Cruci_CruV_171	466	465	1	0	0	0
fullCP	Green	train	Cruci_CruV_233	466	465	1	0	0	0
fullCP	Green	train	Cruci_CruV_290	466	465	1	0	0	0
fullCP	Green	train	Cruci_CruV_321	466	465	1	0	0	0
fullCP	Green	train	Cruci_CruV_447	466	465	1	0	0	0
fullCP	Green	train	Cruci_CruV_448	466	465	1	0	0	0
fullCP	Green	train	Cruci_CruCGE_110	465	464	1	0	0	0
fullCP	Green	train	Cruci_CruV_209	465	464	1	0	0	0
fullCP	Green	train	Cruci_CruV_263	465	464	1	0	0	0
fullCP	Green	train	Cruci_CruV_270	465	464	1	0	0	0
fullCP	Green	train	Cruci_Oys_GWHBFST00001471_circ	465	464	1	0	0	0
fullCP	Green	train	Cruci_PB_KX388507	465	464	1	0	0	0
fullCP	Green	train	Cruci_chiv_Airborne_RD1_contig10	464	463	1	0	0	0
fullCP	Green	train	Cruci_CruV_111	464	463	1	0	0	0
fullCP	Green	train	Cruci_CruV_231	464	463	1	0	0	0
fullCP	Green	train	Cruci_CruV_236	464	463	1	0	0	0
fullCP	Green	train	Cruci_CruV_241	464	463	1	0	0	0
fullCP	Green	train	Cruci_CruV_248	464	463	1	0	0	0
fullCP	Green	train	Cruci_CruV_269	464	463	1	0	0	0
fullCP	Green	train	Cruci_CruV_312	464	463	1	0	0	0
fullCP	Green	train	Cruci_CruV_419	464	463	1	0	0	0
fullCP	Green	train	Cruci_Tisza_MK012526.1	464	463	1	0	0	0
fullCP	Green	train	Cruci_chiv_RW_Nursery_DNA_contig62	463	462	1	0	0	0
fullCP	Green	train	Cruci_CruV_96	463	462	1	0	0	0
fullCP	Green	train	Cruci_CruV_140	463	462	1	0	0	0
fullCP	Green	train	Cruci_CruV_284	463	462	1	0	0	0
fullCP	Green	train	Cruci_CruV_341	463	462	1	0	0	0
fullCP	Green	train	Cruci_CruV_387	463	462	1	0	0	0
fullCP	Green	train	Cruci_CruV_431	463	462	1	0	0	0
fullCP	Green	train	Cruci_CruV_518	463	462	1	0	0	0
fullCP	Green	train	Cruci_CruCGE_155	462	461	1	0	0	0
fullCP	Green	train	Cruci_CruV_129	462	461	1	0	0	0
fullCP	Green	train	Cruci_CruV_159	462	461	1	0	0	0
fullCP	Green	train	Cruci_CruV_178	462	461	1	0	0	0
fullCP	Green	train	Cruci_CruV_279	462	461	1	0	0	0
fullCP	Green	train	Cruci_CruV_280	462	461	1	0	0	0
fullCP	Green	train	Cruci_CruV_306	462	461	1	0	0	0
fullCP	Green	train	Cruci_CruV_411	462	461	1	0	0	0
fullCP	Green	train	Cruci_CruCGE_114	461	460	1	0	0	0
fullCP	Green	train	Cruci_CruV_89	461	460	1	0	0	0
fullCP	Green	train	Cruci_CruV_151	461	460	1	0	0	0
fullCP	Green	train	Cruci_CruV_308	461	460	1	0	0	0
fullCP	Green	train	Cruci_CruV_333	461	460	1	0	0	0
fullCP	Green	train	Cruci_CruV_370	461	460	1	0	0	0
fullCP	Green	train	Cruci_CruV_461	461	460	1	0	0	0
fullCP	Green	train	Cruci_CruV_83	460	459	1	0	0	0
fullCP	Green	train	Cruci_CruV_84	460	459	1	0	0	0
fullCP	Green	train	Cruci_CruV_87	460	459	1	0	0	0
fullCP	Green	train	Cruci_CruV_123	460	459	1	0	0	0
fullCP	Green	train	Cruci_CruV_161	460	459	1	0	0	0
fullCP	Green	train	Cruci_CruV_218	460	459	1	0	0	0
fullCP	Green	train	Cruci_CruV_223	460	459	1	0	0	0
fullCP	Green	train	Cruci_CruV_226	460	459	1	0	0	0
fullCP	Green	train	Cruci_CruV_428	460	459	1	0	0	0
fullCP	Green	train	Cruci_CruV_510	460	459	1	0	0	0
fullCP	Green	train	Cruci_PB_KX388519	460	459	1	0	0	0
fullCP	Green	train	Cruci_Tisza_MH617001.1	460	459	1	0	0	0
fullCP	Green	train	Cruci_Tisza_MK012503.1	460	459	1	0	0	0
fullCP	Green	train	Cruci_chiv_Lake_Bourget_contig37546	459	458	1	0	0	0
fullCP	Green	train	Cruci_CruV_145	459	458	1	0	0	0
fullCP	Green	train	Cruci_CruV_150	459	458	1	0	0	0
fullCP	Green	train	Cruci_CruV_206	459	458	1	0	0	0
fullCP	Green	train	Cruci_CruV_215	459	458	1	0	0	0
fullCP	Green	train	Cruci_CruV_337	459	458	1	0	0	0
fullCP	Green	train	Cruci_CruV_366	459	458	1	0	0	0
fullCP	Green	train	Cruci_CruV_379	459	458	1	0	0	0
fullCP	Green	train	Cruci_CruV_404	459	458	1	0	0	0
fullCP	Green	train	Cruci_PB_KX388505	459	458	1	0	0	0
fullCP	Green	train	Cruci_PB_KX388520	459	458	1	0	0	0
fullCP	Green	train	Cruci_CruV_115	458	457	1	0	0	0
fullCP	Green	train	Cruci_CruV_126	458	457	1	0	0	0
fullCP	Green	train	Cruci_CruV_339	458	457	1	0	0	0
fullCP	Green	train	Cruci_CruV_360	458	457	1	0	0	0
fullCP	Green	train	Cruci_CruV_394	458	457	1	0	0	0
fullCP	Green	train	Cruci_CruCGE-610	457	456	1	0	0	0
fullCP	Green	train	Cruci_CruV_97	457	456	1	0	0	0
fullCP	Green	train	Cruci_CruV_108	457	456	1	0	0	0
fullCP	Green	train	Cruci_CruV_124	457	456	1	0	0	0
fullCP	Green	train	Cruci_CruV_137	457	456	1	0	0	0
fullCP	Green	train	Cruci_CruV_255	457	456	1	0	0	0
fullCP	Green	train	Cruci_CruV_389	457	456	1	0	0	0
fullCP	Green	train	Cruci_chiv_CHIV14_NC_027196	456	455	1	0	0	0
fullCP	Green	train	Cruci_CruV_90	456	455	1	0	0	0
fullCP	Green	train	Cruci_CruV_91	456	455	1	0	0	0
fullCP	Green	train	Cruci_CruV_106	456	455	1	0	0	0
fullCP	Green	train	Cruci_CruV_362	456	455	1	0	0	0
fullCP	Green	train	Cruci_CruV_388	456	455	1	0	0	0
fullCP	Green	train	Cruci_CruV_409	456	455	1	0	0	0
fullCP	Green	train	Cruci_CruV_410	456	455	1	0	0	0
fullCP	Green	train	Cruci_PB_KX388504	456	455	1	0	0	0
fullCP	Green	train	Cruci_CruV_359	455	454	1	0	0	0
fullCP	Green	train	Cruci_CruV_378	455	454	1	0	0	0
fullCP	Green	train	Cruci_CruCGE_118	454	453	1	0	0	0
fullCP	Green	train	Cruci_CruV_156	454	453	1	0	0	0
fullCP	Green	train	Cruci_CruV_167	454	453	1	0	0	0
fullCP	Green	train	Cruci_CruV_505	454	453	1	0	0	0
fullCP	Green	train	Cruci_CruV_506	454	453	1	0	0	0
fullCP	Green	train	Cruci_CruV_98	453	452	1	0	0	0
fullCP	Green	train	Cruci_CruV_119	453	452	1	0	0	0
fullCP	Green	train	Cruci_CruV_133	453	452	1	0	0	0
fullCP	Green	train	Cruci_CruV_200	453	452	1	0	0	0
fullCP	Green	train	Cruci_CruV_238	453	452	1	0	0	0
fullCP	Green	train	Cruci_CruV_239	453	452	1	0	0	0
fullCP	Green	train	Cruci_CruV_268	453	452	1	0	0	0
fullCP	Green	train	Cruci_CruV_442	453	452	1	0	0	0
fullCP	Green	train	Cruci_Schm_JAMFLK010002086_circular	453	452	1	0	0	0
fullCP	Green	train	Cruci_CruV_94	452	451	1	0	0	0
fullCP	Green	train	Cruci_CruV_202	452	451	1	0	0	0
fullCP	Green	train	Cruci_CruV_527	452	451	1	0	0	0
fullCP	Green	train	Cruci_CruV_528	452	451	1	0	0	0
fullCP	Green	train	Cruci_CruV_102	451	450	1	0	0	0
fullCP	Green	train	Cruci_CruV_109	451	450	1	0	0	0
fullCP	Green	train	Cruci_CruV_153	451	450	1	0	0	0
fullCP	Green	train	Cruci_CruV_295	451	450	1	0	0	0
fullCP	Green	train	Cruci_CruV_335	451	450	1	0	0	0
fullCP	Green	train	Cruci_Tisza_MH617718.1	451	450	1	0	0	0
fullCP	Green	train	Cruci_CruV_100	450	449	1	0	0	0
fullCP	Green	train	Cruci_CruV_117	450	449	1	0	0	0
fullCP	Green	train	Cruci_CruV_169	450	449	1	0	0	0
fullCP	Green	train	Cruci_CruV_357	450	449	1	0	0	0
fullCP	Green	train	Cruci_CruV_437	450	449	1	0	0	0
fullCP	Green	train	Cruci_PB_KX388510	450	449	1	0	0	0
fullCP	Green	train	Cruci_Tisza_MK012505.1	450	449	1	0	0	0
fullCP	Green	train	Cruci_CruV_116	449	448	1	0	0	0
fullCP	Green	train	Cruci_CruV_222	449	448	1	0	0	0
fullCP	Green	train	Cruci_CruV_267	449	448	1	0	0	0
fullCP	Green	train	Cruci_CruV_420	449	448	1	0	0	0
fullCP	Green	train	Cruci_Ariz_MW697567	448	447	1	0	0	0
fullCP	Green	train	Cruci_CruV_179	448	447	1	0	0	0
fullCP	Green	train	Cruci_CruV_180	448	447	1	0	0	0
fullCP	Green	train	Cruci_CruV_196	448	447	1	0	0	0
fullCP	Green	train	Cruci_CruV_210	448	447	1	0	0	0
fullCP	Green	train	Cruci_CruV_211	448	447	1	0	0	0
fullCP	Green	train	Cruci_CruV_234	448	447	1	0	0	0
fullCP	Green	train	Cruci_CruV_149	447	446	1	0	0	0
fullCP	Green	train	Cruci_CruV_154	447	446	1	0	0	0
fullCP	Green	train	Cruci_CruV_504	447	446	1	0	0	0
fullCP	Green	train	Cruci_CruV_523	447	446	1	0	0	0
fullCP	Green	train	Cruci_CruV_188	446	445	1	0	0	0
fullCP	Green	train	Cruci_CruV_242	446	445	1	0	0	0
fullCP	Green	train	Cruci_CruV_265	446	445	1	0	0	0
fullCP	Green	train	Cruci_CruV_344	446	445	1	0	0	0
fullCP	Green	train	Cruci_PB_KX388497	446	445	1	0	0	0
fullCP	Green	train	Cruci_PB_KX388509	446	445	1	0	0	0
fullCP	Green	train	Cruci_CruV_122	445	444	1	0	0	0
fullCP	Green	train	Cruci_CruV_139	445	444	1	0	0	0
fullCP	Green	train	Cruci_CruV_221	445	444	1	0	0	0
fullCP	Green	train	Cruci_CruV_250	445	444	1	0	0	0
fullCP	Green	train	Cruci_CruV_251	445	444	1	0	0	0
fullCP	Green	train	Cruci_CruV_511	445	444	1	0	0	0
fullCP	Green	train	Cruci_CruCGE_85	444	443	1	0	0	0
fullCP	Green	train	Cruci_CruV_157	444	443	1	0	0	0
fullCP	Green	train	Cruci_CruV_208	444	443	1	0	0	0
fullCP	Green	train	Cruci_CruV_259	444	443	1	0	0	0
fullCP	Green	train	Cruci_CruV_292	444	443	1	0	0	0
fullCP	Green	train	Cruci_CruV_383	444	443	1	0	0	0
fullCP	Green	train	Cruci_CruV_128	443	442	1	0	0	0
fullCP	Green	train	Cruci_CruV_134	443	442	1	0	0	0
fullCP	Green	train	Cruci_CruV_138	443	442	1	0	0	0
fullCP	Green	train	Cruci_CruV_141	443	442	1	0	0	0
fullCP	Green	train	Cruci_CruV_217	443	442	1	0	0	0
fullCP	Green	train	Cruci_CruV_227	442	441	1	0	0	0
fullCP	Green	train	Cruci_CruV-824	441	440	1	0	0	0
fullCP	Green	train	Cruci_chiv_Airborne_IC2_contig9	440	439	1	0	0	0
fullCP	Green	train	Cruci_CruV_158	440	439	1	0	0	0
fullCP	Green	train	Cruci_CruV_212	440	439	1	0	0	0
fullCP	Green	train	Cruci_CruV_415	439	438	1	0	0	0
fullCP	Green	train	Cruci_PB_KX388511	439	438	1	0	0	0
fullCP	Green	train	Cruci_chiv_Lake_Pavin_contig10824	438	437	1	0	0	0
fullCP	Green	train	Cruci_CruV_176	438	437	1	0	0	0
fullCP	Green	train	Cruci_CruV_224	438	437	1	0	0	0
fullCP	Green	train	Cruci_CruV_507	438	437	1	0	0	0
fullCP	Green	train	Cruci_muss_OR270671	438	437	1	0	0	0
fullCP	Green	train	Cruci_CruV_132	437	436	1	0	0	0
fullCP	Green	train	Cruci_CruV_425	437	436	1	0	0	0
fullCP	Green	train	Cruci_CruV_478	437	436	1	0	0	0
fullCP	Green	train	Cruci_Ariz_MW697623	436	435	1	0	0	0
fullCP	Green	train	Cruci_CruV_81	436	435	1	0	0	0
fullCP	Green	train	Cruci_CruV_86	436	435	1	0	0	0
fullCP	Green	train	Cruci_CruV_121	436	435	1	0	0	0
fullCP	Green	train	Cruci_PB_KX388498	436	435	1	0	0	0
fullCP	Green	train	Cruci_PB_KX388499	436	435	1	0	0	0
fullCP	Green	train	Cruci_PB_KX388500	436	435	1	0	0	0
fullCP	Green	train	Cruci_PB_KX388501	436	435	1	0	0	0
fullCP	Green	train	Cruci_CruV_112	435	434	1	0	0	0
fullCP	Green	train	Cruci_CruV_438	435	434	1	0	0	0
fullCP	Green	train	Cruci_PB_KX388496	435	434	1	0	0	0
fullCP	Green	train	Cruci_Ariz_MW697543	434	433	1	0	0	0
fullCP	Green	train	Cruci_CruV_401	434	433	1	0	0	0
fullCP	Green	train	Cruci_CruV_262	433	432	1	0	0	0
fullCP	Green	train	Cruci_CruV_398	433	432	1	0	0	0
fullCP	Green	train	Cruci_CruV_492	433	432	1	0	0	0
fullCP	Green	train	Cruci_CruV_130	432	431	1	0	0	0
fullCP	Green	train	Cruci_CruV_164	432	431	1	0	0	0
fullCP	Green	train	Cruci_CruV_349	432	431	1	0	0	0
fullCP	Green	train	Cruci_CruV_353	432	431	1	0	0	0
fullCP	Green	train	Cruci_CruV_113	431	430	1	0	0	0
fullCP	Green	train	Cruci_CruV_162	431	430	1	0	0	0
fullCP	Green	train	Cruci_CruV_317	431	430	1	0	0	0
fullCP	Green	train	Cruci_CruV_328	431	430	1	0	0	0
fullCP	Green	train	Cruci_CruV_490	431	430	1	0	0	0
fullCP	Green	train	Cruci_CruV_260	429	428	1	0	0	0
fullCP	Green	train	Cruci_CruV_467	429	428	1	0	0	0
fullCP	Green	train	Cruci_CruV_487	429	428	1	0	0	0
fullCP	Green	train	Cruci_CruV_168	428	427	1	0	0	0
fullCP	Green	train	Cruci_CruV_182	428	427	1	0	0	0
fullCP	Green	train	Cruci_CruV_203	428	427	1	0	0	0
fullCP	Green	train	Cruci_CruV_283	427	426	1	0	0	0
fullCP	Green	train	Cruci_PB_KX388495	427	426	1	0	0	0
fullCP	Green	train	Cruci_CruV_334	426	425	1	0	0	0
fullCP	Green	train	Cruci_PB_KX388506	426	425	1	0	0	0
fullCP	Green	train	Cruci_CruV_190	425	424	1	0	0	0
fullCP	Green	train	Cruci_CruV_198	425	424	1	0	0	0
fullCP	Green	train	Cruci_Tisza_MH616915.1	425	424	1	0	0	0
fullCP	Green	train	Cruci_CruV_352	423	422	1	0	0	0
fullCP	Green	train	Cruci_CruV_364	423	422	1	0	0	0
fullCP	Green	train	Cruci_CruV_271	420	419	1	0	0	0
fullCP	Green	train	Cruci_CruV_374	420	419	1	0	0	0
fullCP	Green	train	Cruci_CruV_444	418	417	1	0	0	0
fullCP	Green	train	Cruci_CruV_485	416	415	1	0	0	0
fullCP	Green	train	Cruci_CruV_380	415	414	1	0	0	0
fullCP	Green	train	Cruci_Tisza_MK012445.1	411	410	1	0	0	0
fullCP	Green	train	Cruci_CruV_319	409	408	1	0	0	0
fullCP	Green	train	Cruci_CruV_320	409	408	1	0	0	0
fullCP	Green	train	Cruci_CruV_445	408	407	1	0	0	0
fullCP	Green	train	Cruci_CruV_449	408	407	1	0	0	0
fullCP	Green	train	Cruci_CruV-847	408	407	1	0	0	0
fullCP	Green	train	Cruci_CruV_395	407	406	1	0	0	0
fullCP	Green	train	Cruci_CruV_166	401	400	1	0	0	0
fullCP	Green	train	Cruci_CruV_332	399	398	1	0	0	0
fullCP	Green	train	Cruci_CruV_536	396	395	1	0	0	0
fullCP	Green	train	Cruci_PB_KX388513	379	378	1	0	0	0
fullCP	Green	train	Cruci_CruV_170	378	377	1	0	0	0
fullCP	Green	train	Cruci_PB_KX388515	376	375	1	0	0	0
fullCP	Green	train	Cruci_CruV_420	362	361	1	0	0	0
fullCP	Green	train	Cruci_CruV_144	356	355	1	0	0	0
fullCP	Green	train	Cruci_CruV_405	354	353	1	0	0	0
fullCP	Green	train	Cruci_CruV_358	349	348	1	0	0	0
fullCP	Green	train	Cruci_CruV_88	344	343	1	0	0	0
fullCP	Green	train	Cruci_CruV-697	334	333	1	0	0	0
fullCP	Green	train	Cruci_CruV_204	319	318	1	0	0	0
fullCP	Green	train	Cruci_CruV_205	319	318	1	0	0	0
fullCP	Green	train	Cruci_CruCGE-561	206	205	1	0	0	0
fullCP	Green	train	Cruci_CruV_731	465	464	1	0	0	0
fullCP	Green	train	Ribo_ND_025131	414	413	1	0	0	0
fullCP	Green	train	Ribo_ND_017060	387	386	1	0	0	0
fullCP	Green	train	Ribo_ND_025188	433	432	1	0	0	0
fullCP	Green	train	Ribo_ND_025076	434	433	1	0	0	0
fullCP	Green	train	Ribo_ND_024616	476	475	1	0	0	0
fullCP	Green	train	Ribo_ND_015818	346	345	1	0	0	0
fullCP	Green	train	Ribo_ND_025210	426	425	1	0	0	0
fullCP	Green	train	Ribo_ND_025007	431	430	1	0	0	0
fullCP	Green	train	Ribo_ND_026010	411	410	1	0	0	0
fullCP	Green	train	Ribo_ND_025421	421	420	1	0	0	0
fullCP	Green	train	Ribo_ND_025106	415	414	1	0	0	0
fullCP	Green	train	Ribo_ND_025969	435	434	1	0	0	0
fullCP	Green	train	Ribo_ND_025989	441	440	1	0	0	0
fullCP	Green	train	Ribo_ND_017889	348	347	1	0	0	0
fullCP	Green	train	Ribo_ND_025465	434	433	1	0	0	0
fullCP	Green	train	Ribo_ND_023567	343	342	1	0	0	0
fullCP	Green	train	Ribo_ND_017059	349	348	1	0	0	0
fullCP	Green	train	Ribo_ND_025058	419	418	1	0	0	0
fullCP	Green	train	Ribo_ND_016336	355	354	1	0	0	0
fullCP	Green	train	Ribo_ND_025139	430	429	1	0	0	0
fullCP	Green	train	Ribo_ND_026256	434	433	1	0	0	0
fullCP	Green	train	Ribo_ND_025631	436	435	1	0	0	0
fullCP	Green	train	Ribo_ND_025336	432	431	1	0	0	0
fullCP	Green	train	Ribo_ND_025329	426	425	1	0	0	0
fullCP	Green	train	Ribo_ND_026391	433	432	1	0	0	0
fullCP	Green	train	Ribo_ND_024902	521	520	1	0	0	0
fullCP	Green	train	Ribo_ND_015997	365	364	1	0	0	0
fullCP	Green	train	Ribo_ND_195592	415	414	1	0	0	0
fullCP	Green	train	Ribo_ND_025008	477	476	1	0	0	0
fullCP	Green	train	Ribo_ND_025207	421	420	1	0	0	0
fullCP	Green	train	Ribo_ND_025399	435	434	1	0	0	0
fullCP	Green	train	Ribo_ND_025258	405	404	1	0	0	0
fullCP	Green	train	Ribo_ND_025434	421	420	1	0	0	0
fullCP	Green	train	Ribo_ND_016192	346	345	1	0	0	0
fullCP	Green	train	Ribo_ND_025088	429	428	1	0	0	0
fullCP	Green	train	Ribo_ND_025166	453	452	1	0	0	0
fullCP	Green	train	Ribo_ND_026140	423	422	1	0	0	0
fullCP	Green	train	Ribo_ND_025705	438	437	1	0	0	0
fullCP	Green	train	Ribo_ND_025263	419	418	1	0	0	0
fullCP	Green	train	Ribo_ND_025482	437	436	1	0	0	0
fullCP	Green	train	Ribo_ND_020449	347	346	1	0	0	0
fullCP	Green	train	Ribo_ND_025116	426	425	1	0	0	0
fullCP	Green	train	Ribo_ND_025352	408	407	1	0	0	0
fullCP	Green	train	Ribo_ND_026239	422	421	1	0	0	0
fullCP	Green	train	Ribo_ND_025235	420	419	1	0	0	0
fullCP	Green	train	Ribo_ND_025671	444	443	1	0	0	0
fullCP	Green	train	Ribo_ND_026175	431	430	1	0	0	0
fullCP	Green	train	Ribo_ND_025357	413	412	1	0	0	0
fullCP	Green	train	Ribo_ND_025344	416	415	1	0	0	0
fullCP	Green	train	Ribo_ND_016809	340	339	1	0	0	0
fullCP	Green	train	Ribo_ND_025531	408	407	1	0	0	0
fullCP	Green	train	Ribo_ND_016022	338	337	1	0	0	0
fullCP	Green	train	Ribo_ND_025218	437	436	1	0	0	0
fullCP	Green	train	Ribo_ND_025414	445	444	1	0	0	0
fullCP	Green	train	Ribo_ND_015955	381	380	1	0	0	0
fullCP	Green	train	Ribo_ND_025129	426	425	1	0	0	0
fullCP	Green	train	Ribo_ND_025597	453	452	1	0	0	0
fullCP	Green	train	Ribo_ND_025039	416	415	1	0	0	0
fullCP	Green	train	Ribo_ND_026110	427	426	1	0	0	0
fullCP	Green	train	Ribo_ND_025259	421	420	1	0	0	0
fullCP	Green	train	Ribo_ND_025513	433	432	1	0	0	0
fullCP	Green	train	Ribo_ND_025321	432	431	1	0	0	0
fullCP	Green	train	Ribo_ND_025316	426	425	1	0	0	0
fullCP	Green	train	Ribo_ND_025276	422	421	1	0	0	0
fullCP	Green	train	Ribo_ND_025286	414	413	1	0	0	0
fullCP	Green	train	Ribo_ND_026074	436	435	1	0	0	0
fullCP	Green	train	Ribo_ND_025228	404	403	1	0	0	0
fullCP	Green	train	Ribo_ND_025610	439	438	1	0	0	0
fullCP	Green	train	Ribo_ND_025130	434	433	1	0	0	0
fullCP	Green	train	Ribo_ND_025275	423	422	1	0	0	0
fullCP	Green	train	Ribo_ND_025280	435	434	1	0	0	0
fullCP	Green	train	Ribo_ND_025389	422	421	1	0	0	0
fullCP	Green	train	Ribo_ND_025138	433	432	1	0	0	0
fullCP	Green	train	Ribo_ND_015807	368	367	1	0	0	0
fullCP	Green	train	Ribo_ND_025079	426	425	1	0	0	0
fullCP	Green	train	Ribo_ND_025104	426	425	1	0	0	0
fullCP	Green	train	Ribo_ND_016320	377	376	1	0	0	0
fullCP	Green	train	Ribo_ND_025182	403	402	1	0	0	0
fullCP	Green	train	Ribo_ND_025238	425	424	1	0	0	0
fullCP	Green	train	Ribo_ND_025196	430	429	1	0	0	0
fullCP	Green	train	Ribo_ND_025471	410	409	1	0	0	0
fullCP	Green	train	Ribo_ND_096184	498	497	1	0	0	0
fullCP	Green	train	Ribo_ND_068189	429	428	1	0	0	0
fullCP	Green	train	Ribo_ND_093303	517	516	1	0	0	0
fullCP	Green	train	Ribo_ND_029735	353	352	1	0	0	0
fullCP	Green	train	Ribo_ND_125904	543	542	1	0	0	0
fullCP	Green	train	Ribo_ND_125033	419	418	1	0	0	0
fullCP	Green	train	Ribo_ND_160081	457	456	1	0	0	0
fullCP	Green	train	Ribo_tombunoda_ScMacrV2	423	422	1	0	0	0
fullCP	Green	train	Ribo_ND_130317	470	469	1	0	0	0
fullCP	Green	train	Ribo_ND_391223	391	390	1	0	0	0
fullCP	Green	train	Ribo_ND_370449	413	412	1	0	0	0
fullCP	Green	train	Ribo_ND_029450	430	429	1	0	0	0
fullCP	Green	train	Ribo_ND_133472	438	437	1	0	0	0
fullCP	Green	train	Ribo_ND_104240	422	421	1	0	0	0
fullCP	Green	train	Ribo_ND_085862	421	420	1	0	0	0
fullCP	Green	train	Ribo_ND_163355	389	388	1	0	0	0
fullCP	Green	train	Ribo_tomREF_NC_005285	379	378	1	0	0	0
fullCP	Green	train	Ribo_ND_089420	425	424	1	0	0	0
fullCP	Green	train	Ribo_ND_059596	378	377	1	0	0	0
fullCP	Green	train	Ribo_ND_062045	489	488	1	0	0	0
fullCP	Green	train	Ribo_ND_179935	457	456	1	0	0	0
fullCP	Green	train	Ribo_JAAOEH010001751.1	413	412	1	0	0	0
fullCP	Green	train	Ribo_ND_391487	442	441	1	0	0	0
fullCP	Green	train	Ribo_ND_292516	342	341	1	0	0	0
fullCP	Green	train	Ribo_ND_026280	351	350	1	0	0	0
fullCP	Green	train	Ribo_ND_083710	413	412	1	0	0	0
fullCP	Green	train	Ribo_ND_136222	531	530	1	0	0	0
fullCP	Green	train	Ribo_ND_030664	461	460	1	0	0	0
fullCP	Green	train	Ribo_ND_363507	458	457	1	0	0	0
fullCP	Green	train	Ribo_ND_391197	473	472	1	0	0	0
fullCP	Green	train	Ribo_ND_030168	472	471	1	0	0	0
fullCP	Green	train	Ribo_ND_025097	420	419	1	0	0	0
fullCP	Green	train	Ribo_ND_095360	434	433	1	0	0	0
fullCP	Green	train	Ribo_ND_107501	384	383	1	0	0	0
fullCP	Green	train	Ribo_ND_043980	412	411	1	0	0	0
fullCP	Green	train	Ribo_ND_051567	440	439	1	0	0	0
fullCP	Green	train	Ribo_ND_056125	530	529	1	0	0	0
fullCP	Green	train	Ribo_ND_037792	410	409	1	0	0	0
fullCP	Green	train	Ribo_ND_053581	658	657	1	0	0	0
fullCP	Green	train	Ribo_ND_046601	448	447	1	0	0	0
fullCP	Green	train	Ribo_ND_030336	407	406	1	0	0	0
fullCP	Green	train	Ribo_ND_030566	528	527	1	0	0	0
fullCP	Green	train	Ribo_ND_291744	380	379	1	0	0	0
fullCP	Green	train	Ribo_ND_075367	392	391	1	0	0	0
fullCP	Green	train	Ribo_tomREF_NC_005286	346	345	1	0	0	0
fullCP	Green	train	Ribo_ND_378405	530	529	1	0	0	0
fullCP	Green	train	Ribo_ND_089790	420	419	1	0	0	0
fullCP	Green	train	Ribo_ND_025670	409	408	1	0	0	0
fullCP	Green	train	Ribo_JAAOEH010001260.1	518	517	1	0	0	0
fullCP	Green	train	Ribo_ND_306979	446	445	1	0	0	0
fullCP	Green	train	Ribo_ND_081107	389	388	1	0	0	0
fullCP	Green	train	Ribo_ND_048421	453	452	1	0	0	0
fullCP	Green	train	Ribo_ND_378685	421	420	1	0	0	0
fullCP	Green	train	Ribo_ND_025226	495	494	1	0	0	0
fullCP	Green	train	Ribo_JAAOEH010004953.1	429	428	1	0	0	0
fullCP	Green	train	Ribo_ND_351124	314	313	1	0	0	0
fullCP	Green	train	Ribo_ND_295007	318	317	1	0	0	0
fullCP	Green	train	Ribo_ND_155991	447	446	1	0	0	0
fullCP	Green	train	Ribo_ND_178820	470	469	1	0	0	0
fullCP	Green	train	Ribo_ND_015828	479	478	1	0	0	0
fullCP	Green	train	Ribo_ND_370441	404	403	1	0	0	0
fullCP	Green	train	Ribo_ND_209405	422	421	1	0	0	0
fullCP	Green	train	Ribo_ND_103830	403	402	1	0	0	0
fullCP	Green	train	Ribo_ND_158134	441	440	1	0	0	0
fullCP	Green	train	Ribo_ND_304046	530	529	1	0	0	0
fullCP	Green	train	Ribo_tomREF_NC_002187	353	352	1	0	0	0
fullCP	Green	train	Ribo_ND_276168	672	671	1	0	0	0
fullCP	Green	train	Ribo_ND_157972	449	448	1	0	0	0
fullCP	Green	train	Ribo_ND_352102	447	446	1	0	0	0
fullCP	Green	train	Ribo_ND_097179	420	419	1	0	0	0
fullCP	Green	train	Ribo_ND_179963	455	454	1	0	0	0
fullCP	Green	train	Ribo_ND_105296	484	483	1	0	0	0
fullCP	Green	train	Ribo_ND_331194	450	449	1	0	0	0
fullCP	Green	train	Ribo_ND_249715	430	429	1	0	0	0
fullCP	Green	train	Ribo_ND_391167	386	385	1	0	0	0
fullCP	Green	train	Ribo_JAAOEH010002326.1	421	420	1	0	0	0
fullCP	Green	train	Ribo_ND_028501	315	314	1	0	0	0
fullCP	Green	train	Ribo_ND_099772	464	463	1	0	0	0
fullCP	Green	train	Ribo_ND_192680	430	429	1	0	0	0
fullCP	Green	train	Ribo_ND_146063	424	423	1	0	0	0
fullCP	Green	train	Ribo_ND_179968	419	418	1	0	0	0
fullCP	Green	train	Ribo_ND_019433	339	338	1	0	0	0
fullCP	Green	train	Ribo_ND_381128	531	530	1	0	0	0
fullCP	Green	train	Ribo_ND_057910	410	409	1	0	0	0
fullCP	Green	train	Ribo_ND_129822	321	320	1	0	0	0
fullCP	Green	train	Ribo_ND_365502	412	411	1	0	0	0
fullCP	Green	train	Ribo_ND_024480	629	628	1	0	0	0
fullCP	Green	train	Ribo_ND_175762	392	391	1	0	0	0
fullCP	Green	train	Ribo_ND_156799	418	417	1	0	0	0
fullCP	Green	train	Ribo_ND_220610	441	440	1	0	0	0
fullCP	Green	train	Ribo_ND_180550	491	490	1	0	0	0
fullCP	Green	train	Ribo_ND_202996	448	447	1	0	0	0
fullCP	Green	train	Ribo_ND_113307	449	448	1	0	0	0
fullCP	Green	train	Ribo_ND_364448	421	420	1	0	0	0
fullCP	Green	train	Ribo_ND_115234	377	376	1	0	0	0
fullCP	Green	train	Ribo_ND_163158	431	430	1	0	0	0
fullCP	Green	train	Ribo_ND_216514	457	456	1	0	0	0
fullCP	Green	train	Ribo_ND_188581	550	549	1	0	0	0
fullCP	Green	train	Ribo_NC_032991	454	453	1	0	0	0
fullCP	Green	train	Ribo_ND_123948	473	472	1	0	0	0
fullCP	Green	train	Ribo_ND_110535	457	456	1	0	0	0
fullCP	Green	train	Ribo_ND_017053	354	353	1	0	0	0
fullCP	Green	train	Ribo_ND_220764	429	428	1	0	0	0
fullCP	Green	train	Ribo_ND_019888	379	378	1	0	0	0
fullCP	Green	train	Ribo_ND_084543	452	451	1	0	0	0
fullCP	Green	train	Ribo_ND_389828	354	353	1	0	0	0
fullCP	Green	train	Ribo_ND_083791	419	418	1	0	0	0
fullCP	Green	train	Ribo_ND_131961	422	421	1	0	0	0
fullCP	Green	train	Ribo_ND_043009	491	490	1	0	0	0
fullCP	Green	train	Ribo_ND_030182	493	492	1	0	0	0
fullCP	Green	train	Ribo_ND_114535	432	431	1	0	0	0
fullCP	Green	train	Ribo_ND_311193	324	323	1	0	0	0
fullCP	Green	train	Ribo_ND_133651	422	421	1	0	0	0
fullCP	Green	train	Ribo_ND_059860	403	402	1	0	0	0
fullCP	Green	train	Ribo_ND_184545	408	407	1	0	0	0
fullCP	Green	train	Ribo_ND_050484	439	438	1	0	0	0
fullCP	Green	train	Ribo_ND_177717	468	467	1	0	0	0
fullCP	Green	train	Ribo_ND_364440	394	393	1	0	0	0
fullCP	Green	train	Ribo_ND_166599	573	572	1	0	0	0
fullCP	Green	train	Ribo_ND_043264	599	598	1	0	0	0
fullCP	Green	train	Ribo_ND_249711	426	425	1	0	0	0
fullCP	Green	train	Ribo_ND_290178	377	376	1	0	0	0
fullCP	Green	train	Ribo_ND_279722	422	421	1	0	0	0
fullCP	Green	train	Ribo_ND_188767	444	443	1	0	0	0
fullCP	Green	train	Ribo_ND_251248	413	412	1	0	0	0
fullCP	Green	train	Ribo_ND_028704	413	412	1	0	0	0
fullCP	Green	train	Ribo_ND_182235	496	495	1	0	0	0
fullCP	Green	train	Ribo_ND_133927	400	399	1	0	0	0
fullCP	Green	train	Ribo_ND_067439	644	643	1	0	0	0
fullCP	Green	train	Ribo_ND_239648	479	478	1	0	0	0
fullCP	Green	train	Ribo_ND_330301	431	430	1	0	0	0
fullCP	Green	train	Ribo_ND_190377	439	438	1	0	0	0
fullCP	Green	train	Ribo_ND_139084	518	517	1	0	0	0
fullCP	Green	train	Ribo_ND_055001	506	505	1	0	0	0
fullCP	Green	train	Ribo_ND_165024	318	317	1	0	0	0
fullCP	Green	train	Ribo_ND_160101	478	477	1	0	0	0
fullCP	Green	train	Ribo_ND_267441	544	543	1	0	0	0
fullCP	Green	train	Ribo_ND_107697	493	492	1	0	0	0
fullCP	Green	train	Ribo_ND_292524	347	346	1	0	0	0
fullCP	Green	train	Ribo_ND_249807	474	473	1	0	0	0
fullCP	Green	train	Ribo_ND_216740	432	431	1	0	0	0
fullCP	Green	train	Ribo_ND_215238	437	436	1	0	0	0
fullCP	Green	train	Ribo_ND_286064	482	481	1	0	0	0
fullCP	Green	train	Ribo_ND_197526	417	416	1	0	0	0
fullCP	Green	train	Ribo_ND_189516	424	423	1	0	0	0
fullCP	Green	train	Ribo_ND_156851	531	530	1	0	0	0
fullCP	Green	train	Ribo_ND_025223	419	418	1	0	0	0
fullCP	Green	train	Ribo_ND_126494	444	443	1	0	0	0
fullCP	Green	train	Ribo_ND_052487	451	450	1	0	0	0
fullCP	Green	train	Ribo_ND_030231	407	406	1	0	0	0
fullCP	Green	train	Ribo_ND_095194	436	435	1	0	0	0
fullCP	Green	train	Ribo_JAAOEH010001845.1	449	448	1	0	0	0
fullCP	Green	train	Ribo_ND_184904	488	487	1	0	0	0
fullCP	Green	train	Ribo_ND_288149	340	339	1	0	0	0
fullCP	Green	train	Ribo_ND_095663	480	479	1	0	0	0
fullCP	Green	train	Ribo_ND_281703	351	350	1	0	0	0
fullCP	Green	train	Ribo_ND_329968	427	426	1	0	0	0
fullCP	Green	train	Ribo_ND_159193	441	440	1	0	0	0
fullCP	Green	train	Ribo_ND_134054	581	580	1	0	0	0
fullCP	Green	train	Ribo_ND_124450	419	418	1	0	0	0
fullCP	Green	train	Ribo_ND_074414	485	484	1	0	0	0
fullCP	Green	train	Ribo_ND_156205	553	552	1	0	0	0
fullCP	Green	train	Ribo_ND_163010	433	432	1	0	0	0
fullCP	Green	train	Ribo_ND_044117	417	416	1	0	0	0
fullCP	Green	train	Ribo_ND_263188	444	443	1	0	0	0
fullCP	Green	train	Ribo_ND_113583	429	428	1	0	0	0
fullCP	Green	train	Ribo_ND_085900	487	486	1	0	0	0
fullCP	Green	train	Ribo_ND_159755	422	421	1	0	0	0
fullCP	Green	train	Ribo_JAAOEH010003587.1	429	428	1	0	0	0
fullCP	Green	train	Ribo_ND_178256	562	561	1	0	0	0
fullCP	Green	train	Ribo_ND_370389	455	454	1	0	0	0
fullCP	Green	train	Ribo_ND_176110	432	431	1	0	0	0
fullCP	Green	train	Ribo_ND_168812	427	426	1	0	0	0
fullCP	Green	train	Ribo_ND_166707	445	444	1	0	0	0
fullCP	Green	train	Ribo_ND_202071	440	439	1	0	0	0
fullCP	Green	train	Ribo_ND_090497	455	454	1	0	0	0
fullCP	Green	train	Ribo_ND_043343	446	445	1	0	0	0
fullCP	Green	train	Ribo_ND_016151	352	351	1	0	0	0
fullCP	Green	train	Ribo_ND_276858	449	448	1	0	0	0
fullCP	Green	train	Ribo_ND_287598	380	379	1	0	0	0
fullCP	Green	train	Ribo_ND_060760	406	405	1	0	0	0
fullCP	Green	train	Ribo_ND_120998	544	543	1	0	0	0
fullCP	Green	train	Ribo_JAAOEH010002410.1	495	494	1	0	0	0
fullCP	Green	train	Ribo_ND_162128	418	417	1	0	0	0
fullCP	Green	train	Ribo_ND_029416	463	462	1	0	0	0
fullCP	Green	train	Ribo_ND_091396	420	419	1	0	0	0
fullCP	Green	train	Ribo_ND_294143	478	477	1	0	0	0
fullCP	Green	train	Ribo_ND_363026	611	610	1	0	0	0
fullCP	Green	train	Ribo_ND_043235	420	419	1	0	0	0
fullCP	Green	train	Ribo_ND_060927	437	436	1	0	0	0
fullCP	Green	train	Ribo_ND_294854	442	441	1	0	0	0
fullCP	Green	train	Ribo_ND_180066	374	373	1	0	0	0
fullCP	Green	train	Ribo_ND_144217	451	450	1	0	0	0
fullCP	Green	train	Ribo_ND_181970	384	383	1	0	0	0
fullCP	Green	train	Ribo_ND_163299	499	498	1	0	0	0
fullCP	Green	train	Ribo_ND_097300	417	416	1	0	0	0
fullCP	Green	train	Ribo_ND_187649	450	449	1	0	0	0
fullCP	Green	train	Ribo_ND_166714	426	425	1	0	0	0
fullCP	Green	train	Ribo_ND_183795	540	539	1	0	0	0
fullCP	Green	train	Ribo_ND_109034	528	527	1	0	0	0
fullCP	Green	train	Ribo_ND_085033	419	418	1	0	0	0
fullCP	Green	train	Ribo_ND_132795	527	526	1	0	0	0
fullCP	Green	train	Ribo_ND_015813	346	345	1	0	0	0
fullCP	Green	train	Ribo_ND_391725	439	438	1	0	0	0
fullCP	Green	train	Ribo_ND_246835	465	464	1	0	0	0
fullCP	Green	train	Ribo_tomREF_NC_009533	333	332	1	0	0	0
fullCP	Green	train	Ribo_JAAOEH010002346.1	425	424	1	0	0	0
fullCP	Green	train	Ribo_ND_391473	412	411	1	0	0	0
fullCP	Green	train	Ribo_NC_032782	598	597	1	0	0	0
fullCP	Green	train	Ribo_ND_389800	447	446	1	0	0	0
fullCP	Green	train	Ribo_ND_264019	461	460	1	0	0	0
fullCP	Green	train	Ribo_ND_249677	558	557	1	0	0	0
fullCP	Green	train	Ribo_ND_092298	678	677	1	0	0	0
fullCP	Green	train	Ribo_ND_365818	434	433	1	0	0	0
fullCP	Green	train	Ribo_ND_327924	390	389	1	0	0	0
fullCP	Green	train	Ribo_ND_025350	360	359	1	0	0	0
fullCP	Green	train	Ribo_ND_042393	430	429	1	0	0	0
fullCP	Green	train	Ribo_ND_028450	496	495	1	0	0	0
fullCP	Green	train	Ribo_ND_111053	497	496	1	0	0	0
fullCP	Green	train	Ribo_ND_017294	342	341	1	0	0	0
fullCP	Green	train	Ribo_ND_366252	344	343	1	0	0	0
fullCP	Green	train	Ribo_ND_366190	434	433	1	0	0	0
fullCP	Green	train	Ribo_ND_107675	511	510	1	0	0	0
fullCP	Green	train	Ribo_ND_382439	380	379	1	0	0	0
fullCP	Green	train	Ribo_ND_030209	421	420	1	0	0	0
fullCP	Green	train	Ribo_ND_121954	338	337	1	0	0	0
fullCP	Green	train	Ribo_ND_080284	397	396	1	0	0	0
fullCP	Green	train	Ribo_ND_166611	436	435	1	0	0	0
fullCP	Green	train	Ribo_ND_118549	431	430	1	0	0	0
fullCP	Green	train	Ribo_ND_029391	510	509	1	0	0	0
fullCP	Green	train	Ribo_ND_249734	425	424	1	0	0	0
fullCP	Green	train	Ribo_ND_335728	489	488	1	0	0	0
fullCP	Green	train	Ribo_ND_366370	453	452	1	0	0	0
fullCP	Green	train	Ribo_ND_093203	348	347	1	0	0	0
fullCP	Green	train	Ribo_ND_028931	411	410	1	0	0	0
fullCP	Green	train	Ribo_ND_015659	435	434	1	0	0	0
fullCP	Green	train	Ribo_ND_146235	421	420	1	0	0	0
fullCP	Green	train	Ribo_ND_155771	439	438	1	0	0	0
fullCP	Green	train	Ribo_ND_114170	479	478	1	0	0	0
fullCP	Green	train	Ribo_ND_386716	406	405	1	0	0	0
fullCP	Green	train	Ribo_ND_054817	428	427	1	0	0	0
fullCP	Green	train	Ribo_ND_150220	393	392	1	0	0	0
fullCP	Green	train	Ribo_ND_370447	414	413	1	0	0	0
fullCP	Green	train	Ribo_ND_234623	471	470	1	0	0	0
fullCP	Green	train	Ribo_ND_015723	387	386	1	0	0	0
fullCP	Green	train	Ribo_ND_130208	435	434	1	0	0	0
fullCP	Green	train	Ribo_JAAOEH010002449.1	577	576	1	0	0	0
fullCP	Green	train	Ribo_ND_125752	560	559	1	0	0	0
fullCP	Green	train	Ribo_ND_019228	421	420	1	0	0	0
fullCP	Green	train	Ribo_ND_178506	448	447	1	0	0	0
fullCP	Green	train	Ribo_ND_094718	395	394	1	0	0	0
fullCP	Green	train	Ribo_ND_363042	354	353	1	0	0	0
fullCP	Green	train	Ribo_ND_030265	431	430	1	0	0	0
fullCP	Green	train	Ribo_ND_187985	471	470	1	0	0	0
fullCP	Green	train	Ribo_ND_124074	441	440	1	0	0	0
fullCP	Green	train	Ribo_ND_114735	502	501	1	0	0	0
fullCP	Green	train	Ribo_ND_381661	511	510	1	0	0	0
fullCP	Green	train	Ribo_ND_082480	561	560	1	0	0	0
fullCP	Green	train	Ribo_ND_364444	419	418	1	0	0	0
fullCP	Green	train	Ribo_ND_268835	470	469	1	0	0	0
fullCP	Green	train	Ribo_ND_109125	565	564	1	0	0	0
fullCP	Green	train	Ribo_ND_099971	423	422	1	0	0	0
fullCP	Green	train	Ribo_ND_292549	420	419	1	0	0	0
fullCP	Green	train	Ribo_ND_094098	464	463	1	0	0	0
fullCP	Green	train	Ribo_ND_162083	466	465	1	0	0	0
fullCP	Green	train	Ribo_ND_253618	425	424	1	0	0	0
fullCP	Green	train	Ribo_ND_046378	489	488	1	0	0	0
fullCP	Green	train	Ribo_ND_030153	432	431	1	0	0	0
fullCP	Green	train	Ribo_ND_148054	429	428	1	0	0	0
fullCP	Green	train	Ribo_ND_065557	382	381	1	0	0	0
fullCP	Green	train	Ribo_ND_134282	464	463	1	0	0	0
fullCP	Green	train	Ribo_ND_391035	375	374	1	0	0	0
fullCP	Green	train	Ribo_ND_024662	468	467	1	0	0	0
fullCP	Green	train	Ribo_ND_126471	552	551	1	0	0	0
fullCP	Green	train	Ribo_ND_130202	456	455	1	0	0	0
fullCP	Green	train	Ribo_ND_390447	378	377	1	0	0	0
fullCP	Green	train	Ribo_ND_251197	422	421	1	0	0	0
fullCP	Green	train	Ribo_ND_126022	574	573	1	0	0	0
fullCP	Green	train	Ribo_ND_306667	389	388	1	0	0	0
fullCP	Green	train	Ribo_tomREF_NC_000939	374	373	1	0	0	0
fullCP	Green	train	Ribo_ND_285582	644	643	1	0	0	0
fullCP	Green	train	Ribo_ND_391215	520	519	1	0	0	0
fullCP	Green	train	Ribo_ND_288221	635	634	1	0	0	0
fullCP	Green	train	Ribo_ND_084192	425	424	1	0	0	0
fullCP	Green	train	Ribo_ND_084065	437	436	1	0	0	0
fullCP	Green	train	Ribo_ND_166566	364	363	1	0	0	0
fullCP	Green	train	Ribo_ND_082485	558	557	1	0	0	0
fullCP	Green	train	Ribo_ND_024939	463	462	1	0	0	0
fullCP	Green	train	Ribo_ND_030302	415	414	1	0	0	0
fullCP	Green	train	Ribo_ND_025925	427	426	1	0	0	0
fullCP	Green	train	Ribo_ND_046929	423	422	1	0	0	0
fullCP	Green	train	Ribo_ND_250998	423	422	1	0	0	0
fullCP	Green	train	Ribo_ND_248208	473	472	1	0	0	0
fullCP	Green	train	Ribo_ND_029688	452	451	1	0	0	0
fullCP	Green	train	Ribo_ND_391466	463	462	1	0	0	0
fullCP	Green	train	Ribo_ND_162910	531	530	1	0	0	0
fullCP	Green	train	Ribo_ND_203978	334	333	1	0	0	0
fullCP	Green	train	Ribo_ND_381618	436	435	1	0	0	0
fullCP	Green	train	Ribo_ND_287427	501	500	1	0	0	0
fullCP	Green	train	Ribo_JAAOEH010001942.1	564	563	1	0	0	0
fullCP	Green	train	Ribo_ND_163272	410	409	1	0	0	0
fullCP	Green	train	Ribo_ND_190317	555	554	1	0	0	0
fullCP	Green	train	Ribo_ND_037412	599	598	1	0	0	0
fullCP	Green	train	Ribo_ND_343517	437	436	1	0	0	0
fullCP	Green	train	Ribo_ND_251156	413	412	1	0	0	0
fullCP	Green	train	Ribo_ND_114875	456	455	1	0	0	0
fullCP	Green	train	Ribo_ND_124838	396	395	1	0	0	0
fullCP	Green	train	Ribo_ND_029080	392	391	1	0	0	0
fullCP	Green	train	Ribo_ND_205493	456	455	1	0	0	0
fullCP	Green	train	Ribo_ND_299879	492	491	1	0	0	0
fullCP	Green	train	Ribo_ND_043347	409	408	1	0	0	0
fullCP	Green	train	Ribo_ND_087424	502	501	1	0	0	0
fullCP	Green	train	Ribo_ND_180487	438	437	1	0	0	0
fullCP	Green	train	Ribo_ND_046317	608	607	1	0	0	0
fullCP	Green	train	Ribo_ND_388266	534	533	1	0	0	0
fullCP	Green	train	Ribo_ND_028954	612	611	1	0	0	0
fullCP	Green	train	Ribo_ND_246785	464	463	1	0	0	0
fullCP	Green	train	Ribo_ND_132327	324	323	1	0	0	0
fullCP	Green	train	Ribo_ND_043361	430	429	1	0	0	0
fullCP	Green	train	Ribo_JAAOEH010002610.1	415	414	1	0	0	0
fullCP	Green	train	Ribo_ND_106166	434	433	1	0	0	0
fullCP	Green	train	Ribo_ND_190494	408	407	1	0	0	0
fullCP	Green	train	Ribo_ND_128914	482	481	1	0	0	0
fullCP	Green	train	Ribo_ND_207626	587	586	1	0	0	0
fullCP	Green	train	Ribo_ND_093435	459	458	1	0	0	0
fullCP	Green	train	Ribo_ND_106677	415	414	1	0	0	0
fullCP	Green	train	Ribo_ND_287421	342	341	1	0	0	0
fullCP	Green	train	Ribo_ND_195610	419	418	1	0	0	0
fullCP	Green	train	Ribo_ND_107386	403	402	1	0	0	0
fullCP	Green	train	Ribo_ND_025305	383	382	1	0	0	0
fullCP	Green	train	Ribo_ND_166631	532	531	1	0	0	0
fullCP	Green	train	Ribo_ND_228726	464	463	1	0	0	0
fullCP	Green	train	Ribo_ND_028680	446	445	1	0	0	0
fullCP	Green	train	Ribo_ND_096464	445	444	1	0	0	0
fullCP	Green	train	Ribo_ND_066931	501	500	1	0	0	0
fullCP	Green	train	Ribo_ND_043246	434	433	1	0	0	0
fullCP	Green	train	Ribo_ND_099728	431	430	1	0	0	0
fullCP	Green	train	Ribo_ND_030312	412	411	1	0	0	0
fullCP	Green	train	Ribo_ND_385553	429	428	1	0	0	0
fullCP	Green	train	Ribo_ND_125159	413	412	1	0	0	0
fullCP	Green	train	Ribo_ND_019348	432	431	1	0	0	0
fullCP	Green	train	Ribo_ND_025533	410	409	1	0	0	0
fullCP	Green	train	Ribo_ND_078080	460	459	1	0	0	0
fullCP	Green	train	Ribo_ND_107474	426	425	1	0	0	0
fullCP	Green	train	Ribo_ND_122116	465	464	1	0	0	0
fullCP	Green	train	Ribo_ND_086105	427	426	1	0	0	0
fullCP	Green	train	Ribo_ND_043223	381	380	1	0	0	0
fullCP	Green	train	Ribo_ND_097599	425	424	1	0	0	0
fullCP	Green	train	Ribo_ND_020627	340	339	1	0	0	0
fullCP	Green	train	Ribo_ND_306697	379	378	1	0	0	0
fullCP	Green	train	Ribo_ND_232461	430	429	1	0	0	0
fullCP	Green	train	Ribo_ND_166662	407	406	1	0	0	0
fullCP	Green	train	Ribo_ND_042915	423	422	1	0	0	0
fullCP	Green	train	Ribo_ND_327870	370	369	1	0	0	0
fullCP	Green	train	Ribo_ND_095900	471	470	1	0	0	0
fullCP	Green	train	Ribo_NC_032826	417	416	1	0	0	0
fullCP	Green	train	Ribo_ND_176115	521	520	1	0	0	0
fullCP	Green	train	Ribo_ND_050578	425	424	1	0	0	0
fullCP	Green	train	Ribo_ND_034853	426	425	1	0	0	0
fullCP	Green	train	Ribo_ND_365983	429	428	1	0	0	0
fullCP	Green	train	Ribo_ND_209163	469	468	1	0	0	0
fullCP	Green	train	Ribo_ND_069154	488	487	1	0	0	0
fullCP	Green	train	Ribo_ND_163124	472	471	1	0	0	0
fullCP	Green	train	Ribo_ND_391165	460	459	1	0	0	0
fullCP	Green	train	Ribo_ND_125217	401	400	1	0	0	0
fullCP	Green	train	Ribo_ND_190374	382	381	1	0	0	0
fullCP	Green	train	Ribo_ND_185856	492	491	1	0	0	0
fullCP	Green	train	Ribo_ND_170543	418	417	1	0	0	0
fullCP	Green	train	Ribo_ND_249738	439	438	1	0	0	0
fullCP	Green	train	Ribo_ND_044597	435	434	1	0	0	0
fullCP	Green	train	Ribo_ND_166523	392	391	1	0	0	0
fullCP	Green	train	Ribo_ND_036494	410	409	1	0	0	0
fullCP	Green	train	Ribo_ND_044832	451	450	1	0	0	0
fullCP	Green	train	Ribo_ND_172983	417	416	1	0	0	0
fullCP	Green	train	Ribo_ND_249709	420	419	1	0	0	0
fullCP	Green	train	Ribo_ND_391151	529	528	1	0	0	0
fullCP	Green	train	Ribo_ND_028069	412	411	1	0	0	0
fullCP	Green	train	Ribo_ND_152138	485	484	1	0	0	0
fullCP	Green	train	Ribo_ND_065460	400	399	1	0	0	0
fullCP	Green	train	Ribo_ND_386726	396	395	1	0	0	0
fullCP	Green	train	Ribo_ND_232455	442	441	1	0	0	0
fullCP	Green	train	Ribo_ND_046761	423	422	1	0	0	0
fullCP	Green	train	Ribo_ND_203489	442	441	1	0	0	0
fullCP	Green	train	Ribo_ND_046897	454	453	1	0	0	0
fullCP	Green	train	Ribo_ND_051536	423	422	1	0	0	0
fullCP	Green	train	Ribo_ND_362746	421	420	1	0	0	0
fullCP	Green	train	Ribo_ND_025523	359	358	1	0	0	0
fullCP	Green	train	Ribo_ND_015665	366	365	1	0	0	0
fullCP	Green	train	Ribo_ND_044604	438	437	1	0	0	0
fullCP	Green	train	Ribo_ND_047125	372	371	1	0	0	0
fullCP	Green	train	Ribo_ND_157297	352	351	1	0	0	0
fullCP	Green	train	Ribo_ND_130920	423	422	1	0	0	0
fullCP	Green	train	Ribo_ND_090573	449	448	1	0	0	0
fullCP	Green	train	Ribo_ND_028768	419	418	1	0	0	0
fullCP	Green	train	Ribo_ND_164988	421	420	1	0	0	0
fullCP	Green	train	Ribo_ND_025122	393	392	1	0	0	0
fullCP	Green	train	Ribo_ND_379330	386	385	1	0	0	0
fullCP	Green	train	Ribo_ND_025437	422	421	1	0	0	0
fullCP	Green	train	Ribo_ND_028328	416	415	1	0	0	0
fullCP	Green	train	Ribo_ND_389711	497	496	1	0	0	0
fullCP	Green	train	Ribo_ND_334638	422	421	1	0	0	0
fullCP	Green	train	Ribo_ND_132246	509	508	1	0	0	0
fullCP	Green	train	Ribo_ND_281997	374	373	1	0	0	0
fullCP	Green	train	Ribo_ND_365515	490	489	1	0	0	0
fullCP	Green	train	Ribo_ND_124503	562	561	1	0	0	0
fullCP	Green	train	Ribo_ND_301567	420	419	1	0	0	0
fullCP	Green	train	Ribo_ND_121659	499	498	1	0	0	0
fullCP	Green	train	Ribo_ND_025042	478	477	1	0	0	0
fullCP	Green	train	Ribo_ND_046480	426	425	1	0	0	0
fullCP	Green	train	Ribo_ND_387567	448	447	1	0	0	0
fullCP	Green	train	Ribo_ND_044336	392	391	1	0	0	0
fullCP	Green	train	Ribo_ND_059632	513	512	1	0	0	0
fullCP	Green	train	Ribo_ND_129723	412	411	1	0	0	0
fullCP	Green	train	Ribo_ND_099920	420	419	1	0	0	0
fullCP	Green	train	Ribo_ND_025209	460	459	1	0	0	0
fullCP	Green	train	Ribo_ND_249722	417	416	1	0	0	0
fullCP	Green	train	Ribo_ND_047182	429	428	1	0	0	0
fullCP	Green	train	Ribo_ND_090466	398	397	1	0	0	0
fullCP	Green	train	Ribo_ND_342381	354	353	1	0	0	0
fullCP	Green	train	Ribo_ND_094808	488	487	1	0	0	0
fullCP	Green	train	Ribo_ND_390206	368	367	1	0	0	0
fullCP	Green	train	Ribo_ND_091569	402	401	1	0	0	0
fullCP	Green	train	Ribo_ND_293245	356	355	1	0	0	0
fullCP	Green	train	Ribo_ND_209831	566	565	1	0	0	0
fullCP	Green	train	Ribo_ND_388134	449	448	1	0	0	0
fullCP	Green	train	Ribo_ND_302664	434	433	1	0	0	0
fullCP	Green	train	Ribo_ND_028381	347	346	1	0	0	0
fullCP	Green	train	Ribo_ND_203599	465	464	1	0	0	0
fullCP	Green	train	Ribo_ND_289130	380	379	1	0	0	0
fullCP	Green	train	Ribo_ND_239879	633	632	1	0	0	0
fullCP	Green	train	Ribo_ND_276181	446	445	1	0	0	0
fullCP	Green	train	Ribo_ND_100110	490	489	1	0	0	0
fullCP	Green	train	Ribo_ND_113791	516	515	1	0	0	0
fullCP	Green	train	Ribo_ND_092587	398	397	1	0	0	0
fullCP	Green	train	Ribo_ND_049257	465	464	1	0	0	0
fullCP	Green	train	Ribo_ND_167327	383	382	1	0	0	0
fullCP	Green	train	Ribo_ND_082626	614	613	1	0	0	0
fullCP	Green	train	Ribo_ND_162119	418	417	1	0	0	0
fullCP	Green	train	Ribo_ND_386266	522	521	1	0	0	0
fullCP	Green	train	Ribo_ND_080952	517	516	1	0	0	0
fullCP	Green	train	Ribo_ND_284211	429	428	1	0	0	0
fullCP	Green	train	Ribo_ND_184602	420	419	1	0	0	0
fullCP	Green	train	Ribo_ND_100007	439	438	1	0	0	0
fullCP	Green	train	Ribo_ND_082763	388	387	1	0	0	0
fullCP	Green	train	Ribo_ND_343304	424	423	1	0	0	0
fullCP	Green	train	Ribo_ND_044838	591	590	1	0	0	0
fullCP	Green	train	Ribo_ND_129922	354	353	1	0	0	0
fullCP	Green	train	Ribo_ND_282773	424	423	1	0	0	0
fullCP	Green	train	Ribo_ND_126855	446	445	1	0	0	0
fullCP	Green	train	Ribo_ND_249643	523	522	1	0	0	0
fullCP	Green	train	Ribo_JAAOEH010004401.1	428	427	1	0	0	0
fullCP	Green	train	Ribo_ND_249717	425	424	1	0	0	0
fullCP	Green	train	Ribo_ND_279534	357	356	1	0	0	0
fullCP	Green	train	Ribo_ND_089619	508	507	1	0	0	0
fullCP	Green	train	Ribo_ND_156966	472	471	1	0	0	0
fullCP	Green	train	Ribo_ND_391477	410	409	1	0	0	0
fullCP	Green	train	Ribo_ND_161999	554	553	1	0	0	0
fullCP	Green	train	Ribo_ND_024358	482	481	1	0	0	0
fullCP	Green	train	Ribo_ND_109190	413	412	1	0	0	0
fullCP	Green	train	Ribo_ND_132224	464	463	1	0	0	0
fullCP	Green	train	Ribo_ND_028071	413	412	1	0	0	0
fullCP	Green	train	Ribo_ND_064805	659	658	1	0	0	0
fullCP	Green	train	Ribo_ND_038050	435	434	1	0	0	0
fullCP	Green	train	Ribo_ND_172658	427	426	1	0	0	0
fullCP	Green	train	Ribo_ND_068953	463	462	1	0	0	0
fullCP	Green	train	Ribo_ND_289146	408	407	1	0	0	0
fullCP	Green	train	Ribo_JAAOEH010005851.1	424	423	1	0	0	0
fullCP	Green	train	Ribo_ND_030167	440	439	1	0	0	0
fullCP	Green	train	Ribo_ND_025550	419	418	1	0	0	0
fullCP	Green	train	Ribo_ND_335472	428	427	1	0	0	0
fullCP	Green	train	Ribo_ND_018962	394	393	1	0	0	0
fullCP	Green	train	Ribo_ND_150904	358	357	1	0	0	0
fullCP	Green	train	Ribo_ND_389708	451	450	1	0	0	0
fullCP	Green	train	Ribo_ND_017293	339	338	1	0	0	0
fullCP	Green	train	Ribo_ND_044149	422	421	1	0	0	0
fullCP	Green	train	Ribo_ND_030308	433	432	1	0	0	0
fullCP	Green	train	Ribo_ND_370430	420	419	1	0	0	0
fullCP	Green	train	Ribo_ND_299887	455	454	1	0	0	0
fullCP	Green	train	Ribo_ND_046858	497	496	1	0	0	0
fullCP	Green	train	Ribo_ND_156561	454	453	1	0	0	0
fullCP	Green	train	Ribo_ND_104580	481	480	1	0	0	0
fullCP	Green	train	Ribo_ND_124237	519	518	1	0	0	0
fullCP	Green	train	Ribo_ND_080221	452	451	1	0	0	0
fullCP	Green	train	Ribo_ND_166930	432	431	1	0	0	0
fullCP	Green	train	Ribo_ND_203176	486	485	1	0	0	0
fullCP	Green	train	Ribo_ND_030257	419	418	1	0	0	0
fullCP	Green	train	Ribo_ND_251215	455	454	1	0	0	0
fullCP	Green	train	Ribo_ND_081500	546	545	1	0	0	0
fullCP	Green	train	Ribo_ND_389529	419	418	1	0	0	0
fullCP	Green	train	Ribo_ND_163335	413	412	1	0	0	0
fullCP	Green	train	Ribo_ND_204147	443	442	1	0	0	0
fullCP	Green	train	Ribo_ND_249740	416	415	1	0	0	0
fullCP	Green	train	Ribo_ND_024984	477	476	1	0	0	0
fullCP	Green	train	Ribo_ND_025598	377	376	1	0	0	0
fullCP	Green	train	Ribo_ND_304663	417	416	1	0	0	0
fullCP	Green	train	Ribo_ND_391182	378	377	1	0	0	0
fullCP	Green	train	Ribo_ND_158705	448	447	1	0	0	0
fullCP	Green	train	Ribo_ND_113090	357	356	1	0	0	0
fullCP	Green	train	Ribo_ND_131051	479	478	1	0	0	0
fullCP	Green	train	Ribo_ND_189570	478	477	1	0	0	0
fullCP	Green	train	Ribo_ND_390249	435	434	1	0	0	0
fullCP	Green	train	Ribo_ND_044240	437	436	1	0	0	0
fullCP	Green	train	Ribo_ND_381174	425	424	1	0	0	0
fullCP	Green	train	Ribo_ND_056148	467	466	1	0	0	0
fullCP	Green	train	Ribo_ND_048689	303	302	1	0	0	0
fullCP	Green	train	Ribo_ND_064397	560	559	1	0	0	0
fullCP	Green	train	Ribo_ND_336310	599	598	1	0	0	0
fullCP	Green	train	Ribo_ND_175738	514	513	1	0	0	0
fullCP	Green	train	Ribo_ND_162268	436	435	1	0	0	0
fullCP	Green	train	Ribo_ND_108514	585	584	1	0	0	0
fullCP	Green	train	Ribo_ND_133060	432	431	1	0	0	0
fullCP	Green	train	Ribo_ND_025095	454	453	1	0	0	0
fullCP	Green	train	Ribo_ND_282731	424	423	1	0	0	0
fullCP	Green	train	Ribo_ND_363252	396	395	1	0	0	0
fullCP	Green	train	Ribo_ND_050395	436	435	1	0	0	0
fullCP	Green	train	Ribo_ND_103002	528	527	1	0	0	0
fullCP	Green	train	Ribo_ND_210470	414	413	1	0	0	0
fullCP	Green	train	Ribo_ND_361906	529	528	1	0	0	0
fullCP	Green	train	Ribo_ND_163206	688	687	1	0	0	0
fullCP	Green	train	Ribo_ND_025706	391	390	1	0	0	0
fullCP	Green	train	Ribo_ND_239309	438	437	1	0	0	0
fullCP	Green	train	Ribo_JAAOEH010001208.1	381	380	1	0	0	0
fullCP	Green	train	Ribo_ND_099810	440	439	1	0	0	0
fullCP	Green	train	Ribo_ND_347450	432	431	1	0	0	0
fullCP	Green	train	Ribo_ND_115273	410	409	1	0	0	0
fullCP	Green	train	Ribo_ND_198694	445	444	1	0	0	0
fullCP	Green	train	Ribo_ND_082839	431	430	1	0	0	0
fullCP	Green	train	Ribo_ND_289124	455	454	1	0	0	0
fullCP	Green	train	Ribo_ND_284825	474	473	1	0	0	0
fullCP	Green	train	Ribo_ND_210241	446	445	1	0	0	0
fullCP	Green	train	Ribo_ND_282720	486	485	1	0	0	0
fullCP	Green	train	Ribo_ND_043923	413	412	1	0	0	0
fullCP	Green	train	Ribo_ND_301024	419	418	1	0	0	0
fullCP	Green	train	Ribo_ND_370454	390	389	1	0	0	0
fullCP	Green	train	Ribo_ND_363905	417	416	1	0	0	0
fullCP	Green	train	Ribo_ND_089609	401	400	1	0	0	0
fullCP	Green	train	Ribo_tomREF_NC_022895	391	390	1	0	0	0
fullCP	Green	train	Ribo_ND_030238	393	392	1	0	0	0
fullCP	Green	train	Ribo_ND_387096	541	540	1	0	0	0
fullCP	Green	train	Ribo_Ga0127505_1039318	543	542	1	0	0	0
fullCP	Green	train	Ribo_ND_025679	490	489	1	0	0	0
fullCP	Green	train	Ribo_ND_057797	379	378	1	0	0	0
fullCP	Green	train	Ribo_ND_107279	478	477	1	0	0	0
fullCP	Green	train	Ribo_ND_067383	465	464	1	0	0	0
fullCP	Green	train	Ribo_ND_251250	438	437	1	0	0	0
fullCP	Green	train	Ribo_ND_205490	441	440	1	0	0	0
fullCP	Green	train	Ribo_ND_292467	420	419	1	0	0	0
fullCP	Green	train	Ribo_ND_164848	445	444	1	0	0	0
fullCP	Green	train	Ribo_ND_025475	397	396	1	0	0	0
fullCP	Green	train	Ribo_ND_048457	424	423	1	0	0	0
fullCP	Green	train	Ribo_ND_147067	433	432	1	0	0	0
fullCP	Green	train	Ribo_ND_306487	331	330	1	0	0	0
fullCP	Green	train	Ribo_ND_025326	377	376	1	0	0	0
fullCP	Green	train	Ribo_ND_163033	382	381	1	0	0	0
fullCP	Green	train	Ribo_tomREF_NC_001469	381	380	1	0	0	0
fullCP	Green	train	Ribo_ND_180510	423	422	1	0	0	0
fullCP	Green	train	Ribo_ND_366175	440	439	1	0	0	0
fullCP	Green	train	Ribo_JAAOEH010002777.1	425	424	1	0	0	0
fullCP	Green	train	Ribo_ND_094183	376	375	1	0	0	0
fullCP	Green	train	Ribo_ND_025587	407	406	1	0	0	0
fullCP	Green	train	Ribo_ND_290207	349	348	1	0	0	0
fullCP	Green	train	Ribo_ND_128048	413	412	1	0	0	0
fullCP	Green	train	Ribo_ND_166803	423	422	1	0	0	0
fullCP	Green	train	Ribo_ND_293220	454	453	1	0	0	0
fullCP	Green	train	Ribo_ND_037368	425	424	1	0	0	0
fullCP	Green	train	Ribo_tomREF_NC_020073	392	391	1	0	0	0
fullCP	Green	train	Ribo_ND_370416	442	441	1	0	0	0
fullCP	Green	train	Ribo_ND_099990	438	437	1	0	0	0
fullCP	Green	train	Ribo_ND_028526	523	522	1	0	0	0
fullCP	Green	train	Ribo_ND_236943	502	501	1	0	0	0
fullCP	Green	train	Ribo_tomREF_NC_030452	390	389	1	0	0	0
fullCP	Green	train	Ribo_ND_046330	457	456	1	0	0	0
fullCP	Green	train	Ribo_ND_387053	402	401	1	0	0	0
fullCP	Green	train	Ribo_ND_189456	527	526	1	0	0	0
fullCP	Green	train	Ribo_tombunoda_KF510030	451	450	1	0	0	0
fullCP	Green	train	Ribo_ND_045743	474	473	1	0	0	0
fullCP	Green	train	Ribo_ND_037080	462	461	1	0	0	0
fullCP	Green	train	Ribo_ND_028817	432	431	1	0	0	0
fullCP	Green	train	Ribo_ND_071273	461	460	1	0	0	0
fullCP	Green	train	Ribo_ND_329178	426	425	1	0	0	0
fullCP	Green	train	Ribo_ND_365513	431	430	1	0	0	0
fullCP	Green	train	Ribo_ND_170524	623	622	1	0	0	0
fullCP	Green	train	Ribo_ND_378986	412	411	1	0	0	0
fullCP	Green	train	Ribo_JAAOEH010001771.1	443	442	1	0	0	0
fullCP	Green	train	Ribo_ND_057539	312	311	1	0	0	0
fullCP	Green	train	Ribo_ND_327873	432	431	1	0	0	0
fullCP	Green	train	Ribo_ND_177413	430	429	1	0	0	0
fullCP	Green	train	Ribo_ND_030549	460	459	1	0	0	0
fullCP	Green	train	Ribo_ND_030242	406	405	1	0	0	0
fullCP	Green	train	Ribo_ND_258921	550	549	1	0	0	0
fullCP	Green	train	Ribo_ND_282003	324	323	1	0	0	0
fullCP	Green	train	Ribo_ND_339575	397	396	1	0	0	0
fullCP	Green	train	Ribo_ND_091979	442	441	1	0	0	0
fullCP	Green	train	Ribo_ND_146081	404	403	1	0	0	0
fullCP	Green	train	Ribo_ND_017768	302	301	1	0	0	0
fullCP	Green	train	Ribo_ND_166868	411	410	1	0	0	0
fullCP	Green	train	Ribo_ND_345505	412	411	1	0	0	0
fullCP	Green	train	Ribo_ND_249699	422	421	1	0	0	0
fullCP	Green	train	Ribo_ND_030228	430	429	1	0	0	0
fullCP	Green	train	Ribo_ND_029689	417	416	1	0	0	0
fullCP	Green	train	Ribo_ND_040244	470	469	1	0	0	0
fullCP	Green	train	Ribo_ND_024707	438	437	1	0	0	0
fullCP	Green	train	Ribo_ND_138880	426	425	1	0	0	0
fullCP	Green	train	Ribo_ND_090759	341	340	1	0	0	0
fullCP	Green	train	Ribo_ND_092976	418	417	1	0	0	0
fullCP	Green	train	Ribo_JAAOEH010002630.1	513	512	1	0	0	0
fullCP	Green	train	Ribo_ND_251191	428	427	1	0	0	0
fullCP	Green	train	Ribo_ND_249488	560	559	1	0	0	0
fullCP	Green	train	Ribo_ND_237007	494	493	1	0	0	0
fullCP	Green	train	Ribo_ND_340116	420	419	1	0	0	0
fullCP	Green	train	Ribo_ND_016517	345	344	1	0	0	0
fullCP	Green	train	Ribo_ND_284233	341	340	1	0	0	0
fullCP	Green	train	Ribo_tomREF_NC_001339	389	388	1	0	0	0
fullCP	Green	train	Ribo_ND_028934	467	466	1	0	0	0
fullCP	Green	train	Ribo_ND_108971	430	429	1	0	0	0
fullCP	Green	train	Ribo_ND_313196	510	509	1	0	0	0
fullCP	Green	train	Ribo_ND_304381	484	483	1	0	0	0
fullCP	Green	train	Ribo_ND_114758	521	520	1	0	0	0
fullCP	Green	train	Ribo_ND_025512	435	434	1	0	0	0
fullCP	Green	train	Ribo_ND_306376	311	310	1	0	0	0
fullCP	Green	train	Ribo_tomREF_NC_001600	352	351	1	0	0	0
fullCP	Green	train	Ribo_ND_095931	506	505	1	0	0	0
fullCP	Green	train	Ribo_ND_028859	418	417	1	0	0	0
fullCP	Green	train	Ribo_ND_160106	407	406	1	0	0	0
fullCP	Green	train	Ribo_ND_016811	345	344	1	0	0	0
fullCP	Green	train	Ribo_ND_132404	610	609	1	0	0	0
fullCP	Green	train	Ribo_ND_291015	354	353	1	0	0	0
fullCP	Green	train	Ribo_ND_239080	420	419	1	0	0	0
fullCP	Green	train	Ribo_ND_060734	441	440	1	0	0	0
fullCP	Green	train	Ribo_ND_215017	424	423	1	0	0	0
fullCP	Green	train	Ribo_ND_059851	501	500	1	0	0	0
fullCP	Green	train	Ribo_ND_015995	350	349	1	0	0	0
fullCP	Green	train	Ribo_ND_387173	421	420	1	0	0	0
fullCP	Green	train	Ribo_ND_030523	475	474	1	0	0	0
fullCP	Green	train	Ribo_ND_168815	390	389	1	0	0	0
fullCP	Green	train	Ribo_ND_032229	429	428	1	0	0	0
fullCP	Green	train	Ribo_ND_366118	433	432	1	0	0	0
fullCP	Green	train	Ribo_ND_284212	346	345	1	0	0	0
fullCP	Green	train	Ribo_ND_025549	382	381	1	0	0	0
fullCP	Green	train	Ribo_ND_064469	518	517	1	0	0	0
fullCP	Green	train	Ribo_ND_142318	587	586	1	0	0	0
fullCP	Green	train	Ribo_ND_198441	417	416	1	0	0	0
fullCP	Green	train	Ribo_ND_182537	430	429	1	0	0	0
fullCP	Green	train	Ribo_ND_105163	447	446	1	0	0	0
fullCP	Green	train	Ribo_ND_083005	430	429	1	0	0	0
fullCP	Green	train	Ribo_ND_308260	427	426	1	0	0	0
fullCP	Green	train	Ribo_ND_016202	339	338	1	0	0	0
fullCP	Green	train	Ribo_ND_086121	452	451	1	0	0	0
fullCP	Green	train	Ribo_ND_081696	433	432	1	0	0	0
fullCP	Green	train	Ribo_ND_028949	415	414	1	0	0	0
fullCP	Green	train	Ribo_ND_092703	547	546	1	0	0	0
fullCP	Green	train	Ribo_ND_099892	437	436	1	0	0	0
fullCP	Green	train	Ribo_ND_024704	512	511	1	0	0	0
fullCP	Green	train	Ribo_ND_306441	367	366	1	0	0	0
fullCP	Green	train	Ribo_ND_251225	452	451	1	0	0	0
fullCP	Green	train	Ribo_ND_345541	425	424	1	0	0	0
fullCP	Green	train	Ribo_JAAOEH010001460.1	379	378	1	0	0	0
fullCP	Green	train	Ribo_ND_028067	408	407	1	0	0	0
fullCP	Green	train	Ribo_Ga0184575_112371	431	430	1	0	0	0
fullCP	Green	train	Ribo_ND_134564	529	528	1	0	0	0
fullCP	Green	train	Ribo_ND_356789	410	409	1	0	0	0
fullCP	Green	train	Ribo_ND_240609	439	438	1	0	0	0
fullCP	Green	train	Ribo_ND_163049	399	398	1	0	0	0
fullCP	Green	train	Ribo_ND_112191	476	475	1	0	0	0
fullCP	Green	train	Ribo_ND_026347	410	409	1	0	0	0
fullCP	Green	train	Ribo_ND_052692	495	494	1	0	0	0
fullCP	Green	train	Ribo_JAAOEH010004812.1	474	473	1	0	0	0
fullCP	Green	train	Ribo_ND_060762	430	429	1	0	0	0
fullCP	Green	train	Ribo_ND_107292	403	402	1	0	0	0
fullCP	Green	train	Ribo_ND_187940	409	408	1	0	0	0
fullCP	Green	train	Ribo_ND_386299	356	355	1	0	0	0
fullCP	Green	train	Ribo_ND_106626	435	434	1	0	0	0
fullCP	Green	train	Ribo_ND_100095	479	478	1	0	0	0
fullCP	Green	train	Ribo_ND_025846	417	416	1	0	0	0
fullCP	Green	train	Ribo_ND_329481	426	425	1	0	0	0
fullCP	Green	train	Ribo_ND_379348	391	390	1	0	0	0
fullCP	Green	train	Ribo_ND_175194	426	425	1	0	0	0
fullCP	Green	train	Ribo_ND_112677	461	460	1	0	0	0
fullCP	Green	train	Ribo_ND_286546	585	584	1	0	0	0
fullCP	Green	train	Ribo_ND_112280	450	449	1	0	0	0
fullCP	Green	train	Ribo_ND_363036	396	395	1	0	0	0
fullCP	Green	train	Ribo_ND_155767	420	419	1	0	0	0
fullCP	Green	train	Ribo_ND_363503	438	437	1	0	0	0
fullCP	Green	train	Ribo_ND_029460	481	480	1	0	0	0
fullCP	Green	train	Ribo_JAAOEH010003866.1	522	521	1	0	0	0
fullCP	Green	train	Ribo_ND_321729	439	438	1	0	0	0
fullCP	Green	train	Ribo_ND_028733	368	367	1	0	0	0
fullCP	Green	train	Ribo_ND_188635	490	489	1	0	0	0
fullCP	Green	train	Ribo_ND_370446	521	520	1	0	0	0
fullCP	Green	train	Ribo_ND_239075	475	474	1	0	0	0
fullCP	Green	train	Ribo_ND_117960	408	407	1	0	0	0
fullCP	Green	train	Ribo_ND_249648	431	430	1	0	0	0
fullCP	Green	train	Ribo_ND_065538	380	379	1	0	0	0
fullCP	Green	train	Ribo_ND_381566	478	477	1	0	0	0
fullCP	Green	train	Ribo_ND_119710	437	436	1	0	0	0
fullCP	Green	train	Ribo_ND_166642	443	442	1	0	0	0
fullCP	Green	train	Ribo_ND_029515	438	437	1	0	0	0
fullCP	Green	train	Ribo_ND_166807	432	431	1	0	0	0
fullCP	Green	train	Ribo_NC_033111	480	479	1	0	0	0
fullCP	Green	train	Ribo_ND_358880	424	423	1	0	0	0
fullCP	Green	train	Ribo_ND_105004	461	460	1	0	0	0
fullCP	Green	train	Ribo_ND_025152	451	450	1	0	0	0
fullCP	Green	train	Ribo_ND_254815	424	423	1	0	0	0
fullCP	Green	train	Ribo_ND_176763	374	373	1	0	0	0
fullCP	Green	train	Ribo_ND_160131	408	407	1	0	0	0
fullCP	Green	train	Ribo_ND_044399	421	420	1	0	0	0
fullCP	Green	train	Ribo_ND_097035	448	447	1	0	0	0
fullCP	Green	train	Ribo_ND_097088	493	492	1	0	0	0
fullCP	Green	train	Ribo_ND_388329	387	386	1	0	0	0
fullCP	Green	train	Ribo_ND_239549	415	414	1	0	0	0
fullCP	Green	train	Ribo_ND_028066	422	421	1	0	0	0
fullCP	Green	train	Ribo_ND_134742	394	393	1	0	0	0
fullCP	Green	train	Ribo_ND_100104	417	416	1	0	0	0
fullCP	Green	train	Ribo_ND_092447	554	553	1	0	0	0
fullCP	Green	train	Ribo_ND_363531	506	505	1	0	0	0
fullCP	Green	train	Ribo_ND_028408	412	411	1	0	0	0
fullCP	Green	train	Ribo_ND_211785	346	345	1	0	0	0
fullCP	Green	train	Ribo_ND_059615	513	512	1	0	0	0
fullCP	Green	train	Ribo_ND_046068	564	563	1	0	0	0
fullCP	Green	train	Ribo_ND_349259	421	420	1	0	0	0
fullCP	Green	train	Ribo_ND_249650	414	413	1	0	0	0
fullCP	Green	train	Ribo_ND_029661	427	426	1	0	0	0
fullCP	Green	train	Ribo_ND_015690	341	340	1	0	0	0
fullCP	Green	train	Ribo_ND_327996	376	375	1	0	0	0
fullCP	Green	train	Ribo_ND_379896	423	422	1	0	0	0
fullCP	Green	train	Ribo_ND_282017	341	340	1	0	0	0
fullCP	Green	train	Ribo_ND_041696	424	423	1	0	0	0
fullCP	Green	train	Ribo_ND_338848	524	523	1	0	0	0
fullCP	Green	train	Ribo_ND_085206	308	307	1	0	0	0
fullCP	Green	train	Ribo_ND_249548	660	659	1	0	0	0
fullCP	Green	train	Ribo_ND_251221	427	426	1	0	0	0
fullCP	Green	train	Ribo_ND_025722	384	383	1	0	0	0
fullCP	Green	train	Ribo_ND_251198	437	436	1	0	0	0
fullCP	Green	train	Ribo_ND_291673	419	418	1	0	0	0
fullCP	Green	train	Ribo_JAAOEH010002232.1	431	430	1	0	0	0
fullCP	Green	train	Ribo_ND_132598	542	541	1	0	0	0
fullCP	Green	train	Ribo_ND_166450	440	439	1	0	0	0
fullCP	Green	train	Ribo_ND_152451	608	607	1	0	0	0
fullCP	Green	train	Ribo_ND_365844	432	431	1	0	0	0
fullCP	Green	train	Ribo_ND_025260	490	489	1	0	0	0
fullCP	Green	train	Ribo_ND_025791	387	386	1	0	0	0
fullCP	Green	train	Ribo_ND_045532	374	373	1	0	0	0
fullCP	Green	train	Ribo_ND_305901	615	614	1	0	0	0
fullCP	Green	train	Ribo_ND_048572	415	414	1	0	0	0
fullCP	Green	train	Ribo_ND_226039	509	508	1	0	0	0
fullCP	Green	train	Ribo_ND_071032	449	448	1	0	0	0
fullCP	Green	train	Ribo_ND_131731	452	451	1	0	0	0
fullCP	Green	train	Ribo_ND_025373	370	369	1	0	0	0
fullCP	Green	train	Ribo_ND_096072	442	441	1	0	0	0
fullCP	Green	train	Ribo_ND_391022	423	422	1	0	0	0
fullCP	Green	train	Ribo_ND_391489	351	350	1	0	0	0
fullCP	Green	train	Ribo_ND_166800	402	401	1	0	0	0
fullCP	Green	train	Ribo_ND_044364	304	303	1	0	0	0
fullCP	Green	train	Ribo_ND_029438	435	434	1	0	0	0
fullCP	Green	train	Ribo_ND_359430	417	416	1	0	0	0
fullCP	Green	train	Ribo_ND_194362	425	424	1	0	0	0
fullCP	Green	train	Ribo_ND_203487	498	497	1	0	0	0
fullCP	Green	train	Ribo_ND_348887	336	335	1	0	0	0
fullCP	Green	train	Ribo_ND_058946	451	450	1	0	0	0
fullCP	Green	train	Ribo_ND_081873	619	618	1	0	0	0
fullCP	Green	train	Ribo_ND_251353	487	486	1	0	0	0
fullCP	Green	train	Ribo_ND_166753	451	450	1	0	0	0
fullCP	Green	train	Ribo_ND_176106	448	447	1	0	0	0
fullCP	Green	train	Ribo_ND_029384	410	409	1	0	0	0
fullCP	Green	train	Ribo_ND_202064	366	365	1	0	0	0
fullCP	Green	train	Ribo_ND_363601	388	387	1	0	0	0
fullCP	Green	train	Ribo_ND_016088	339	338	1	0	0	0
fullCP	Green	train	Ribo_ND_101574	348	347	1	0	0	0
fullCP	Green	train	Ribo_ND_347447	426	425	1	0	0	0
fullCP	Green	train	Ribo_ND_029681	431	430	1	0	0	0
fullCP	Green	train	Ribo_ND_147194	420	419	1	0	0	0
fullCP	Green	train	Ribo_ND_105187	446	445	1	0	0	0
fullCP	Green	train	Ribo_ND_096144	473	472	1	0	0	0
fullCP	Green	train	Ribo_ND_221336	386	385	1	0	0	0
fullCP	Green	train	Ribo_ND_289203	396	395	1	0	0	0
fullCP	Green	train	Ribo_ND_370448	399	398	1	0	0	0
fullCP	Green	train	Ribo_tomREF_NC_035452	454	453	1	0	0	0
fullCP	Green	train	Ribo_ND_124702	497	496	1	0	0	0
fullCP	Green	train	Ribo_ND_379594	419	418	1	0	0	0
fullCP	Green	train	Ribo_ND_321947	538	537	1	0	0	0
fullCP	Green	train	Ribo_ND_286599	343	342	1	0	0	0
fullCP	Green	train	Ribo_ND_112738	451	450	1	0	0	0
fullCP	Green	train	Ribo_ND_061627	415	414	1	0	0	0
fullCP	Green	train	Ribo_ND_109078	477	476	1	0	0	0
fullCP	Green	train	Ribo_ND_387559	363	362	1	0	0	0
fullCP	Green	train	Ribo_ND_106539	537	536	1	0	0	0
fullCP	Green	train	Ribo_ND_028994	407	406	1	0	0	0
fullCP	Green	train	Ribo_ND_184566	426	425	1	0	0	0
fullCP	Green	train	Ribo_ND_094133	416	415	1	0	0	0
fullCP	Green	train	Ribo_ND_388279	430	429	1	0	0	0
fullCP	Green	train	Ribo_ND_109141	413	412	1	0	0	0
fullCP	Green	train	Ribo_ND_024948	475	474	1	0	0	0
fullCP	Green	train	Ribo_ND_026199	422	421	1	0	0	0
fullCP	Green	train	Ribo_ND_046859	426	425	1	0	0	0
fullCP	Green	train	Ribo_ND_046952	426	425	1	0	0	0
fullCP	Green	train	Ribo_ND_128603	480	479	1	0	0	0
fullCP	Green	train	Ribo_ND_248264	418	417	1	0	0	0
fullCP	Green	train	Ribo_ND_103115	464	463	1	0	0	0
fullCP	Green	train	Ribo_ND_385473	386	385	1	0	0	0
fullCP	Green	train	Ribo_ND_285669	368	367	1	0	0	0
fullCP	Green	train	Ribo_ND_307123	303	302	1	0	0	0
fullCP	Green	train	Ribo_ND_046666	426	425	1	0	0	0
fullCP	Green	train	Ribo_ND_281099	583	582	1	0	0	0
fullCP	Green	train	Ribo_ND_029138	417	416	1	0	0	0
fullCP	Green	train	Ribo_ND_107245	381	380	1	0	0	0
fullCP	Green	train	Ribo_ND_249653	455	454	1	0	0	0
fullCP	Green	train	Ribo_ND_082351	480	479	1	0	0	0
fullCP	Green	train	Ribo_ND_380131	374	373	1	0	0	0
fullCP	Green	train	Ribo_ND_300454	434	433	1	0	0	0
fullCP	Green	train	Ribo_ND_264333	318	317	1	0	0	0
fullCP	Green	train	Ribo_ND_058964	640	639	1	0	0	0
fullCP	Green	train	Ribo_ND_163072	411	410	1	0	0	0
fullCP	Green	train	Ribo_ND_114665	431	430	1	0	0	0
fullCP	Green	train	Ribo_ND_028884	407	406	1	0	0	0
fullCP	Green	train	Ribo_ND_361344	484	483	1	0	0	0
fullCP	Green	train	Ribo_ND_156755	447	446	1	0	0	0
fullCP	Green	train	Ribo_ND_302803	439	438	1	0	0	0
fullCP	Green	train	Ribo_ND_348190	423	422	1	0	0	0
fullCP	Green	train	Ribo_ND_090381	411	410	1	0	0	0
fullCP	Green	train	Ribo_ND_156943	430	429	1	0	0	0
fullCP	Green	train	Ribo_ND_133241	475	474	1	0	0	0
fullCP	Green	train	Ribo_ND_384050	386	385	1	0	0	0
fullCP	Green	train	Ribo_ND_030655	452	451	1	0	0	0
fullCP	Green	train	Ribo_ND_306739	443	442	1	0	0	0
fullCP	Green	train	Ribo_ND_163136	361	360	1	0	0	0
fullCP	Green	train	Ribo_ND_076186	337	336	1	0	0	0
fullCP	Green	train	Ribo_ND_379306	424	423	1	0	0	0
fullCP	Green	train	Ribo_ND_251266	409	408	1	0	0	0
fullCP	Green	train	Ribo_ND_147059	407	406	1	0	0	0
fullCP	Green	train	Ribo_ND_113984	429	428	1	0	0	0
fullCP	Green	train	Ribo_ND_166644	431	430	1	0	0	0
fullCP	Green	train	Ribo_ND_043449	421	420	1	0	0	0
fullCP	Green	train	Ribo_ND_030619	413	412	1	0	0	0
fullCP	Green	train	Ribo_ND_152263	457	456	1	0	0	0
fullCP	Green	train	Ribo_ND_366332	459	458	1	0	0	0
fullCP	Green	train	Ribo_ND_067689	434	433	1	0	0	0
fullCP	Green	train	Ribo_ND_386712	438	437	1	0	0	0
fullCP	Green	train	Ribo_ND_046668	444	443	1	0	0	0
fullCP	Green	train	Ribo_ND_162000	451	450	1	0	0	0
fullCP	Green	train	Ribo_ND_090578	422	421	1	0	0	0
fullCP	Green	train	Ribo_ND_118606	387	386	1	0	0	0
fullCP	Green	train	Ribo_ND_274455	430	429	1	0	0	0
fullCP	Green	train	Ribo_ND_030500	562	561	1	0	0	0
fullCP	Green	train	Ribo_ND_240910	451	450	1	0	0	0
fullCP	Green	train	Ribo_ND_025249	420	419	1	0	0	0
fullCP	Green	train	Ribo_ND_020635	378	377	1	0	0	0
fullCP	Green	train	Ribo_ND_149118	319	318	1	0	0	0
fullCP	Green	train	Ribo_ND_237671	431	430	1	0	0	0
fullCP	Green	train	Ribo_ND_132919	475	474	1	0	0	0
fullCP	Green	train	Ribo_ND_129240	397	396	1	0	0	0
fullCP	Green	train	Ribo_ND_370427	399	398	1	0	0	0
fullCP	Green	train	Ribo_ND_028774	411	410	1	0	0	0
fullCP	Green	train	Ribo_ND_101960	429	428	1	0	0	0
fullCP	Green	train	Ribo_ND_156478	454	453	1	0	0	0
fullCP	Green	train	Ribo_ND_348995	378	377	1	0	0	0
fullCP	Green	train	Ribo_ND_224267	439	438	1	0	0	0
fullCP	Green	train	Ribo_JAAOEH010003334.1	441	440	1	0	0	0
fullCP	Green	train	Ribo_ND_025327	400	399	1	0	0	0
fullCP	Green	train	Ribo_ND_029406	426	425	1	0	0	0
fullCP	Green	train	Ribo_ND_166489	376	375	1	0	0	0
fullCP	Green	train	Ribo_ND_095564	493	492	1	0	0	0
fullCP	Green	train	Ribo_ND_389843	471	470	1	0	0	0
fullCP	Green	train	Ribo_JAAOEH010001272.1	519	518	1	0	0	0
fullCP	Green	train	Ribo_ND_355772	378	377	1	0	0	0
fullCP	Green	train	Ribo_ND_387581	349	348	1	0	0	0
fullCP	Green	train	Ribo_ND_292487	343	342	1	0	0	0
fullCP	Green	train	Ribo_Ga0187796_1206930	450	449	1	0	0	0
fullCP	Green	train	Ribo_ND_092889	450	449	1	0	0	0
fullCP	Green	train	Ribo_ND_137595	414	413	1	0	0	0
fullCP	Green	train	Ribo_ND_163344	415	414	1	0	0	0
fullCP	Green	train	Ribo_JAAOEH010001830.1	431	430	1	0	0	0
fullCP	Green	train	Ribo_ND_113214	398	397	1	0	0	0
fullCP	Green	train	Ribo_ND_239311	432	431	1	0	0	0
fullCP	Green	train	Ribo_ND_145825	417	416	1	0	0	0
fullCP	Green	train	Ribo_ND_251546	458	457	1	0	0	0
fullCP	Green	train	Ribo_ND_028676	529	528	1	0	0	0
fullCP	Green	train	Ribo_JAAOEH010000682.1	545	544	1	0	0	0
fullCP	Green	train	Ribo_ND_221761	481	480	1	0	0	0
fullCP	Green	train	Ribo_ND_029711	403	402	1	0	0	0
fullCP	Green	train	Ribo_JAAOEH010004707.1	424	423	1	0	0	0
fullCP	Green	train	Ribo_ND_019484	338	337	1	0	0	0
fullCP	Green	train	Ribo_ND_127829	378	377	1	0	0	0
fullCP	Green	train	Ribo_tombunoda_PlhalsV2	376	375	1	0	0	0
fullCP	Green	train	Ribo_ND_172936	455	454	1	0	0	0
fullCP	Green	train	Ribo_ND_044314	593	592	1	0	0	0
fullCP	Green	train	Ribo_ND_162029	426	425	1	0	0	0
fullCP	Green	train	Ribo_ND_117610	431	430	1	0	0	0
fullCP	Green	train	Ribo_ND_066339	528	527	1	0	0	0
fullCP	Green	train	Ribo_ND_054075	453	452	1	0	0	0
fullCP	Green	train	Ribo_ND_028897	413	412	1	0	0	0
fullCP	Green	train	Ribo_ND_025168	439	438	1	0	0	0
fullCP	Green	train	Ribo_ND_343206	491	490	1	0	0	0
fullCP	Green	train	Ribo_ND_044728	529	528	1	0	0	0
fullCP	Green	train	Ribo_ND_025487	335	334	1	0	0	0
fullCP	Green	train	Ribo_ND_292468	381	380	1	0	0	0
fullCP	Green	train	Ribo_ND_133967	567	566	1	0	0	0
fullCP	Green	train	Ribo_ND_156208	421	420	1	0	0	0
fullCP	Green	train	Ribo_ND_215889	427	426	1	0	0	0
fullCP	Green	train	Ribo_ND_030439	513	512	1	0	0	0
fullCP	Green	train	Ribo_JAAOEH010001918.1	415	414	1	0	0	0
fullCP	Green	train	Ribo_ND_096611	451	450	1	0	0	0
fullCP	Green	train	Ribo_tomREF_NC_003633	455	454	1	0	0	0
fullCP	Green	train	Ribo_ND_319688	423	422	1	0	0	0
fullCP	Green	train	Ribo_ND_391471	532	531	1	0	0	0
fullCP	Green	train	Ribo_ND_026159	320	319	1	0	0	0
fullCP	Green	train	Ribo_ND_085676	652	651	1	0	0	0
fullCP	Green	train	Ribo_ND_115280	454	453	1	0	0	0
fullCP	Green	train	Ribo_ND_129610	439	438	1	0	0	0
fullCP	Green	train	Ribo_ND_082594	421	420	1	0	0	0
fullCP	Green	train	Ribo_ND_344529	335	334	1	0	0	0
fullCP	Green	train	Ribo_ND_282038	394	393	1	0	0	0
fullCP	Green	train	Ribo_ND_084751	417	416	1	0	0	0
fullCP	Green	train	Ribo_ND_104666	443	442	1	0	0	0
fullCP	Green	train	Ribo_ND_112150	414	413	1	0	0	0
fullCP	Green	train	Ribo_tomREF_NC_023339	389	388	1	0	0	0
fullCP	Green	train	Ribo_ND_024858	468	467	1	0	0	0
fullCP	Green	train	Ribo_ND_284819	632	631	1	0	0	0
fullCP	Green	train	Ribo_ND_085733	345	344	1	0	0	0
fullCP	Green	train	Ribo_ND_249226	347	346	1	0	0	0
fullCP	Green	train	Ribo_ND_381701	422	421	1	0	0	0
fullCP	Green	train	Ribo_ND_166810	425	424	1	0	0	0
fullCP	Green	train	Ribo_ND_114032	454	453	1	0	0	0
fullCP	Green	train	Ribo_ND_030149	420	419	1	0	0	0
fullCP	Green	train	Ribo_ND_370405	515	514	1	0	0	0
fullCP	Green	train	Ribo_ND_028684	500	499	1	0	0	0
fullCP	Green	train	Ribo_ND_391490	351	350	1	0	0	0
fullCP	Green	train	Ribo_ND_132962	468	467	1	0	0	0
fullCP	Green	train	Ribo_ND_073926	427	426	1	0	0	0
fullCP	Green	train	Ribo_ND_028878	420	419	1	0	0	0
fullCP	Green	train	Ribo_ND_179939	463	462	1	0	0	0
fullCP	Green	train	Ribo_ND_143535	447	446	1	0	0	0
fullCP	Green	train	Ribo_ND_198292	477	476	1	0	0	0
fullCP	Green	train	Ribo_ND_030353	447	446	1	0	0	0
fullCP	Green	train	Ribo_ND_161323	427	426	1	0	0	0
fullCP	Green	train	Ribo_ND_094068	422	421	1	0	0	0
fullCP	Green	train	Ribo_ND_054718	484	483	1	0	0	0
fullCP	Green	train	Ribo_ND_102429	380	379	1	0	0	0
fullCP	Green	train	Ribo_ND_365497	435	434	1	0	0	0
fullCP	Green	train	Ribo_ND_025213	484	483	1	0	0	0
fullCP	Green	train	Ribo_ND_221222	499	498	1	0	0	0
fullCP	Green	train	Ribo_ND_185405	526	525	1	0	0	0
fullCP	Green	train	Ribo_ND_221979	564	563	1	0	0	0
fullCP	Green	train	Ribo_ND_187628	463	462	1	0	0	0
fullCP	Green	train	Ribo_ND_113432	430	429	1	0	0	0
fullCP	Green	train	Ribo_ND_166546	405	404	1	0	0	0
fullCP	Green	train	Ribo_ND_155710	430	429	1	0	0	0
fullCP	Green	train	Ribo_ND_118715	445	444	1	0	0	0
fullCP	Green	train	Ribo_ND_358063	448	447	1	0	0	0
fullCP	Green	train	Ribo_ND_030540	427	426	1	0	0	0
fullCP	Green	train	Ribo_JAAOEH010001932.1	475	474	1	0	0	0
fullCP	Green	train	Ribo_ND_391476	406	405	1	0	0	0
fullCP	Green	train	Ribo_ND_210459	418	417	1	0	0	0
fullCP	Green	train	Ribo_ND_129009	515	514	1	0	0	0
fullCP	Green	train	Ribo_ND_087716	409	408	1	0	0	0
fullCP	Green	train	Ribo_ND_066079	475	474	1	0	0	0
fullCP	Green	train	Ribo_ND_121570	437	436	1	0	0	0
fullCP	Green	train	Ribo_ND_157660	385	384	1	0	0	0
fullCP	Green	train	Ribo_ND_024416	501	500	1	0	0	0
fullCP	Green	train	Ribo_ND_306663	332	331	1	0	0	0
fullCP	Green	train	Ribo_ND_106338	510	509	1	0	0	0
fullCP	Green	train	Ribo_ND_042233	415	414	1	0	0	0
fullCP	Green	train	Ribo_ND_388118	428	427	1	0	0	0
fullCP	Green	train	Ribo_ND_209718	457	456	1	0	0	0
fullCP	Green	train	Ribo_ND_166424	457	456	1	0	0	0
fullCP	Green	train	Ribo_ND_181386	551	550	1	0	0	0
fullCP	Green	train	Ribo_ND_390213	423	422	1	0	0	0
fullCP	Green	train	Ribo_ND_281671	457	456	1	0	0	0
fullCP	Green	train	Ribo_ND_094177	392	391	1	0	0	0
fullCP	Green	train	Ribo_ND_025169	421	420	1	0	0	0
fullCP	Green	train	Ribo_ND_187973	417	416	1	0	0	0
fullCP	Green	train	Ribo_NC_033187	352	351	1	0	0	0
fullCP	Green	train	Ribo_ND_107592	434	433	1	0	0	0
fullCP	Green	train	Ribo_ND_024293	462	461	1	0	0	0
fullCP	Green	train	Ribo_ND_025491	474	473	1	0	0	0
fullCP	Green	train	Ribo_ND_155687	427	426	1	0	0	0
fullCP	Green	train	Ribo_JAAOEH010004908.1	432	431	1	0	0	0
fullCP	Green	train	Ribo_ND_159768	442	441	1	0	0	0
fullCP	Green	train	Ribo_ND_115393	433	432	1	0	0	0
fullCP	Green	train	Ribo_ND_161363	524	523	1	0	0	0
fullCP	Green	train	Ribo_ND_309034	416	415	1	0	0	0
fullCP	Green	train	Ribo_ND_282993	416	415	1	0	0	0
fullCP	Green	train	Ribo_ND_030162	429	428	1	0	0	0
fullCP	Green	train	Ribo_ND_037751	545	544	1	0	0	0
fullCP	Green	train	Ribo_ND_249718	397	396	1	0	0	0
fullCP	Green	train	Ribo_ND_366110	378	377	1	0	0	0
fullCP	Green	train	Ribo_ND_182785	419	418	1	0	0	0
fullCP	Green	train	Ribo_ND_338439	338	337	1	0	0	0
fullCP	Green	train	Ribo_ND_141117	451	450	1	0	0	0
fullCP	Green	train	Ribo_ND_089888	386	385	1	0	0	0
fullCP	Green	train	Ribo_ND_126269	516	515	1	0	0	0
fullCP	Green	train	Ribo_ND_249710	427	426	1	0	0	0
fullCP	Green	train	Ribo_ND_327198	362	361	1	0	0	0
fullCP	Green	train	Ribo_ND_025117	538	537	1	0	0	0
fullCP	Green	train	Ribo_ND_061784	393	392	1	0	0	0
fullCP	Green	train	Ribo_ND_159691	465	464	1	0	0	0
fullCP	Green	train	Ribo_ND_029504	409	408	1	0	0	0
fullCP	Green	train	Ribo_ND_237656	593	592	1	0	0	0
fullCP	Green	train	Ribo_MT138147_clostero-likeRdRp_translation	419	418	1	0	0	0
fullCP	Green	train	Ribo_ND_015684	345	344	1	0	0	0
fullCP	Green	train	Ribo_ND_162284	411	410	1	0	0	0
fullCP	Green	train	Ribo_ND_190325	470	469	1	0	0	0
fullCP	Green	train	Ribo_ND_105005	449	448	1	0	0	0
fullCP	Green	train	Ribo_ND_107694	428	427	1	0	0	0
fullCP	Green	train	Ribo_ND_251219	433	432	1	0	0	0
fullCP	Green	train	Ribo_ND_117606	438	437	1	0	0	0
fullCP	Green	train	Ribo_ND_164984	444	443	1	0	0	0
fullCP	Green	train	Ribo_ND_029646	441	440	1	0	0	0
fullCP	Green	train	Ribo_ND_299981	427	426	1	0	0	0
fullCP	Green	train	Ribo_ND_069102	420	419	1	0	0	0
fullCP	Green	train	Ribo_ND_370409	360	359	1	0	0	0
fullCP	Green	train	Ribo_ND_046841	419	418	1	0	0	0
fullCP	Green	train	Ribo_ND_385092	590	589	1	0	0	0
fullCP	Green	train	Ribo_ND_386710	422	421	1	0	0	0
fullCP	Green	train	Ribo_ND_025035	481	480	1	0	0	0
fullCP	Green	train	Ribo_ND_249723	436	435	1	0	0	0
fullCP	Green	train	Ribo_ND_017058	379	378	1	0	0	0
fullCP	Green	train	Ribo_ND_388274	597	596	1	0	0	0
fullCP	Green	train	Ribo_ND_184896	459	458	1	0	0	0
fullCP	Green	train	Ribo_ND_363032	421	420	1	0	0	0
fullCP	Green	train	Ribo_ND_270988	405	404	1	0	0	0
fullCP	Green	train	Ribo_ND_327359	373	372	1	0	0	0
fullCP	Green	train	Ribo_ND_304209	448	447	1	0	0	0
fullCP	Green	train	Ribo_ND_025456	518	517	1	0	0	0
fullCP	Green	train	Ribo_ND_125556	318	317	1	0	0	0
fullCP	Green	train	Ribo_ND_138350	562	561	1	0	0	0
fullCP	Green	train	Ribo_ND_094357	339	338	1	0	0	0
fullCP	Green	train	Ribo_ND_135180	387	386	1	0	0	0
fullCP	Green	train	Ribo_ND_108539	309	308	1	0	0	0
fullCP	Green	train	Ribo_ND_162049	448	447	1	0	0	0
fullCP	Green	train	Ribo_ND_030247	452	451	1	0	0	0
fullCP	Green	train	Ribo_ND_067073	433	432	1	0	0	0
fullCP	Green	train	Ribo_tomREF_NC_007733	352	351	1	0	0	0
fullCP	Green	train	Ribo_ND_030491	437	436	1	0	0	0
fullCP	Green	train	Ribo_ND_105690	455	454	1	0	0	0
fullCP	Green	train	Ribo_ND_114564	436	435	1	0	0	0
fullCP	Green	train	Ribo_ND_344454	433	432	1	0	0	0
fullCP	Green	train	Ribo_ND_391228	350	349	1	0	0	0
fullCP	Green	train	Ribo_ND_122391	469	468	1	0	0	0
fullCP	Green	train	Ribo_ND_102609	325	324	1	0	0	0
fullCP	Green	train	Ribo_ND_082950	426	425	1	0	0	0
fullCP	Green	train	Ribo_JAAOEH010004042.1	432	431	1	0	0	0
fullCP	Green	train	Ribo_ND_081609	478	477	1	0	0	0
fullCP	Green	train	Ribo_ND_025998	384	383	1	0	0	0
fullCP	Green	train	Ribo_ND_099921	417	416	1	0	0	0
fullCP	Green	test	Cruci_CruCGE-944	779	778	1	0	0	0
fullCP	Green	test	Cruci_CruV_499	729	728	1	0	0	0
fullCP	Green	test	Cruci_CruV_502	727	726	1	0	0	0
fullCP	Green	test	Cruci_CruV_462	720	719	1	0	0	0
fullCP	Green	test	Cruci_CruV_457	712	711	1	0	0	0
fullCP	Green	test	Cruci_CruV_484	655	654	1	0	0	0
fullCP	Green	test	Cruci_CruV_406	653	652	1	0	0	0
fullCP	Green	test	Cruci_CruV_407	653	652	1	0	0	0
fullCP	Green	test	Cruci_CruV_463	640	639	1	0	0	0
fullCP	Green	test	Cruci_CruV_412	632	631	1	0	0	0
fullCP	Green	test	Cruci_Ariz_MW697732	607	606	1	0	0	0
fullCP	Green	test	Cruci_CruV_486	604	603	1	0	0	0
fullCP	Green	test	Cruci_chiv_Lake_Pavin_contig403	601	600	1	0	0	0
fullCP	Green	test	Cruci_CruV_508	591	590	1	0	0	0
fullCP	Green	test	Cruci_CruV_470	588	587	1	0	0	0
fullCP	Green	test	Cruci_CruV_433	585	584	1	0	0	0
fullCP	Green	test	Cruci_CruV_500	581	580	1	0	0	0
fullCP	Green	test	Cruci_CruV_392	580	579	1	0	0	0
fullCP	Green	test	Cruci_CruV_413	578	577	1	0	0	0
fullCP	Green	test	Cruci_chiv_Eukaryote_metagenome_T142_contig705	577	576	1	0	0	0
fullCP	Green	test	Cruci_chiv_Eukaryote_metagenome_T149_contig609	577	576	1	0	0	0
fullCP	Green	test	Cruci_CruV_402	577	576	1	0	0	0
fullCP	Green	test	Cruci_CruV_460	574	573	1	0	0	0
fullCP	Green	test	Cruci_muss_OR270612	572	571	1	0	0	0
fullCP	Green	test	Cruci_CruV_453	571	570	1	0	0	0
fullCP	Green	test	Cruci_CruV_454	571	570	1	0	0	0
fullCP	Green	test	Cruci_CruV_455	571	570	1	0	0	0
fullCP	Green	test	Cruci_CruV_456	571	570	1	0	0	0
fullCP	Green	test	Cruci_CruV_541	571	570	1	0	0	0
fullCP	Green	test	Cruci_chiv_Lake_Pavin_contig15342	569	568	1	0	0	0
fullCP	Green	test	Cruci_chiv_Eukaryote_metagenome_T149_contig276	565	564	1	0	0	0
fullCP	Green	test	Cruci_CruV_347	565	564	1	0	0	0
fullCP	Green	test	Cruci_Oys_GWHBFST00001923_circ	565	564	1	0	0	0
fullCP	Green	test	Cruci_CruV_287	563	562	1	0	0	0
fullCP	Green	test	Cruci_CruV_472	558	557	1	0	0	0
fullCP	Green	test	Cruci_CruV_532	556	555	1	0	0	0
fullCP	Green	test	Cruci_Ariz_MW697595	554	553	1	0	0	0
fullCP	Green	test	Cruci_CruV_450	552	551	1	0	0	0
fullCP	Green	test	Cruci_Oys_GWHBFST00002020_circ	547	546	1	0	0	0
fullCP	Green	test	Cruci_Ariz_MW697584	543	542	1	0	0	0
fullCP	Green	test	Cruci_CruV_331	540	539	1	0	0	0
fullCP	Green	test	Cruci_CruV_345	540	539	1	0	0	0
fullCP	Green	test	Cruci_Ariz_MW697596	536	535	1	0	0	0
fullCP	Green	test	Cruci_CruV_414	532	531	1	0	0	0
fullCP	Green	test	Cruci_CruV_336	531	530	1	0	0	0
fullCP	Green	test	Cruci_Oys_GWHBFST00000019_circ	531	530	1	0	0	0
fullCP	Green	test	Cruci_CruV_427	528	527	1	0	0	0
fullCP	Green	test	Cruci_CruV_416	527	526	1	0	0	0
fullCP	Green	test	Cruci_CruV_459	527	526	1	0	0	0
fullCP	Green	test	Cruci_CruV_473	527	523	4	0	0	0
fullCP	Green	test	Cruci_CruV_475	527	526	1	0	0	0
fullCP	Green	test	Cruci_Oys_GWHBFST00003133_circ	526	525	1	0	0	0
fullCP	Green	test	Cruci_CruV_298	525	524	1	0	0	0
fullCP	Green	test	Cruci_CruV_397	525	524	1	0	0	0
fullCP	Green	test	Cruci_Oys_GWHBFST00002740_circ	525	524	1	0	0	0
fullCP	Green	test	Cruci_CruCGE_436	524	523	1	0	0	0
fullCP	Green	test	Cruci_Oys_GWHBFST00000015_circ	524	523	1	0	0	0
fullCP	Green	test	Cruci_chiv_35_Marine_contig3	523	522	1	0	0	0
fullCP	Green	test	Cruci_CruV_434	523	522	1	0	0	0
fullCP	Green	test	Cruci_CruV_426	521	520	1	0	0	0
fullCP	Green	test	Cruci_CruV_465	521	520	1	0	0	0
fullCP	Green	test	Cruci_CruCGE_471	519	518	1	0	0	0
fullCP	Green	test	Cruci_CruV_396	519	518	1	0	0	0
fullCP	Green	test	Cruci_CruV_422	519	518	1	0	0	0
fullCP	Green	test	Cruci_Tisza_MH616643.1	519	518	1	0	0	0
fullCP	Green	test	Cruci_CruV_244	516	515	1	0	0	0
fullCP	Green	test	Cruci_Ariz_MW697687	512	511	1	0	0	0
fullCP	Green	test	Cruci_CruCGE_533	511	510	1	0	0	0
fullCP	Green	test	Cruci_CruV_474	509	508	1	0	0	0
fullCP	Green	test	Cruci_muss_OR270609	509	508	1	0	0	0
fullCP	Green	test	Cruci_CruV_480	505	504	1	0	0	0
fullCP	Green	test	Cruci_CruV_432	499	498	1	0	0	0
fullCP	Green	test	Cruci_CruV_482	499	498	1	0	0	0
fullCP	Green	test	Cruci_IWaV278_CircoRep	499	498	1	0	0	0
fullCP	Green	test	Cruci_CruV_512	493	492	1	0	0	0
fullCP	Green	test	Cruci_CruV_346	491	490	1	0	0	0
fullCP	Green	test	Cruci_Ariz_MW697694	490	489	1	0	0	0
fullCP	Green	test	Cruci_CruV_440	490	489	1	0	0	0
fullCP	Green	test	Cruci_CruV_496	490	489	1	0	0	0
fullCP	Green	test	Cruci_CruV_530	490	489	1	0	0	0
fullCP	Green	test	Cruci_CruV_439	484	483	1	0	0	0
fullCP	Green	test	Cruci_CruV_446	484	483	1	0	0	0
fullCP	Green	test	Cruci_CruV-966	482	481	1	0	0	0
fullCP	Green	test	Cruci_CruV_489	477	476	1	0	0	0
fullCP	Green	test	Cruci_CruV_375	476	475	1	0	0	0
fullCP	Green	test	Cruci_CruV_458	468	467	1	0	0	0
fullCP	Green	test	Cruci_chiv_Astrammina_rara_contig97_330847425	465	464	1	0	0	0
fullCP	Green	test	Cruci_CruV_517	463	462	1	0	0	0
fullCP	Green	test	Cruci_CruV_515	460	459	1	0	0	0
fullCP	Green	test	Cruci_CruV_477	459	458	1	0	0	0
fullCP	Green	test	Cruci_CruV_367	450	449	1	0	0	0
fullCP	Green	test	Cruci_PB_KX388527	449	448	1	0	0	0
fullCP	Green	test	Cruci_PB_KX388528	449	448	1	0	0	0
fullCP	Green	test	Cruci_PB_KX388529	449	448	1	0	0	0
fullCP	Green	test	Cruci_PB_KX388530	449	448	1	0	0	0
fullCP	Green	test	Cruci_CruV_503	442	441	1	0	0	0
fullCP	Green	test	Cruci_CruV_529	435	434	1	0	0	0
fullCP	Green	test	Cruci_CruV_514	430	429	1	0	0	0
fullCP	Green	test	Cruci_CruV_497	418	417	1	0	0	0
fullCP	Green	test	Cruci_CruV_522	410	409	1	0	0	0
fullCP	Green	test	Cruci_CruV_538	408	407	1	0	0	0
fullCP	Green	test	Cruci_CruV_531	404	403	1	0	0	0
fullCP	Green	test	Cruci_CruV_493	395	394	1	0	0	0
fullCP	Green	test	Cruci_CruV_483	393	392	1	0	0	0
fullCP	Green	test	Cruci_CruV_513	390	389	1	0	0	0
fullCP	Green	test	Cruci_CruV_501	384	383	1	0	0	0
fullCP	Green	test	Cruci_CruV_509	384	383	1	0	0	0
fullCP	Green	test	Cruci_CruV_498	372	371	1	0	0	0
fullCP	Green	test	Cruci_CruV_381	371	370	1	0	0	0
fullCP	Green	test	Cruci_CruV_430	353	352	1	0	0	0
fullCP	Green	test	Cruci_CruV_423	347	346	1	0	0	0
fullCP	Green	test	Cruci_CruV_399	344	343	1	0	0	0
fullCP	Green	test	Cruci_CruV_377	342	341	1	0	0	0
fullCP	Green	test	Cruci_CruV_435	340	339	1	0	0	0
fullCP	Green	test	Cruci_CruV_451	337	336	1	0	0	0
fullCP	Green	test	Cruci_CruV_464	335	334	1	0	0	0
fullCP	Green	test	Cruci_CruV_421	334	333	1	0	0	0
fullCP	Green	test	Cruci_CruV_452	331	330	1	0	0	0
fullCP	Green	test	Cruci_CruV_466	326	325	1	0	0	0
fullCP	Green	test	Cruci_CruV_539	326	325	1	0	0	0
fullCP	Green	test	Cruci_CruV_385	271	270	1	0	0	0
fullCP	Green	test	Ribo_ND_018898	478	477	1	0	0	0
fullCP	Green	test	Ribo_ND_019002	413	412	1	0	0	0
fullCP	Green	test	Ribo_ND_019368	385	384	1	0	0	0
fullCP	Green	test	Ribo_ND_024645	306	305	1	0	0	0
fullCP	Green	test	Ribo_ND_229813	396	395	1	0	0	0
fullCP	Green	test	Ribo_ND_325601	375	374	1	0	0	0
fullCP	Green	test	Ribo_ND_056260	592	591	1	0	0	0
fullCP	Green	test	Ribo_ND_343811	416	415	1	0	0	0
fullCP	Green	test	Ribo_JAAOEH010001851.1	377	376	1	0	0	0
fullCP	Green	test	Ribo_ND_095983	367	366	1	0	0	0
fullCP	Green	test	Ribo_ND_347441	435	434	1	0	0	0
fullCP	Green	test	Ribo_ND_164838	366	365	1	0	0	0
fullCP	Green	test	Ribo_ND_227326	465	464	1	0	0	0
fullCP	Green	test	Ribo_ND_386714	338	337	1	0	0	0
fullCP	Green	test	Ribo_ND_284218	357	356	1	0	0	0
fullCP	Green	test	Ribo_ND_105225	497	496	1	0	0	0
fullCP	Green	test	Ribo_ND_056123	568	567	1	0	0	0
fullCP	Green	test	Ribo_ND_380970	478	477	1	0	0	0
fullCP	Green	test	Ribo_ND_043423	350	349	1	0	0	0
fullCP	Green	test	Ribo_ND_366312	475	474	1	0	0	0
fullCP	Green	test	Ribo_ND_043569	378	377	1	0	0	0
fullCP	Green	test	Ribo_ND_339599	434	433	1	0	0	0
fullCP	Green	test	Ribo_ND_294842	442	441	1	0	0	0
fullCP	Green	test	Ribo_ND_058974	357	356	1	0	0	0
fullCP	Green	test	Ribo_ND_166797	372	371	1	0	0	0
fullCP	Green	test	Ribo_ND_179269	412	411	1	0	0	0
fullCP	Green	test	Ribo_ND_035541	367	366	1	0	0	0
fullCP	Green	test	Ribo_ND_129947	488	487	1	0	0	0
fullCP	Green	test	Ribo_ND_028274	368	367	1	0	0	0
fullCP	Green	test	Ribo_ND_049856	454	453	1	0	0	0
fullCP	Green	test	Ribo_ND_350470	445	444	1	0	0	0
fullCP	Green	test	Ribo_ND_103289	399	398	1	0	0	0
fullCP	Green	test	Ribo_ND_327463	408	407	1	0	0	0
fullCP	Green	test	Ribo_ND_379577	400	399	1	0	0	0
fullCP	Green	test	Ribo_ND_114938	493	492	1	0	0	0
fullCP	Green	test	Ribo_ND_138928	400	399	1	0	0	0
fullCP	Green	test	Ribo_ND_382437	533	532	1	0	0	0
fullCP	Green	test	Ribo_ND_276201	406	405	1	0	0	0
fullCP	Green	test	Ribo_ND_278789	343	342	1	0	0	0
fullCP	Green	test	Ribo_ND_251186	441	440	1	0	0	0
fullCP	Green	test	Ribo_ND_133460	379	378	1	0	0	0
fullCP	Green	test	Ribo_ND_170511	412	411	1	0	0	0
fullCP	Green	test	Ribo_ND_066836	446	445	1	0	0	0
fullCP	Green	test	Ribo_ND_291700	450	449	1	0	0	0
fullCP	Green	test	Ribo_ND_387582	345	344	1	0	0	0
fullCP	Green	test	Ribo_ND_088082	556	555	1	0	0	0
fullCP	Green	test	Ribo_ND_177732	378	377	1	0	0	0
fullCP	Green	test	Ribo_JAAOEH010001482.1	429	428	1	0	0	0
fullCP	Green	test	Ribo_ND_365659	473	472	1	0	0	0
fullCP	Green	test	Ribo_ND_028760	513	512	1	0	0	0
fullCP	Green	test	Ribo_ND_391455	378	377	1	0	0	0
fullCP	Green	test	Ribo_ND_343394	418	417	1	0	0	0
fullCP	Green	test	Ribo_ND_146224	421	420	1	0	0	0
fullCP	Green	test	Ribo_ND_086097	470	469	1	0	0	0
fullCP	Green	test	Ribo_ND_230736	400	399	1	0	0	0
fullCP	Green	test	Ribo_ND_345468	345	344	1	0	0	0
fullCP	Green	test	Ribo_ND_134820	369	368	1	0	0	0
fullCP	Green	test	Ribo_ND_387994	426	425	1	0	0	0
fullCP	Green	test	Ribo_ND_299966	331	330	1	0	0	0
fullCP	Green	test	Ribo_ND_195569	396	395	1	0	0	0
fullCP	Green	test	Ribo_ND_018979	455	454	1	0	0	0
fullCP	Green	test	Ribo_ND_382385	309	308	1	0	0	0
fullCP	Green	test	Ribo_ND_290964	463	462	1	0	0	0
fullCP	Green	test	Ribo_ND_026643	392	391	1	0	0	0
fullCP	Green	test	Ribo_ND_066936	445	444	1	0	0	0
fullCP	Green	test	Ribo_ND_057454	380	379	1	0	0	0
fullCP	Green	test	Ribo_ND_175769	373	372	1	0	0	0
fullCP	Green	test	Ribo_ND_057098	437	436	1	0	0	0
fullCP	Green	test	Ribo_ND_093545	470	469	1	0	0	0
fullCP	Green	test	Ribo_ND_045405	437	436	1	0	0	0
fullCP	Green	test	Ribo_ND_043886	369	368	1	0	0	0
fullCP	Green	test	Ribo_ND_044426	479	478	1	0	0	0
fullCP	Green	test	Ribo_ND_025469	470	469	1	0	0	0
fullCP	Green	test	Ribo_ND_345044	361	360	1	0	0	0
fullCP	Green	test	Ribo_ND_290971	464	463	1	0	0	0
fullCP	Green	test	Ribo_ND_056137	434	433	1	0	0	0
fullCP	Green	test	Ribo_ND_184639	444	443	1	0	0	0
fullCP	Green	test	Ribo_ND_281961	495	494	1	0	0	0
fullCP	Green	test	Ribo_ND_333280	428	427	1	0	0	0
fullCP	Green	test	Ribo_ND_018983	359	358	1	0	0	0
fullCP	Green	test	Ribo_ND_041978	348	347	1	0	0	0
fullCP	Green	test	Ribo_ND_075631	466	465	1	0	0	0
fullCP	Green	test	Ribo_ND_156954	515	514	1	0	0	0
fullCP	Green	test	Ribo_ND_236420	365	364	1	0	0	0
fullCP	Green	test	Ribo_ND_358846	488	487	1	0	0	0
fullCP	Green	test	Ribo_JAAOEH010001875.1	417	416	1	0	0	0
fullCP	Green	test	Ribo_ND_087436	345	344	1	0	0	0
fullCP	Green	test	Ribo_ND_152036	366	365	1	0	0	0
fullCP	Green	test	Ribo_ND_026429	397	396	1	0	0	0
fullCP	Green	test	Ribo_ND_184895	389	388	1	0	0	0
fullCP	Green	test	Ribo_ND_251071	474	473	1	0	0	0
fullCP	Green	test	Ribo_ND_064866	443	442	1	0	0	0
fullCP	Green	test	Ribo_ND_094822	416	415	1	0	0	0
fullCP	Green	test	Ribo_ND_327002	427	426	1	0	0	0
fullCP	Green	test	Ribo_ND_290214	393	392	1	0	0	0
fullCP	Green	test	Ribo_ND_390177	408	407	1	0	0	0
fullCP	Green	test	Ribo_ND_107344	359	358	1	0	0	0
fullCP	Green	test	Ribo_ND_288214	492	491	1	0	0	0
fullCP	Green	test	Ribo_ND_281976	364	363	1	0	0	0
fullCP	Green	test	Ribo_ND_295394	358	357	1	0	0	0
fullCP	Green	test	Ribo_ND_166578	367	366	1	0	0	0
fullCP	Green	test	Ribo_ND_169363	468	467	1	0	0	0
fullCP	Green	test	Ribo_ND_066589	388	387	1	0	0	0
fullCP	Green	test	Ribo_ND_025153	357	356	1	0	0	0
fullCP	Green	test	Ribo_ND_131407	434	433	1	0	0	0
fullCP	Green	test	Ribo_ND_249733	532	531	1	0	0	0
fullCP	Green	test	Ribo_ND_363858	424	423	1	0	0	0
fullCP	Green	test	Ribo_ND_188050	363	362	1	0	0	0
fullCP	Green	test	Ribo_ND_385927	395	394	1	0	0	0
fullCP	Green	test	Ribo_ND_209726	423	422	1	0	0	0
fullCP	Green	test	Ribo_ND_124466	387	386	1	0	0	0
fullCP	Green	test	Ribo_ND_030535	362	361	1	0	0	0
fullCP	Green	test	Ribo_ND_365622	548	547	1	0	0	0
fullCP	Green	test	Ribo_ND_024437	441	440	1	0	0	0
fullCP	Green	test	Ribo_ND_097677	470	469	1	0	0	0
fullCP	Green	test	Ribo_ND_100038	431	430	1	0	0	0
fullCP	Green	test	Ribo_ND_051634	542	541	1	0	0	0
fullCP	Green	test	Ribo_ND_385286	444	443	1	0	0	0
fullCP	Green	test	Ribo_ND_156763	513	512	1	0	0	0
fullCP	Green	test	Ribo_ND_174691	507	506	1	0	0	0
fullCP	Green	test	Ribo_ND_386284	488	487	1	0	0	0
fullCP	Green	test	Ribo_ND_134196	449	448	1	0	0	0
fullCP	Green	test	Ribo_ND_379850	468	467	1	0	0	0
fullCP	Green	test	Ribo_ND_284204	357	356	1	0	0	0
fullCP	Green	test	Ribo_ND_087862	414	413	1	0	0	0
fullCP	Green	test	Ribo_ND_388731	372	371	1	0	0	0
fullCP	Green	test	Ribo_ND_390432	368	367	1	0	0	0
fullCP	Green	test	Ribo_ND_390654	456	455	1	0	0	0
fullCP	Green	test	Ribo_ND_300927	402	401	1	0	0	0
fullCP	Green	test	Ribo_ND_172611	355	354	1	0	0	0
fullCP	Green	test	Ribo_ND_385876	472	471	1	0	0	0
fullCP	Green	test	Ribo_ND_130292	436	435	1	0	0	0
fullCP	Green	test	Ribo_ND_383206	349	348	1	0	0	0
fullCP	Green	test	Ribo_ND_387689	301	300	1	0	0	0
fullCP	Green	test	Ribo_ND_041617	470	469	1	0	0	0
fullCP	Green	test	Ribo_Ga0127507_1003872	379	378	1	0	0	0
fullCP	Green	test	Ribo_ND_382127	475	474	1	0	0	0
fullCP	Green	test	Ribo_ND_185431	351	350	1	0	0	0
fullCP	Green	test	Ribo_ND_126777	343	342	1	0	0	0
fullCP	Green	test	Ribo_ND_057440	609	608	1	0	0	0
fullCP	Green	test	Ribo_ND_081504	405	404	1	0	0	0
fullCP	Green	test	Ribo_ND_141237	541	540	1	0	0	0
fullCP	Green	test	Ribo_ND_056534	357	356	1	0	0	0
fullCP	Green	test	Ribo_ND_096062	326	325	1	0	0	0
fullCP	Green	test	Ribo_ND_054423	436	435	1	0	0	0
fullCP	Green	test	Ribo_ND_044943	583	582	1	0	0	0
fullCP	Green	test	Ribo_ND_112030	380	379	1	0	0	0
fullCP	Green	test	Ribo_ND_093165	379	378	1	0	0	0
fullCP	Green	test	Ribo_ND_293168	363	362	1	0	0	0
fullCP	Green	test	Ribo_ND_151495	401	400	1	0	0	0
fullCP	Green	test	Ribo_ND_028737	361	360	1	0	0	0
fullCP	Green	test	Ribo_ND_363188	422	421	1	0	0	0
fullCP	Green	test	Ribo_ND_210078	356	355	1	0	0	0
fullCP	Green	test	Ribo_ND_391025	456	455	1	0	0	0
fullCP	Green	test	Ribo_ND_327282	535	534	1	0	0	0
fullCP	Green	test	Ribo_ND_187630	452	451	1	0	0	0
fullCP	Green	test	Ribo_ND_101784	482	481	1	0	0	0
fullCP	Green	test	Ribo_ND_095482	379	378	1	0	0	0
fullCP	Green	test	Ribo_ND_092948	392	391	1	0	0	0
fullCP	Green	test	Ribo_NC_032884	343	342	1	0	0	0
fullCP	Green	test	Ribo_ND_365732	473	472	1	0	0	0
fullCP	Green	test	Ribo_ND_149174	401	400	1	0	0	0
fullCP	Green	test	Ribo_ND_099904	489	488	1	0	0	0
fullCP	Green	test	Ribo_ND_344864	483	482	1	0	0	0
fullCP	Green	test	Ribo_ND_281801	352	351	1	0	0	0
fullCP	Green	test	Ribo_ND_028716	376	375	1	0	0	0
fullCP	Green	test	Ribo_ND_249827	380	379	1	0	0	0
fullCP	Green	test	Ribo_ND_278159	351	350	1	0	0	0
fullCP	Green	test	Ribo_ND_102430	472	471	1	0	0	0
fullCP	Green	test	Ribo_ND_151413	436	435	1	0	0	0
fullCP	Green	test	Ribo_ND_127922	385	384	1	0	0	0
fullCP	Green	test	Ribo_ND_092480	385	384	1	0	0	0
fullCP	Green	test	Ribo_ND_294841	357	356	1	0	0	0
fullCP	Green	test	Ribo_ND_057449	511	510	1	0	0	0
fullCP	Green	test	Ribo_JAAOEH010002127.1	357	356	1	0	0	0
fullCP	Green	test	Ribo_ND_082062	358	357	1	0	0	0
fullCP	Green	test	Ribo_ND_249719	443	442	1	0	0	0
fullCP	Green	test	Ribo_ND_083099	353	352	1	0	0	0
fullCP	Green	test	Ribo_ND_112591	438	437	1	0	0	0
fullCP	Green	test	Ribo_ND_190342	365	364	1	0	0	0
fullCP	Green	test	Ribo_ND_251103	385	384	1	0	0	0
fullCP	Green	test	Ribo_ND_056464	435	434	1	0	0	0
fullCP	Green	test	Ribo_ND_132240	447	446	1	0	0	0
fullCP	Green	test	Ribo_ND_058275	577	576	1	0	0	0
fullCP	Green	test	Ribo_ND_285201	346	345	1	0	0	0
fullCP	Green	test	Ribo_ND_179581	376	375	1	0	0	0
fullCP	Green	test	Ribo_ND_060792	357	356	1	0	0	0
fullCP	Green	test	Ribo_ND_278441	428	427	1	0	0	0
fullCP	Green	test	Ribo_ND_158731	504	503	1	0	0	0
fullCP	Green	test	Ribo_NC_033438	350	349	1	0	0	0
fullCP	Green	test	Ribo_ND_056608	411	410	1	0	0	0
fullCP	Green	test	Ribo_ND_024746	422	421	1	0	0	0
fullCP	Green	test	Ribo_ND_202418	370	369	1	0	0	0
fullCP	Green	test	Ribo_ND_024730	489	488	1	0	0	0
fullCP	Green	test	Ribo_ND_336234	390	389	1	0	0	0
fullCP	Green	test	Ribo_ND_025424	370	369	1	0	0	0
fullCP	Green	test	Ribo_ND_169315	378	377	1	0	0	0
fullCP	Green	test	Ribo_ND_091409	521	520	1	0	0	0
fullCP	Green	test	Ribo_ND_147366	360	359	1	0	0	0
fullCP	Green	test	Ribo_ND_251120	456	455	1	0	0	0
fullCP	Green	test	Ribo_ND_094061	445	444	1	0	0	0
fullCP	Green	test	Ribo_ND_226143	375	374	1	0	0	0
fullCP	Green	test	Ribo_ND_053539	394	393	1	0	0	0
fullCP	Green	test	Ribo_ND_266811	375	374	1	0	0	0
fullCP	Green	test	Ribo_ND_175203	389	388	1	0	0	0
fullCP	Green	test	Ribo_ND_391046	369	368	1	0	0	0
fullCP	Green	test	Ribo_ND_337560	364	363	1	0	0	0
fullCP	Green	test	Ribo_ND_057533	441	440	1	0	0	0
fullCP	Green	test	Ribo_ND_145828	427	426	1	0	0	0
fullCP	Green	test	Ribo_ND_366210	617	616	1	0	0	0
fullCP	Green	test	Ribo_ND_025211	363	362	1	0	0	0
fullCP	Green	test	Ribo_ND_363181	333	332	1	0	0	0
fullCP	Green	test	Ribo_ND_048417	358	357	1	0	0	0
fullCP	Green	test	Ribo_ND_185791	407	406	1	0	0	0
fullCP	Green	test	Ribo_ND_344308	474	473	1	0	0	0
fullCP	Green	test	Ribo_ND_350465	519	518	1	0	0	0
fullCP	Green	test	Ribo_ND_128801	391	390	1	0	0	0
fullCP	Green	test	Ribo_ND_134792	362	361	1	0	0	0
fullCP	Green	test	Ribo_ND_095233	362	361	1	0	0	0
fullCP	Green	test	Ribo_ND_106556	471	470	1	0	0	0
fullCP	Green	test	Ribo_ND_114322	379	378	1	0	0	0
fullCP	Green	test	Ribo_ND_279514	423	422	1	0	0	0
fullCP	Green	test	Ribo_ND_121885	359	358	1	0	0	0
fullCP	Green	test	Ribo_ND_084466	340	339	1	0	0	0
fullCP	Green	test	Ribo_ND_024955	477	476	1	0	0	0
fullCP	Green	test	Ribo_ND_108358	578	577	1	0	0	0
fullCP	Green	test	Ribo_ND_107013	506	505	1	0	0	0
fullCP	Green	test	Ribo_ND_101584	486	485	1	0	0	0
fullCP	Green	test	Ribo_ND_341362	382	381	1	0	0	0
fullCP	Green	test	Ribo_ND_044835	532	531	1	0	0	0
fullCP	Green	test	Ribo_ND_146036	376	375	1	0	0	0
fullCP	Green	test	Ribo_ND_385935	458	457	1	0	0	0
fullCP	Green	test	Ribo_ND_025243	364	363	1	0	0	0
fullCP	Green	test	Ribo_ND_249837	375	374	1	0	0	0
fullCP	Green	test	Ribo_ND_184068	367	366	1	0	0	0
fullCP	Green	test	Ribo_ND_341296	443	442	1	0	0	0
fullCP	Green	test	Ribo_JAAOEH010002267.1	377	376	1	0	0	0
fullCP	Green	test	Ribo_ND_090706	453	452	1	0	0	0
fullCP	Green	test	Ribo_ND_390200	339	338	1	0	0	0
fullCP	Green	test	Ribo_ND_058928	480	479	1	0	0	0
fullCP	Green	test	Ribo_ND_024871	439	438	1	0	0	0
fullCP	Green	test	Ribo_ND_389921	398	397	1	0	0	0
fullCP	Green	test	Ribo_ND_132724	516	515	1	0	0	0
fullCP	Green	test	Ribo_ND_055896	378	377	1	0	0	0
fullCP	Green	test	Ribo_ND_289096	458	457	1	0	0	0
fullCP	Green	test	Ribo_ND_045947	373	372	1	0	0	0
fullCP	Green	test	Ribo_ND_030364	577	576	1	0	0	0
fullCP	Green	test	Ribo_ND_108055	472	471	1	0	0	0
fullCP	Green	test	Ribo_ND_025792	487	486	1	0	0	0
fullCP	Green	test	Ribo_ND_092887	354	353	1	0	0	0
fullCP	Green	test	Ribo_ND_051123	440	439	1	0	0	0
fullCP	Green	test	Ribo_ND_088149	598	597	1	0	0	0
fullCP	Green	test	Ribo_ND_151781	430	429	1	0	0	0
fullCP	Green	test	Ribo_ND_059415	378	377	1	0	0	0
fullCP	Green	test	Ribo_ND_335948	432	431	1	0	0	0
fullCP	Green	test	Ribo_ND_288285	437	436	1	0	0	0
fullCP	Green	test	Ribo_ND_321366	366	365	1	0	0	0
fullCP	Green	test	Ribo_ND_130501	437	436	1	0	0	0
fullCP	Green	test	Ribo_ND_384169	386	385	1	0	0	0
fullCP	Green	test	Ribo_ND_168965	376	375	1	0	0	0
fullCP	Green	test	Ribo_ND_025361	387	386	1	0	0	0
fullCP	Green	test	Ribo_ND_082876	452	451	1	0	0	0
fullCP	Green	test	Ribo_ND_286562	456	455	1	0	0	0
fullCP	Green	test	Ribo_ND_030388	477	476	1	0	0	0
fullCP	Green	test	Ribo_ND_030557	368	367	1	0	0	0
fullCP	Green	test	Ribo_JAAOEH010002460.1	411	410	1	0	0	0
fullCP	Green	test	Ribo_NC_033443	489	488	1	0	0	0
fullCP	Green	test	Ribo_ND_341308	406	405	1	0	0	0
fullCP	Green	test	Ribo_ND_287498	556	555	1	0	0	0
fullCP	Green	test	Ribo_ND_343365	488	487	1	0	0	0
fullCP	Green	test	Ribo_ND_385031	497	496	1	0	0	0
fullCP	Green	test	Ribo_ND_114974	492	491	1	0	0	0
fullCP	Green	test	Ribo_ND_379299	459	458	1	0	0	0
fullCP	Green	test	Ribo_ND_326772	422	421	1	0	0	0
fullCP	Green	test	Ribo_ND_381586	414	413	1	0	0	0
fullCP	Green	test	Ribo_ND_055821	403	402	1	0	0	0
fullCP	Green	test	Ribo_ND_256267	378	377	1	0	0	0
fullCP	Green	test	Ribo_ND_082205	352	351	1	0	0	0
fullCP	Green	test	Ribo_ND_276222	371	370	1	0	0	0
fullCP	Green	test	Ribo_ND_251123	469	468	1	0	0	0
fullCP	Green	test	Ribo_ND_066692	453	452	1	0	0	0
fullCP	Green	test	Ribo_ND_134565	395	394	1	0	0	0
fullCP	Green	test	Ribo_ND_084066	372	371	1	0	0	0
fullCP	Green	test	Ribo_ND_043328	356	355	1	0	0	0
fullCP	Green	test	Ribo_ND_109227	449	448	1	0	0	0
fullCP	Green	test	Ribo_ND_389837	350	349	1	0	0	0
fullCP	Green	test	Ribo_ND_276198	382	381	1	0	0	0
fullCP	Green	test	Ribo_ND_347420	373	372	1	0	0	0
fullCP	Green	test	Ribo_ND_100474	354	353	1	0	0	0
fullCP	Green	test	Ribo_ND_327486	443	442	1	0	0	0
fullCP	Green	test	Ribo_ND_095265	326	325	1	0	0	0
fullCP	Green	test	Ribo_ND_221227	428	427	1	0	0	0
fullCP	Green	test	Ribo_ND_230750	378	377	1	0	0	0
fullCP	Green	test	Ribo_ND_181904	480	479	1	0	0	0
fullCP	Green	test	Ribo_ND_070705	358	357	1	0	0	0
fullCP	Green	test	Ribo_ND_096037	361	360	1	0	0	0
fullCP	Green	test	Ribo_ND_101966	421	420	1	0	0	0
fullCP	Green	test	Ribo_ND_095624	579	578	1	0	0	0
fullCP	Green	test	Ribo_ND_381553	472	471	1	0	0	0
fullCP	Green	test	Ribo_ND_166650	442	441	1	0	0	0
fullCP	Green	test	Ribo_ND_108364	427	426	1	0	0	0
fullCP	Green	test	Ribo_ND_162995	353	352	1	0	0	0
fullCP	Green	test	Ribo_ND_389147	383	382	1	0	0	0
fullCP	Green	test	Ribo_ND_165277	517	516	1	0	0	0
fullCP	Green	test	Ribo_ND_019145	438	437	1	0	0	0
fullCP	Green	test	Ribo_ND_233410	375	374	1	0	0	0
fullCP	Green	test	Ribo_ND_120879	382	381	1	0	0	0
fullCP	Green	test	Ribo_ND_025544	515	514	1	0	0	0
fullCP	Green	test	Ribo_ND_389814	380	379	1	0	0	0
fullCP	Green	test	Ribo_ND_290258	427	426	1	0	0	0
fullCP	Green	test	Ribo_ND_119547	430	429	1	0	0	0
fullCP	Green	test	Ribo_ND_386283	418	417	1	0	0	0
fullCP	Green	test	Ribo_ND_030196	372	371	1	0	0	0
fullCP	Green	test	Ribo_ND_122974	441	440	1	0	0	0
fullCP	Green	test	Ribo_ND_135121	411	410	1	0	0	0
fullCP	Green	test	Ribo_ND_166745	437	436	1	0	0	0
fullCP	Green	test	Ribo_ND_114912	382	381	1	0	0	0
fullCP	Green	test	Ribo_ND_172616	378	377	1	0	0	0
fullCP	Green	test	Ribo_ND_379831	545	544	1	0	0	0
fullCP	Green	test	Ribo_ND_203486	457	456	1	0	0	0
fullCP	Green	test	Ribo_ND_223996	431	430	1	0	0	0
fullCP	Green	test	Ribo_ND_025262	487	486	1	0	0	0
fullCP	Green	test	Ribo_ND_183764	490	489	1	0	0	0
fullCP	Green	test	Ribo_ND_187623	419	418	1	0	0	0
fullCP	Green	test	Ribo_ND_202743	485	484	1	0	0	0
fullCP	Green	test	Ribo_ND_166391	397	396	1	0	0	0
fullCP	Green	test	Ribo_ND_370444	479	478	1	0	0	0
fullCP	Green	test	Ribo_ND_180439	375	374	1	0	0	0
fullCP	Green	test	Ribo_ND_029528	351	350	1	0	0	0
fullCP	Purple	train	Cruci_CruCGE-944	779	778	1	0	0	0
fullCP	Purple	train	Cruci_CruV_499	729	728	1	0	0	0
fullCP	Purple	train	Cruci_CruV_502	727	726	1	0	0	0
fullCP	Purple	train	Cruci_CruV_462	720	719	1	0	0	0
fullCP	Purple	train	Cruci_CruV_457	712	711	1	0	0	0
fullCP	Purple	train	Cruci_CruV_484	655	654	1	0	0	0
fullCP	Purple	train	Cruci_CruV_406	653	652	1	0	0	0
fullCP	Purple	train	Cruci_CruV_407	653	652	1	0	0	0
fullCP	Purple	train	Cruci_CruV-900	648	647	1	0	0	0
fullCP	Purple	train	Cruci_CruV_516	643	642	1	0	0	0
fullCP	Purple	train	Cruci_CruV_463	640	639	1	0	0	0
fullCP	Purple	train	Cruci_CruV_412	632	631	1	0	0	0
fullCP	Purple	train	Cruci_Ariz_MW697732	607	606	1	0	0	0
fullCP	Purple	train	Cruci_CruV_486	604	603	1	0	0	0
fullCP	Purple	train	Cruci_chiv_Lake_Pavin_contig403	601	600	1	0	0	0
fullCP	Purple	train	Cruci_CruV_508	591	590	1	0	0	0
fullCP	Purple	train	Cruci_CruV_470	588	587	1	0	0	0
fullCP	Purple	train	Cruci_CruV_433	585	584	1	0	0	0
fullCP	Purple	train	Cruci_CruV_500	581	580	1	0	0	0
fullCP	Purple	train	Cruci_CruV_392	580	579	1	0	0	0
fullCP	Purple	train	Cruci_CruV_469	579	578	1	0	0	0
fullCP	Purple	train	Cruci_CruV_413	578	577	1	0	0	0
fullCP	Purple	train	Cruci_chiv_Eukaryote_metagenome_T142_contig705	577	576	1	0	0	0
fullCP	Purple	train	Cruci_chiv_Eukaryote_metagenome_T149_contig609	577	576	1	0	0	0
fullCP	Purple	train	Cruci_CruV_402	577	576	1	0	0	0
fullCP	Purple	train	Cruci_CruV_460	574	573	1	0	0	0
fullCP	Purple	train	Cruci_Schm_JAMFLK010001929_circular	574	573	1	0	0	0
fullCP	Purple	train	Cruci_muss_OR270612	572	571	1	0	0	0
fullCP	Purple	train	Cruci_CruV_453	571	570	1	0	0	0
fullCP	Purple	train	Cruci_CruV_454	571	570	1	0	0	0
fullCP	Purple	train	Cruci_CruV_455	571	570	1	0	0	0
fullCP	Purple	train	Cruci_CruV_456	571	570	1	0	0	0
fullCP	Purple	train	Cruci_CruV_541	571	570	1	0	0	0
fullCP	Purple	train	Cruci_chiv_Lake_Pavin_contig15342	569	568	1	0	0	0
fullCP	Purple	train	Cruci_CruV_351	568	567	1	0	0	0
fullCP	Purple	train	Cruci_chiv_Eukaryote_metagenome_T149_contig276	565	564	1	0	0	0
fullCP	Purple	train	Cruci_CruV_214	565	564	1	0	0	0
fullCP	Purple	train	Cruci_CruV_347	565	564	1	0	0	0
fullCP	Purple	train	Cruci_Oys_GWHBFST00001923_circ	565	564	1	0	0	0
fullCP	Purple	train	Cruci_Schm_JAMFLK010001378_circular	565	564	1	0	0	0
fullCP	Purple	train	Cruci_CruV_526	564	563	1	0	0	0
fullCP	Purple	train	Cruci_CruV_287	563	562	1	0	0	0
fullCP	Purple	train	Cruci_CruV_472	558	557	1	0	0	0
fullCP	Purple	train	Cruci_CruV_532	556	555	1	0	0	0
fullCP	Purple	train	Cruci_Ariz_MW697595	554	553	1	0	0	0
fullCP	Purple	train	Cruci_CruV_450	552	551	1	0	0	0
fullCP	Purple	train	Cruci_Ariz_MW697566	547	546	1	0	0	0
fullCP	Purple	train	Cruci_Oys_GWHBFST00002020_circ	547	546	1	0	0	0
fullCP	Purple	train	Cruci_Ariz_MW697584	543	542	1	0	0	0
fullCP	Purple	train	Cruci_CruV_256	543	542	1	0	0	0
fullCP	Purple	train	Cruci_CruV_331	540	539	1	0	0	0
fullCP	Purple	train	Cruci_CruV_345	540	539	1	0	0	0
fullCP	Purple	train	Cruci_CruV_393	540	539	1	0	0	0
fullCP	Purple	train	Cruci_CruCGE_82	537	536	1	0	0	0
fullCP	Purple	train	Cruci_CruV_350	537	536	1	0	0	0
fullCP	Purple	train	Cruci_CruV_369	537	536	1	0	0	0
fullCP	Purple	train	Cruci_Ariz_MW697596	536	535	1	0	0	0
fullCP	Purple	train	Cruci_CruV_414	532	531	1	0	0	0
fullCP	Purple	train	Cruci_CruV_336	531	530	1	0	0	0
fullCP	Purple	train	Cruci_Oys_GWHBFST00000019_circ	531	530	1	0	0	0
fullCP	Purple	train	Cruci_CruV_427	528	527	1	0	0	0
fullCP	Purple	train	Cruci_CruV_416	527	526	1	0	0	0
fullCP	Purple	train	Cruci_CruV_459	527	526	1	0	0	0
fullCP	Purple	train	Cruci_CruV_473	527	523	4	0	0	0
fullCP	Purple	train	Cruci_CruV_475	527	526	1	0	0	0
fullCP	Purple	train	Cruci_CruV_325	526	525	1	0	0	0
fullCP	Purple	train	Cruci_CruV_327	526	525	1	0	0	0
fullCP	Purple	train	Cruci_Oys_GWHBFST00003133_circ	526	525	1	0	0	0
fullCP	Purple	train	Cruci_CruV_298	525	524	1	0	0	0
fullCP	Purple	train	Cruci_CruV_397	525	524	1	0	0	0
fullCP	Purple	train	Cruci_Oys_GWHBFST00002740_circ	525	524	1	0	0	0
fullCP	Purple	train	Cruci_CruCGE_436	524	523	1	0	0	0
fullCP	Purple	train	Cruci_CruV_403	524	523	1	0	0	0
fullCP	Purple	train	Cruci_CruV_417	524	523	1	0	0	0
fullCP	Purple	train	Cruci_Oys_GWHBFST00000015_circ	524	523	1	0	0	0
fullCP	Purple	train	Cruci_chiv_35_Marine_contig3	523	522	1	0	0	0
fullCP	Purple	train	Cruci_CruV_434	523	522	1	0	0	0
fullCP	Purple	train	Cruci_CruV_491	523	522	1	0	0	0
fullCP	Purple	train	Cruci_CruV_426	521	520	1	0	0	0
fullCP	Purple	train	Cruci_CruV_465	521	520	1	0	0	0
fullCP	Purple	train	Cruci_CruCGE_471	519	518	1	0	0	0
fullCP	Purple	train	Cruci_CruV_235	519	518	1	0	0	0
fullCP	Purple	train	Cruci_CruV_396	519	518	1	0	0	0
fullCP	Purple	train	Cruci_CruV_422	519	518	1	0	0	0
fullCP	Purple	train	Cruci_Tisza_MH616643.1	519	518	1	0	0	0
fullCP	Purple	train	Cruci_CruV_244	516	515	1	0	0	0
fullCP	Purple	train	Cruci_CruV_343	516	515	1	0	0	0
fullCP	Purple	train	Cruci_CruV_189	515	514	1	0	0	0
fullCP	Purple	train	Cruci_Ariz_MW697687	512	511	1	0	0	0
fullCP	Purple	train	Cruci_CruCGE_533	511	510	1	0	0	0
fullCP	Purple	train	Cruci_CruV_474	509	508	1	0	0	0
fullCP	Purple	train	Cruci_muss_OR270609	509	508	1	0	0	0
fullCP	Purple	train	Cruci_CruV_252	507	506	1	0	0	0
fullCP	Purple	train	Cruci_CruV_254	506	505	1	0	0	0
fullCP	Purple	train	Cruci_CruV_303	505	504	1	0	0	0
fullCP	Purple	train	Cruci_CruV_480	505	504	1	0	0	0
fullCP	Purple	train	Cruci_CruV_285	504	503	1	0	0	0
fullCP	Purple	train	Cruci_CruV_476	504	503	1	0	0	0
fullCP	Purple	train	Cruci_CruV_184	503	502	1	0	0	0
fullCP	Purple	train	Cruci_CruV_289	503	502	1	0	0	0
fullCP	Purple	train	Cruci_CruV_318	502	501	1	0	0	0
fullCP	Purple	train	Cruci_CruV_348	502	501	1	0	0	0
fullCP	Purple	train	Cruci_CruV_253	500	499	1	0	0	0
fullCP	Purple	train	Cruci_CruV_315	500	499	1	0	0	0
fullCP	Purple	train	Cruci_CruV_307	499	498	1	0	0	0
fullCP	Purple	train	Cruci_CruV_342	499	498	1	0	0	0
fullCP	Purple	train	Cruci_CruV_432	499	498	1	0	0	0
fullCP	Purple	train	Cruci_CruV_482	499	498	1	0	0	0
fullCP	Purple	train	Cruci_IWaV278_CircoRep	499	498	1	0	0	0
fullCP	Purple	train	Cruci_CruV_354	496	495	1	0	0	0
fullCP	Purple	train	Cruci_CruV_363	494	493	1	0	0	0
fullCP	Purple	train	Cruci_CruV_338	493	492	1	0	0	0
fullCP	Purple	train	Cruci_CruV_512	493	492	1	0	0	0
fullCP	Purple	train	Cruci_CruV_314	492	491	1	0	0	0
fullCP	Purple	train	Cruci_CruV_356	492	491	1	0	0	0
fullCP	Purple	train	Cruci_CruV_302	491	490	1	0	0	0
fullCP	Purple	train	Cruci_CruV_346	491	490	1	0	0	0
fullCP	Purple	train	Cruci_Ariz_MW697694	490	489	1	0	0	0
fullCP	Purple	train	Cruci_CruV_440	490	489	1	0	0	0
fullCP	Purple	train	Cruci_CruV_496	490	489	1	0	0	0
fullCP	Purple	train	Cruci_CruV_530	490	489	1	0	0	0
fullCP	Purple	train	Cruci_CruV_197	489	488	1	0	0	0
fullCP	Purple	train	Cruci_CruV_519	488	487	1	0	0	0
fullCP	Purple	train	Cruci_CruV_272	487	486	1	0	0	0
fullCP	Purple	train	Cruci_CruV_277	487	486	1	0	0	0
fullCP	Purple	train	Cruci_CruV_281	487	486	1	0	0	0
fullCP	Purple	train	Cruci_CruV_282	487	486	1	0	0	0
fullCP	Purple	train	Cruci_CruV_291	487	486	1	0	0	0
fullCP	Purple	train	Cruci_CruV_439	484	483	1	0	0	0
fullCP	Purple	train	Cruci_CruV_446	484	483	1	0	0	0
fullCP	Purple	train	Cruci_CruV-966	482	481	1	0	0	0
fullCP	Purple	train	Cruci_Ariz_MW697557	480	479	1	0	0	0
fullCP	Purple	train	Cruci_CruV_199	480	479	1	0	0	0
fullCP	Purple	train	Cruci_CruV_216	480	479	1	0	0	0
fullCP	Purple	train	Cruci_CruV_107	479	478	1	0	0	0
fullCP	Purple	train	Cruci_CruV_177	479	478	1	0	0	0
fullCP	Purple	train	Cruci_CruV_101	478	477	1	0	0	0
fullCP	Purple	train	Cruci_CruV_330	477	476	1	0	0	0
fullCP	Purple	train	Cruci_CruV_489	477	476	1	0	0	0
fullCP	Purple	train	Cruci_PB_KX388514	477	476	1	0	0	0
fullCP	Purple	train	Cruci_Ariz_MW697564	476	475	1	0	0	0
fullCP	Purple	train	Cruci_CruV_286	476	475	1	0	0	0
fullCP	Purple	train	Cruci_CruV_375	476	475	1	0	0	0
fullCP	Purple	train	Cruci_Schm_JAMFLK010002076_circular	475	474	1	0	0	0
fullCP	Purple	train	Cruci_CruV_160	474	473	1	0	0	0
fullCP	Purple	train	Cruci_CruCGE_296	473	472	1	0	0	0
fullCP	Purple	train	Cruci_CruV_165	473	472	1	0	0	0
fullCP	Purple	train	Cruci_CruV_181	473	472	1	0	0	0
fullCP	Purple	train	Cruci_CruV_187	473	472	1	0	0	0
fullCP	Purple	train	Cruci_CruV_273	473	472	1	0	0	0
fullCP	Purple	train	Cruci_CruV_326	473	472	1	0	0	0
fullCP	Purple	train	Cruci_Ariz_MW697583	472	471	1	0	0	0
fullCP	Purple	train	Cruci_Ariz_MW697667	472	471	1	0	0	0
fullCP	Purple	train	Cruci_CruV_103	472	471	1	0	0	0
fullCP	Purple	train	Cruci_CruV_193	472	471	1	0	0	0
fullCP	Purple	train	Cruci_CruV_201	472	471	1	0	0	0
fullCP	Purple	train	Cruci_CruV_230	472	471	1	0	0	0
fullCP	Purple	train	Cruci_PB_KX388512	472	471	1	0	0	0
fullCP	Purple	train	Cruci_CruV_191	471	470	1	0	0	0
fullCP	Purple	train	Cruci_CruV_225	471	470	1	0	0	0
fullCP	Purple	train	Cruci_CruV_228	470	469	1	0	0	0
fullCP	Purple	train	Cruci_CruV_136	469	468	1	0	0	0
fullCP	Purple	train	Cruci_CruV_299	469	468	1	0	0	0
fullCP	Purple	train	Cruci_CruV_458	468	467	1	0	0	0
fullCP	Purple	train	Cruci_Tisza_MK012433.1	468	467	1	0	0	0
fullCP	Purple	train	Cruci_Tisza_MK012508.1	468	467	1	0	0	0
fullCP	Purple	train	Cruci_chiv_Lake_Bourget_contig37561	467	466	1	0	0	0
fullCP	Purple	train	Cruci_CruV_104	467	466	1	0	0	0
fullCP	Purple	train	Cruci_CruV_105	467	466	1	0	0	0
fullCP	Purple	train	Cruci_CruV_171	466	465	1	0	0	0
fullCP	Purple	train	Cruci_CruV_233	466	465	1	0	0	0
fullCP	Purple	train	Cruci_CruV_321	466	465	1	0	0	0
fullCP	Purple	train	Cruci_CruV_447	466	465	1	0	0	0
fullCP	Purple	train	Cruci_CruV_448	466	465	1	0	0	0
fullCP	Purple	train	Cruci_chiv_Astrammina_rara_contig97_330847425	465	464	1	0	0	0
fullCP	Purple	train	Cruci_CruV_263	465	464	1	0	0	0
fullCP	Purple	train	Cruci_CruV_111	464	463	1	0	0	0
fullCP	Purple	train	Cruci_CruV_231	464	463	1	0	0	0
fullCP	Purple	train	Cruci_CruV_236	464	463	1	0	0	0
fullCP	Purple	train	Cruci_CruV_248	464	463	1	0	0	0
fullCP	Purple	train	Cruci_CruV_269	464	463	1	0	0	0
fullCP	Purple	train	Cruci_Tisza_MK012526.1	464	463	1	0	0	0
fullCP	Purple	train	Cruci_CruV_96	463	462	1	0	0	0
fullCP	Purple	train	Cruci_CruV_284	463	462	1	0	0	0
fullCP	Purple	train	Cruci_CruV_341	463	462	1	0	0	0
fullCP	Purple	train	Cruci_CruV_517	463	462	1	0	0	0
fullCP	Purple	train	Cruci_CruCGE_155	462	461	1	0	0	0
fullCP	Purple	train	Cruci_CruV_159	462	461	1	0	0	0
fullCP	Purple	train	Cruci_CruV_280	462	461	1	0	0	0
fullCP	Purple	train	Cruci_CruV_306	462	461	1	0	0	0
fullCP	Purple	train	Cruci_CruCGE_114	461	460	1	0	0	0
fullCP	Purple	train	Cruci_CruV_89	461	460	1	0	0	0
fullCP	Purple	train	Cruci_CruV_333	461	460	1	0	0	0
fullCP	Purple	train	Cruci_CruV_370	461	460	1	0	0	0
fullCP	Purple	train	Cruci_CruV_83	460	459	1	0	0	0
fullCP	Purple	train	Cruci_CruV_84	460	459	1	0	0	0
fullCP	Purple	train	Cruci_CruV_87	460	459	1	0	0	0
fullCP	Purple	train	Cruci_CruV_123	460	459	1	0	0	0
fullCP	Purple	train	Cruci_CruV_161	460	459	1	0	0	0
fullCP	Purple	train	Cruci_CruV_218	460	459	1	0	0	0
fullCP	Purple	train	Cruci_CruV_223	460	459	1	0	0	0
fullCP	Purple	train	Cruci_CruV_226	460	459	1	0	0	0
fullCP	Purple	train	Cruci_CruV_515	460	459	1	0	0	0
fullCP	Purple	train	Cruci_Tisza_MK012503.1	460	459	1	0	0	0
fullCP	Purple	train	Cruci_CruV_145	459	458	1	0	0	0
fullCP	Purple	train	Cruci_CruV_150	459	458	1	0	0	0
fullCP	Purple	train	Cruci_CruV_206	459	458	1	0	0	0
fullCP	Purple	train	Cruci_CruV_215	459	458	1	0	0	0
fullCP	Purple	train	Cruci_CruV_337	459	458	1	0	0	0
fullCP	Purple	train	Cruci_CruV_366	459	458	1	0	0	0
fullCP	Purple	train	Cruci_CruV_477	459	458	1	0	0	0
fullCP	Purple	train	Cruci_CruV_115	458	457	1	0	0	0
fullCP	Purple	train	Cruci_CruV_126	458	457	1	0	0	0
fullCP	Purple	train	Cruci_CruV_124	457	456	1	0	0	0
fullCP	Purple	train	Cruci_CruV_137	457	456	1	0	0	0
fullCP	Purple	train	Cruci_CruV_255	457	456	1	0	0	0
fullCP	Purple	train	Cruci_chiv_CHIV14_NC_027196	456	455	1	0	0	0
fullCP	Purple	train	Cruci_CruV_388	456	455	1	0	0	0
fullCP	Purple	train	Cruci_PB_KX388504	456	455	1	0	0	0
fullCP	Purple	train	Cruci_CruV_359	455	454	1	0	0	0
fullCP	Purple	train	Cruci_CruCGE_118	454	453	1	0	0	0
fullCP	Purple	train	Cruci_CruV_133	453	452	1	0	0	0
fullCP	Purple	train	Cruci_CruV_238	453	452	1	0	0	0
fullCP	Purple	train	Cruci_CruV_239	453	452	1	0	0	0
fullCP	Purple	train	Cruci_CruV_442	453	452	1	0	0	0
fullCP	Purple	train	Cruci_CruV_109	451	450	1	0	0	0
fullCP	Purple	train	Cruci_CruV_295	451	450	1	0	0	0
fullCP	Purple	train	Cruci_CruV_335	451	450	1	0	0	0
fullCP	Purple	train	Cruci_Tisza_MH617718.1	451	450	1	0	0	0
fullCP	Purple	train	Cruci_CruV_117	450	449	1	0	0	0
fullCP	Purple	train	Cruci_CruV_169	450	449	1	0	0	0
fullCP	Purple	train	Cruci_CruV_367	450	449	1	0	0	0
fullCP	Purple	train	Cruci_CruV_437	450	449	1	0	0	0
fullCP	Purple	train	Cruci_Tisza_MK012505.1	450	449	1	0	0	0
fullCP	Purple	train	Cruci_CruV_222	449	448	1	0	0	0
fullCP	Purple	train	Cruci_CruV_267	449	448	1	0	0	0
fullCP	Purple	train	Cruci_PB_KX388527	449	448	1	0	0	0
fullCP	Purple	train	Cruci_PB_KX388528	449	448	1	0	0	0
fullCP	Purple	train	Cruci_PB_KX388529	449	448	1	0	0	0
fullCP	Purple	train	Cruci_PB_KX388530	449	448	1	0	0	0
fullCP	Purple	train	Cruci_Ariz_MW697567	448	447	1	0	0	0
fullCP	Purple	train	Cruci_CruV_154	447	446	1	0	0	0
fullCP	Purple	train	Cruci_CruV_523	447	446	1	0	0	0
fullCP	Purple	train	Cruci_CruV_242	446	445	1	0	0	0
fullCP	Purple	train	Cruci_CruV_344	446	445	1	0	0	0
fullCP	Purple	train	Cruci_PB_KX388497	446	445	1	0	0	0
fullCP	Purple	train	Cruci_CruV_139	445	444	1	0	0	0
fullCP	Purple	train	Cruci_CruV_221	445	444	1	0	0	0
fullCP	Purple	train	Cruci_CruV_511	445	444	1	0	0	0
fullCP	Purple	train	Cruci_CruV_157	444	443	1	0	0	0
fullCP	Purple	train	Cruci_CruV_208	444	443	1	0	0	0
fullCP	Purple	train	Cruci_CruV_259	444	443	1	0	0	0
fullCP	Purple	train	Cruci_CruV_292	444	443	1	0	0	0
fullCP	Purple	train	Cruci_CruV_383	444	443	1	0	0	0
fullCP	Purple	train	Cruci_CruV_128	443	442	1	0	0	0
fullCP	Purple	train	Cruci_CruV_217	443	442	1	0	0	0
fullCP	Purple	train	Cruci_CruV_227	442	441	1	0	0	0
fullCP	Purple	train	Cruci_CruV_503	442	441	1	0	0	0
fullCP	Purple	train	Cruci_CruV_158	440	439	1	0	0	0
fullCP	Purple	train	Cruci_CruV_212	440	439	1	0	0	0
fullCP	Purple	train	Cruci_CruV_415	439	438	1	0	0	0
fullCP	Purple	train	Cruci_PB_KX388511	439	438	1	0	0	0
fullCP	Purple	train	Cruci_chiv_Lake_Pavin_contig10824	438	437	1	0	0	0
fullCP	Purple	train	Cruci_CruV_176	438	437	1	0	0	0
fullCP	Purple	train	Cruci_CruV_425	437	436	1	0	0	0
fullCP	Purple	train	Cruci_CruV_478	437	436	1	0	0	0
fullCP	Purple	train	Cruci_CruV_121	436	435	1	0	0	0
fullCP	Purple	train	Cruci_PB_KX388498	436	435	1	0	0	0
fullCP	Purple	train	Cruci_PB_KX388499	436	435	1	0	0	0
fullCP	Purple	train	Cruci_PB_KX388500	436	435	1	0	0	0
fullCP	Purple	train	Cruci_PB_KX388501	436	435	1	0	0	0
fullCP	Purple	train	Cruci_CruV_438	435	434	1	0	0	0
fullCP	Purple	train	Cruci_CruV_529	435	434	1	0	0	0
fullCP	Purple	train	Cruci_PB_KX388496	435	434	1	0	0	0
fullCP	Purple	train	Cruci_Ariz_MW697543	434	433	1	0	0	0
fullCP	Purple	train	Cruci_CruV_401	434	433	1	0	0	0
fullCP	Purple	train	Cruci_CruV_262	433	432	1	0	0	0
fullCP	Purple	train	Cruci_CruV_398	433	432	1	0	0	0
fullCP	Purple	train	Cruci_CruV_164	432	431	1	0	0	0
fullCP	Purple	train	Cruci_CruV_349	432	431	1	0	0	0
fullCP	Purple	train	Cruci_CruV_353	432	431	1	0	0	0
fullCP	Purple	train	Cruci_CruV_113	431	430	1	0	0	0
fullCP	Purple	train	Cruci_CruV_162	431	430	1	0	0	0
fullCP	Purple	train	Cruci_CruV_317	431	430	1	0	0	0
fullCP	Purple	train	Cruci_CruV_328	431	430	1	0	0	0
fullCP	Purple	train	Cruci_CruV_514	430	429	1	0	0	0
fullCP	Purple	train	Cruci_CruV_260	429	428	1	0	0	0
fullCP	Purple	train	Cruci_CruV_182	428	427	1	0	0	0
fullCP	Purple	train	Cruci_CruV_203	428	427	1	0	0	0
fullCP	Purple	train	Cruci_CruV_283	427	426	1	0	0	0
fullCP	Purple	train	Cruci_PB_KX388495	427	426	1	0	0	0
fullCP	Purple	train	Cruci_CruV_334	426	425	1	0	0	0
fullCP	Purple	train	Cruci_CruV_190	425	424	1	0	0	0
fullCP	Purple	train	Cruci_Tisza_MH616915.1	425	424	1	0	0	0
fullCP	Purple	train	Cruci_CruV_352	423	422	1	0	0	0
fullCP	Purple	train	Cruci_CruV_364	423	422	1	0	0	0
fullCP	Purple	train	Cruci_CruV_271	420	419	1	0	0	0
fullCP	Purple	train	Cruci_CruV_374	420	419	1	0	0	0
fullCP	Purple	train	Cruci_CruV_497	418	417	1	0	0	0
fullCP	Purple	train	Cruci_CruV_485	416	415	1	0	0	0
fullCP	Purple	train	Cruci_CruV_380	415	414	1	0	0	0
fullCP	Purple	train	Cruci_Tisza_MK012445.1	411	410	1	0	0	0
fullCP	Purple	train	Cruci_CruV_522	410	409	1	0	0	0
fullCP	Purple	train	Cruci_CruV_319	409	408	1	0	0	0
fullCP	Purple	train	Cruci_CruV_320	409	408	1	0	0	0
fullCP	Purple	train	Cruci_CruV_445	408	407	1	0	0	0
fullCP	Purple	train	Cruci_CruV_538	408	407	1	0	0	0
fullCP	Purple	train	Cruci_CruV_395	407	406	1	0	0	0
fullCP	Purple	train	Cruci_CruV_531	404	403	1	0	0	0
fullCP	Purple	train	Cruci_CruV_166	401	400	1	0	0	0
fullCP	Purple	train	Cruci_CruV_332	399	398	1	0	0	0
fullCP	Purple	train	Cruci_CruV_493	395	394	1	0	0	0
fullCP	Purple	train	Cruci_CruV_483	393	392	1	0	0	0
fullCP	Purple	train	Cruci_CruV_513	390	389	1	0	0	0
fullCP	Purple	train	Cruci_CruV_501	384	383	1	0	0	0
fullCP	Purple	train	Cruci_CruV_509	384	383	1	0	0	0
fullCP	Purple	train	Cruci_PB_KX388513	379	378	1	0	0	0
fullCP	Purple	train	Cruci_PB_KX388515	376	375	1	0	0	0
fullCP	Purple	train	Cruci_CruV_498	372	371	1	0	0	0
fullCP	Purple	train	Cruci_CruV_381	371	370	1	0	0	0
fullCP	Purple	train	Cruci_CruV_430	353	352	1	0	0	0
fullCP	Purple	train	Cruci_CruV_423	347	346	1	0	0	0
fullCP	Purple	train	Cruci_CruV_88	344	343	1	0	0	0
fullCP	Purple	train	Cruci_CruV_399	344	343	1	0	0	0
fullCP	Purple	train	Cruci_CruV_377	342	341	1	0	0	0
fullCP	Purple	train	Cruci_CruV_435	340	339	1	0	0	0
fullCP	Purple	train	Cruci_CruV_451	337	336	1	0	0	0
fullCP	Purple	train	Cruci_CruV_464	335	334	1	0	0	0
fullCP	Purple	train	Cruci_CruV_421	334	333	1	0	0	0
fullCP	Purple	train	Cruci_CruV-697	334	333	1	0	0	0
fullCP	Purple	train	Cruci_CruV_452	331	330	1	0	0	0
fullCP	Purple	train	Cruci_CruV_466	326	325	1	0	0	0
fullCP	Purple	train	Cruci_CruV_539	326	325	1	0	0	0
fullCP	Purple	train	Cruci_CruV_204	319	318	1	0	0	0
fullCP	Purple	train	Cruci_CruV_205	319	318	1	0	0	0
fullCP	Purple	train	Cruci_CruV_385	271	270	1	0	0	0
fullCP	Purple	train	Cruci_CruV_731	465	464	1	0	0	0
fullCP	Purple	train	Ribo_ND_025131	414	413	1	0	0	0
fullCP	Purple	train	Ribo_ND_017060	387	386	1	0	0	0
fullCP	Purple	train	Ribo_ND_018898	478	477	1	0	0	0
fullCP	Purple	train	Ribo_ND_025188	433	432	1	0	0	0
fullCP	Purple	train	Ribo_ND_025076	434	433	1	0	0	0
fullCP	Purple	train	Ribo_ND_015818	346	345	1	0	0	0
fullCP	Purple	train	Ribo_ND_025210	426	425	1	0	0	0
fullCP	Purple	train	Ribo_ND_025007	431	430	1	0	0	0
fullCP	Purple	train	Ribo_ND_026010	411	410	1	0	0	0
fullCP	Purple	train	Ribo_ND_025421	421	420	1	0	0	0
fullCP	Purple	train	Ribo_ND_025106	415	414	1	0	0	0
fullCP	Purple	train	Ribo_ND_025969	435	434	1	0	0	0
fullCP	Purple	train	Ribo_ND_025989	441	440	1	0	0	0
fullCP	Purple	train	Ribo_ND_017889	348	347	1	0	0	0
fullCP	Purple	train	Ribo_ND_025465	434	433	1	0	0	0
fullCP	Purple	train	Ribo_ND_023567	343	342	1	0	0	0
fullCP	Purple	train	Ribo_ND_017059	349	348	1	0	0	0
fullCP	Purple	train	Ribo_ND_025058	419	418	1	0	0	0
fullCP	Purple	train	Ribo_ND_016336	355	354	1	0	0	0
fullCP	Purple	train	Ribo_ND_025139	430	429	1	0	0	0
fullCP	Purple	train	Ribo_ND_026256	434	433	1	0	0	0
fullCP	Purple	train	Ribo_ND_025631	436	435	1	0	0	0
fullCP	Purple	train	Ribo_ND_019002	413	412	1	0	0	0
fullCP	Purple	train	Ribo_ND_025336	432	431	1	0	0	0
fullCP	Purple	train	Ribo_ND_025329	426	425	1	0	0	0
fullCP	Purple	train	Ribo_ND_026391	433	432	1	0	0	0
fullCP	Purple	train	Ribo_ND_019368	385	384	1	0	0	0
fullCP	Purple	train	Ribo_ND_015997	365	364	1	0	0	0
fullCP	Purple	train	Ribo_ND_195592	415	414	1	0	0	0
fullCP	Purple	train	Ribo_ND_025207	421	420	1	0	0	0
fullCP	Purple	train	Ribo_ND_025399	435	434	1	0	0	0
fullCP	Purple	train	Ribo_ND_025258	405	404	1	0	0	0
fullCP	Purple	train	Ribo_ND_025434	421	420	1	0	0	0
fullCP	Purple	train	Ribo_ND_016192	346	345	1	0	0	0
fullCP	Purple	train	Ribo_ND_025088	429	428	1	0	0	0
fullCP	Purple	train	Ribo_ND_025166	453	452	1	0	0	0
fullCP	Purple	train	Ribo_ND_026140	423	422	1	0	0	0
fullCP	Purple	train	Ribo_ND_025705	438	437	1	0	0	0
fullCP	Purple	train	Ribo_ND_025263	419	418	1	0	0	0
fullCP	Purple	train	Ribo_ND_025482	437	436	1	0	0	0
fullCP	Purple	train	Ribo_ND_020449	347	346	1	0	0	0
fullCP	Purple	train	Ribo_ND_025116	426	425	1	0	0	0
fullCP	Purple	train	Ribo_ND_025352	408	407	1	0	0	0
fullCP	Purple	train	Ribo_ND_026239	422	421	1	0	0	0
fullCP	Purple	train	Ribo_ND_025235	420	419	1	0	0	0
fullCP	Purple	train	Ribo_ND_025671	444	443	1	0	0	0
fullCP	Purple	train	Ribo_ND_026175	431	430	1	0	0	0
fullCP	Purple	train	Ribo_ND_025357	413	412	1	0	0	0
fullCP	Purple	train	Ribo_ND_025344	416	415	1	0	0	0
fullCP	Purple	train	Ribo_ND_016809	340	339	1	0	0	0
fullCP	Purple	train	Ribo_ND_025531	408	407	1	0	0	0
fullCP	Purple	train	Ribo_ND_016022	338	337	1	0	0	0
fullCP	Purple	train	Ribo_ND_025218	437	436	1	0	0	0
fullCP	Purple	train	Ribo_ND_025414	445	444	1	0	0	0
fullCP	Purple	train	Ribo_ND_015955	381	380	1	0	0	0
fullCP	Purple	train	Ribo_ND_025129	426	425	1	0	0	0
fullCP	Purple	train	Ribo_ND_025597	453	452	1	0	0	0
fullCP	Purple	train	Ribo_ND_025039	416	415	1	0	0	0
fullCP	Purple	train	Ribo_ND_026110	427	426	1	0	0	0
fullCP	Purple	train	Ribo_ND_025259	421	420	1	0	0	0
fullCP	Purple	train	Ribo_ND_025513	433	432	1	0	0	0
fullCP	Purple	train	Ribo_ND_025321	432	431	1	0	0	0
fullCP	Purple	train	Ribo_ND_025316	426	425	1	0	0	0
fullCP	Purple	train	Ribo_ND_025276	422	421	1	0	0	0
fullCP	Purple	train	Ribo_ND_025286	414	413	1	0	0	0
fullCP	Purple	train	Ribo_ND_026074	436	435	1	0	0	0
fullCP	Purple	train	Ribo_ND_025228	404	403	1	0	0	0
fullCP	Purple	train	Ribo_ND_025610	439	438	1	0	0	0
fullCP	Purple	train	Ribo_ND_025130	434	433	1	0	0	0
fullCP	Purple	train	Ribo_ND_025275	423	422	1	0	0	0
fullCP	Purple	train	Ribo_ND_025280	435	434	1	0	0	0
fullCP	Purple	train	Ribo_ND_025389	422	421	1	0	0	0
fullCP	Purple	train	Ribo_ND_025138	433	432	1	0	0	0
fullCP	Purple	train	Ribo_ND_015807	368	367	1	0	0	0
fullCP	Purple	train	Ribo_ND_025079	426	425	1	0	0	0
fullCP	Purple	train	Ribo_ND_025104	426	425	1	0	0	0
fullCP	Purple	train	Ribo_ND_016320	377	376	1	0	0	0
fullCP	Purple	train	Ribo_ND_025182	403	402	1	0	0	0
fullCP	Purple	train	Ribo_ND_025238	425	424	1	0	0	0
fullCP	Purple	train	Ribo_ND_025196	430	429	1	0	0	0
fullCP	Purple	train	Ribo_ND_025471	410	409	1	0	0	0
fullCP	Purple	train	Ribo_ND_024645	306	305	1	0	0	0
fullCP	Purple	train	Ribo_ND_229813	396	395	1	0	0	0
fullCP	Purple	train	Ribo_ND_068189	429	428	1	0	0	0
fullCP	Purple	train	Ribo_ND_093303	517	516	1	0	0	0
fullCP	Purple	train	Ribo_ND_325601	375	374	1	0	0	0
fullCP	Purple	train	Ribo_ND_056260	592	591	1	0	0	0
fullCP	Purple	train	Ribo_ND_029735	353	352	1	0	0	0
fullCP	Purple	train	Ribo_ND_125904	543	542	1	0	0	0
fullCP	Purple	train	Ribo_ND_343811	416	415	1	0	0	0
fullCP	Purple	train	Ribo_ND_125033	419	418	1	0	0	0
fullCP	Purple	train	Ribo_ND_160081	457	456	1	0	0	0
fullCP	Purple	train	Ribo_tombunoda_ScMacrV2	423	422	1	0	0	0
fullCP	Purple	train	Ribo_JAAOEH010001851.1	377	376	1	0	0	0
fullCP	Purple	train	Ribo_ND_095983	367	366	1	0	0	0
fullCP	Purple	train	Ribo_ND_130317	470	469	1	0	0	0
fullCP	Purple	train	Ribo_ND_391223	391	390	1	0	0	0
fullCP	Purple	train	Ribo_ND_370449	413	412	1	0	0	0
fullCP	Purple	train	Ribo_ND_347441	435	434	1	0	0	0
fullCP	Purple	train	Ribo_ND_029450	430	429	1	0	0	0
fullCP	Purple	train	Ribo_ND_133472	438	437	1	0	0	0
fullCP	Purple	train	Ribo_ND_104240	422	421	1	0	0	0
fullCP	Purple	train	Ribo_ND_085862	421	420	1	0	0	0
fullCP	Purple	train	Ribo_ND_163355	389	388	1	0	0	0
fullCP	Purple	train	Ribo_tomREF_NC_005285	379	378	1	0	0	0
fullCP	Purple	train	Ribo_ND_089420	425	424	1	0	0	0
fullCP	Purple	train	Ribo_ND_059596	378	377	1	0	0	0
fullCP	Purple	train	Ribo_ND_062045	489	488	1	0	0	0
fullCP	Purple	train	Ribo_ND_179935	457	456	1	0	0	0
fullCP	Purple	train	Ribo_ND_164838	366	365	1	0	0	0
fullCP	Purple	train	Ribo_JAAOEH010001751.1	413	412	1	0	0	0
fullCP	Purple	train	Ribo_ND_391487	442	441	1	0	0	0
fullCP	Purple	train	Ribo_ND_292516	342	341	1	0	0	0
fullCP	Purple	train	Ribo_ND_026280	351	350	1	0	0	0
fullCP	Purple	train	Ribo_ND_083710	413	412	1	0	0	0
fullCP	Purple	train	Ribo_ND_136222	531	530	1	0	0	0
fullCP	Purple	train	Ribo_ND_363507	458	457	1	0	0	0
fullCP	Purple	train	Ribo_ND_391197	473	472	1	0	0	0
fullCP	Purple	train	Ribo_ND_227326	465	464	1	0	0	0
fullCP	Purple	train	Ribo_ND_030168	472	471	1	0	0	0
fullCP	Purple	train	Ribo_ND_025097	420	419	1	0	0	0
fullCP	Purple	train	Ribo_ND_095360	434	433	1	0	0	0
fullCP	Purple	train	Ribo_ND_107501	384	383	1	0	0	0
fullCP	Purple	train	Ribo_ND_386714	338	337	1	0	0	0
fullCP	Purple	train	Ribo_ND_043980	412	411	1	0	0	0
fullCP	Purple	train	Ribo_ND_051567	440	439	1	0	0	0
fullCP	Purple	train	Ribo_ND_056125	530	529	1	0	0	0
fullCP	Purple	train	Ribo_ND_037792	410	409	1	0	0	0
fullCP	Purple	train	Ribo_ND_053581	658	657	1	0	0	0
fullCP	Purple	train	Ribo_ND_046601	448	447	1	0	0	0
fullCP	Purple	train	Ribo_ND_284218	357	356	1	0	0	0
fullCP	Purple	train	Ribo_ND_030336	407	406	1	0	0	0
fullCP	Purple	train	Ribo_ND_030566	528	527	1	0	0	0
fullCP	Purple	train	Ribo_ND_105225	497	496	1	0	0	0
fullCP	Purple	train	Ribo_ND_291744	380	379	1	0	0	0
fullCP	Purple	train	Ribo_ND_056123	568	567	1	0	0	0
fullCP	Purple	train	Ribo_ND_075367	392	391	1	0	0	0
fullCP	Purple	train	Ribo_tomREF_NC_005286	346	345	1	0	0	0
fullCP	Purple	train	Ribo_ND_378405	530	529	1	0	0	0
fullCP	Purple	train	Ribo_ND_089790	420	419	1	0	0	0
fullCP	Purple	train	Ribo_ND_025670	409	408	1	0	0	0
fullCP	Purple	train	Ribo_JAAOEH010001260.1	518	517	1	0	0	0
fullCP	Purple	train	Ribo_ND_380970	478	477	1	0	0	0
fullCP	Purple	train	Ribo_ND_306979	446	445	1	0	0	0
fullCP	Purple	train	Ribo_ND_081107	389	388	1	0	0	0
fullCP	Purple	train	Ribo_ND_048421	453	452	1	0	0	0
fullCP	Purple	train	Ribo_ND_043423	350	349	1	0	0	0
fullCP	Purple	train	Ribo_ND_378685	421	420	1	0	0	0
fullCP	Purple	train	Ribo_ND_366312	475	474	1	0	0	0
fullCP	Purple	train	Ribo_ND_043569	378	377	1	0	0	0
fullCP	Purple	train	Ribo_ND_339599	434	433	1	0	0	0
fullCP	Purple	train	Ribo_ND_294842	442	441	1	0	0	0
fullCP	Purple	train	Ribo_ND_025226	495	494	1	0	0	0
fullCP	Purple	train	Ribo_JAAOEH010004953.1	429	428	1	0	0	0
fullCP	Purple	train	Ribo_ND_351124	314	313	1	0	0	0
fullCP	Purple	train	Ribo_ND_295007	318	317	1	0	0	0
fullCP	Purple	train	Ribo_ND_155991	447	446	1	0	0	0
fullCP	Purple	train	Ribo_ND_178820	470	469	1	0	0	0
fullCP	Purple	train	Ribo_ND_015828	479	478	1	0	0	0
fullCP	Purple	train	Ribo_ND_370441	404	403	1	0	0	0
fullCP	Purple	train	Ribo_ND_058974	357	356	1	0	0	0
fullCP	Purple	train	Ribo_ND_209405	422	421	1	0	0	0
fullCP	Purple	train	Ribo_ND_103830	403	402	1	0	0	0
fullCP	Purple	train	Ribo_ND_158134	441	440	1	0	0	0
fullCP	Purple	train	Ribo_ND_304046	530	529	1	0	0	0
fullCP	Purple	train	Ribo_tomREF_NC_002187	353	352	1	0	0	0
fullCP	Purple	train	Ribo_ND_166797	372	371	1	0	0	0
fullCP	Purple	train	Ribo_ND_276168	672	671	1	0	0	0
fullCP	Purple	train	Ribo_ND_179269	412	411	1	0	0	0
fullCP	Purple	train	Ribo_ND_157972	449	448	1	0	0	0
fullCP	Purple	train	Ribo_ND_352102	447	446	1	0	0	0
fullCP	Purple	train	Ribo_ND_097179	420	419	1	0	0	0
fullCP	Purple	train	Ribo_ND_179963	455	454	1	0	0	0
fullCP	Purple	train	Ribo_ND_105296	484	483	1	0	0	0
fullCP	Purple	train	Ribo_ND_331194	450	449	1	0	0	0
fullCP	Purple	train	Ribo_ND_035541	367	366	1	0	0	0
fullCP	Purple	train	Ribo_ND_249715	430	429	1	0	0	0
fullCP	Purple	train	Ribo_ND_391167	386	385	1	0	0	0
fullCP	Purple	train	Ribo_JAAOEH010002326.1	421	420	1	0	0	0
fullCP	Purple	train	Ribo_ND_028501	315	314	1	0	0	0
fullCP	Purple	train	Ribo_ND_129947	488	487	1	0	0	0
fullCP	Purple	train	Ribo_ND_099772	464	463	1	0	0	0
fullCP	Purple	train	Ribo_ND_192680	430	429	1	0	0	0
fullCP	Purple	train	Ribo_ND_146063	424	423	1	0	0	0
fullCP	Purple	train	Ribo_ND_179968	419	418	1	0	0	0
fullCP	Purple	train	Ribo_ND_019433	339	338	1	0	0	0
fullCP	Purple	train	Ribo_ND_381128	531	530	1	0	0	0
fullCP	Purple	train	Ribo_ND_028274	368	367	1	0	0	0
fullCP	Purple	train	Ribo_ND_057910	410	409	1	0	0	0
fullCP	Purple	train	Ribo_ND_129822	321	320	1	0	0	0
fullCP	Purple	train	Ribo_ND_049856	454	453	1	0	0	0
fullCP	Purple	train	Ribo_ND_365502	412	411	1	0	0	0
fullCP	Purple	train	Ribo_ND_024480	629	628	1	0	0	0
fullCP	Purple	train	Ribo_ND_175762	392	391	1	0	0	0
fullCP	Purple	train	Ribo_ND_156799	418	417	1	0	0	0
fullCP	Purple	train	Ribo_ND_220610	441	440	1	0	0	0
fullCP	Purple	train	Ribo_ND_180550	491	490	1	0	0	0
fullCP	Purple	train	Ribo_ND_202996	448	447	1	0	0	0
fullCP	Purple	train	Ribo_ND_113307	449	448	1	0	0	0
fullCP	Purple	train	Ribo_ND_364448	421	420	1	0	0	0
fullCP	Purple	train	Ribo_ND_115234	377	376	1	0	0	0
fullCP	Purple	train	Ribo_ND_163158	431	430	1	0	0	0
fullCP	Purple	train	Ribo_ND_216514	457	456	1	0	0	0
fullCP	Purple	train	Ribo_ND_188581	550	549	1	0	0	0
fullCP	Purple	train	Ribo_ND_110535	457	456	1	0	0	0
fullCP	Purple	train	Ribo_ND_017053	354	353	1	0	0	0
fullCP	Purple	train	Ribo_ND_350470	445	444	1	0	0	0
fullCP	Purple	train	Ribo_ND_220764	429	428	1	0	0	0
fullCP	Purple	train	Ribo_ND_019888	379	378	1	0	0	0
fullCP	Purple	train	Ribo_ND_084543	452	451	1	0	0	0
fullCP	Purple	train	Ribo_ND_389828	354	353	1	0	0	0
fullCP	Purple	train	Ribo_ND_083791	419	418	1	0	0	0
fullCP	Purple	train	Ribo_ND_131961	422	421	1	0	0	0
fullCP	Purple	train	Ribo_ND_043009	491	490	1	0	0	0
fullCP	Purple	train	Ribo_ND_030182	493	492	1	0	0	0
fullCP	Purple	train	Ribo_ND_114535	432	431	1	0	0	0
fullCP	Purple	train	Ribo_ND_311193	324	323	1	0	0	0
fullCP	Purple	train	Ribo_ND_103289	399	398	1	0	0	0
fullCP	Purple	train	Ribo_ND_133651	422	421	1	0	0	0
fullCP	Purple	train	Ribo_ND_059860	403	402	1	0	0	0
fullCP	Purple	train	Ribo_ND_327463	408	407	1	0	0	0
fullCP	Purple	train	Ribo_ND_184545	408	407	1	0	0	0
fullCP	Purple	train	Ribo_ND_050484	439	438	1	0	0	0
fullCP	Purple	train	Ribo_ND_379577	400	399	1	0	0	0
fullCP	Purple	train	Ribo_ND_177717	468	467	1	0	0	0
fullCP	Purple	train	Ribo_ND_364440	394	393	1	0	0	0
fullCP	Purple	train	Ribo_ND_114938	493	492	1	0	0	0
fullCP	Purple	train	Ribo_ND_166599	573	572	1	0	0	0
fullCP	Purple	train	Ribo_ND_138928	400	399	1	0	0	0
fullCP	Purple	train	Ribo_ND_043264	599	598	1	0	0	0
fullCP	Purple	train	Ribo_ND_249711	426	425	1	0	0	0
fullCP	Purple	train	Ribo_ND_382437	533	532	1	0	0	0
fullCP	Purple	train	Ribo_ND_290178	377	376	1	0	0	0
fullCP	Purple	train	Ribo_ND_279722	422	421	1	0	0	0
fullCP	Purple	train	Ribo_ND_188767	444	443	1	0	0	0
fullCP	Purple	train	Ribo_ND_276201	406	405	1	0	0	0
fullCP	Purple	train	Ribo_ND_278789	343	342	1	0	0	0
fullCP	Purple	train	Ribo_ND_251248	413	412	1	0	0	0
fullCP	Purple	train	Ribo_ND_028704	413	412	1	0	0	0
fullCP	Purple	train	Ribo_ND_133927	400	399	1	0	0	0
fullCP	Purple	train	Ribo_ND_251186	441	440	1	0	0	0
fullCP	Purple	train	Ribo_ND_133460	379	378	1	0	0	0
fullCP	Purple	train	Ribo_ND_067439	644	643	1	0	0	0
fullCP	Purple	train	Ribo_ND_239648	479	478	1	0	0	0
fullCP	Purple	train	Ribo_ND_170511	412	411	1	0	0	0
fullCP	Purple	train	Ribo_ND_066836	446	445	1	0	0	0
fullCP	Purple	train	Ribo_ND_330301	431	430	1	0	0	0
fullCP	Purple	train	Ribo_ND_190377	439	438	1	0	0	0
fullCP	Purple	train	Ribo_ND_055001	506	505	1	0	0	0
fullCP	Purple	train	Ribo_ND_165024	318	317	1	0	0	0
fullCP	Purple	train	Ribo_ND_160101	478	477	1	0	0	0
fullCP	Purple	train	Ribo_ND_107697	493	492	1	0	0	0
fullCP	Purple	train	Ribo_ND_292524	347	346	1	0	0	0
fullCP	Purple	train	Ribo_ND_249807	474	473	1	0	0	0
fullCP	Purple	train	Ribo_ND_291700	450	449	1	0	0	0
fullCP	Purple	train	Ribo_ND_216740	432	431	1	0	0	0
fullCP	Purple	train	Ribo_ND_387582	345	344	1	0	0	0
fullCP	Purple	train	Ribo_ND_215238	437	436	1	0	0	0
fullCP	Purple	train	Ribo_ND_286064	482	481	1	0	0	0
fullCP	Purple	train	Ribo_ND_189516	424	423	1	0	0	0
fullCP	Purple	train	Ribo_ND_088082	556	555	1	0	0	0
fullCP	Purple	train	Ribo_ND_156851	531	530	1	0	0	0
fullCP	Purple	train	Ribo_ND_025223	419	418	1	0	0	0
fullCP	Purple	train	Ribo_ND_126494	444	443	1	0	0	0
fullCP	Purple	train	Ribo_ND_177732	378	377	1	0	0	0
fullCP	Purple	train	Ribo_ND_052487	451	450	1	0	0	0
fullCP	Purple	train	Ribo_ND_030231	407	406	1	0	0	0
fullCP	Purple	train	Ribo_JAAOEH010001482.1	429	428	1	0	0	0
fullCP	Purple	train	Ribo_ND_365659	473	472	1	0	0	0
fullCP	Purple	train	Ribo_ND_184904	488	487	1	0	0	0
fullCP	Purple	train	Ribo_ND_288149	340	339	1	0	0	0
fullCP	Purple	train	Ribo_ND_281703	351	350	1	0	0	0
fullCP	Purple	train	Ribo_ND_028760	513	512	1	0	0	0
fullCP	Purple	train	Ribo_ND_329968	427	426	1	0	0	0
fullCP	Purple	train	Ribo_ND_159193	441	440	1	0	0	0
fullCP	Purple	train	Ribo_ND_134054	581	580	1	0	0	0
fullCP	Purple	train	Ribo_ND_391455	378	377	1	0	0	0
fullCP	Purple	train	Ribo_ND_124450	419	418	1	0	0	0
fullCP	Purple	train	Ribo_ND_074414	485	484	1	0	0	0
fullCP	Purple	train	Ribo_ND_343394	418	417	1	0	0	0
fullCP	Purple	train	Ribo_ND_156205	553	552	1	0	0	0
fullCP	Purple	train	Ribo_ND_146224	421	420	1	0	0	0
fullCP	Purple	train	Ribo_ND_086097	470	469	1	0	0	0
fullCP	Purple	train	Ribo_ND_230736	400	399	1	0	0	0
fullCP	Purple	train	Ribo_ND_345468	345	344	1	0	0	0
fullCP	Purple	train	Ribo_ND_163010	433	432	1	0	0	0
fullCP	Purple	train	Ribo_ND_044117	417	416	1	0	0	0
fullCP	Purple	train	Ribo_ND_263188	444	443	1	0	0	0
fullCP	Purple	train	Ribo_ND_113583	429	428	1	0	0	0
fullCP	Purple	train	Ribo_ND_085900	487	486	1	0	0	0
fullCP	Purple	train	Ribo_ND_159755	422	421	1	0	0	0
fullCP	Purple	train	Ribo_JAAOEH010003587.1	429	428	1	0	0	0
fullCP	Purple	train	Ribo_ND_134820	369	368	1	0	0	0
fullCP	Purple	train	Ribo_ND_387994	426	425	1	0	0	0
fullCP	Purple	train	Ribo_ND_178256	562	561	1	0	0	0
fullCP	Purple	train	Ribo_ND_299966	331	330	1	0	0	0
fullCP	Purple	train	Ribo_ND_370389	455	454	1	0	0	0
fullCP	Purple	train	Ribo_ND_176110	432	431	1	0	0	0
fullCP	Purple	train	Ribo_ND_195569	396	395	1	0	0	0
fullCP	Purple	train	Ribo_ND_168812	427	426	1	0	0	0
fullCP	Purple	train	Ribo_ND_018979	455	454	1	0	0	0
fullCP	Purple	train	Ribo_ND_166707	445	444	1	0	0	0
fullCP	Purple	train	Ribo_ND_202071	440	439	1	0	0	0
fullCP	Purple	train	Ribo_ND_090497	455	454	1	0	0	0
fullCP	Purple	train	Ribo_ND_382385	309	308	1	0	0	0
fullCP	Purple	train	Ribo_ND_290964	463	462	1	0	0	0
fullCP	Purple	train	Ribo_ND_026643	392	391	1	0	0	0
fullCP	Purple	train	Ribo_ND_066936	445	444	1	0	0	0
fullCP	Purple	train	Ribo_ND_043343	446	445	1	0	0	0
fullCP	Purple	train	Ribo_ND_016151	352	351	1	0	0	0
fullCP	Purple	train	Ribo_ND_276858	449	448	1	0	0	0
fullCP	Purple	train	Ribo_ND_057454	380	379	1	0	0	0
fullCP	Purple	train	Ribo_ND_175769	373	372	1	0	0	0
fullCP	Purple	train	Ribo_ND_287598	380	379	1	0	0	0
fullCP	Purple	train	Ribo_ND_060760	406	405	1	0	0	0
fullCP	Purple	train	Ribo_ND_120998	544	543	1	0	0	0
fullCP	Purple	train	Ribo_ND_057098	437	436	1	0	0	0
fullCP	Purple	train	Ribo_ND_093545	470	469	1	0	0	0
fullCP	Purple	train	Ribo_JAAOEH010002410.1	495	494	1	0	0	0
fullCP	Purple	train	Ribo_ND_162128	418	417	1	0	0	0
fullCP	Purple	train	Ribo_ND_029416	463	462	1	0	0	0
fullCP	Purple	train	Ribo_ND_045405	437	436	1	0	0	0
fullCP	Purple	train	Ribo_ND_091396	420	419	1	0	0	0
fullCP	Purple	train	Ribo_ND_294143	478	477	1	0	0	0
fullCP	Purple	train	Ribo_ND_363026	611	610	1	0	0	0
fullCP	Purple	train	Ribo_ND_043235	420	419	1	0	0	0
fullCP	Purple	train	Ribo_ND_060927	437	436	1	0	0	0
fullCP	Purple	train	Ribo_ND_294854	442	441	1	0	0	0
fullCP	Purple	train	Ribo_ND_180066	374	373	1	0	0	0
fullCP	Purple	train	Ribo_ND_144217	451	450	1	0	0	0
fullCP	Purple	train	Ribo_ND_181970	384	383	1	0	0	0
fullCP	Purple	train	Ribo_ND_163299	499	498	1	0	0	0
fullCP	Purple	train	Ribo_ND_097300	417	416	1	0	0	0
fullCP	Purple	train	Ribo_ND_187649	450	449	1	0	0	0
fullCP	Purple	train	Ribo_ND_166714	426	425	1	0	0	0
fullCP	Purple	train	Ribo_ND_183795	540	539	1	0	0	0
fullCP	Purple	train	Ribo_ND_109034	528	527	1	0	0	0
fullCP	Purple	train	Ribo_ND_085033	419	418	1	0	0	0
fullCP	Purple	train	Ribo_ND_132795	527	526	1	0	0	0
fullCP	Purple	train	Ribo_ND_015813	346	345	1	0	0	0
fullCP	Purple	train	Ribo_ND_391725	439	438	1	0	0	0
fullCP	Purple	train	Ribo_tomREF_NC_009533	333	332	1	0	0	0
fullCP	Purple	train	Ribo_JAAOEH010002346.1	425	424	1	0	0	0
fullCP	Purple	train	Ribo_ND_391473	412	411	1	0	0	0
fullCP	Purple	train	Ribo_ND_043886	369	368	1	0	0	0
fullCP	Purple	train	Ribo_ND_044426	479	478	1	0	0	0
fullCP	Purple	train	Ribo_NC_032782	598	597	1	0	0	0
fullCP	Purple	train	Ribo_ND_389800	447	446	1	0	0	0
fullCP	Purple	train	Ribo_ND_249677	558	557	1	0	0	0
fullCP	Purple	train	Ribo_ND_092298	678	677	1	0	0	0
fullCP	Purple	train	Ribo_ND_365818	434	433	1	0	0	0
fullCP	Purple	train	Ribo_ND_327924	390	389	1	0	0	0
fullCP	Purple	train	Ribo_ND_025350	360	359	1	0	0	0
fullCP	Purple	train	Ribo_ND_042393	430	429	1	0	0	0
fullCP	Purple	train	Ribo_ND_028450	496	495	1	0	0	0
fullCP	Purple	train	Ribo_ND_111053	497	496	1	0	0	0
fullCP	Purple	train	Ribo_ND_017294	342	341	1	0	0	0
fullCP	Purple	train	Ribo_ND_366252	344	343	1	0	0	0
fullCP	Purple	train	Ribo_ND_366190	434	433	1	0	0	0
fullCP	Purple	train	Ribo_ND_107675	511	510	1	0	0	0
fullCP	Purple	train	Ribo_ND_025469	470	469	1	0	0	0
fullCP	Purple	train	Ribo_ND_382439	380	379	1	0	0	0
fullCP	Purple	train	Ribo_ND_030209	421	420	1	0	0	0
fullCP	Purple	train	Ribo_ND_121954	338	337	1	0	0	0
fullCP	Purple	train	Ribo_ND_080284	397	396	1	0	0	0
fullCP	Purple	train	Ribo_ND_166611	436	435	1	0	0	0
fullCP	Purple	train	Ribo_ND_029391	510	509	1	0	0	0
fullCP	Purple	train	Ribo_ND_249734	425	424	1	0	0	0
fullCP	Purple	train	Ribo_ND_345044	361	360	1	0	0	0
fullCP	Purple	train	Ribo_ND_335728	489	488	1	0	0	0
fullCP	Purple	train	Ribo_ND_366370	453	452	1	0	0	0
fullCP	Purple	train	Ribo_ND_093203	348	347	1	0	0	0
fullCP	Purple	train	Ribo_ND_028931	411	410	1	0	0	0
fullCP	Purple	train	Ribo_ND_015659	435	434	1	0	0	0
fullCP	Purple	train	Ribo_ND_290971	464	463	1	0	0	0
fullCP	Purple	train	Ribo_ND_146235	421	420	1	0	0	0
fullCP	Purple	train	Ribo_ND_155771	439	438	1	0	0	0
fullCP	Purple	train	Ribo_ND_114170	479	478	1	0	0	0
fullCP	Purple	train	Ribo_ND_386716	406	405	1	0	0	0
fullCP	Purple	train	Ribo_ND_054817	428	427	1	0	0	0
fullCP	Purple	train	Ribo_ND_056137	434	433	1	0	0	0
fullCP	Purple	train	Ribo_ND_150220	393	392	1	0	0	0
fullCP	Purple	train	Ribo_ND_370447	414	413	1	0	0	0
fullCP	Purple	train	Ribo_ND_234623	471	470	1	0	0	0
fullCP	Purple	train	Ribo_ND_184639	444	443	1	0	0	0
fullCP	Purple	train	Ribo_ND_281961	495	494	1	0	0	0
fullCP	Purple	train	Ribo_ND_015723	387	386	1	0	0	0
fullCP	Purple	train	Ribo_ND_333280	428	427	1	0	0	0
fullCP	Purple	train	Ribo_ND_018983	359	358	1	0	0	0
fullCP	Purple	train	Ribo_ND_130208	435	434	1	0	0	0
fullCP	Purple	train	Ribo_ND_041978	348	347	1	0	0	0
fullCP	Purple	train	Ribo_JAAOEH010002449.1	577	576	1	0	0	0
fullCP	Purple	train	Ribo_ND_125752	560	559	1	0	0	0
fullCP	Purple	train	Ribo_ND_019228	421	420	1	0	0	0
fullCP	Purple	train	Ribo_ND_178506	448	447	1	0	0	0
fullCP	Purple	train	Ribo_ND_094718	395	394	1	0	0	0
fullCP	Purple	train	Ribo_ND_363042	354	353	1	0	0	0
fullCP	Purple	train	Ribo_ND_075631	466	465	1	0	0	0
fullCP	Purple	train	Ribo_ND_030265	431	430	1	0	0	0
fullCP	Purple	train	Ribo_ND_187985	471	470	1	0	0	0
fullCP	Purple	train	Ribo_ND_124074	441	440	1	0	0	0
fullCP	Purple	train	Ribo_ND_156954	515	514	1	0	0	0
fullCP	Purple	train	Ribo_ND_114735	502	501	1	0	0	0
fullCP	Purple	train	Ribo_ND_381661	511	510	1	0	0	0
fullCP	Purple	train	Ribo_ND_082480	561	560	1	0	0	0
fullCP	Purple	train	Ribo_ND_364444	419	418	1	0	0	0
fullCP	Purple	train	Ribo_ND_109125	565	564	1	0	0	0
fullCP	Purple	train	Ribo_ND_236420	365	364	1	0	0	0
fullCP	Purple	train	Ribo_ND_099971	423	422	1	0	0	0
fullCP	Purple	train	Ribo_ND_292549	420	419	1	0	0	0
fullCP	Purple	train	Ribo_ND_358846	488	487	1	0	0	0
fullCP	Purple	train	Ribo_ND_094098	464	463	1	0	0	0
fullCP	Purple	train	Ribo_ND_162083	466	465	1	0	0	0
fullCP	Purple	train	Ribo_JAAOEH010001875.1	417	416	1	0	0	0
fullCP	Purple	train	Ribo_ND_253618	425	424	1	0	0	0
fullCP	Purple	train	Ribo_ND_030153	432	431	1	0	0	0
fullCP	Purple	train	Ribo_ND_148054	429	428	1	0	0	0
fullCP	Purple	train	Ribo_ND_065557	382	381	1	0	0	0
fullCP	Purple	train	Ribo_ND_391035	375	374	1	0	0	0
fullCP	Purple	train	Ribo_ND_087436	345	344	1	0	0	0
fullCP	Purple	train	Ribo_ND_152036	366	365	1	0	0	0
fullCP	Purple	train	Ribo_ND_024662	468	467	1	0	0	0
fullCP	Purple	train	Ribo_ND_126471	552	551	1	0	0	0
fullCP	Purple	train	Ribo_ND_130202	456	455	1	0	0	0
fullCP	Purple	train	Ribo_ND_390447	378	377	1	0	0	0
fullCP	Purple	train	Ribo_ND_251197	422	421	1	0	0	0
fullCP	Purple	train	Ribo_ND_126022	574	573	1	0	0	0
fullCP	Purple	train	Ribo_ND_306667	389	388	1	0	0	0
fullCP	Purple	train	Ribo_tomREF_NC_000939	374	373	1	0	0	0
fullCP	Purple	train	Ribo_ND_285582	644	643	1	0	0	0
fullCP	Purple	train	Ribo_ND_391215	520	519	1	0	0	0
fullCP	Purple	train	Ribo_ND_026429	397	396	1	0	0	0
fullCP	Purple	train	Ribo_ND_184895	389	388	1	0	0	0
fullCP	Purple	train	Ribo_ND_288221	635	634	1	0	0	0
fullCP	Purple	train	Ribo_ND_251071	474	473	1	0	0	0
fullCP	Purple	train	Ribo_ND_084192	425	424	1	0	0	0
fullCP	Purple	train	Ribo_ND_064866	443	442	1	0	0	0
fullCP	Purple	train	Ribo_ND_084065	437	436	1	0	0	0
fullCP	Purple	train	Ribo_ND_166566	364	363	1	0	0	0
fullCP	Purple	train	Ribo_ND_082485	558	557	1	0	0	0
fullCP	Purple	train	Ribo_ND_024939	463	462	1	0	0	0
fullCP	Purple	train	Ribo_ND_030302	415	414	1	0	0	0
fullCP	Purple	train	Ribo_ND_094822	416	415	1	0	0	0
fullCP	Purple	train	Ribo_ND_025925	427	426	1	0	0	0
fullCP	Purple	train	Ribo_ND_046929	423	422	1	0	0	0
fullCP	Purple	train	Ribo_ND_250998	423	422	1	0	0	0
fullCP	Purple	train	Ribo_ND_327002	427	426	1	0	0	0
fullCP	Purple	train	Ribo_ND_248208	473	472	1	0	0	0
fullCP	Purple	train	Ribo_ND_029688	452	451	1	0	0	0
fullCP	Purple	train	Ribo_ND_290214	393	392	1	0	0	0
fullCP	Purple	train	Ribo_ND_390177	408	407	1	0	0	0
fullCP	Purple	train	Ribo_ND_391466	463	462	1	0	0	0
fullCP	Purple	train	Ribo_ND_162910	531	530	1	0	0	0
fullCP	Purple	train	Ribo_ND_203978	334	333	1	0	0	0
fullCP	Purple	train	Ribo_ND_381618	436	435	1	0	0	0
fullCP	Purple	train	Ribo_ND_287427	501	500	1	0	0	0
fullCP	Purple	train	Ribo_ND_107344	359	358	1	0	0	0
fullCP	Purple	train	Ribo_ND_288214	492	491	1	0	0	0
fullCP	Purple	train	Ribo_JAAOEH010001942.1	564	563	1	0	0	0
fullCP	Purple	train	Ribo_ND_163272	410	409	1	0	0	0
fullCP	Purple	train	Ribo_ND_190317	555	554	1	0	0	0
fullCP	Purple	train	Ribo_ND_037412	599	598	1	0	0	0
fullCP	Purple	train	Ribo_ND_343517	437	436	1	0	0	0
fullCP	Purple	train	Ribo_ND_281976	364	363	1	0	0	0
fullCP	Purple	train	Ribo_ND_295394	358	357	1	0	0	0
fullCP	Purple	train	Ribo_ND_114875	456	455	1	0	0	0
fullCP	Purple	train	Ribo_ND_124838	396	395	1	0	0	0
fullCP	Purple	train	Ribo_ND_166578	367	366	1	0	0	0
fullCP	Purple	train	Ribo_ND_169363	468	467	1	0	0	0
fullCP	Purple	train	Ribo_ND_029080	392	391	1	0	0	0
fullCP	Purple	train	Ribo_ND_205493	456	455	1	0	0	0
fullCP	Purple	train	Ribo_ND_299879	492	491	1	0	0	0
fullCP	Purple	train	Ribo_ND_066589	388	387	1	0	0	0
fullCP	Purple	train	Ribo_ND_043347	409	408	1	0	0	0
fullCP	Purple	train	Ribo_ND_025153	357	356	1	0	0	0
fullCP	Purple	train	Ribo_ND_087424	502	501	1	0	0	0
fullCP	Purple	train	Ribo_ND_131407	434	433	1	0	0	0
fullCP	Purple	train	Ribo_ND_180487	438	437	1	0	0	0
fullCP	Purple	train	Ribo_ND_046317	608	607	1	0	0	0
fullCP	Purple	train	Ribo_ND_388266	534	533	1	0	0	0
fullCP	Purple	train	Ribo_ND_028954	612	611	1	0	0	0
fullCP	Purple	train	Ribo_ND_246785	464	463	1	0	0	0
fullCP	Purple	train	Ribo_ND_132327	324	323	1	0	0	0
fullCP	Purple	train	Ribo_ND_249733	532	531	1	0	0	0
fullCP	Purple	train	Ribo_ND_363858	424	423	1	0	0	0
fullCP	Purple	train	Ribo_ND_043361	430	429	1	0	0	0
fullCP	Purple	train	Ribo_JAAOEH010002610.1	415	414	1	0	0	0
fullCP	Purple	train	Ribo_ND_188050	363	362	1	0	0	0
fullCP	Purple	train	Ribo_ND_106166	434	433	1	0	0	0
fullCP	Purple	train	Ribo_ND_190494	408	407	1	0	0	0
fullCP	Purple	train	Ribo_ND_128914	482	481	1	0	0	0
fullCP	Purple	train	Ribo_ND_385927	395	394	1	0	0	0
fullCP	Purple	train	Ribo_ND_209726	423	422	1	0	0	0
fullCP	Purple	train	Ribo_ND_207626	587	586	1	0	0	0
fullCP	Purple	train	Ribo_ND_124466	387	386	1	0	0	0
fullCP	Purple	train	Ribo_ND_030535	362	361	1	0	0	0
fullCP	Purple	train	Ribo_ND_093435	459	458	1	0	0	0
fullCP	Purple	train	Ribo_ND_106677	415	414	1	0	0	0
fullCP	Purple	train	Ribo_ND_287421	342	341	1	0	0	0
fullCP	Purple	train	Ribo_ND_365622	548	547	1	0	0	0
fullCP	Purple	train	Ribo_ND_195610	419	418	1	0	0	0
fullCP	Purple	train	Ribo_ND_107386	403	402	1	0	0	0
fullCP	Purple	train	Ribo_ND_025305	383	382	1	0	0	0
fullCP	Purple	train	Ribo_ND_166631	532	531	1	0	0	0
fullCP	Purple	train	Ribo_ND_228726	464	463	1	0	0	0
fullCP	Purple	train	Ribo_ND_028680	446	445	1	0	0	0
fullCP	Purple	train	Ribo_ND_024437	441	440	1	0	0	0
fullCP	Purple	train	Ribo_ND_096464	445	444	1	0	0	0
fullCP	Purple	train	Ribo_ND_066931	501	500	1	0	0	0
fullCP	Purple	train	Ribo_ND_043246	434	433	1	0	0	0
fullCP	Purple	train	Ribo_ND_097677	470	469	1	0	0	0
fullCP	Purple	train	Ribo_ND_099728	431	430	1	0	0	0
fullCP	Purple	train	Ribo_ND_030312	412	411	1	0	0	0
fullCP	Purple	train	Ribo_ND_385553	429	428	1	0	0	0
fullCP	Purple	train	Ribo_ND_125159	413	412	1	0	0	0
fullCP	Purple	train	Ribo_ND_019348	432	431	1	0	0	0
fullCP	Purple	train	Ribo_ND_025533	410	409	1	0	0	0
fullCP	Purple	train	Ribo_ND_078080	460	459	1	0	0	0
fullCP	Purple	train	Ribo_ND_107474	426	425	1	0	0	0
fullCP	Purple	train	Ribo_ND_086105	427	426	1	0	0	0
fullCP	Purple	train	Ribo_ND_043223	381	380	1	0	0	0
fullCP	Purple	train	Ribo_ND_097599	425	424	1	0	0	0
fullCP	Purple	train	Ribo_ND_020627	340	339	1	0	0	0
fullCP	Purple	train	Ribo_ND_306697	379	378	1	0	0	0
fullCP	Purple	train	Ribo_ND_232461	430	429	1	0	0	0
fullCP	Purple	train	Ribo_ND_166662	407	406	1	0	0	0
fullCP	Purple	train	Ribo_ND_042915	423	422	1	0	0	0
fullCP	Purple	train	Ribo_ND_327870	370	369	1	0	0	0
fullCP	Purple	train	Ribo_ND_100038	431	430	1	0	0	0
fullCP	Purple	train	Ribo_ND_051634	542	541	1	0	0	0
fullCP	Purple	train	Ribo_ND_095900	471	470	1	0	0	0
fullCP	Purple	train	Ribo_NC_032826	417	416	1	0	0	0
fullCP	Purple	train	Ribo_ND_385286	444	443	1	0	0	0
fullCP	Purple	train	Ribo_ND_176115	521	520	1	0	0	0
fullCP	Purple	train	Ribo_ND_050578	425	424	1	0	0	0
fullCP	Purple	train	Ribo_ND_034853	426	425	1	0	0	0
fullCP	Purple	train	Ribo_ND_156763	513	512	1	0	0	0
fullCP	Purple	train	Ribo_ND_174691	507	506	1	0	0	0
fullCP	Purple	train	Ribo_ND_365983	429	428	1	0	0	0
fullCP	Purple	train	Ribo_ND_209163	469	468	1	0	0	0
fullCP	Purple	train	Ribo_ND_386284	488	487	1	0	0	0
fullCP	Purple	train	Ribo_ND_069154	488	487	1	0	0	0
fullCP	Purple	train	Ribo_ND_163124	472	471	1	0	0	0
fullCP	Purple	train	Ribo_ND_391165	460	459	1	0	0	0
fullCP	Purple	train	Ribo_ND_125217	401	400	1	0	0	0
fullCP	Purple	train	Ribo_ND_190374	382	381	1	0	0	0
fullCP	Purple	train	Ribo_ND_185856	492	491	1	0	0	0
fullCP	Purple	train	Ribo_ND_170543	418	417	1	0	0	0
fullCP	Purple	train	Ribo_ND_134196	449	448	1	0	0	0
fullCP	Purple	train	Ribo_ND_044597	435	434	1	0	0	0
fullCP	Purple	train	Ribo_ND_379850	468	467	1	0	0	0
fullCP	Purple	train	Ribo_ND_166523	392	391	1	0	0	0
fullCP	Purple	train	Ribo_ND_036494	410	409	1	0	0	0
fullCP	Purple	train	Ribo_ND_044832	451	450	1	0	0	0
fullCP	Purple	train	Ribo_ND_172983	417	416	1	0	0	0
fullCP	Purple	train	Ribo_ND_284204	357	356	1	0	0	0
fullCP	Purple	train	Ribo_ND_249709	420	419	1	0	0	0
fullCP	Purple	train	Ribo_ND_087862	414	413	1	0	0	0
fullCP	Purple	train	Ribo_ND_391151	529	528	1	0	0	0
fullCP	Purple	train	Ribo_ND_028069	412	411	1	0	0	0
fullCP	Purple	train	Ribo_ND_152138	485	484	1	0	0	0
fullCP	Purple	train	Ribo_ND_388731	372	371	1	0	0	0
fullCP	Purple	train	Ribo_ND_065460	400	399	1	0	0	0
fullCP	Purple	train	Ribo_ND_386726	396	395	1	0	0	0
fullCP	Purple	train	Ribo_ND_390432	368	367	1	0	0	0
fullCP	Purple	train	Ribo_ND_390654	456	455	1	0	0	0
fullCP	Purple	train	Ribo_ND_232455	442	441	1	0	0	0
fullCP	Purple	train	Ribo_ND_046761	423	422	1	0	0	0
fullCP	Purple	train	Ribo_ND_203489	442	441	1	0	0	0
fullCP	Purple	train	Ribo_ND_046897	454	453	1	0	0	0
fullCP	Purple	train	Ribo_ND_300927	402	401	1	0	0	0
fullCP	Purple	train	Ribo_ND_172611	355	354	1	0	0	0
fullCP	Purple	train	Ribo_ND_051536	423	422	1	0	0	0
fullCP	Purple	train	Ribo_ND_385876	472	471	1	0	0	0
fullCP	Purple	train	Ribo_ND_130292	436	435	1	0	0	0
fullCP	Purple	train	Ribo_ND_362746	421	420	1	0	0	0
fullCP	Purple	train	Ribo_ND_025523	359	358	1	0	0	0
fullCP	Purple	train	Ribo_ND_383206	349	348	1	0	0	0
fullCP	Purple	train	Ribo_ND_015665	366	365	1	0	0	0
fullCP	Purple	train	Ribo_ND_044604	438	437	1	0	0	0
fullCP	Purple	train	Ribo_ND_047125	372	371	1	0	0	0
fullCP	Purple	train	Ribo_ND_157297	352	351	1	0	0	0
fullCP	Purple	train	Ribo_ND_130920	423	422	1	0	0	0
fullCP	Purple	train	Ribo_ND_090573	449	448	1	0	0	0
fullCP	Purple	train	Ribo_ND_028768	419	418	1	0	0	0
fullCP	Purple	train	Ribo_ND_164988	421	420	1	0	0	0
fullCP	Purple	train	Ribo_ND_025122	393	392	1	0	0	0
fullCP	Purple	train	Ribo_ND_387689	301	300	1	0	0	0
fullCP	Purple	train	Ribo_ND_379330	386	385	1	0	0	0
fullCP	Purple	train	Ribo_ND_041617	470	469	1	0	0	0
fullCP	Purple	train	Ribo_ND_025437	422	421	1	0	0	0
fullCP	Purple	train	Ribo_ND_028328	416	415	1	0	0	0
fullCP	Purple	train	Ribo_ND_389711	497	496	1	0	0	0
fullCP	Purple	train	Ribo_ND_334638	422	421	1	0	0	0
fullCP	Purple	train	Ribo_ND_132246	509	508	1	0	0	0
fullCP	Purple	train	Ribo_ND_281997	374	373	1	0	0	0
fullCP	Purple	train	Ribo_ND_365515	490	489	1	0	0	0
fullCP	Purple	train	Ribo_ND_124503	562	561	1	0	0	0
fullCP	Purple	train	Ribo_ND_301567	420	419	1	0	0	0
fullCP	Purple	train	Ribo_ND_121659	499	498	1	0	0	0
fullCP	Purple	train	Ribo_Ga0127507_1003872	379	378	1	0	0	0
fullCP	Purple	train	Ribo_ND_025042	478	477	1	0	0	0
fullCP	Purple	train	Ribo_ND_046480	426	425	1	0	0	0
fullCP	Purple	train	Ribo_ND_382127	475	474	1	0	0	0
fullCP	Purple	train	Ribo_ND_044336	392	391	1	0	0	0
fullCP	Purple	train	Ribo_ND_059632	513	512	1	0	0	0
fullCP	Purple	train	Ribo_ND_129723	412	411	1	0	0	0
fullCP	Purple	train	Ribo_ND_185431	351	350	1	0	0	0
fullCP	Purple	train	Ribo_ND_099920	420	419	1	0	0	0
fullCP	Purple	train	Ribo_ND_025209	460	459	1	0	0	0
fullCP	Purple	train	Ribo_ND_126777	343	342	1	0	0	0
fullCP	Purple	train	Ribo_ND_249722	417	416	1	0	0	0
fullCP	Purple	train	Ribo_ND_047182	429	428	1	0	0	0
fullCP	Purple	train	Ribo_ND_090466	398	397	1	0	0	0
fullCP	Purple	train	Ribo_ND_342381	354	353	1	0	0	0
fullCP	Purple	train	Ribo_ND_094808	488	487	1	0	0	0
fullCP	Purple	train	Ribo_ND_390206	368	367	1	0	0	0
fullCP	Purple	train	Ribo_ND_091569	402	401	1	0	0	0
fullCP	Purple	train	Ribo_ND_293245	356	355	1	0	0	0
fullCP	Purple	train	Ribo_ND_209831	566	565	1	0	0	0
fullCP	Purple	train	Ribo_ND_057440	609	608	1	0	0	0
fullCP	Purple	train	Ribo_ND_388134	449	448	1	0	0	0
fullCP	Purple	train	Ribo_ND_302664	434	433	1	0	0	0
fullCP	Purple	train	Ribo_ND_028381	347	346	1	0	0	0
fullCP	Purple	train	Ribo_ND_081504	405	404	1	0	0	0
fullCP	Purple	train	Ribo_ND_289130	380	379	1	0	0	0
fullCP	Purple	train	Ribo_ND_239879	633	632	1	0	0	0
fullCP	Purple	train	Ribo_ND_141237	541	540	1	0	0	0
fullCP	Purple	train	Ribo_ND_276181	446	445	1	0	0	0
fullCP	Purple	train	Ribo_ND_100110	490	489	1	0	0	0
fullCP	Purple	train	Ribo_ND_113791	516	515	1	0	0	0
fullCP	Purple	train	Ribo_ND_092587	398	397	1	0	0	0
fullCP	Purple	train	Ribo_ND_049257	465	464	1	0	0	0
fullCP	Purple	train	Ribo_ND_056534	357	356	1	0	0	0
fullCP	Purple	train	Ribo_ND_167327	383	382	1	0	0	0
fullCP	Purple	train	Ribo_ND_096062	326	325	1	0	0	0
fullCP	Purple	train	Ribo_ND_082626	614	613	1	0	0	0
fullCP	Purple	train	Ribo_ND_162119	418	417	1	0	0	0
fullCP	Purple	train	Ribo_ND_386266	522	521	1	0	0	0
fullCP	Purple	train	Ribo_ND_054423	436	435	1	0	0	0
fullCP	Purple	train	Ribo_ND_080952	517	516	1	0	0	0
fullCP	Purple	train	Ribo_ND_284211	429	428	1	0	0	0
fullCP	Purple	train	Ribo_ND_044943	583	582	1	0	0	0
fullCP	Purple	train	Ribo_ND_184602	420	419	1	0	0	0
fullCP	Purple	train	Ribo_ND_100007	439	438	1	0	0	0
fullCP	Purple	train	Ribo_ND_082763	388	387	1	0	0	0
fullCP	Purple	train	Ribo_ND_343304	424	423	1	0	0	0
fullCP	Purple	train	Ribo_ND_112030	380	379	1	0	0	0
fullCP	Purple	train	Ribo_ND_044838	591	590	1	0	0	0
fullCP	Purple	train	Ribo_ND_129922	354	353	1	0	0	0
fullCP	Purple	train	Ribo_ND_282773	424	423	1	0	0	0
fullCP	Purple	train	Ribo_ND_126855	446	445	1	0	0	0
fullCP	Purple	train	Ribo_ND_249643	523	522	1	0	0	0
fullCP	Purple	train	Ribo_JAAOEH010004401.1	428	427	1	0	0	0
fullCP	Purple	train	Ribo_ND_249717	425	424	1	0	0	0
fullCP	Purple	train	Ribo_ND_279534	357	356	1	0	0	0
fullCP	Purple	train	Ribo_ND_089619	508	507	1	0	0	0
fullCP	Purple	train	Ribo_ND_156966	472	471	1	0	0	0
fullCP	Purple	train	Ribo_ND_391477	410	409	1	0	0	0
fullCP	Purple	train	Ribo_ND_161999	554	553	1	0	0	0
fullCP	Purple	train	Ribo_ND_024358	482	481	1	0	0	0
fullCP	Purple	train	Ribo_ND_109190	413	412	1	0	0	0
fullCP	Purple	train	Ribo_ND_093165	379	378	1	0	0	0
fullCP	Purple	train	Ribo_ND_132224	464	463	1	0	0	0
fullCP	Purple	train	Ribo_ND_293168	363	362	1	0	0	0
fullCP	Purple	train	Ribo_ND_028071	413	412	1	0	0	0
fullCP	Purple	train	Ribo_ND_151495	401	400	1	0	0	0
fullCP	Purple	train	Ribo_ND_064805	659	658	1	0	0	0
fullCP	Purple	train	Ribo_ND_038050	435	434	1	0	0	0
fullCP	Purple	train	Ribo_ND_172658	427	426	1	0	0	0
fullCP	Purple	train	Ribo_ND_068953	463	462	1	0	0	0
fullCP	Purple	train	Ribo_ND_289146	408	407	1	0	0	0
fullCP	Purple	train	Ribo_ND_028737	361	360	1	0	0	0
fullCP	Purple	train	Ribo_JAAOEH010005851.1	424	423	1	0	0	0
fullCP	Purple	train	Ribo_ND_363188	422	421	1	0	0	0
fullCP	Purple	train	Ribo_ND_030167	440	439	1	0	0	0
fullCP	Purple	train	Ribo_ND_210078	356	355	1	0	0	0
fullCP	Purple	train	Ribo_ND_335472	428	427	1	0	0	0
fullCP	Purple	train	Ribo_ND_018962	394	393	1	0	0	0
fullCP	Purple	train	Ribo_ND_150904	358	357	1	0	0	0
fullCP	Purple	train	Ribo_ND_389708	451	450	1	0	0	0
fullCP	Purple	train	Ribo_ND_017293	339	338	1	0	0	0
fullCP	Purple	train	Ribo_ND_044149	422	421	1	0	0	0
fullCP	Purple	train	Ribo_ND_030308	433	432	1	0	0	0
fullCP	Purple	train	Ribo_ND_370430	420	419	1	0	0	0
fullCP	Purple	train	Ribo_ND_299887	455	454	1	0	0	0
fullCP	Purple	train	Ribo_ND_046858	497	496	1	0	0	0
fullCP	Purple	train	Ribo_ND_156561	454	453	1	0	0	0
fullCP	Purple	train	Ribo_ND_104580	481	480	1	0	0	0
fullCP	Purple	train	Ribo_ND_124237	519	518	1	0	0	0
fullCP	Purple	train	Ribo_ND_391025	456	455	1	0	0	0
fullCP	Purple	train	Ribo_ND_080221	452	451	1	0	0	0
fullCP	Purple	train	Ribo_ND_166930	432	431	1	0	0	0
fullCP	Purple	train	Ribo_ND_203176	486	485	1	0	0	0
fullCP	Purple	train	Ribo_ND_030257	419	418	1	0	0	0
fullCP	Purple	train	Ribo_ND_251215	455	454	1	0	0	0
fullCP	Purple	train	Ribo_ND_081500	546	545	1	0	0	0
fullCP	Purple	train	Ribo_ND_327282	535	534	1	0	0	0
fullCP	Purple	train	Ribo_ND_389529	419	418	1	0	0	0
fullCP	Purple	train	Ribo_ND_163335	413	412	1	0	0	0
fullCP	Purple	train	Ribo_ND_204147	443	442	1	0	0	0
fullCP	Purple	train	Ribo_ND_249740	416	415	1	0	0	0
fullCP	Purple	train	Ribo_ND_024984	477	476	1	0	0	0
fullCP	Purple	train	Ribo_ND_187630	452	451	1	0	0	0
fullCP	Purple	train	Ribo_ND_025598	377	376	1	0	0	0
fullCP	Purple	train	Ribo_ND_304663	417	416	1	0	0	0
fullCP	Purple	train	Ribo_ND_391182	378	377	1	0	0	0
fullCP	Purple	train	Ribo_ND_158705	448	447	1	0	0	0
fullCP	Purple	train	Ribo_ND_101784	482	481	1	0	0	0
fullCP	Purple	train	Ribo_ND_113090	357	356	1	0	0	0
fullCP	Purple	train	Ribo_ND_131051	479	478	1	0	0	0
fullCP	Purple	train	Ribo_ND_189570	478	477	1	0	0	0
fullCP	Purple	train	Ribo_ND_390249	435	434	1	0	0	0
fullCP	Purple	train	Ribo_ND_095482	379	378	1	0	0	0
fullCP	Purple	train	Ribo_ND_044240	437	436	1	0	0	0
fullCP	Purple	train	Ribo_ND_381174	425	424	1	0	0	0
fullCP	Purple	train	Ribo_ND_056148	467	466	1	0	0	0
fullCP	Purple	train	Ribo_ND_048689	303	302	1	0	0	0
fullCP	Purple	train	Ribo_ND_064397	560	559	1	0	0	0
fullCP	Purple	train	Ribo_ND_092948	392	391	1	0	0	0
fullCP	Purple	train	Ribo_NC_032884	343	342	1	0	0	0
fullCP	Purple	train	Ribo_ND_365732	473	472	1	0	0	0
fullCP	Purple	train	Ribo_ND_149174	401	400	1	0	0	0
fullCP	Purple	train	Ribo_ND_336310	599	598	1	0	0	0
fullCP	Purple	train	Ribo_ND_099904	489	488	1	0	0	0
fullCP	Purple	train	Ribo_ND_175738	514	513	1	0	0	0
fullCP	Purple	train	Ribo_ND_162268	436	435	1	0	0	0
fullCP	Purple	train	Ribo_ND_108514	585	584	1	0	0	0
fullCP	Purple	train	Ribo_ND_133060	432	431	1	0	0	0
fullCP	Purple	train	Ribo_ND_025095	454	453	1	0	0	0
fullCP	Purple	train	Ribo_ND_282731	424	423	1	0	0	0
fullCP	Purple	train	Ribo_ND_344864	483	482	1	0	0	0
fullCP	Purple	train	Ribo_ND_363252	396	395	1	0	0	0
fullCP	Purple	train	Ribo_ND_281801	352	351	1	0	0	0
fullCP	Purple	train	Ribo_ND_028716	376	375	1	0	0	0
fullCP	Purple	train	Ribo_ND_249827	380	379	1	0	0	0
fullCP	Purple	train	Ribo_ND_050395	436	435	1	0	0	0
fullCP	Purple	train	Ribo_ND_103002	528	527	1	0	0	0
fullCP	Purple	train	Ribo_ND_210470	414	413	1	0	0	0
fullCP	Purple	train	Ribo_ND_361906	529	528	1	0	0	0
fullCP	Purple	train	Ribo_ND_163206	688	687	1	0	0	0
fullCP	Purple	train	Ribo_ND_025706	391	390	1	0	0	0
fullCP	Purple	train	Ribo_ND_239309	438	437	1	0	0	0
fullCP	Purple	train	Ribo_JAAOEH010001208.1	381	380	1	0	0	0
fullCP	Purple	train	Ribo_ND_099810	440	439	1	0	0	0
fullCP	Purple	train	Ribo_ND_347450	432	431	1	0	0	0
fullCP	Purple	train	Ribo_ND_198694	445	444	1	0	0	0
fullCP	Purple	train	Ribo_ND_082839	431	430	1	0	0	0
fullCP	Purple	train	Ribo_ND_289124	455	454	1	0	0	0
fullCP	Purple	train	Ribo_ND_278159	351	350	1	0	0	0
fullCP	Purple	train	Ribo_ND_102430	472	471	1	0	0	0
fullCP	Purple	train	Ribo_ND_284825	474	473	1	0	0	0
fullCP	Purple	train	Ribo_ND_210241	446	445	1	0	0	0
fullCP	Purple	train	Ribo_ND_282720	486	485	1	0	0	0
fullCP	Purple	train	Ribo_ND_043923	413	412	1	0	0	0
fullCP	Purple	train	Ribo_ND_301024	419	418	1	0	0	0
fullCP	Purple	train	Ribo_ND_370454	390	389	1	0	0	0
fullCP	Purple	train	Ribo_ND_363905	417	416	1	0	0	0
fullCP	Purple	train	Ribo_ND_151413	436	435	1	0	0	0
fullCP	Purple	train	Ribo_ND_089609	401	400	1	0	0	0
fullCP	Purple	train	Ribo_tomREF_NC_022895	391	390	1	0	0	0
fullCP	Purple	train	Ribo_ND_030238	393	392	1	0	0	0
fullCP	Purple	train	Ribo_ND_387096	541	540	1	0	0	0
fullCP	Purple	train	Ribo_ND_127922	385	384	1	0	0	0
fullCP	Purple	train	Ribo_ND_092480	385	384	1	0	0	0
fullCP	Purple	train	Ribo_Ga0127505_1039318	543	542	1	0	0	0
fullCP	Purple	train	Ribo_ND_025679	490	489	1	0	0	0
fullCP	Purple	train	Ribo_ND_057797	379	378	1	0	0	0
fullCP	Purple	train	Ribo_ND_294841	357	356	1	0	0	0
fullCP	Purple	train	Ribo_ND_107279	478	477	1	0	0	0
fullCP	Purple	train	Ribo_ND_067383	465	464	1	0	0	0
fullCP	Purple	train	Ribo_ND_251250	438	437	1	0	0	0
fullCP	Purple	train	Ribo_ND_205490	441	440	1	0	0	0
fullCP	Purple	train	Ribo_ND_292467	420	419	1	0	0	0
fullCP	Purple	train	Ribo_ND_164848	445	444	1	0	0	0
fullCP	Purple	train	Ribo_ND_025475	397	396	1	0	0	0
fullCP	Purple	train	Ribo_ND_048457	424	423	1	0	0	0
fullCP	Purple	train	Ribo_ND_057449	511	510	1	0	0	0
fullCP	Purple	train	Ribo_ND_147067	433	432	1	0	0	0
fullCP	Purple	train	Ribo_ND_306487	331	330	1	0	0	0
fullCP	Purple	train	Ribo_JAAOEH010002127.1	357	356	1	0	0	0
fullCP	Purple	train	Ribo_ND_082062	358	357	1	0	0	0
fullCP	Purple	train	Ribo_ND_249719	443	442	1	0	0	0
fullCP	Purple	train	Ribo_ND_025326	377	376	1	0	0	0
fullCP	Purple	train	Ribo_ND_163033	382	381	1	0	0	0
fullCP	Purple	train	Ribo_ND_083099	353	352	1	0	0	0
fullCP	Purple	train	Ribo_tomREF_NC_001469	381	380	1	0	0	0
fullCP	Purple	train	Ribo_ND_180510	423	422	1	0	0	0
fullCP	Purple	train	Ribo_ND_112591	438	437	1	0	0	0
fullCP	Purple	train	Ribo_ND_190342	365	364	1	0	0	0
fullCP	Purple	train	Ribo_ND_366175	440	439	1	0	0	0
fullCP	Purple	train	Ribo_JAAOEH010002777.1	425	424	1	0	0	0
fullCP	Purple	train	Ribo_ND_094183	376	375	1	0	0	0
fullCP	Purple	train	Ribo_ND_251103	385	384	1	0	0	0
fullCP	Purple	train	Ribo_ND_025587	407	406	1	0	0	0
fullCP	Purple	train	Ribo_ND_056464	435	434	1	0	0	0
fullCP	Purple	train	Ribo_ND_290207	349	348	1	0	0	0
fullCP	Purple	train	Ribo_ND_128048	413	412	1	0	0	0
fullCP	Purple	train	Ribo_ND_132240	447	446	1	0	0	0
fullCP	Purple	train	Ribo_ND_166803	423	422	1	0	0	0
fullCP	Purple	train	Ribo_ND_293220	454	453	1	0	0	0
fullCP	Purple	train	Ribo_ND_037368	425	424	1	0	0	0
fullCP	Purple	train	Ribo_tomREF_NC_020073	392	391	1	0	0	0
fullCP	Purple	train	Ribo_ND_058275	577	576	1	0	0	0
fullCP	Purple	train	Ribo_ND_370416	442	441	1	0	0	0
fullCP	Purple	train	Ribo_ND_285201	346	345	1	0	0	0
fullCP	Purple	train	Ribo_ND_099990	438	437	1	0	0	0
fullCP	Purple	train	Ribo_ND_028526	523	522	1	0	0	0
fullCP	Purple	train	Ribo_ND_179581	376	375	1	0	0	0
fullCP	Purple	train	Ribo_ND_236943	502	501	1	0	0	0
fullCP	Purple	train	Ribo_tomREF_NC_030452	390	389	1	0	0	0
fullCP	Purple	train	Ribo_ND_060792	357	356	1	0	0	0
fullCP	Purple	train	Ribo_ND_046330	457	456	1	0	0	0
fullCP	Purple	train	Ribo_ND_387053	402	401	1	0	0	0
fullCP	Purple	train	Ribo_ND_278441	428	427	1	0	0	0
fullCP	Purple	train	Ribo_ND_158731	504	503	1	0	0	0
fullCP	Purple	train	Ribo_NC_033438	350	349	1	0	0	0
fullCP	Purple	train	Ribo_ND_056608	411	410	1	0	0	0
fullCP	Purple	train	Ribo_ND_024746	422	421	1	0	0	0
fullCP	Purple	train	Ribo_ND_189456	527	526	1	0	0	0
fullCP	Purple	train	Ribo_tombunoda_KF510030	451	450	1	0	0	0
fullCP	Purple	train	Ribo_ND_202418	370	369	1	0	0	0
fullCP	Purple	train	Ribo_ND_024730	489	488	1	0	0	0
fullCP	Purple	train	Ribo_ND_336234	390	389	1	0	0	0
fullCP	Purple	train	Ribo_ND_025424	370	369	1	0	0	0
fullCP	Purple	train	Ribo_ND_037080	462	461	1	0	0	0
fullCP	Purple	train	Ribo_ND_028817	432	431	1	0	0	0
fullCP	Purple	train	Ribo_ND_169315	378	377	1	0	0	0
fullCP	Purple	train	Ribo_ND_071273	461	460	1	0	0	0
fullCP	Purple	train	Ribo_ND_329178	426	425	1	0	0	0
fullCP	Purple	train	Ribo_ND_091409	521	520	1	0	0	0
fullCP	Purple	train	Ribo_ND_365513	431	430	1	0	0	0
fullCP	Purple	train	Ribo_ND_170524	623	622	1	0	0	0
fullCP	Purple	train	Ribo_ND_147366	360	359	1	0	0	0
fullCP	Purple	train	Ribo_ND_378986	412	411	1	0	0	0
fullCP	Purple	train	Ribo_JAAOEH010001771.1	443	442	1	0	0	0
fullCP	Purple	train	Ribo_ND_057539	312	311	1	0	0	0
fullCP	Purple	train	Ribo_ND_251120	456	455	1	0	0	0
fullCP	Purple	train	Ribo_ND_327873	432	431	1	0	0	0
fullCP	Purple	train	Ribo_ND_177413	430	429	1	0	0	0
fullCP	Purple	train	Ribo_ND_030549	460	459	1	0	0	0
fullCP	Purple	train	Ribo_ND_094061	445	444	1	0	0	0
fullCP	Purple	train	Ribo_ND_030242	406	405	1	0	0	0
fullCP	Purple	train	Ribo_ND_258921	550	549	1	0	0	0
fullCP	Purple	train	Ribo_ND_282003	324	323	1	0	0	0
fullCP	Purple	train	Ribo_ND_226143	375	374	1	0	0	0
fullCP	Purple	train	Ribo_ND_339575	397	396	1	0	0	0
fullCP	Purple	train	Ribo_ND_091979	442	441	1	0	0	0
fullCP	Purple	train	Ribo_ND_053539	394	393	1	0	0	0
fullCP	Purple	train	Ribo_ND_266811	375	374	1	0	0	0
fullCP	Purple	train	Ribo_ND_146081	404	403	1	0	0	0
fullCP	Purple	train	Ribo_ND_017768	302	301	1	0	0	0
fullCP	Purple	train	Ribo_ND_166868	411	410	1	0	0	0
fullCP	Purple	train	Ribo_ND_345505	412	411	1	0	0	0
fullCP	Purple	train	Ribo_ND_249699	422	421	1	0	0	0
fullCP	Purple	train	Ribo_ND_030228	430	429	1	0	0	0
fullCP	Purple	train	Ribo_ND_029689	417	416	1	0	0	0
fullCP	Purple	train	Ribo_ND_040244	470	469	1	0	0	0
fullCP	Purple	train	Ribo_ND_138880	426	425	1	0	0	0
fullCP	Purple	train	Ribo_ND_090759	341	340	1	0	0	0
fullCP	Purple	train	Ribo_ND_092976	418	417	1	0	0	0
fullCP	Purple	train	Ribo_JAAOEH010002630.1	513	512	1	0	0	0
fullCP	Purple	train	Ribo_ND_251191	428	427	1	0	0	0
fullCP	Purple	train	Ribo_ND_249488	560	559	1	0	0	0
fullCP	Purple	train	Ribo_ND_237007	494	493	1	0	0	0
fullCP	Purple	train	Ribo_ND_340116	420	419	1	0	0	0
fullCP	Purple	train	Ribo_ND_175203	389	388	1	0	0	0
fullCP	Purple	train	Ribo_ND_016517	345	344	1	0	0	0
fullCP	Purple	train	Ribo_ND_284233	341	340	1	0	0	0
fullCP	Purple	train	Ribo_ND_391046	369	368	1	0	0	0
fullCP	Purple	train	Ribo_tomREF_NC_001339	389	388	1	0	0	0
fullCP	Purple	train	Ribo_ND_028934	467	466	1	0	0	0
fullCP	Purple	train	Ribo_ND_337560	364	363	1	0	0	0
fullCP	Purple	train	Ribo_ND_108971	430	429	1	0	0	0
fullCP	Purple	train	Ribo_ND_313196	510	509	1	0	0	0
fullCP	Purple	train	Ribo_ND_304381	484	483	1	0	0	0
fullCP	Purple	train	Ribo_ND_114758	521	520	1	0	0	0
fullCP	Purple	train	Ribo_ND_057533	441	440	1	0	0	0
fullCP	Purple	train	Ribo_ND_025512	435	434	1	0	0	0
fullCP	Purple	train	Ribo_ND_145828	427	426	1	0	0	0
fullCP	Purple	train	Ribo_ND_366210	617	616	1	0	0	0
fullCP	Purple	train	Ribo_ND_306376	311	310	1	0	0	0
fullCP	Purple	train	Ribo_tomREF_NC_001600	352	351	1	0	0	0
fullCP	Purple	train	Ribo_ND_025211	363	362	1	0	0	0
fullCP	Purple	train	Ribo_ND_363181	333	332	1	0	0	0
fullCP	Purple	train	Ribo_ND_028859	418	417	1	0	0	0
fullCP	Purple	train	Ribo_ND_160106	407	406	1	0	0	0
fullCP	Purple	train	Ribo_ND_016811	345	344	1	0	0	0
fullCP	Purple	train	Ribo_ND_132404	610	609	1	0	0	0
fullCP	Purple	train	Ribo_ND_291015	354	353	1	0	0	0
fullCP	Purple	train	Ribo_ND_239080	420	419	1	0	0	0
fullCP	Purple	train	Ribo_ND_060734	441	440	1	0	0	0
fullCP	Purple	train	Ribo_ND_215017	424	423	1	0	0	0
fullCP	Purple	train	Ribo_ND_059851	501	500	1	0	0	0
fullCP	Purple	train	Ribo_ND_015995	350	349	1	0	0	0
fullCP	Purple	train	Ribo_ND_387173	421	420	1	0	0	0
fullCP	Purple	train	Ribo_ND_048417	358	357	1	0	0	0
fullCP	Purple	train	Ribo_ND_185791	407	406	1	0	0	0
fullCP	Purple	train	Ribo_ND_030523	475	474	1	0	0	0
fullCP	Purple	train	Ribo_ND_168815	390	389	1	0	0	0
fullCP	Purple	train	Ribo_ND_344308	474	473	1	0	0	0
fullCP	Purple	train	Ribo_ND_350465	519	518	1	0	0	0
fullCP	Purple	train	Ribo_ND_032229	429	428	1	0	0	0
fullCP	Purple	train	Ribo_ND_366118	433	432	1	0	0	0
fullCP	Purple	train	Ribo_ND_284212	346	345	1	0	0	0
fullCP	Purple	train	Ribo_ND_128801	391	390	1	0	0	0
fullCP	Purple	train	Ribo_ND_134792	362	361	1	0	0	0
fullCP	Purple	train	Ribo_ND_025549	382	381	1	0	0	0
fullCP	Purple	train	Ribo_ND_064469	518	517	1	0	0	0
fullCP	Purple	train	Ribo_ND_142318	587	586	1	0	0	0
fullCP	Purple	train	Ribo_ND_198441	417	416	1	0	0	0
fullCP	Purple	train	Ribo_ND_095233	362	361	1	0	0	0
fullCP	Purple	train	Ribo_ND_182537	430	429	1	0	0	0
fullCP	Purple	train	Ribo_ND_106556	471	470	1	0	0	0
fullCP	Purple	train	Ribo_ND_105163	447	446	1	0	0	0
fullCP	Purple	train	Ribo_ND_083005	430	429	1	0	0	0
fullCP	Purple	train	Ribo_ND_308260	427	426	1	0	0	0
fullCP	Purple	train	Ribo_ND_114322	379	378	1	0	0	0
fullCP	Purple	train	Ribo_ND_016202	339	338	1	0	0	0
fullCP	Purple	train	Ribo_ND_279514	423	422	1	0	0	0
fullCP	Purple	train	Ribo_ND_086121	452	451	1	0	0	0
fullCP	Purple	train	Ribo_ND_081696	433	432	1	0	0	0
fullCP	Purple	train	Ribo_ND_028949	415	414	1	0	0	0
fullCP	Purple	train	Ribo_ND_121885	359	358	1	0	0	0
fullCP	Purple	train	Ribo_ND_092703	547	546	1	0	0	0
fullCP	Purple	train	Ribo_ND_099892	437	436	1	0	0	0
fullCP	Purple	train	Ribo_ND_084466	340	339	1	0	0	0
fullCP	Purple	train	Ribo_ND_024704	512	511	1	0	0	0
fullCP	Purple	train	Ribo_ND_306441	367	366	1	0	0	0
fullCP	Purple	train	Ribo_ND_251225	452	451	1	0	0	0
fullCP	Purple	train	Ribo_ND_345541	425	424	1	0	0	0
fullCP	Purple	train	Ribo_JAAOEH010001460.1	379	378	1	0	0	0
fullCP	Purple	train	Ribo_ND_024955	477	476	1	0	0	0
fullCP	Purple	train	Ribo_ND_108358	578	577	1	0	0	0
fullCP	Purple	train	Ribo_ND_107013	506	505	1	0	0	0
fullCP	Purple	train	Ribo_ND_028067	408	407	1	0	0	0
fullCP	Purple	train	Ribo_Ga0184575_112371	431	430	1	0	0	0
fullCP	Purple	train	Ribo_ND_134564	529	528	1	0	0	0
fullCP	Purple	train	Ribo_ND_356789	410	409	1	0	0	0
fullCP	Purple	train	Ribo_ND_101584	486	485	1	0	0	0
fullCP	Purple	train	Ribo_ND_240609	439	438	1	0	0	0
fullCP	Purple	train	Ribo_ND_163049	399	398	1	0	0	0
fullCP	Purple	train	Ribo_ND_026347	410	409	1	0	0	0
fullCP	Purple	train	Ribo_ND_052692	495	494	1	0	0	0
fullCP	Purple	train	Ribo_JAAOEH010004812.1	474	473	1	0	0	0
fullCP	Purple	train	Ribo_ND_060762	430	429	1	0	0	0
fullCP	Purple	train	Ribo_ND_107292	403	402	1	0	0	0
fullCP	Purple	train	Ribo_ND_187940	409	408	1	0	0	0
fullCP	Purple	train	Ribo_ND_341362	382	381	1	0	0	0
fullCP	Purple	train	Ribo_ND_386299	356	355	1	0	0	0
fullCP	Purple	train	Ribo_ND_106626	435	434	1	0	0	0
fullCP	Purple	train	Ribo_ND_100095	479	478	1	0	0	0
fullCP	Purple	train	Ribo_ND_044835	532	531	1	0	0	0
fullCP	Purple	train	Ribo_ND_146036	376	375	1	0	0	0
fullCP	Purple	train	Ribo_ND_025846	417	416	1	0	0	0
fullCP	Purple	train	Ribo_ND_329481	426	425	1	0	0	0
fullCP	Purple	train	Ribo_ND_379348	391	390	1	0	0	0
fullCP	Purple	train	Ribo_ND_175194	426	425	1	0	0	0
fullCP	Purple	train	Ribo_ND_112677	461	460	1	0	0	0
fullCP	Purple	train	Ribo_ND_286546	585	584	1	0	0	0
fullCP	Purple	train	Ribo_ND_112280	450	449	1	0	0	0
fullCP	Purple	train	Ribo_ND_363036	396	395	1	0	0	0
fullCP	Purple	train	Ribo_ND_155767	420	419	1	0	0	0
fullCP	Purple	train	Ribo_ND_385935	458	457	1	0	0	0
fullCP	Purple	train	Ribo_ND_363503	438	437	1	0	0	0
fullCP	Purple	train	Ribo_ND_029460	481	480	1	0	0	0
fullCP	Purple	train	Ribo_JAAOEH010003866.1	522	521	1	0	0	0
fullCP	Purple	train	Ribo_ND_321729	439	438	1	0	0	0
fullCP	Purple	train	Ribo_ND_028733	368	367	1	0	0	0
fullCP	Purple	train	Ribo_ND_188635	490	489	1	0	0	0
fullCP	Purple	train	Ribo_ND_370446	521	520	1	0	0	0
fullCP	Purple	train	Ribo_ND_239075	475	474	1	0	0	0
fullCP	Purple	train	Ribo_ND_117960	408	407	1	0	0	0
fullCP	Purple	train	Ribo_ND_025243	364	363	1	0	0	0
fullCP	Purple	train	Ribo_ND_249837	375	374	1	0	0	0
fullCP	Purple	train	Ribo_ND_249648	431	430	1	0	0	0
fullCP	Purple	train	Ribo_ND_065538	380	379	1	0	0	0
fullCP	Purple	train	Ribo_ND_381566	478	477	1	0	0	0
fullCP	Purple	train	Ribo_ND_184068	367	366	1	0	0	0
fullCP	Purple	train	Ribo_ND_341296	443	442	1	0	0	0
fullCP	Purple	train	Ribo_JAAOEH010002267.1	377	376	1	0	0	0
fullCP	Purple	train	Ribo_ND_166642	443	442	1	0	0	0
fullCP	Purple	train	Ribo_ND_090706	453	452	1	0	0	0
fullCP	Purple	train	Ribo_ND_029515	438	437	1	0	0	0
fullCP	Purple	train	Ribo_ND_166807	432	431	1	0	0	0
fullCP	Purple	train	Ribo_NC_033111	480	479	1	0	0	0
fullCP	Purple	train	Ribo_ND_358880	424	423	1	0	0	0
fullCP	Purple	train	Ribo_ND_105004	461	460	1	0	0	0
fullCP	Purple	train	Ribo_ND_254815	424	423	1	0	0	0
fullCP	Purple	train	Ribo_ND_176763	374	373	1	0	0	0
fullCP	Purple	train	Ribo_ND_044399	421	420	1	0	0	0
fullCP	Purple	train	Ribo_ND_390200	339	338	1	0	0	0
fullCP	Purple	train	Ribo_ND_097035	448	447	1	0	0	0
fullCP	Purple	train	Ribo_ND_388329	387	386	1	0	0	0
fullCP	Purple	train	Ribo_ND_239549	415	414	1	0	0	0
fullCP	Purple	train	Ribo_ND_058928	480	479	1	0	0	0
fullCP	Purple	train	Ribo_ND_024871	439	438	1	0	0	0
fullCP	Purple	train	Ribo_ND_389921	398	397	1	0	0	0
fullCP	Purple	train	Ribo_ND_132724	516	515	1	0	0	0
fullCP	Purple	train	Ribo_ND_028066	422	421	1	0	0	0
fullCP	Purple	train	Ribo_ND_134742	394	393	1	0	0	0
fullCP	Purple	train	Ribo_ND_100104	417	416	1	0	0	0
fullCP	Purple	train	Ribo_ND_055896	378	377	1	0	0	0
fullCP	Purple	train	Ribo_ND_092447	554	553	1	0	0	0
fullCP	Purple	train	Ribo_ND_289096	458	457	1	0	0	0
fullCP	Purple	train	Ribo_ND_363531	506	505	1	0	0	0
fullCP	Purple	train	Ribo_ND_028408	412	411	1	0	0	0
fullCP	Purple	train	Ribo_ND_211785	346	345	1	0	0	0
fullCP	Purple	train	Ribo_ND_059615	513	512	1	0	0	0
fullCP	Purple	train	Ribo_ND_046068	564	563	1	0	0	0
fullCP	Purple	train	Ribo_ND_349259	421	420	1	0	0	0
fullCP	Purple	train	Ribo_ND_249650	414	413	1	0	0	0
fullCP	Purple	train	Ribo_ND_029661	427	426	1	0	0	0
fullCP	Purple	train	Ribo_ND_015690	341	340	1	0	0	0
fullCP	Purple	train	Ribo_ND_327996	376	375	1	0	0	0
fullCP	Purple	train	Ribo_ND_379896	423	422	1	0	0	0
fullCP	Purple	train	Ribo_ND_282017	341	340	1	0	0	0
fullCP	Purple	train	Ribo_ND_041696	424	423	1	0	0	0
fullCP	Purple	train	Ribo_ND_338848	524	523	1	0	0	0
fullCP	Purple	train	Ribo_ND_085206	308	307	1	0	0	0
fullCP	Purple	train	Ribo_ND_045947	373	372	1	0	0	0
fullCP	Purple	train	Ribo_ND_249548	660	659	1	0	0	0
fullCP	Purple	train	Ribo_ND_030364	577	576	1	0	0	0
fullCP	Purple	train	Ribo_ND_251221	427	426	1	0	0	0
fullCP	Purple	train	Ribo_ND_025722	384	383	1	0	0	0
fullCP	Purple	train	Ribo_ND_251198	437	436	1	0	0	0
fullCP	Purple	train	Ribo_ND_291673	419	418	1	0	0	0
fullCP	Purple	train	Ribo_ND_108055	472	471	1	0	0	0
fullCP	Purple	train	Ribo_ND_025792	487	486	1	0	0	0
fullCP	Purple	train	Ribo_ND_132598	542	541	1	0	0	0
fullCP	Purple	train	Ribo_ND_166450	440	439	1	0	0	0
fullCP	Purple	train	Ribo_ND_152451	608	607	1	0	0	0
fullCP	Purple	train	Ribo_ND_365844	432	431	1	0	0	0
fullCP	Purple	train	Ribo_ND_025260	490	489	1	0	0	0
fullCP	Purple	train	Ribo_ND_025791	387	386	1	0	0	0
fullCP	Purple	train	Ribo_ND_092887	354	353	1	0	0	0
fullCP	Purple	train	Ribo_ND_045532	374	373	1	0	0	0
fullCP	Purple	train	Ribo_ND_305901	615	614	1	0	0	0
fullCP	Purple	train	Ribo_ND_051123	440	439	1	0	0	0
fullCP	Purple	train	Ribo_ND_048572	415	414	1	0	0	0
fullCP	Purple	train	Ribo_ND_071032	449	448	1	0	0	0
fullCP	Purple	train	Ribo_ND_131731	452	451	1	0	0	0
fullCP	Purple	train	Ribo_ND_025373	370	369	1	0	0	0
fullCP	Purple	train	Ribo_ND_096072	442	441	1	0	0	0
fullCP	Purple	train	Ribo_ND_088149	598	597	1	0	0	0
fullCP	Purple	train	Ribo_ND_391022	423	422	1	0	0	0
fullCP	Purple	train	Ribo_ND_391489	351	350	1	0	0	0
fullCP	Purple	train	Ribo_ND_166800	402	401	1	0	0	0
fullCP	Purple	train	Ribo_ND_044364	304	303	1	0	0	0
fullCP	Purple	train	Ribo_ND_029438	435	434	1	0	0	0
fullCP	Purple	train	Ribo_ND_359430	417	416	1	0	0	0
fullCP	Purple	train	Ribo_ND_194362	425	424	1	0	0	0
fullCP	Purple	train	Ribo_ND_203487	498	497	1	0	0	0
fullCP	Purple	train	Ribo_ND_348887	336	335	1	0	0	0
fullCP	Purple	train	Ribo_ND_058946	451	450	1	0	0	0
fullCP	Purple	train	Ribo_ND_081873	619	618	1	0	0	0
fullCP	Purple	train	Ribo_ND_251353	487	486	1	0	0	0
fullCP	Purple	train	Ribo_ND_151781	430	429	1	0	0	0
fullCP	Purple	train	Ribo_ND_166753	451	450	1	0	0	0
fullCP	Purple	train	Ribo_ND_059415	378	377	1	0	0	0
fullCP	Purple	train	Ribo_ND_176106	448	447	1	0	0	0
fullCP	Purple	train	Ribo_ND_029384	410	409	1	0	0	0
fullCP	Purple	train	Ribo_ND_202064	366	365	1	0	0	0
fullCP	Purple	train	Ribo_ND_363601	388	387	1	0	0	0
fullCP	Purple	train	Ribo_ND_016088	339	338	1	0	0	0
fullCP	Purple	train	Ribo_ND_101574	348	347	1	0	0	0
fullCP	Purple	train	Ribo_ND_335948	432	431	1	0	0	0
fullCP	Purple	train	Ribo_ND_347447	426	425	1	0	0	0
fullCP	Purple	train	Ribo_ND_029681	431	430	1	0	0	0
fullCP	Purple	train	Ribo_ND_147194	420	419	1	0	0	0
fullCP	Purple	train	Ribo_ND_288285	437	436	1	0	0	0
fullCP	Purple	train	Ribo_ND_105187	446	445	1	0	0	0
fullCP	Purple	train	Ribo_ND_221336	386	385	1	0	0	0
fullCP	Purple	train	Ribo_ND_289203	396	395	1	0	0	0
fullCP	Purple	train	Ribo_ND_370448	399	398	1	0	0	0
fullCP	Purple	train	Ribo_tomREF_NC_035452	454	453	1	0	0	0
fullCP	Purple	train	Ribo_ND_124702	497	496	1	0	0	0
fullCP	Purple	train	Ribo_ND_379594	419	418	1	0	0	0
fullCP	Purple	train	Ribo_ND_321947	538	537	1	0	0	0
fullCP	Purple	train	Ribo_ND_286599	343	342	1	0	0	0
fullCP	Purple	train	Ribo_ND_061627	415	414	1	0	0	0
fullCP	Purple	train	Ribo_ND_109078	477	476	1	0	0	0
fullCP	Purple	train	Ribo_ND_387559	363	362	1	0	0	0
fullCP	Purple	train	Ribo_ND_106539	537	536	1	0	0	0
fullCP	Purple	train	Ribo_ND_028994	407	406	1	0	0	0
fullCP	Purple	train	Ribo_ND_321366	366	365	1	0	0	0
fullCP	Purple	train	Ribo_ND_094133	416	415	1	0	0	0
fullCP	Purple	train	Ribo_ND_388279	430	429	1	0	0	0
fullCP	Purple	train	Ribo_ND_130501	437	436	1	0	0	0
fullCP	Purple	train	Ribo_ND_109141	413	412	1	0	0	0
fullCP	Purple	train	Ribo_ND_384169	386	385	1	0	0	0
fullCP	Purple	train	Ribo_ND_024948	475	474	1	0	0	0
fullCP	Purple	train	Ribo_ND_026199	422	421	1	0	0	0
fullCP	Purple	train	Ribo_ND_046859	426	425	1	0	0	0
fullCP	Purple	train	Ribo_ND_168965	376	375	1	0	0	0
fullCP	Purple	train	Ribo_ND_025361	387	386	1	0	0	0
fullCP	Purple	train	Ribo_ND_046952	426	425	1	0	0	0
fullCP	Purple	train	Ribo_ND_128603	480	479	1	0	0	0
fullCP	Purple	train	Ribo_ND_248264	418	417	1	0	0	0
fullCP	Purple	train	Ribo_ND_103115	464	463	1	0	0	0
fullCP	Purple	train	Ribo_ND_385473	386	385	1	0	0	0
fullCP	Purple	train	Ribo_ND_285669	368	367	1	0	0	0
fullCP	Purple	train	Ribo_ND_307123	303	302	1	0	0	0
fullCP	Purple	train	Ribo_ND_046666	426	425	1	0	0	0
fullCP	Purple	train	Ribo_ND_082876	452	451	1	0	0	0
fullCP	Purple	train	Ribo_ND_281099	583	582	1	0	0	0
fullCP	Purple	train	Ribo_ND_029138	417	416	1	0	0	0
fullCP	Purple	train	Ribo_ND_107245	381	380	1	0	0	0
fullCP	Purple	train	Ribo_ND_082351	480	479	1	0	0	0
fullCP	Purple	train	Ribo_ND_380131	374	373	1	0	0	0
fullCP	Purple	train	Ribo_ND_300454	434	433	1	0	0	0
fullCP	Purple	train	Ribo_ND_264333	318	317	1	0	0	0
fullCP	Purple	train	Ribo_ND_058964	640	639	1	0	0	0
fullCP	Purple	train	Ribo_ND_286562	456	455	1	0	0	0
fullCP	Purple	train	Ribo_ND_163072	411	410	1	0	0	0
fullCP	Purple	train	Ribo_ND_114665	431	430	1	0	0	0
fullCP	Purple	train	Ribo_ND_028884	407	406	1	0	0	0
fullCP	Purple	train	Ribo_ND_361344	484	483	1	0	0	0
fullCP	Purple	train	Ribo_ND_030388	477	476	1	0	0	0
fullCP	Purple	train	Ribo_ND_030557	368	367	1	0	0	0
fullCP	Purple	train	Ribo_JAAOEH010002460.1	411	410	1	0	0	0
fullCP	Purple	train	Ribo_ND_302803	439	438	1	0	0	0
fullCP	Purple	train	Ribo_ND_348190	423	422	1	0	0	0
fullCP	Purple	train	Ribo_ND_090381	411	410	1	0	0	0
fullCP	Purple	train	Ribo_ND_156943	430	429	1	0	0	0
fullCP	Purple	train	Ribo_ND_133241	475	474	1	0	0	0
fullCP	Purple	train	Ribo_NC_033443	489	488	1	0	0	0
fullCP	Purple	train	Ribo_ND_384050	386	385	1	0	0	0
fullCP	Purple	train	Ribo_ND_030655	452	451	1	0	0	0
fullCP	Purple	train	Ribo_ND_306739	443	442	1	0	0	0
fullCP	Purple	train	Ribo_ND_163136	361	360	1	0	0	0
fullCP	Purple	train	Ribo_ND_076186	337	336	1	0	0	0
fullCP	Purple	train	Ribo_ND_379306	424	423	1	0	0	0
fullCP	Purple	train	Ribo_ND_251266	409	408	1	0	0	0
fullCP	Purple	train	Ribo_ND_147059	407	406	1	0	0	0
fullCP	Purple	train	Ribo_ND_113984	429	428	1	0	0	0
fullCP	Purple	train	Ribo_ND_166644	431	430	1	0	0	0
fullCP	Purple	train	Ribo_ND_043449	421	420	1	0	0	0
fullCP	Purple	train	Ribo_ND_341308	406	405	1	0	0	0
fullCP	Purple	train	Ribo_ND_030619	413	412	1	0	0	0
fullCP	Purple	train	Ribo_ND_152263	457	456	1	0	0	0
fullCP	Purple	train	Ribo_ND_287498	556	555	1	0	0	0
fullCP	Purple	train	Ribo_ND_343365	488	487	1	0	0	0
fullCP	Purple	train	Ribo_ND_366332	459	458	1	0	0	0
fullCP	Purple	train	Ribo_ND_385031	497	496	1	0	0	0
fullCP	Purple	train	Ribo_ND_067689	434	433	1	0	0	0
fullCP	Purple	train	Ribo_ND_386712	438	437	1	0	0	0
fullCP	Purple	train	Ribo_ND_046668	444	443	1	0	0	0
fullCP	Purple	train	Ribo_ND_162000	451	450	1	0	0	0
fullCP	Purple	train	Ribo_ND_114974	492	491	1	0	0	0
fullCP	Purple	train	Ribo_ND_090578	422	421	1	0	0	0
fullCP	Purple	train	Ribo_ND_118606	387	386	1	0	0	0
fullCP	Purple	train	Ribo_ND_274455	430	429	1	0	0	0
fullCP	Purple	train	Ribo_ND_030500	562	561	1	0	0	0
fullCP	Purple	train	Ribo_ND_240910	451	450	1	0	0	0
fullCP	Purple	train	Ribo_ND_025249	420	419	1	0	0	0
fullCP	Purple	train	Ribo_ND_020635	378	377	1	0	0	0
fullCP	Purple	train	Ribo_ND_379299	459	458	1	0	0	0
fullCP	Purple	train	Ribo_ND_149118	319	318	1	0	0	0
fullCP	Purple	train	Ribo_ND_237671	431	430	1	0	0	0
fullCP	Purple	train	Ribo_ND_132919	475	474	1	0	0	0
fullCP	Purple	train	Ribo_ND_129240	397	396	1	0	0	0
fullCP	Purple	train	Ribo_ND_370427	399	398	1	0	0	0
fullCP	Purple	train	Ribo_ND_028774	411	410	1	0	0	0
fullCP	Purple	train	Ribo_ND_101960	429	428	1	0	0	0
fullCP	Purple	train	Ribo_ND_156478	454	453	1	0	0	0
fullCP	Purple	train	Ribo_ND_348995	378	377	1	0	0	0
fullCP	Purple	train	Ribo_ND_224267	439	438	1	0	0	0
fullCP	Purple	train	Ribo_JAAOEH010003334.1	441	440	1	0	0	0
fullCP	Purple	train	Ribo_ND_025327	400	399	1	0	0	0
fullCP	Purple	train	Ribo_ND_029406	426	425	1	0	0	0
fullCP	Purple	train	Ribo_ND_166489	376	375	1	0	0	0
fullCP	Purple	train	Ribo_ND_326772	422	421	1	0	0	0
fullCP	Purple	train	Ribo_ND_095564	493	492	1	0	0	0
fullCP	Purple	train	Ribo_ND_389843	471	470	1	0	0	0
fullCP	Purple	train	Ribo_ND_381586	414	413	1	0	0	0
fullCP	Purple	train	Ribo_JAAOEH010001272.1	519	518	1	0	0	0
fullCP	Purple	train	Ribo_ND_355772	378	377	1	0	0	0
fullCP	Purple	train	Ribo_ND_055821	403	402	1	0	0	0
fullCP	Purple	train	Ribo_ND_387581	349	348	1	0	0	0
fullCP	Purple	train	Ribo_ND_292487	343	342	1	0	0	0
fullCP	Purple	train	Ribo_Ga0187796_1206930	450	449	1	0	0	0
fullCP	Purple	train	Ribo_ND_256267	378	377	1	0	0	0
fullCP	Purple	train	Ribo_ND_092889	450	449	1	0	0	0
fullCP	Purple	train	Ribo_ND_137595	414	413	1	0	0	0
fullCP	Purple	train	Ribo_ND_163344	415	414	1	0	0	0
fullCP	Purple	train	Ribo_JAAOEH010001830.1	431	430	1	0	0	0
fullCP	Purple	train	Ribo_ND_082205	352	351	1	0	0	0
fullCP	Purple	train	Ribo_ND_276222	371	370	1	0	0	0
fullCP	Purple	train	Ribo_ND_251123	469	468	1	0	0	0
fullCP	Purple	train	Ribo_ND_066692	453	452	1	0	0	0
fullCP	Purple	train	Ribo_ND_113214	398	397	1	0	0	0
fullCP	Purple	train	Ribo_ND_239311	432	431	1	0	0	0
fullCP	Purple	train	Ribo_ND_145825	417	416	1	0	0	0
fullCP	Purple	train	Ribo_ND_251546	458	457	1	0	0	0
fullCP	Purple	train	Ribo_ND_134565	395	394	1	0	0	0
fullCP	Purple	train	Ribo_ND_028676	529	528	1	0	0	0
fullCP	Purple	train	Ribo_ND_221761	481	480	1	0	0	0
fullCP	Purple	train	Ribo_ND_029711	403	402	1	0	0	0
fullCP	Purple	train	Ribo_JAAOEH010004707.1	424	423	1	0	0	0
fullCP	Purple	train	Ribo_ND_019484	338	337	1	0	0	0
fullCP	Purple	train	Ribo_ND_127829	378	377	1	0	0	0
fullCP	Purple	train	Ribo_ND_084066	372	371	1	0	0	0
fullCP	Purple	train	Ribo_tombunoda_PlhalsV2	376	375	1	0	0	0
fullCP	Purple	train	Ribo_ND_172936	455	454	1	0	0	0
fullCP	Purple	train	Ribo_ND_044314	593	592	1	0	0	0
fullCP	Purple	train	Ribo_ND_162029	426	425	1	0	0	0
fullCP	Purple	train	Ribo_ND_117610	431	430	1	0	0	0
fullCP	Purple	train	Ribo_ND_066339	528	527	1	0	0	0
fullCP	Purple	train	Ribo_ND_054075	453	452	1	0	0	0
fullCP	Purple	train	Ribo_ND_028897	413	412	1	0	0	0
fullCP	Purple	train	Ribo_ND_025168	439	438	1	0	0	0
fullCP	Purple	train	Ribo_ND_044728	529	528	1	0	0	0
fullCP	Purple	train	Ribo_ND_043328	356	355	1	0	0	0
fullCP	Purple	train	Ribo_ND_109227	449	448	1	0	0	0
fullCP	Purple	train	Ribo_ND_025487	335	334	1	0	0	0
fullCP	Purple	train	Ribo_ND_292468	381	380	1	0	0	0
fullCP	Purple	train	Ribo_ND_133967	567	566	1	0	0	0
fullCP	Purple	train	Ribo_ND_389837	350	349	1	0	0	0
fullCP	Purple	train	Ribo_ND_156208	421	420	1	0	0	0
fullCP	Purple	train	Ribo_ND_215889	427	426	1	0	0	0
fullCP	Purple	train	Ribo_ND_276198	382	381	1	0	0	0
fullCP	Purple	train	Ribo_ND_030439	513	512	1	0	0	0
fullCP	Purple	train	Ribo_JAAOEH010001918.1	415	414	1	0	0	0
fullCP	Purple	train	Ribo_ND_096611	451	450	1	0	0	0
fullCP	Purple	train	Ribo_tomREF_NC_003633	455	454	1	0	0	0
fullCP	Purple	train	Ribo_ND_319688	423	422	1	0	0	0
fullCP	Purple	train	Ribo_ND_391471	532	531	1	0	0	0
fullCP	Purple	train	Ribo_ND_026159	320	319	1	0	0	0
fullCP	Purple	train	Ribo_ND_347420	373	372	1	0	0	0
fullCP	Purple	train	Ribo_ND_085676	652	651	1	0	0	0
fullCP	Purple	train	Ribo_ND_115280	454	453	1	0	0	0
fullCP	Purple	train	Ribo_ND_129610	439	438	1	0	0	0
fullCP	Purple	train	Ribo_ND_082594	421	420	1	0	0	0
fullCP	Purple	train	Ribo_ND_344529	335	334	1	0	0	0
fullCP	Purple	train	Ribo_ND_282038	394	393	1	0	0	0
fullCP	Purple	train	Ribo_ND_084751	417	416	1	0	0	0
fullCP	Purple	train	Ribo_ND_104666	443	442	1	0	0	0
fullCP	Purple	train	Ribo_ND_100474	354	353	1	0	0	0
fullCP	Purple	train	Ribo_ND_112150	414	413	1	0	0	0
fullCP	Purple	train	Ribo_tomREF_NC_023339	389	388	1	0	0	0
fullCP	Purple	train	Ribo_ND_024858	468	467	1	0	0	0
fullCP	Purple	train	Ribo_ND_284819	632	631	1	0	0	0
fullCP	Purple	train	Ribo_ND_085733	345	344	1	0	0	0
fullCP	Purple	train	Ribo_ND_249226	347	346	1	0	0	0
fullCP	Purple	train	Ribo_ND_381701	422	421	1	0	0	0
fullCP	Purple	train	Ribo_ND_327486	443	442	1	0	0	0
fullCP	Purple	train	Ribo_ND_166810	425	424	1	0	0	0
fullCP	Purple	train	Ribo_ND_095265	326	325	1	0	0	0
fullCP	Purple	train	Ribo_ND_030149	420	419	1	0	0	0
fullCP	Purple	train	Ribo_ND_370405	515	514	1	0	0	0
fullCP	Purple	train	Ribo_ND_028684	500	499	1	0	0	0
fullCP	Purple	train	Ribo_ND_221227	428	427	1	0	0	0
fullCP	Purple	train	Ribo_ND_391490	351	350	1	0	0	0
fullCP	Purple	train	Ribo_ND_132962	468	467	1	0	0	0
fullCP	Purple	train	Ribo_ND_073926	427	426	1	0	0	0
fullCP	Purple	train	Ribo_ND_028878	420	419	1	0	0	0
fullCP	Purple	train	Ribo_ND_143535	447	446	1	0	0	0
fullCP	Purple	train	Ribo_ND_230750	378	377	1	0	0	0
fullCP	Purple	train	Ribo_ND_030353	447	446	1	0	0	0
fullCP	Purple	train	Ribo_ND_161323	427	426	1	0	0	0
fullCP	Purple	train	Ribo_ND_094068	422	421	1	0	0	0
fullCP	Purple	train	Ribo_ND_054718	484	483	1	0	0	0
fullCP	Purple	train	Ribo_ND_102429	380	379	1	0	0	0
fullCP	Purple	train	Ribo_ND_365497	435	434	1	0	0	0
fullCP	Purple	train	Ribo_ND_025213	484	483	1	0	0	0
fullCP	Purple	train	Ribo_ND_185405	526	525	1	0	0	0
fullCP	Purple	train	Ribo_ND_181904	480	479	1	0	0	0
fullCP	Purple	train	Ribo_ND_070705	358	357	1	0	0	0
fullCP	Purple	train	Ribo_ND_221979	564	563	1	0	0	0
fullCP	Purple	train	Ribo_ND_187628	463	462	1	0	0	0
fullCP	Purple	train	Ribo_ND_113432	430	429	1	0	0	0
fullCP	Purple	train	Ribo_ND_166546	405	404	1	0	0	0
fullCP	Purple	train	Ribo_ND_155710	430	429	1	0	0	0
fullCP	Purple	train	Ribo_ND_096037	361	360	1	0	0	0
fullCP	Purple	train	Ribo_ND_118715	445	444	1	0	0	0
fullCP	Purple	train	Ribo_ND_358063	448	447	1	0	0	0
fullCP	Purple	train	Ribo_ND_030540	427	426	1	0	0	0
fullCP	Purple	train	Ribo_JAAOEH010001932.1	475	474	1	0	0	0
fullCP	Purple	train	Ribo_ND_391476	406	405	1	0	0	0
fullCP	Purple	train	Ribo_ND_129009	515	514	1	0	0	0
fullCP	Purple	train	Ribo_ND_087716	409	408	1	0	0	0
fullCP	Purple	train	Ribo_ND_066079	475	474	1	0	0	0
fullCP	Purple	train	Ribo_ND_101966	421	420	1	0	0	0
fullCP	Purple	train	Ribo_ND_121570	437	436	1	0	0	0
fullCP	Purple	train	Ribo_ND_157660	385	384	1	0	0	0
fullCP	Purple	train	Ribo_ND_024416	501	500	1	0	0	0
fullCP	Purple	train	Ribo_ND_306663	332	331	1	0	0	0
fullCP	Purple	train	Ribo_ND_106338	510	509	1	0	0	0
fullCP	Purple	train	Ribo_ND_042233	415	414	1	0	0	0
fullCP	Purple	train	Ribo_ND_209718	457	456	1	0	0	0
fullCP	Purple	train	Ribo_ND_095624	579	578	1	0	0	0
fullCP	Purple	train	Ribo_ND_166424	457	456	1	0	0	0
fullCP	Purple	train	Ribo_ND_181386	551	550	1	0	0	0
fullCP	Purple	train	Ribo_ND_390213	423	422	1	0	0	0
fullCP	Purple	train	Ribo_ND_281671	457	456	1	0	0	0
fullCP	Purple	train	Ribo_ND_094177	392	391	1	0	0	0
fullCP	Purple	train	Ribo_ND_187973	417	416	1	0	0	0
fullCP	Purple	train	Ribo_NC_033187	352	351	1	0	0	0
fullCP	Purple	train	Ribo_ND_381553	472	471	1	0	0	0
fullCP	Purple	train	Ribo_ND_107592	434	433	1	0	0	0
fullCP	Purple	train	Ribo_ND_024293	462	461	1	0	0	0
fullCP	Purple	train	Ribo_ND_025491	474	473	1	0	0	0
fullCP	Purple	train	Ribo_ND_155687	427	426	1	0	0	0
fullCP	Purple	train	Ribo_JAAOEH010004908.1	432	431	1	0	0	0
fullCP	Purple	train	Ribo_ND_166650	442	441	1	0	0	0
fullCP	Purple	train	Ribo_ND_115393	433	432	1	0	0	0
fullCP	Purple	train	Ribo_ND_108364	427	426	1	0	0	0
fullCP	Purple	train	Ribo_ND_162995	353	352	1	0	0	0
fullCP	Purple	train	Ribo_ND_161363	524	523	1	0	0	0
fullCP	Purple	train	Ribo_ND_389147	383	382	1	0	0	0
fullCP	Purple	train	Ribo_ND_309034	416	415	1	0	0	0
fullCP	Purple	train	Ribo_ND_282993	416	415	1	0	0	0
fullCP	Purple	train	Ribo_ND_030162	429	428	1	0	0	0
fullCP	Purple	train	Ribo_ND_165277	517	516	1	0	0	0
fullCP	Purple	train	Ribo_ND_249718	397	396	1	0	0	0
fullCP	Purple	train	Ribo_ND_019145	438	437	1	0	0	0
fullCP	Purple	train	Ribo_ND_338439	338	337	1	0	0	0
fullCP	Purple	train	Ribo_ND_233410	375	374	1	0	0	0
fullCP	Purple	train	Ribo_ND_141117	451	450	1	0	0	0
fullCP	Purple	train	Ribo_ND_089888	386	385	1	0	0	0
fullCP	Purple	train	Ribo_ND_120879	382	381	1	0	0	0
fullCP	Purple	train	Ribo_ND_126269	516	515	1	0	0	0
fullCP	Purple	train	Ribo_ND_025544	515	514	1	0	0	0
fullCP	Purple	train	Ribo_ND_249710	427	426	1	0	0	0
fullCP	Purple	train	Ribo_ND_327198	362	361	1	0	0	0
fullCP	Purple	train	Ribo_ND_025117	538	537	1	0	0	0
fullCP	Purple	train	Ribo_ND_389814	380	379	1	0	0	0
fullCP	Purple	train	Ribo_ND_061784	393	392	1	0	0	0
fullCP	Purple	train	Ribo_ND_290258	427	426	1	0	0	0
fullCP	Purple	train	Ribo_ND_159691	465	464	1	0	0	0
fullCP	Purple	train	Ribo_ND_029504	409	408	1	0	0	0
fullCP	Purple	train	Ribo_ND_237656	593	592	1	0	0	0
fullCP	Purple	train	Ribo_MT138147_clostero-likeRdRp_translation	419	418	1	0	0	0
fullCP	Purple	train	Ribo_ND_119547	430	429	1	0	0	0
fullCP	Purple	train	Ribo_ND_015684	345	344	1	0	0	0
fullCP	Purple	train	Ribo_ND_162284	411	410	1	0	0	0
fullCP	Purple	train	Ribo_ND_190325	470	469	1	0	0	0
fullCP	Purple	train	Ribo_ND_105005	449	448	1	0	0	0
fullCP	Purple	train	Ribo_ND_386283	418	417	1	0	0	0
fullCP	Purple	train	Ribo_ND_107694	428	427	1	0	0	0
fullCP	Purple	train	Ribo_ND_030196	372	371	1	0	0	0
fullCP	Purple	train	Ribo_ND_251219	433	432	1	0	0	0
fullCP	Purple	train	Ribo_ND_117606	438	437	1	0	0	0
fullCP	Purple	train	Ribo_ND_164984	444	443	1	0	0	0
fullCP	Purple	train	Ribo_ND_029646	441	440	1	0	0	0
fullCP	Purple	train	Ribo_ND_299981	427	426	1	0	0	0
fullCP	Purple	train	Ribo_ND_069102	420	419	1	0	0	0
fullCP	Purple	train	Ribo_ND_370409	360	359	1	0	0	0
fullCP	Purple	train	Ribo_ND_046841	419	418	1	0	0	0
fullCP	Purple	train	Ribo_ND_385092	590	589	1	0	0	0
fullCP	Purple	train	Ribo_ND_122974	441	440	1	0	0	0
fullCP	Purple	train	Ribo_ND_135121	411	410	1	0	0	0
fullCP	Purple	train	Ribo_ND_166745	437	436	1	0	0	0
fullCP	Purple	train	Ribo_ND_114912	382	381	1	0	0	0
fullCP	Purple	train	Ribo_ND_386710	422	421	1	0	0	0
fullCP	Purple	train	Ribo_ND_025035	481	480	1	0	0	0
fullCP	Purple	train	Ribo_ND_249723	436	435	1	0	0	0
fullCP	Purple	train	Ribo_ND_172616	378	377	1	0	0	0
fullCP	Purple	train	Ribo_ND_017058	379	378	1	0	0	0
fullCP	Purple	train	Ribo_ND_379831	545	544	1	0	0	0
fullCP	Purple	train	Ribo_ND_388274	597	596	1	0	0	0
fullCP	Purple	train	Ribo_ND_184896	459	458	1	0	0	0
fullCP	Purple	train	Ribo_ND_363032	421	420	1	0	0	0
fullCP	Purple	train	Ribo_ND_270988	405	404	1	0	0	0
fullCP	Purple	train	Ribo_ND_327359	373	372	1	0	0	0
fullCP	Purple	train	Ribo_ND_304209	448	447	1	0	0	0
fullCP	Purple	train	Ribo_ND_025456	518	517	1	0	0	0
fullCP	Purple	train	Ribo_ND_203486	457	456	1	0	0	0
fullCP	Purple	train	Ribo_ND_125556	318	317	1	0	0	0
fullCP	Purple	train	Ribo_ND_138350	562	561	1	0	0	0
fullCP	Purple	train	Ribo_ND_094357	339	338	1	0	0	0
fullCP	Purple	train	Ribo_ND_135180	387	386	1	0	0	0
fullCP	Purple	train	Ribo_ND_223996	431	430	1	0	0	0
fullCP	Purple	train	Ribo_ND_108539	309	308	1	0	0	0
fullCP	Purple	train	Ribo_ND_162049	448	447	1	0	0	0
fullCP	Purple	train	Ribo_ND_030247	452	451	1	0	0	0
fullCP	Purple	train	Ribo_ND_067073	433	432	1	0	0	0
fullCP	Purple	train	Ribo_tomREF_NC_007733	352	351	1	0	0	0
fullCP	Purple	train	Ribo_ND_025262	487	486	1	0	0	0
fullCP	Purple	train	Ribo_ND_030491	437	436	1	0	0	0
fullCP	Purple	train	Ribo_ND_183764	490	489	1	0	0	0
fullCP	Purple	train	Ribo_ND_187623	419	418	1	0	0	0
fullCP	Purple	train	Ribo_ND_202743	485	484	1	0	0	0
fullCP	Purple	train	Ribo_ND_166391	397	396	1	0	0	0
fullCP	Purple	train	Ribo_ND_105690	455	454	1	0	0	0
fullCP	Purple	train	Ribo_ND_114564	436	435	1	0	0	0
fullCP	Purple	train	Ribo_ND_344454	433	432	1	0	0	0
fullCP	Purple	train	Ribo_ND_391228	350	349	1	0	0	0
fullCP	Purple	train	Ribo_ND_102609	325	324	1	0	0	0
fullCP	Purple	train	Ribo_ND_370444	479	478	1	0	0	0
fullCP	Purple	train	Ribo_ND_180439	375	374	1	0	0	0
fullCP	Purple	train	Ribo_ND_082950	426	425	1	0	0	0
fullCP	Purple	train	Ribo_JAAOEH010004042.1	432	431	1	0	0	0
fullCP	Purple	train	Ribo_ND_081609	478	477	1	0	0	0
fullCP	Purple	train	Ribo_ND_025998	384	383	1	0	0	0
fullCP	Purple	train	Ribo_ND_029528	351	350	1	0	0	0
fullCP	Purple	train	Ribo_ND_099921	417	416	1	0	0	0
fullCP	Purple	test	Cruci_CruV_488	653	652	1	0	0	0
fullCP	Purple	test	Cruci_CruV_232	602	601	1	0	0	0
fullCP	Purple	test	Cruci_CruV_237	601	600	1	0	0	0
fullCP	Purple	test	Cruci_CruV_382	600	599	1	0	0	0
fullCP	Purple	test	Cruci_PB_KX388516	594	593	1	0	0	0
fullCP	Purple	test	Cruci_CruV_376	593	592	1	0	0	0
fullCP	Purple	test	Cruci_PB_KX388503	590	589	1	0	0	0
fullCP	Purple	test	Cruci_CruV_365	586	585	1	0	0	0
fullCP	Purple	test	Cruci_CruV_495	585	584	1	0	0	0
fullCP	Purple	test	Cruci_CruV_313	584	583	1	0	0	0
fullCP	Purple	test	Cruci_CruV_220	578	577	1	0	0	0
fullCP	Purple	test	Cruci_CruCGE-562	574	573	1	0	0	0
fullCP	Purple	test	Cruci_CruV_355	573	572	1	0	0	0
fullCP	Purple	test	Cruci_CruV_125	570	569	1	0	0	0
fullCP	Purple	test	Cruci_CruV_172	566	565	1	0	0	0
fullCP	Purple	test	Cruci_CruV_322	566	565	1	0	0	0
fullCP	Purple	test	Cruci_CruV_323	566	565	1	0	0	0
fullCP	Purple	test	Cruci_CruV_324	566	565	1	0	0	0
fullCP	Purple	test	Cruci_CruV_400	566	565	1	0	0	0
fullCP	Purple	test	Cruci_PB_KX388502	564	563	1	0	0	0
fullCP	Purple	test	Cruci_CruV_368	563	562	1	0	0	0
fullCP	Purple	test	Cruci_CruV_418	561	560	1	0	0	0
fullCP	Purple	test	Cruci_CruV_219	560	559	1	0	0	0
fullCP	Purple	test	Cruci_CruV_408	558	557	1	0	0	0
fullCP	Purple	test	Cruci_CruV_194	553	552	1	0	0	0
fullCP	Purple	test	Cruci_CruV_185	552	551	1	0	0	0
fullCP	Purple	test	Cruci_CruV_520	549	548	1	0	0	0
fullCP	Purple	test	Cruci_CruV_300	545	544	1	0	0	0
fullCP	Purple	test	Cruci_CruV_391	543	542	1	0	0	0
fullCP	Purple	test	Cruci_CruV_274	542	541	1	0	0	0
fullCP	Purple	test	Cruci_CruV_309	541	540	1	0	0	0
fullCP	Purple	test	Cruci_CruV_310	541	540	1	0	0	0
fullCP	Purple	test	Cruci_CruV_311	541	540	1	0	0	0
fullCP	Purple	test	Cruci_CruV_240	540	539	1	0	0	0
fullCP	Purple	test	Cruci_CruV_288	539	538	1	0	0	0
fullCP	Purple	test	Cruci_CruV_305	536	535	1	0	0	0
fullCP	Purple	test	Cruci_Ariz_MW697558	535	534	1	0	0	0
fullCP	Purple	test	Cruci_CruV_297	531	530	1	0	0	0
fullCP	Purple	test	Cruci_CruV_135	530	529	1	0	0	0
fullCP	Purple	test	Cruci_CruV_186	528	527	1	0	0	0
fullCP	Purple	test	Cruci_CruV_183	527	526	1	0	0	0
fullCP	Purple	test	Cruci_CruV_99	526	525	1	0	0	0
fullCP	Purple	test	Cruci_CruV_301	523	522	1	0	0	0
fullCP	Purple	test	Cruci_CruV_304	523	522	1	0	0	0
fullCP	Purple	test	Cruci_CruV_163	522	521	1	0	0	0
fullCP	Purple	test	Cruci_CruV-788	520	519	1	0	0	0
fullCP	Purple	test	Cruci_CruV_524	519	518	1	0	0	0
fullCP	Purple	test	Cruci_CruV_174	517	516	1	0	0	0
fullCP	Purple	test	Cruci_CruV_175	517	516	1	0	0	0
fullCP	Purple	test	Cruci_Schm_JAMFLK010001745_circular	516	515	1	0	0	0
fullCP	Purple	test	Cruci_Ariz_MW697554	515	514	1	0	0	0
fullCP	Purple	test	Cruci_CruV_247	513	512	1	0	0	0
fullCP	Purple	test	Cruci_CruV_266	511	510	1	0	0	0
fullCP	Purple	test	Cruci_CruV_390	510	509	1	0	0	0
fullCP	Purple	test	Cruci_CruV_373	509	508	1	0	0	0
fullCP	Purple	test	Cruci_Tisza_MK012518.1	509	508	1	0	0	0
fullCP	Purple	test	Cruci_CruV_213	508	507	1	0	0	0
fullCP	Purple	test	Cruci_Tisza_MH617557.1	508	507	1	0	0	0
fullCP	Purple	test	Cruci_CruV_243	506	505	1	0	0	0
fullCP	Purple	test	Cruci_CruV_245	506	505	1	0	0	0
fullCP	Purple	test	Cruci_CruV_264	506	505	1	0	0	0
fullCP	Purple	test	Cruci_CruV_276	506	505	1	0	0	0
fullCP	Purple	test	Cruci_CruV_278	506	505	1	0	0	0
fullCP	Purple	test	Cruci_CruV_361	506	505	1	0	0	0
fullCP	Purple	test	Cruci_CruV_424	505	504	1	0	0	0
fullCP	Purple	test	Cruci_CruV_192	503	502	1	0	0	0
fullCP	Purple	test	Cruci_CruV_92	501	500	1	0	0	0
fullCP	Purple	test	Cruci_CruV_384	499	498	1	0	0	0
fullCP	Purple	test	Cruci_CruV_494	499	498	1	0	0	0
fullCP	Purple	test	Cruci_CruV_525	498	497	1	0	0	0
fullCP	Purple	test	Cruci_CruV_386	494	493	1	0	0	0
fullCP	Purple	test	Cruci_CruV_258	493	492	1	0	0	0
fullCP	Purple	test	Cruci_CruV_481	493	492	1	0	0	0
fullCP	Purple	test	Cruci_CruV_275	492	491	1	0	0	0
fullCP	Purple	test	Cruci_CruV_340	492	491	1	0	0	0
fullCP	Purple	test	Cruci_CruV_535	492	491	1	0	0	0
fullCP	Purple	test	Cruci_PB_KX388494	492	491	1	0	0	0
fullCP	Purple	test	Cruci_PB_KX388521	490	489	1	0	0	0
fullCP	Purple	test	Cruci_PB_KX388522	490	489	1	0	0	0
fullCP	Purple	test	Cruci_PB_KX388524	490	489	1	0	0	0
fullCP	Purple	test	Cruci_PB_KX388525	490	489	1	0	0	0
fullCP	Purple	test	Cruci_PB_KX388526	490	489	1	0	0	0
fullCP	Purple	test	Cruci_CruV_429	488	487	1	0	0	0
fullCP	Purple	test	Cruci_CruV_521	488	487	1	0	0	0
fullCP	Purple	test	Cruci_CruV_95	486	485	1	0	0	0
fullCP	Purple	test	Cruci_CruV-607	486	484	2	0	0	0
fullCP	Purple	test	Cruci_CruV_246	484	483	1	0	0	0
fullCP	Purple	test	Cruci_CruV_293	484	483	1	0	0	0
fullCP	Purple	test	Cruci_PB_KX388517	484	483	1	0	0	0
fullCP	Purple	test	Cruci_PB_KX388518	484	483	1	0	0	0
fullCP	Purple	test	Cruci_CruV_537	482	481	1	0	0	0
fullCP	Purple	test	Cruci_PB_KX388523	482	481	1	0	0	0
fullCP	Purple	test	Cruci_CruV_468	479	478	1	0	0	0
fullCP	Purple	test	Cruci_PB_KX388508	479	478	1	0	0	0
fullCP	Purple	test	Cruci_Tisza_MH617070.1	479	478	1	0	0	0
fullCP	Purple	test	Cruci_CruV_207	478	477	1	0	0	0
fullCP	Purple	test	Cruci_CruV_195	477	476	1	0	0	0
fullCP	Purple	test	Cruci_CruV_479	475	474	1	0	0	0
fullCP	Purple	test	Cruci_CruV_131	474	473	1	0	0	0
fullCP	Purple	test	Cruci_CruV_146	473	472	1	0	0	0
fullCP	Purple	test	Cruci_CruV_147	473	472	1	0	0	0
fullCP	Purple	test	Cruci_CruV_148	473	472	1	0	0	0
fullCP	Purple	test	Cruci_CruV_152	473	472	1	0	0	0
fullCP	Purple	test	Cruci_CruV_443	473	472	1	0	0	0
fullCP	Purple	test	Cruci_CruV_534	473	472	1	0	0	0
fullCP	Purple	test	Cruci_CruV_93	472	471	1	0	0	0
fullCP	Purple	test	Cruci_CruV_143	472	471	1	0	0	0
fullCP	Purple	test	Cruci_CruV_229	472	471	1	0	0	0
fullCP	Purple	test	Cruci_CruV_249	471	470	1	0	0	0
fullCP	Purple	test	Cruci_CruV_441	471	470	1	0	0	0
fullCP	Purple	test	Cruci_CruV_142	470	469	1	0	0	0
fullCP	Purple	test	Cruci_Tisza_MH617326.1	470	469	1	0	0	0
fullCP	Purple	test	Cruci_CruV_173	469	468	1	0	0	0
fullCP	Purple	test	Cruci_CruV_127	468	467	1	0	0	0
fullCP	Purple	test	Cruci_CruV_257	468	467	1	0	0	0
fullCP	Purple	test	Cruci_CruV_261	468	467	1	0	0	0
fullCP	Purple	test	Cruci_CruV_316	468	467	1	0	0	0
fullCP	Purple	test	Cruci_CruV_329	468	467	1	0	0	0
fullCP	Purple	test	Cruci_CruV_371	468	467	1	0	0	0
fullCP	Purple	test	Cruci_CruV_372	468	467	1	0	0	0
fullCP	Purple	test	Cruci_CruV_294	467	466	1	0	0	0
fullCP	Purple	test	Cruci_CruV_120	466	465	1	0	0	0
fullCP	Purple	test	Cruci_CruV_290	466	465	1	0	0	0
fullCP	Purple	test	Cruci_CruCGE_110	465	464	1	0	0	0
fullCP	Purple	test	Cruci_CruV_209	465	464	1	0	0	0
fullCP	Purple	test	Cruci_CruV_270	465	464	1	0	0	0
fullCP	Purple	test	Cruci_Oys_GWHBFST00001471_circ	465	464	1	0	0	0
fullCP	Purple	test	Cruci_PB_KX388507	465	464	1	0	0	0
fullCP	Purple	test	Cruci_chiv_Airborne_RD1_contig10	464	463	1	0	0	0
fullCP	Purple	test	Cruci_CruV_241	464	463	1	0	0	0
fullCP	Purple	test	Cruci_CruV_312	464	463	1	0	0	0
fullCP	Purple	test	Cruci_CruV_419	464	463	1	0	0	0
fullCP	Purple	test	Cruci_chiv_RW_Nursery_DNA_contig62	463	462	1	0	0	0
fullCP	Purple	test	Cruci_CruV_140	463	462	1	0	0	0
fullCP	Purple	test	Cruci_CruV_387	463	462	1	0	0	0
fullCP	Purple	test	Cruci_CruV_431	463	462	1	0	0	0
fullCP	Purple	test	Cruci_CruV_518	463	462	1	0	0	0
fullCP	Purple	test	Cruci_CruV_129	462	461	1	0	0	0
fullCP	Purple	test	Cruci_CruV_178	462	461	1	0	0	0
fullCP	Purple	test	Cruci_CruV_279	462	461	1	0	0	0
fullCP	Purple	test	Cruci_CruV_411	462	461	1	0	0	0
fullCP	Purple	test	Cruci_CruV_151	461	460	1	0	0	0
fullCP	Purple	test	Cruci_CruV_308	461	460	1	0	0	0
fullCP	Purple	test	Cruci_CruV_461	461	460	1	0	0	0
fullCP	Purple	test	Cruci_CruV_428	460	459	1	0	0	0
fullCP	Purple	test	Cruci_CruV_510	460	459	1	0	0	0
fullCP	Purple	test	Cruci_PB_KX388519	460	459	1	0	0	0
fullCP	Purple	test	Cruci_Tisza_MH617001.1	460	459	1	0	0	0
fullCP	Purple	test	Cruci_chiv_Lake_Bourget_contig37546	459	458	1	0	0	0
fullCP	Purple	test	Cruci_CruV_379	459	458	1	0	0	0
fullCP	Purple	test	Cruci_CruV_404	459	458	1	0	0	0
fullCP	Purple	test	Cruci_PB_KX388505	459	458	1	0	0	0
fullCP	Purple	test	Cruci_PB_KX388520	459	458	1	0	0	0
fullCP	Purple	test	Cruci_CruV_339	458	457	1	0	0	0
fullCP	Purple	test	Cruci_CruV_360	458	457	1	0	0	0
fullCP	Purple	test	Cruci_CruV_394	458	457	1	0	0	0
fullCP	Purple	test	Cruci_CruCGE-610	457	456	1	0	0	0
fullCP	Purple	test	Cruci_CruV_97	457	456	1	0	0	0
fullCP	Purple	test	Cruci_CruV_108	457	456	1	0	0	0
fullCP	Purple	test	Cruci_CruV_389	457	456	1	0	0	0
fullCP	Purple	test	Cruci_CruV_90	456	455	1	0	0	0
fullCP	Purple	test	Cruci_CruV_91	456	455	1	0	0	0
fullCP	Purple	test	Cruci_CruV_106	456	455	1	0	0	0
fullCP	Purple	test	Cruci_CruV_362	456	455	1	0	0	0
fullCP	Purple	test	Cruci_CruV_409	456	455	1	0	0	0
fullCP	Purple	test	Cruci_CruV_410	456	455	1	0	0	0
fullCP	Purple	test	Cruci_CruV_378	455	454	1	0	0	0
fullCP	Purple	test	Cruci_CruV_156	454	453	1	0	0	0
fullCP	Purple	test	Cruci_CruV_167	454	453	1	0	0	0
fullCP	Purple	test	Cruci_CruV_505	454	453	1	0	0	0
fullCP	Purple	test	Cruci_CruV_506	454	453	1	0	0	0
fullCP	Purple	test	Cruci_CruV_98	453	452	1	0	0	0
fullCP	Purple	test	Cruci_CruV_119	453	452	1	0	0	0
fullCP	Purple	test	Cruci_CruV_200	453	452	1	0	0	0
fullCP	Purple	test	Cruci_CruV_268	453	452	1	0	0	0
fullCP	Purple	test	Cruci_Schm_JAMFLK010002086_circular	453	452	1	0	0	0
fullCP	Purple	test	Cruci_CruV_94	452	451	1	0	0	0
fullCP	Purple	test	Cruci_CruV_202	452	451	1	0	0	0
fullCP	Purple	test	Cruci_CruV_527	452	451	1	0	0	0
fullCP	Purple	test	Cruci_CruV_528	452	451	1	0	0	0
fullCP	Purple	test	Cruci_CruV_102	451	450	1	0	0	0
fullCP	Purple	test	Cruci_CruV_153	451	450	1	0	0	0
fullCP	Purple	test	Cruci_CruV_100	450	449	1	0	0	0
fullCP	Purple	test	Cruci_CruV_357	450	449	1	0	0	0
fullCP	Purple	test	Cruci_PB_KX388510	450	449	1	0	0	0
fullCP	Purple	test	Cruci_CruV_116	449	448	1	0	0	0
fullCP	Purple	test	Cruci_CruV_420	449	448	1	0	0	0
fullCP	Purple	test	Cruci_CruV_179	448	447	1	0	0	0
fullCP	Purple	test	Cruci_CruV_180	448	447	1	0	0	0
fullCP	Purple	test	Cruci_CruV_196	448	447	1	0	0	0
fullCP	Purple	test	Cruci_CruV_210	448	447	1	0	0	0
fullCP	Purple	test	Cruci_CruV_211	448	447	1	0	0	0
fullCP	Purple	test	Cruci_CruV_234	448	447	1	0	0	0
fullCP	Purple	test	Cruci_CruV_149	447	446	1	0	0	0
fullCP	Purple	test	Cruci_CruV_504	447	446	1	0	0	0
fullCP	Purple	test	Cruci_CruV_188	446	445	1	0	0	0
fullCP	Purple	test	Cruci_CruV_265	446	445	1	0	0	0
fullCP	Purple	test	Cruci_PB_KX388509	446	445	1	0	0	0
fullCP	Purple	test	Cruci_CruV_122	445	444	1	0	0	0
fullCP	Purple	test	Cruci_CruV_250	445	444	1	0	0	0
fullCP	Purple	test	Cruci_CruV_251	445	444	1	0	0	0
fullCP	Purple	test	Cruci_CruCGE_85	444	443	1	0	0	0
fullCP	Purple	test	Cruci_CruV_134	443	442	1	0	0	0
fullCP	Purple	test	Cruci_CruV_138	443	442	1	0	0	0
fullCP	Purple	test	Cruci_CruV_141	443	442	1	0	0	0
fullCP	Purple	test	Cruci_CruV-824	441	440	1	0	0	0
fullCP	Purple	test	Cruci_chiv_Airborne_IC2_contig9	440	439	1	0	0	0
fullCP	Purple	test	Cruci_CruV_224	438	437	1	0	0	0
fullCP	Purple	test	Cruci_CruV_507	438	437	1	0	0	0
fullCP	Purple	test	Cruci_muss_OR270671	438	437	1	0	0	0
fullCP	Purple	test	Cruci_CruV_132	437	436	1	0	0	0
fullCP	Purple	test	Cruci_Ariz_MW697623	436	435	1	0	0	0
fullCP	Purple	test	Cruci_CruV_81	436	435	1	0	0	0
fullCP	Purple	test	Cruci_CruV_86	436	435	1	0	0	0
fullCP	Purple	test	Cruci_CruV_112	435	434	1	0	0	0
fullCP	Purple	test	Cruci_CruV_492	433	432	1	0	0	0
fullCP	Purple	test	Cruci_CruV_130	432	431	1	0	0	0
fullCP	Purple	test	Cruci_CruV_490	431	430	1	0	0	0
fullCP	Purple	test	Cruci_CruV_467	429	428	1	0	0	0
fullCP	Purple	test	Cruci_CruV_487	429	428	1	0	0	0
fullCP	Purple	test	Cruci_CruV_168	428	427	1	0	0	0
fullCP	Purple	test	Cruci_PB_KX388506	426	425	1	0	0	0
fullCP	Purple	test	Cruci_CruV_198	425	424	1	0	0	0
fullCP	Purple	test	Cruci_CruV_444	418	417	1	0	0	0
fullCP	Purple	test	Cruci_CruV_449	408	407	1	0	0	0
fullCP	Purple	test	Cruci_CruV-847	408	407	1	0	0	0
fullCP	Purple	test	Cruci_CruV_536	396	395	1	0	0	0
fullCP	Purple	test	Cruci_CruV_170	378	377	1	0	0	0
fullCP	Purple	test	Cruci_CruV_420	362	361	1	0	0	0
fullCP	Purple	test	Cruci_CruV_144	356	355	1	0	0	0
fullCP	Purple	test	Cruci_CruV_405	354	353	1	0	0	0
fullCP	Purple	test	Cruci_CruV_358	349	348	1	0	0	0
fullCP	Purple	test	Cruci_CruCGE-561	206	205	1	0	0	0
fullCP	Purple	test	Ribo_ND_024616	476	475	1	0	0	0
fullCP	Purple	test	Ribo_ND_024902	521	520	1	0	0	0
fullCP	Purple	test	Ribo_ND_025008	477	476	1	0	0	0
fullCP	Purple	test	Ribo_ND_096184	498	497	1	0	0	0
fullCP	Purple	test	Ribo_ND_030664	461	460	1	0	0	0
fullCP	Purple	test	Ribo_NC_032991	454	453	1	0	0	0
fullCP	Purple	test	Ribo_ND_123948	473	472	1	0	0	0
fullCP	Purple	test	Ribo_ND_182235	496	495	1	0	0	0
fullCP	Purple	test	Ribo_ND_139084	518	517	1	0	0	0
fullCP	Purple	test	Ribo_ND_267441	544	543	1	0	0	0
fullCP	Purple	test	Ribo_ND_197526	417	416	1	0	0	0
fullCP	Purple	test	Ribo_ND_095194	436	435	1	0	0	0
fullCP	Purple	test	Ribo_JAAOEH010001845.1	449	448	1	0	0	0
fullCP	Purple	test	Ribo_ND_095663	480	479	1	0	0	0
fullCP	Purple	test	Ribo_ND_246835	465	464	1	0	0	0
fullCP	Purple	test	Ribo_ND_264019	461	460	1	0	0	0
fullCP	Purple	test	Ribo_ND_118549	431	430	1	0	0	0
fullCP	Purple	test	Ribo_ND_268835	470	469	1	0	0	0
fullCP	Purple	test	Ribo_ND_046378	489	488	1	0	0	0
fullCP	Purple	test	Ribo_ND_134282	464	463	1	0	0	0
fullCP	Purple	test	Ribo_ND_251156	413	412	1	0	0	0
fullCP	Purple	test	Ribo_ND_122116	465	464	1	0	0	0
fullCP	Purple	test	Ribo_ND_249738	439	438	1	0	0	0
fullCP	Purple	test	Ribo_ND_387567	448	447	1	0	0	0
fullCP	Purple	test	Ribo_ND_203599	465	464	1	0	0	0
fullCP	Purple	test	Ribo_ND_025550	419	418	1	0	0	0
fullCP	Purple	test	Ribo_ND_115273	410	409	1	0	0	0
fullCP	Purple	test	Ribo_ND_045743	474	473	1	0	0	0
fullCP	Purple	test	Ribo_ND_024707	438	437	1	0	0	0
fullCP	Purple	test	Ribo_ND_095931	506	505	1	0	0	0
fullCP	Purple	test	Ribo_ND_112191	476	475	1	0	0	0
fullCP	Purple	test	Ribo_ND_119710	437	436	1	0	0	0
fullCP	Purple	test	Ribo_ND_025152	451	450	1	0	0	0
fullCP	Purple	test	Ribo_ND_160131	408	407	1	0	0	0
fullCP	Purple	test	Ribo_ND_097088	493	492	1	0	0	0
fullCP	Purple	test	Ribo_JAAOEH010002232.1	431	430	1	0	0	0
fullCP	Purple	test	Ribo_ND_226039	509	508	1	0	0	0
fullCP	Purple	test	Ribo_ND_096144	473	472	1	0	0	0
fullCP	Purple	test	Ribo_ND_112738	451	450	1	0	0	0
fullCP	Purple	test	Ribo_ND_184566	426	425	1	0	0	0
fullCP	Purple	test	Ribo_ND_249653	455	454	1	0	0	0
fullCP	Purple	test	Ribo_ND_156755	447	446	1	0	0	0
fullCP	Purple	test	Ribo_JAAOEH010000682.1	545	544	1	0	0	0
fullCP	Purple	test	Ribo_ND_343206	491	490	1	0	0	0
fullCP	Purple	test	Ribo_ND_114032	454	453	1	0	0	0
fullCP	Purple	test	Ribo_ND_179939	463	462	1	0	0	0
fullCP	Purple	test	Ribo_ND_198292	477	476	1	0	0	0
fullCP	Purple	test	Ribo_ND_221222	499	498	1	0	0	0
fullCP	Purple	test	Ribo_ND_210459	418	417	1	0	0	0
fullCP	Purple	test	Ribo_ND_388118	428	427	1	0	0	0
fullCP	Purple	test	Ribo_ND_025169	421	420	1	0	0	0
fullCP	Purple	test	Ribo_ND_159768	442	441	1	0	0	0
fullCP	Purple	test	Ribo_ND_037751	545	544	1	0	0	0
fullCP	Purple	test	Ribo_ND_366110	378	377	1	0	0	0
fullCP	Purple	test	Ribo_ND_182785	419	418	1	0	0	0
fullCP	Purple	test	Ribo_ND_122391	469	468	1	0	0	0
fullCP	Red	train	Cruci_CruCGE-944	779	778	1	0	0	0
fullCP	Red	train	Cruci_CruV_499	729	728	1	0	0	0
fullCP	Red	train	Cruci_CruV_502	727	726	1	0	0	0
fullCP	Red	train	Cruci_CruV_462	720	719	1	0	0	0
fullCP	Red	train	Cruci_CruV_457	712	711	1	0	0	0
fullCP	Red	train	Cruci_CruV_484	655	654	1	0	0	0
fullCP	Red	train	Cruci_CruV_406	653	652	1	0	0	0
fullCP	Red	train	Cruci_CruV_407	653	652	1	0	0	0
fullCP	Red	train	Cruci_CruV_488	653	652	1	0	0	0
fullCP	Red	train	Cruci_CruV-900	648	647	1	0	0	0
fullCP	Red	train	Cruci_CruV_516	643	642	1	0	0	0
fullCP	Red	train	Cruci_CruV_463	640	639	1	0	0	0
fullCP	Red	train	Cruci_CruV_412	632	631	1	0	0	0
fullCP	Red	train	Cruci_Ariz_MW697732	607	606	1	0	0	0
fullCP	Red	train	Cruci_CruV_486	604	603	1	0	0	0
fullCP	Red	train	Cruci_CruV_232	602	601	1	0	0	0
fullCP	Red	train	Cruci_chiv_Lake_Pavin_contig403	601	600	1	0	0	0
fullCP	Red	train	Cruci_CruV_237	601	600	1	0	0	0
fullCP	Red	train	Cruci_CruV_382	600	599	1	0	0	0
fullCP	Red	train	Cruci_PB_KX388516	594	593	1	0	0	0
fullCP	Red	train	Cruci_CruV_376	593	592	1	0	0	0
fullCP	Red	train	Cruci_CruV_508	591	590	1	0	0	0
fullCP	Red	train	Cruci_PB_KX388503	590	589	1	0	0	0
fullCP	Red	train	Cruci_CruV_470	588	587	1	0	0	0
fullCP	Red	train	Cruci_CruV_365	586	585	1	0	0	0
fullCP	Red	train	Cruci_CruV_433	585	584	1	0	0	0
fullCP	Red	train	Cruci_CruV_495	585	584	1	0	0	0
fullCP	Red	train	Cruci_CruV_313	584	583	1	0	0	0
fullCP	Red	train	Cruci_CruV_500	581	580	1	0	0	0
fullCP	Red	train	Cruci_CruV_392	580	579	1	0	0	0
fullCP	Red	train	Cruci_CruV_469	579	578	1	0	0	0
fullCP	Red	train	Cruci_CruV_220	578	577	1	0	0	0
fullCP	Red	train	Cruci_CruV_413	578	577	1	0	0	0
fullCP	Red	train	Cruci_chiv_Eukaryote_metagenome_T142_contig705	577	576	1	0	0	0
fullCP	Red	train	Cruci_chiv_Eukaryote_metagenome_T149_contig609	577	576	1	0	0	0
fullCP	Red	train	Cruci_CruV_402	577	576	1	0	0	0
fullCP	Red	train	Cruci_CruCGE-562	574	573	1	0	0	0
fullCP	Red	train	Cruci_CruV_460	574	573	1	0	0	0
fullCP	Red	train	Cruci_Schm_JAMFLK010001929_circular	574	573	1	0	0	0
fullCP	Red	train	Cruci_CruV_355	573	572	1	0	0	0
fullCP	Red	train	Cruci_muss_OR270612	572	571	1	0	0	0
fullCP	Red	train	Cruci_CruV_453	571	570	1	0	0	0
fullCP	Red	train	Cruci_CruV_454	571	570	1	0	0	0
fullCP	Red	train	Cruci_CruV_455	571	570	1	0	0	0
fullCP	Red	train	Cruci_CruV_456	571	570	1	0	0	0
fullCP	Red	train	Cruci_CruV_541	571	570	1	0	0	0
fullCP	Red	train	Cruci_CruV_125	570	569	1	0	0	0
fullCP	Red	train	Cruci_chiv_Lake_Pavin_contig15342	569	568	1	0	0	0
fullCP	Red	train	Cruci_CruV_351	568	567	1	0	0	0
fullCP	Red	train	Cruci_CruV_172	566	565	1	0	0	0
fullCP	Red	train	Cruci_CruV_322	566	565	1	0	0	0
fullCP	Red	train	Cruci_CruV_323	566	565	1	0	0	0
fullCP	Red	train	Cruci_CruV_324	566	565	1	0	0	0
fullCP	Red	train	Cruci_CruV_400	566	565	1	0	0	0
fullCP	Red	train	Cruci_chiv_Eukaryote_metagenome_T149_contig276	565	564	1	0	0	0
fullCP	Red	train	Cruci_CruV_214	565	564	1	0	0	0
fullCP	Red	train	Cruci_CruV_347	565	564	1	0	0	0
fullCP	Red	train	Cruci_Oys_GWHBFST00001923_circ	565	564	1	0	0	0
fullCP	Red	train	Cruci_Schm_JAMFLK010001378_circular	565	564	1	0	0	0
fullCP	Red	train	Cruci_CruV_526	564	563	1	0	0	0
fullCP	Red	train	Cruci_PB_KX388502	564	563	1	0	0	0
fullCP	Red	train	Cruci_CruV_287	563	562	1	0	0	0
fullCP	Red	train	Cruci_CruV_368	563	562	1	0	0	0
fullCP	Red	train	Cruci_CruV_418	561	560	1	0	0	0
fullCP	Red	train	Cruci_CruV_219	560	559	1	0	0	0
fullCP	Red	train	Cruci_CruV_408	558	557	1	0	0	0
fullCP	Red	train	Cruci_CruV_472	558	557	1	0	0	0
fullCP	Red	train	Cruci_CruV_532	556	555	1	0	0	0
fullCP	Red	train	Cruci_Ariz_MW697595	554	553	1	0	0	0
fullCP	Red	train	Cruci_CruV_194	553	552	1	0	0	0
fullCP	Red	train	Cruci_CruV_185	552	551	1	0	0	0
fullCP	Red	train	Cruci_CruV_450	552	551	1	0	0	0
fullCP	Red	train	Cruci_CruV_520	549	548	1	0	0	0
fullCP	Red	train	Cruci_Ariz_MW697566	547	546	1	0	0	0
fullCP	Red	train	Cruci_Oys_GWHBFST00002020_circ	547	546	1	0	0	0
fullCP	Red	train	Cruci_CruV_300	545	544	1	0	0	0
fullCP	Red	train	Cruci_Ariz_MW697584	543	542	1	0	0	0
fullCP	Red	train	Cruci_CruV_256	543	542	1	0	0	0
fullCP	Red	train	Cruci_CruV_391	543	542	1	0	0	0
fullCP	Red	train	Cruci_CruV_274	542	541	1	0	0	0
fullCP	Red	train	Cruci_CruV_309	541	540	1	0	0	0
fullCP	Red	train	Cruci_CruV_310	541	540	1	0	0	0
fullCP	Red	train	Cruci_CruV_311	541	540	1	0	0	0
fullCP	Red	train	Cruci_CruV_240	540	539	1	0	0	0
fullCP	Red	train	Cruci_CruV_331	540	539	1	0	0	0
fullCP	Red	train	Cruci_CruV_345	540	539	1	0	0	0
fullCP	Red	train	Cruci_CruV_393	540	539	1	0	0	0
fullCP	Red	train	Cruci_CruV_288	539	538	1	0	0	0
fullCP	Red	train	Cruci_CruCGE_82	537	536	1	0	0	0
fullCP	Red	train	Cruci_CruV_350	537	536	1	0	0	0
fullCP	Red	train	Cruci_CruV_369	537	536	1	0	0	0
fullCP	Red	train	Cruci_Ariz_MW697596	536	535	1	0	0	0
fullCP	Red	train	Cruci_CruV_305	536	535	1	0	0	0
fullCP	Red	train	Cruci_Ariz_MW697558	535	534	1	0	0	0
fullCP	Red	train	Cruci_CruV_414	532	531	1	0	0	0
fullCP	Red	train	Cruci_CruV_297	531	530	1	0	0	0
fullCP	Red	train	Cruci_CruV_336	531	530	1	0	0	0
fullCP	Red	train	Cruci_Oys_GWHBFST00000019_circ	531	530	1	0	0	0
fullCP	Red	train	Cruci_CruV_135	530	529	1	0	0	0
fullCP	Red	train	Cruci_CruV_186	528	527	1	0	0	0
fullCP	Red	train	Cruci_CruV_427	528	527	1	0	0	0
fullCP	Red	train	Cruci_CruV_183	527	526	1	0	0	0
fullCP	Red	train	Cruci_CruV_416	527	526	1	0	0	0
fullCP	Red	train	Cruci_CruV_459	527	526	1	0	0	0
fullCP	Red	train	Cruci_CruV_473	527	523	4	0	0	0
fullCP	Red	train	Cruci_CruV_475	527	526	1	0	0	0
fullCP	Red	train	Cruci_CruV_99	526	525	1	0	0	0
fullCP	Red	train	Cruci_CruV_325	526	525	1	0	0	0
fullCP	Red	train	Cruci_CruV_327	526	525	1	0	0	0
fullCP	Red	train	Cruci_Oys_GWHBFST00003133_circ	526	525	1	0	0	0
fullCP	Red	train	Cruci_CruV_298	525	524	1	0	0	0
fullCP	Red	train	Cruci_CruV_397	525	524	1	0	0	0
fullCP	Red	train	Cruci_Oys_GWHBFST00002740_circ	525	524	1	0	0	0
fullCP	Red	train	Cruci_CruCGE_436	524	523	1	0	0	0
fullCP	Red	train	Cruci_CruV_403	524	523	1	0	0	0
fullCP	Red	train	Cruci_CruV_417	524	523	1	0	0	0
fullCP	Red	train	Cruci_Oys_GWHBFST00000015_circ	524	523	1	0	0	0
fullCP	Red	train	Cruci_chiv_35_Marine_contig3	523	522	1	0	0	0
fullCP	Red	train	Cruci_CruV_301	523	522	1	0	0	0
fullCP	Red	train	Cruci_CruV_304	523	522	1	0	0	0
fullCP	Red	train	Cruci_CruV_434	523	522	1	0	0	0
fullCP	Red	train	Cruci_CruV_491	523	522	1	0	0	0
fullCP	Red	train	Cruci_CruV_163	522	521	1	0	0	0
fullCP	Red	train	Cruci_CruV_426	521	520	1	0	0	0
fullCP	Red	train	Cruci_CruV_465	521	520	1	0	0	0
fullCP	Red	train	Cruci_CruV-788	520	519	1	0	0	0
fullCP	Red	train	Cruci_CruCGE_471	519	518	1	0	0	0
fullCP	Red	train	Cruci_CruV_235	519	518	1	0	0	0
fullCP	Red	train	Cruci_CruV_396	519	518	1	0	0	0
fullCP	Red	train	Cruci_CruV_422	519	518	1	0	0	0
fullCP	Red	train	Cruci_CruV_524	519	518	1	0	0	0
fullCP	Red	train	Cruci_Tisza_MH616643.1	519	518	1	0	0	0
fullCP	Red	train	Cruci_CruV_174	517	516	1	0	0	0
fullCP	Red	train	Cruci_CruV_175	517	516	1	0	0	0
fullCP	Red	train	Cruci_CruV_244	516	515	1	0	0	0
fullCP	Red	train	Cruci_CruV_343	516	515	1	0	0	0
fullCP	Red	train	Cruci_Schm_JAMFLK010001745_circular	516	515	1	0	0	0
fullCP	Red	train	Cruci_Ariz_MW697554	515	514	1	0	0	0
fullCP	Red	train	Cruci_CruV_189	515	514	1	0	0	0
fullCP	Red	train	Cruci_CruV_247	513	512	1	0	0	0
fullCP	Red	train	Cruci_Ariz_MW697687	512	511	1	0	0	0
fullCP	Red	train	Cruci_CruCGE_533	511	510	1	0	0	0
fullCP	Red	train	Cruci_CruV_266	511	510	1	0	0	0
fullCP	Red	train	Cruci_CruV_390	510	509	1	0	0	0
fullCP	Red	train	Cruci_CruV_373	509	508	1	0	0	0
fullCP	Red	train	Cruci_CruV_474	509	508	1	0	0	0
fullCP	Red	train	Cruci_muss_OR270609	509	508	1	0	0	0
fullCP	Red	train	Cruci_Tisza_MK012518.1	509	508	1	0	0	0
fullCP	Red	train	Cruci_CruV_213	508	507	1	0	0	0
fullCP	Red	train	Cruci_Tisza_MH617557.1	508	507	1	0	0	0
fullCP	Red	train	Cruci_CruV_252	507	506	1	0	0	0
fullCP	Red	train	Cruci_CruV_243	506	505	1	0	0	0
fullCP	Red	train	Cruci_CruV_245	506	505	1	0	0	0
fullCP	Red	train	Cruci_CruV_254	506	505	1	0	0	0
fullCP	Red	train	Cruci_CruV_264	506	505	1	0	0	0
fullCP	Red	train	Cruci_CruV_276	506	505	1	0	0	0
fullCP	Red	train	Cruci_CruV_278	506	505	1	0	0	0
fullCP	Red	train	Cruci_CruV_361	506	505	1	0	0	0
fullCP	Red	train	Cruci_CruV_303	505	504	1	0	0	0
fullCP	Red	train	Cruci_CruV_424	505	504	1	0	0	0
fullCP	Red	train	Cruci_CruV_480	505	504	1	0	0	0
fullCP	Red	train	Cruci_CruV_285	504	503	1	0	0	0
fullCP	Red	train	Cruci_CruV_476	504	503	1	0	0	0
fullCP	Red	train	Cruci_CruV_184	503	502	1	0	0	0
fullCP	Red	train	Cruci_CruV_192	503	502	1	0	0	0
fullCP	Red	train	Cruci_CruV_289	503	502	1	0	0	0
fullCP	Red	train	Cruci_CruV_318	502	501	1	0	0	0
fullCP	Red	train	Cruci_CruV_348	502	501	1	0	0	0
fullCP	Red	train	Cruci_CruV_92	501	500	1	0	0	0
fullCP	Red	train	Cruci_CruV_253	500	499	1	0	0	0
fullCP	Red	train	Cruci_CruV_315	500	499	1	0	0	0
fullCP	Red	train	Cruci_CruV_307	499	498	1	0	0	0
fullCP	Red	train	Cruci_CruV_342	499	498	1	0	0	0
fullCP	Red	train	Cruci_CruV_384	499	498	1	0	0	0
fullCP	Red	train	Cruci_CruV_432	499	498	1	0	0	0
fullCP	Red	train	Cruci_CruV_482	499	498	1	0	0	0
fullCP	Red	train	Cruci_CruV_494	499	498	1	0	0	0
fullCP	Red	train	Cruci_IWaV278_CircoRep	499	498	1	0	0	0
fullCP	Red	train	Cruci_CruV_525	498	497	1	0	0	0
fullCP	Red	train	Cruci_CruV_354	496	495	1	0	0	0
fullCP	Red	train	Cruci_CruV_363	494	493	1	0	0	0
fullCP	Red	train	Cruci_CruV_386	494	493	1	0	0	0
fullCP	Red	train	Cruci_CruV_258	493	492	1	0	0	0
fullCP	Red	train	Cruci_CruV_338	493	492	1	0	0	0
fullCP	Red	train	Cruci_CruV_481	493	492	1	0	0	0
fullCP	Red	train	Cruci_CruV_512	493	492	1	0	0	0
fullCP	Red	train	Cruci_CruV_275	492	491	1	0	0	0
fullCP	Red	train	Cruci_CruV_314	492	491	1	0	0	0
fullCP	Red	train	Cruci_CruV_340	492	491	1	0	0	0
fullCP	Red	train	Cruci_CruV_356	492	491	1	0	0	0
fullCP	Red	train	Cruci_CruV_535	492	491	1	0	0	0
fullCP	Red	train	Cruci_PB_KX388494	492	491	1	0	0	0
fullCP	Red	train	Cruci_CruV_302	491	490	1	0	0	0
fullCP	Red	train	Cruci_CruV_346	491	490	1	0	0	0
fullCP	Red	train	Cruci_Ariz_MW697694	490	489	1	0	0	0
fullCP	Red	train	Cruci_CruV_440	490	489	1	0	0	0
fullCP	Red	train	Cruci_CruV_496	490	489	1	0	0	0
fullCP	Red	train	Cruci_CruV_530	490	489	1	0	0	0
fullCP	Red	train	Cruci_PB_KX388521	490	489	1	0	0	0
fullCP	Red	train	Cruci_PB_KX388522	490	489	1	0	0	0
fullCP	Red	train	Cruci_PB_KX388524	490	489	1	0	0	0
fullCP	Red	train	Cruci_PB_KX388525	490	489	1	0	0	0
fullCP	Red	train	Cruci_PB_KX388526	490	489	1	0	0	0
fullCP	Red	train	Cruci_CruV_197	489	488	1	0	0	0
fullCP	Red	train	Cruci_CruV_429	488	487	1	0	0	0
fullCP	Red	train	Cruci_CruV_519	488	487	1	0	0	0
fullCP	Red	train	Cruci_CruV_521	488	487	1	0	0	0
fullCP	Red	train	Cruci_CruV_272	487	486	1	0	0	0
fullCP	Red	train	Cruci_CruV_277	487	486	1	0	0	0
fullCP	Red	train	Cruci_CruV_281	487	486	1	0	0	0
fullCP	Red	train	Cruci_CruV_282	487	486	1	0	0	0
fullCP	Red	train	Cruci_CruV_291	487	486	1	0	0	0
fullCP	Red	train	Cruci_CruV_95	486	485	1	0	0	0
fullCP	Red	train	Cruci_CruV-607	486	484	2	0	0	0
fullCP	Red	train	Cruci_CruV_246	484	483	1	0	0	0
fullCP	Red	train	Cruci_CruV_293	484	483	1	0	0	0
fullCP	Red	train	Cruci_CruV_439	484	483	1	0	0	0
fullCP	Red	train	Cruci_CruV_446	484	483	1	0	0	0
fullCP	Red	train	Cruci_PB_KX388517	484	483	1	0	0	0
fullCP	Red	train	Cruci_PB_KX388518	484	483	1	0	0	0
fullCP	Red	train	Cruci_CruV-966	482	481	1	0	0	0
fullCP	Red	train	Cruci_CruV_537	482	481	1	0	0	0
fullCP	Red	train	Cruci_PB_KX388523	482	481	1	0	0	0
fullCP	Red	train	Cruci_Ariz_MW697557	480	479	1	0	0	0
fullCP	Red	train	Cruci_CruV_199	480	479	1	0	0	0
fullCP	Red	train	Cruci_CruV_216	480	479	1	0	0	0
fullCP	Red	train	Cruci_CruV_107	479	478	1	0	0	0
fullCP	Red	train	Cruci_CruV_177	479	478	1	0	0	0
fullCP	Red	train	Cruci_CruV_468	479	478	1	0	0	0
fullCP	Red	train	Cruci_PB_KX388508	479	478	1	0	0	0
fullCP	Red	train	Cruci_Tisza_MH617070.1	479	478	1	0	0	0
fullCP	Red	train	Cruci_CruV_101	478	477	1	0	0	0
fullCP	Red	train	Cruci_CruV_207	478	477	1	0	0	0
fullCP	Red	train	Cruci_CruV_195	477	476	1	0	0	0
fullCP	Red	train	Cruci_CruV_330	477	476	1	0	0	0
fullCP	Red	train	Cruci_CruV_489	477	476	1	0	0	0
fullCP	Red	train	Cruci_PB_KX388514	477	476	1	0	0	0
fullCP	Red	train	Cruci_Ariz_MW697564	476	475	1	0	0	0
fullCP	Red	train	Cruci_CruV_286	476	475	1	0	0	0
fullCP	Red	train	Cruci_CruV_375	476	475	1	0	0	0
fullCP	Red	train	Cruci_CruV_479	475	474	1	0	0	0
fullCP	Red	train	Cruci_Schm_JAMFLK010002076_circular	475	474	1	0	0	0
fullCP	Red	train	Cruci_CruV_131	474	473	1	0	0	0
fullCP	Red	train	Cruci_CruV_160	474	473	1	0	0	0
fullCP	Red	train	Cruci_CruCGE_296	473	472	1	0	0	0
fullCP	Red	train	Cruci_CruV_146	473	472	1	0	0	0
fullCP	Red	train	Cruci_CruV_147	473	472	1	0	0	0
fullCP	Red	train	Cruci_CruV_148	473	472	1	0	0	0
fullCP	Red	train	Cruci_CruV_152	473	472	1	0	0	0
fullCP	Red	train	Cruci_CruV_165	473	472	1	0	0	0
fullCP	Red	train	Cruci_CruV_181	473	472	1	0	0	0
fullCP	Red	train	Cruci_CruV_187	473	472	1	0	0	0
fullCP	Red	train	Cruci_CruV_273	473	472	1	0	0	0
fullCP	Red	train	Cruci_CruV_326	473	472	1	0	0	0
fullCP	Red	train	Cruci_CruV_443	473	472	1	0	0	0
fullCP	Red	train	Cruci_CruV_534	473	472	1	0	0	0
fullCP	Red	train	Cruci_Ariz_MW697583	472	471	1	0	0	0
fullCP	Red	train	Cruci_Ariz_MW697667	472	471	1	0	0	0
fullCP	Red	train	Cruci_CruV_93	472	471	1	0	0	0
fullCP	Red	train	Cruci_CruV_103	472	471	1	0	0	0
fullCP	Red	train	Cruci_CruV_143	472	471	1	0	0	0
fullCP	Red	train	Cruci_CruV_193	472	471	1	0	0	0
fullCP	Red	train	Cruci_CruV_201	472	471	1	0	0	0
fullCP	Red	train	Cruci_CruV_229	472	471	1	0	0	0
fullCP	Red	train	Cruci_CruV_230	472	471	1	0	0	0
fullCP	Red	train	Cruci_PB_KX388512	472	471	1	0	0	0
fullCP	Red	train	Cruci_CruV_191	471	470	1	0	0	0
fullCP	Red	train	Cruci_CruV_225	471	470	1	0	0	0
fullCP	Red	train	Cruci_CruV_249	471	470	1	0	0	0
fullCP	Red	train	Cruci_CruV_441	471	470	1	0	0	0
fullCP	Red	train	Cruci_CruV_142	470	469	1	0	0	0
fullCP	Red	train	Cruci_CruV_228	470	469	1	0	0	0
fullCP	Red	train	Cruci_Tisza_MH617326.1	470	469	1	0	0	0
fullCP	Red	train	Cruci_CruV_136	469	468	1	0	0	0
fullCP	Red	train	Cruci_CruV_173	469	468	1	0	0	0
fullCP	Red	train	Cruci_CruV_299	469	468	1	0	0	0
fullCP	Red	train	Cruci_CruV_127	468	467	1	0	0	0
fullCP	Red	train	Cruci_CruV_257	468	467	1	0	0	0
fullCP	Red	train	Cruci_CruV_261	468	467	1	0	0	0
fullCP	Red	train	Cruci_CruV_316	468	467	1	0	0	0
fullCP	Red	train	Cruci_CruV_329	468	467	1	0	0	0
fullCP	Red	train	Cruci_CruV_371	468	467	1	0	0	0
fullCP	Red	train	Cruci_CruV_372	468	467	1	0	0	0
fullCP	Red	train	Cruci_CruV_458	468	467	1	0	0	0
fullCP	Red	train	Cruci_Tisza_MK012433.1	468	467	1	0	0	0
fullCP	Red	train	Cruci_Tisza_MK012508.1	468	467	1	0	0	0
fullCP	Red	train	Cruci_chiv_Lake_Bourget_contig37561	467	466	1	0	0	0
fullCP	Red	train	Cruci_CruV_104	467	466	1	0	0	0
fullCP	Red	train	Cruci_CruV_105	467	466	1	0	0	0
fullCP	Red	train	Cruci_CruV_294	467	466	1	0	0	0
fullCP	Red	train	Cruci_CruV_120	466	465	1	0	0	0
fullCP	Red	train	Cruci_CruV_171	466	465	1	0	0	0
fullCP	Red	train	Cruci_CruV_233	466	465	1	0	0	0
fullCP	Red	train	Cruci_CruV_290	466	465	1	0	0	0
fullCP	Red	train	Cruci_CruV_321	466	465	1	0	0	0
fullCP	Red	train	Cruci_CruV_447	466	465	1	0	0	0
fullCP	Red	train	Cruci_CruV_448	466	465	1	0	0	0
fullCP	Red	train	Cruci_chiv_Astrammina_rara_contig97_330847425	465	464	1	0	0	0
fullCP	Red	train	Cruci_CruCGE_110	465	464	1	0	0	0
fullCP	Red	train	Cruci_CruV_209	465	464	1	0	0	0
fullCP	Red	train	Cruci_CruV_263	465	464	1	0	0	0
fullCP	Red	train	Cruci_CruV_270	465	464	1	0	0	0
fullCP	Red	train	Cruci_Oys_GWHBFST00001471_circ	465	464	1	0	0	0
fullCP	Red	train	Cruci_PB_KX388507	465	464	1	0	0	0
fullCP	Red	train	Cruci_chiv_Airborne_RD1_contig10	464	463	1	0	0	0
fullCP	Red	train	Cruci_CruV_111	464	463	1	0	0	0
fullCP	Red	train	Cruci_CruV_231	464	463	1	0	0	0
fullCP	Red	train	Cruci_CruV_236	464	463	1	0	0	0
fullCP	Red	train	Cruci_CruV_241	464	463	1	0	0	0
fullCP	Red	train	Cruci_CruV_248	464	463	1	0	0	0
fullCP	Red	train	Cruci_CruV_269	464	463	1	0	0	0
fullCP	Red	train	Cruci_CruV_312	464	463	1	0	0	0
fullCP	Red	train	Cruci_CruV_419	464	463	1	0	0	0
fullCP	Red	train	Cruci_Tisza_MK012526.1	464	463	1	0	0	0
fullCP	Red	train	Cruci_chiv_RW_Nursery_DNA_contig62	463	462	1	0	0	0
fullCP	Red	train	Cruci_CruV_96	463	462	1	0	0	0
fullCP	Red	train	Cruci_CruV_140	463	462	1	0	0	0
fullCP	Red	train	Cruci_CruV_284	463	462	1	0	0	0
fullCP	Red	train	Cruci_CruV_341	463	462	1	0	0	0
fullCP	Red	train	Cruci_CruV_387	463	462	1	0	0	0
fullCP	Red	train	Cruci_CruV_431	463	462	1	0	0	0
fullCP	Red	train	Cruci_CruV_517	463	462	1	0	0	0
fullCP	Red	train	Cruci_CruV_518	463	462	1	0	0	0
fullCP	Red	train	Cruci_CruCGE_155	462	461	1	0	0	0
fullCP	Red	train	Cruci_CruV_129	462	461	1	0	0	0
fullCP	Red	train	Cruci_CruV_159	462	461	1	0	0	0
fullCP	Red	train	Cruci_CruV_178	462	461	1	0	0	0
fullCP	Red	train	Cruci_CruV_279	462	461	1	0	0	0
fullCP	Red	train	Cruci_CruV_280	462	461	1	0	0	0
fullCP	Red	train	Cruci_CruV_306	462	461	1	0	0	0
fullCP	Red	train	Cruci_CruV_411	462	461	1	0	0	0
fullCP	Red	train	Cruci_CruCGE_114	461	460	1	0	0	0
fullCP	Red	train	Cruci_CruV_89	461	460	1	0	0	0
fullCP	Red	train	Cruci_CruV_151	461	460	1	0	0	0
fullCP	Red	train	Cruci_CruV_308	461	460	1	0	0	0
fullCP	Red	train	Cruci_CruV_333	461	460	1	0	0	0
fullCP	Red	train	Cruci_CruV_370	461	460	1	0	0	0
fullCP	Red	train	Cruci_CruV_461	461	460	1	0	0	0
fullCP	Red	train	Cruci_CruV_83	460	459	1	0	0	0
fullCP	Red	train	Cruci_CruV_84	460	459	1	0	0	0
fullCP	Red	train	Cruci_CruV_87	460	459	1	0	0	0
fullCP	Red	train	Cruci_CruV_123	460	459	1	0	0	0
fullCP	Red	train	Cruci_CruV_161	460	459	1	0	0	0
fullCP	Red	train	Cruci_CruV_218	460	459	1	0	0	0
fullCP	Red	train	Cruci_CruV_223	460	459	1	0	0	0
fullCP	Red	train	Cruci_CruV_226	460	459	1	0	0	0
fullCP	Red	train	Cruci_CruV_428	460	459	1	0	0	0
fullCP	Red	train	Cruci_CruV_510	460	459	1	0	0	0
fullCP	Red	train	Cruci_CruV_515	460	459	1	0	0	0
fullCP	Red	train	Cruci_PB_KX388519	460	459	1	0	0	0
fullCP	Red	train	Cruci_Tisza_MH617001.1	460	459	1	0	0	0
fullCP	Red	train	Cruci_Tisza_MK012503.1	460	459	1	0	0	0
fullCP	Red	train	Cruci_chiv_Lake_Bourget_contig37546	459	458	1	0	0	0
fullCP	Red	train	Cruci_CruV_145	459	458	1	0	0	0
fullCP	Red	train	Cruci_CruV_150	459	458	1	0	0	0
fullCP	Red	train	Cruci_CruV_206	459	458	1	0	0	0
fullCP	Red	train	Cruci_CruV_215	459	458	1	0	0	0
fullCP	Red	train	Cruci_CruV_337	459	458	1	0	0	0
fullCP	Red	train	Cruci_CruV_366	459	458	1	0	0	0
fullCP	Red	train	Cruci_CruV_379	459	458	1	0	0	0
fullCP	Red	train	Cruci_CruV_404	459	458	1	0	0	0
fullCP	Red	train	Cruci_CruV_477	459	458	1	0	0	0
fullCP	Red	train	Cruci_PB_KX388505	459	458	1	0	0	0
fullCP	Red	train	Cruci_PB_KX388520	459	458	1	0	0	0
fullCP	Red	train	Cruci_CruV_115	458	457	1	0	0	0
fullCP	Red	train	Cruci_CruV_126	458	457	1	0	0	0
fullCP	Red	train	Cruci_CruV_339	458	457	1	0	0	0
fullCP	Red	train	Cruci_CruV_360	458	457	1	0	0	0
fullCP	Red	train	Cruci_CruV_394	458	457	1	0	0	0
fullCP	Red	train	Cruci_CruCGE-610	457	456	1	0	0	0
fullCP	Red	train	Cruci_CruV_97	457	456	1	0	0	0
fullCP	Red	train	Cruci_CruV_108	457	456	1	0	0	0
fullCP	Red	train	Cruci_CruV_124	457	456	1	0	0	0
fullCP	Red	train	Cruci_CruV_137	457	456	1	0	0	0
fullCP	Red	train	Cruci_CruV_255	457	456	1	0	0	0
fullCP	Red	train	Cruci_CruV_389	457	456	1	0	0	0
fullCP	Red	train	Cruci_chiv_CHIV14_NC_027196	456	455	1	0	0	0
fullCP	Red	train	Cruci_CruV_90	456	455	1	0	0	0
fullCP	Red	train	Cruci_CruV_91	456	455	1	0	0	0
fullCP	Red	train	Cruci_CruV_106	456	455	1	0	0	0
fullCP	Red	train	Cruci_CruV_362	456	455	1	0	0	0
fullCP	Red	train	Cruci_CruV_388	456	455	1	0	0	0
fullCP	Red	train	Cruci_CruV_409	456	455	1	0	0	0
fullCP	Red	train	Cruci_CruV_410	456	455	1	0	0	0
fullCP	Red	train	Cruci_PB_KX388504	456	455	1	0	0	0
fullCP	Red	train	Cruci_CruV_359	455	454	1	0	0	0
fullCP	Red	train	Cruci_CruV_378	455	454	1	0	0	0
fullCP	Red	train	Cruci_CruCGE_118	454	453	1	0	0	0
fullCP	Red	train	Cruci_CruV_156	454	453	1	0	0	0
fullCP	Red	train	Cruci_CruV_167	454	453	1	0	0	0
fullCP	Red	train	Cruci_CruV_505	454	453	1	0	0	0
fullCP	Red	train	Cruci_CruV_506	454	453	1	0	0	0
fullCP	Red	train	Cruci_CruV_98	453	452	1	0	0	0
fullCP	Red	train	Cruci_CruV_119	453	452	1	0	0	0
fullCP	Red	train	Cruci_CruV_133	453	452	1	0	0	0
fullCP	Red	train	Cruci_CruV_200	453	452	1	0	0	0
fullCP	Red	train	Cruci_CruV_238	453	452	1	0	0	0
fullCP	Red	train	Cruci_CruV_239	453	452	1	0	0	0
fullCP	Red	train	Cruci_CruV_268	453	452	1	0	0	0
fullCP	Red	train	Cruci_CruV_442	453	452	1	0	0	0
fullCP	Red	train	Cruci_Schm_JAMFLK010002086_circular	453	452	1	0	0	0
fullCP	Red	train	Cruci_CruV_94	452	451	1	0	0	0
fullCP	Red	train	Cruci_CruV_202	452	451	1	0	0	0
fullCP	Red	train	Cruci_CruV_527	452	451	1	0	0	0
fullCP	Red	train	Cruci_CruV_528	452	451	1	0	0	0
fullCP	Red	train	Cruci_CruV_102	451	450	1	0	0	0
fullCP	Red	train	Cruci_CruV_109	451	450	1	0	0	0
fullCP	Red	train	Cruci_CruV_153	451	450	1	0	0	0
fullCP	Red	train	Cruci_CruV_295	451	450	1	0	0	0
fullCP	Red	train	Cruci_CruV_335	451	450	1	0	0	0
fullCP	Red	train	Cruci_Tisza_MH617718.1	451	450	1	0	0	0
fullCP	Red	train	Cruci_CruV_100	450	449	1	0	0	0
fullCP	Red	train	Cruci_CruV_117	450	449	1	0	0	0
fullCP	Red	train	Cruci_CruV_169	450	449	1	0	0	0
fullCP	Red	train	Cruci_CruV_357	450	449	1	0	0	0
fullCP	Red	train	Cruci_CruV_367	450	449	1	0	0	0
fullCP	Red	train	Cruci_CruV_437	450	449	1	0	0	0
fullCP	Red	train	Cruci_PB_KX388510	450	449	1	0	0	0
fullCP	Red	train	Cruci_Tisza_MK012505.1	450	449	1	0	0	0
fullCP	Red	train	Cruci_CruV_116	449	448	1	0	0	0
fullCP	Red	train	Cruci_CruV_222	449	448	1	0	0	0
fullCP	Red	train	Cruci_CruV_267	449	448	1	0	0	0
fullCP	Red	train	Cruci_CruV_420	449	448	1	0	0	0
fullCP	Red	train	Cruci_PB_KX388527	449	448	1	0	0	0
fullCP	Red	train	Cruci_PB_KX388528	449	448	1	0	0	0
fullCP	Red	train	Cruci_PB_KX388529	449	448	1	0	0	0
fullCP	Red	train	Cruci_PB_KX388530	449	448	1	0	0	0
fullCP	Red	train	Cruci_Ariz_MW697567	448	447	1	0	0	0
fullCP	Red	train	Cruci_CruV_179	448	447	1	0	0	0
fullCP	Red	train	Cruci_CruV_180	448	447	1	0	0	0
fullCP	Red	train	Cruci_CruV_196	448	447	1	0	0	0
fullCP	Red	train	Cruci_CruV_210	448	447	1	0	0	0
fullCP	Red	train	Cruci_CruV_211	448	447	1	0	0	0
fullCP	Red	train	Cruci_CruV_234	448	447	1	0	0	0
fullCP	Red	train	Cruci_CruV_149	447	446	1	0	0	0
fullCP	Red	train	Cruci_CruV_154	447	446	1	0	0	0
fullCP	Red	train	Cruci_CruV_504	447	446	1	0	0	0
fullCP	Red	train	Cruci_CruV_188	446	445	1	0	0	0
fullCP	Red	train	Cruci_CruV_242	446	445	1	0	0	0
fullCP	Red	train	Cruci_CruV_265	446	445	1	0	0	0
fullCP	Red	train	Cruci_CruV_344	446	445	1	0	0	0
fullCP	Red	train	Cruci_PB_KX388497	446	445	1	0	0	0
fullCP	Red	train	Cruci_PB_KX388509	446	445	1	0	0	0
fullCP	Red	train	Cruci_CruV_122	445	444	1	0	0	0
fullCP	Red	train	Cruci_CruV_139	445	444	1	0	0	0
fullCP	Red	train	Cruci_CruV_221	445	444	1	0	0	0
fullCP	Red	train	Cruci_CruV_250	445	444	1	0	0	0
fullCP	Red	train	Cruci_CruV_251	445	444	1	0	0	0
fullCP	Red	train	Cruci_CruV_511	445	444	1	0	0	0
fullCP	Red	train	Cruci_CruCGE_85	444	443	1	0	0	0
fullCP	Red	train	Cruci_CruV_157	444	443	1	0	0	0
fullCP	Red	train	Cruci_CruV_208	444	443	1	0	0	0
fullCP	Red	train	Cruci_CruV_259	444	443	1	0	0	0
fullCP	Red	train	Cruci_CruV_292	444	443	1	0	0	0
fullCP	Red	train	Cruci_CruV_383	444	443	1	0	0	0
fullCP	Red	train	Cruci_CruV_128	443	442	1	0	0	0
fullCP	Red	train	Cruci_CruV_134	443	442	1	0	0	0
fullCP	Red	train	Cruci_CruV_138	443	442	1	0	0	0
fullCP	Red	train	Cruci_CruV_141	443	442	1	0	0	0
fullCP	Red	train	Cruci_CruV_217	443	442	1	0	0	0
fullCP	Red	train	Cruci_CruV_227	442	441	1	0	0	0
fullCP	Red	train	Cruci_CruV_503	442	441	1	0	0	0
fullCP	Red	train	Cruci_CruV-824	441	440	1	0	0	0
fullCP	Red	train	Cruci_chiv_Airborne_IC2_contig9	440	439	1	0	0	0
fullCP	Red	train	Cruci_CruV_158	440	439	1	0	0	0
fullCP	Red	train	Cruci_CruV_212	440	439	1	0	0	0
fullCP	Red	train	Cruci_CruV_415	439	438	1	0	0	0
fullCP	Red	train	Cruci_PB_KX388511	439	438	1	0	0	0
fullCP	Red	train	Cruci_chiv_Lake_Pavin_contig10824	438	437	1	0	0	0
fullCP	Red	train	Cruci_CruV_176	438	437	1	0	0	0
fullCP	Red	train	Cruci_CruV_224	438	437	1	0	0	0
fullCP	Red	train	Cruci_CruV_507	438	437	1	0	0	0
fullCP	Red	train	Cruci_muss_OR270671	438	437	1	0	0	0
fullCP	Red	train	Cruci_CruV_132	437	436	1	0	0	0
fullCP	Red	train	Cruci_CruV_425	437	436	1	0	0	0
fullCP	Red	train	Cruci_CruV_478	437	436	1	0	0	0
fullCP	Red	train	Cruci_Ariz_MW697623	436	435	1	0	0	0
fullCP	Red	train	Cruci_CruV_81	436	435	1	0	0	0
fullCP	Red	train	Cruci_CruV_86	436	435	1	0	0	0
fullCP	Red	train	Cruci_CruV_121	436	435	1	0	0	0
fullCP	Red	train	Cruci_PB_KX388498	436	435	1	0	0	0
fullCP	Red	train	Cruci_PB_KX388499	436	435	1	0	0	0
fullCP	Red	train	Cruci_PB_KX388500	436	435	1	0	0	0
fullCP	Red	train	Cruci_PB_KX388501	436	435	1	0	0	0
fullCP	Red	train	Cruci_CruV_112	435	434	1	0	0	0
fullCP	Red	train	Cruci_CruV_438	435	434	1	0	0	0
fullCP	Red	train	Cruci_CruV_529	435	434	1	0	0	0
fullCP	Red	train	Cruci_PB_KX388496	435	434	1	0	0	0
fullCP	Red	train	Cruci_Ariz_MW697543	434	433	1	0	0	0
fullCP	Red	train	Cruci_CruV_401	434	433	1	0	0	0
fullCP	Red	train	Cruci_CruV_262	433	432	1	0	0	0
fullCP	Red	train	Cruci_CruV_398	433	432	1	0	0	0
fullCP	Red	train	Cruci_CruV_492	433	432	1	0	0	0
fullCP	Red	train	Cruci_CruV_130	432	431	1	0	0	0
fullCP	Red	train	Cruci_CruV_164	432	431	1	0	0	0
fullCP	Red	train	Cruci_CruV_349	432	431	1	0	0	0
fullCP	Red	train	Cruci_CruV_353	432	431	1	0	0	0
fullCP	Red	train	Cruci_CruV_113	431	430	1	0	0	0
fullCP	Red	train	Cruci_CruV_162	431	430	1	0	0	0
fullCP	Red	train	Cruci_CruV_317	431	430	1	0	0	0
fullCP	Red	train	Cruci_CruV_328	431	430	1	0	0	0
fullCP	Red	train	Cruci_CruV_490	431	430	1	0	0	0
fullCP	Red	train	Cruci_CruV_514	430	429	1	0	0	0
fullCP	Red	train	Cruci_CruV_260	429	428	1	0	0	0
fullCP	Red	train	Cruci_CruV_467	429	428	1	0	0	0
fullCP	Red	train	Cruci_CruV_487	429	428	1	0	0	0
fullCP	Red	train	Cruci_CruV_168	428	427	1	0	0	0
fullCP	Red	train	Cruci_CruV_182	428	427	1	0	0	0
fullCP	Red	train	Cruci_CruV_203	428	427	1	0	0	0
fullCP	Red	train	Cruci_CruV_283	427	426	1	0	0	0
fullCP	Red	train	Cruci_PB_KX388495	427	426	1	0	0	0
fullCP	Red	train	Cruci_CruV_334	426	425	1	0	0	0
fullCP	Red	train	Cruci_PB_KX388506	426	425	1	0	0	0
fullCP	Red	train	Cruci_CruV_190	425	424	1	0	0	0
fullCP	Red	train	Cruci_CruV_198	425	424	1	0	0	0
fullCP	Red	train	Cruci_Tisza_MH616915.1	425	424	1	0	0	0
fullCP	Red	train	Cruci_CruV_352	423	422	1	0	0	0
fullCP	Red	train	Cruci_CruV_364	423	422	1	0	0	0
fullCP	Red	train	Cruci_CruV_271	420	419	1	0	0	0
fullCP	Red	train	Cruci_CruV_374	420	419	1	0	0	0
fullCP	Red	train	Cruci_CruV_444	418	417	1	0	0	0
fullCP	Red	train	Cruci_CruV_497	418	417	1	0	0	0
fullCP	Red	train	Cruci_CruV_485	416	415	1	0	0	0
fullCP	Red	train	Cruci_CruV_380	415	414	1	0	0	0
fullCP	Red	train	Cruci_Tisza_MK012445.1	411	410	1	0	0	0
fullCP	Red	train	Cruci_CruV_522	410	409	1	0	0	0
fullCP	Red	train	Cruci_CruV_319	409	408	1	0	0	0
fullCP	Red	train	Cruci_CruV_320	409	408	1	0	0	0
fullCP	Red	train	Cruci_CruV_445	408	407	1	0	0	0
fullCP	Red	train	Cruci_CruV_449	408	407	1	0	0	0
fullCP	Red	train	Cruci_CruV_538	408	407	1	0	0	0
fullCP	Red	train	Cruci_CruV-847	408	407	1	0	0	0
fullCP	Red	train	Cruci_CruV_395	407	406	1	0	0	0
fullCP	Red	train	Cruci_CruV_531	404	403	1	0	0	0
fullCP	Red	train	Cruci_CruV_166	401	400	1	0	0	0
fullCP	Red	train	Cruci_CruV_332	399	398	1	0	0	0
fullCP	Red	train	Cruci_CruV_536	396	395	1	0	0	0
fullCP	Red	train	Cruci_CruV_493	395	394	1	0	0	0
fullCP	Red	train	Cruci_CruV_483	393	392	1	0	0	0
fullCP	Red	train	Cruci_CruV_513	390	389	1	0	0	0
fullCP	Red	train	Cruci_CruV_501	384	383	1	0	0	0
fullCP	Red	train	Cruci_CruV_509	384	383	1	0	0	0
fullCP	Red	train	Cruci_PB_KX388513	379	378	1	0	0	0
fullCP	Red	train	Cruci_CruV_170	378	377	1	0	0	0
fullCP	Red	train	Cruci_PB_KX388515	376	375	1	0	0	0
fullCP	Red	train	Cruci_CruV_498	372	371	1	0	0	0
fullCP	Red	train	Cruci_CruV_381	371	370	1	0	0	0
fullCP	Red	train	Cruci_CruV_420	362	361	1	0	0	0
fullCP	Red	train	Cruci_CruV_144	356	355	1	0	0	0
fullCP	Red	train	Cruci_CruV_405	354	353	1	0	0	0
fullCP	Red	train	Cruci_CruV_430	353	352	1	0	0	0
fullCP	Red	train	Cruci_CruV_358	349	348	1	0	0	0
fullCP	Red	train	Cruci_CruV_423	347	346	1	0	0	0
fullCP	Red	train	Cruci_CruV_88	344	343	1	0	0	0
fullCP	Red	train	Cruci_CruV_399	344	343	1	0	0	0
fullCP	Red	train	Cruci_CruV_377	342	341	1	0	0	0
fullCP	Red	train	Cruci_CruV_435	340	339	1	0	0	0
fullCP	Red	train	Cruci_CruV_451	337	336	1	0	0	0
fullCP	Red	train	Cruci_CruV_464	335	334	1	0	0	0
fullCP	Red	train	Cruci_CruV_421	334	333	1	0	0	0
fullCP	Red	train	Cruci_CruV-697	334	333	1	0	0	0
fullCP	Red	train	Cruci_CruV_452	331	330	1	0	0	0
fullCP	Red	train	Cruci_CruV_466	326	325	1	0	0	0
fullCP	Red	train	Cruci_CruV_539	326	325	1	0	0	0
fullCP	Red	train	Cruci_CruV_204	319	318	1	0	0	0
fullCP	Red	train	Cruci_CruV_205	319	318	1	0	0	0
fullCP	Red	train	Cruci_CruV_385	271	270	1	0	0	0
fullCP	Red	train	Cruci_CruCGE-561	206	205	1	0	0	0
fullCP	Red	train	Cruci_CruV_731	465	464	1	0	0	0
fullCP	Red	train	Ribo_ND_025131	414	413	1	0	0	0
fullCP	Red	train	Ribo_ND_018898	478	477	1	0	0	0
fullCP	Red	train	Ribo_ND_025188	433	432	1	0	0	0
fullCP	Red	train	Ribo_ND_025076	434	433	1	0	0	0
fullCP	Red	train	Ribo_ND_024616	476	475	1	0	0	0
fullCP	Red	train	Ribo_ND_025210	426	425	1	0	0	0
fullCP	Red	train	Ribo_ND_025007	431	430	1	0	0	0
fullCP	Red	train	Ribo_ND_026010	411	410	1	0	0	0
fullCP	Red	train	Ribo_ND_025421	421	420	1	0	0	0
fullCP	Red	train	Ribo_ND_025106	415	414	1	0	0	0
fullCP	Red	train	Ribo_ND_025969	435	434	1	0	0	0
fullCP	Red	train	Ribo_ND_025989	441	440	1	0	0	0
fullCP	Red	train	Ribo_ND_025465	434	433	1	0	0	0
fullCP	Red	train	Ribo_ND_025058	419	418	1	0	0	0
fullCP	Red	train	Ribo_ND_025139	430	429	1	0	0	0
fullCP	Red	train	Ribo_ND_026256	434	433	1	0	0	0
fullCP	Red	train	Ribo_ND_025631	436	435	1	0	0	0
fullCP	Red	train	Ribo_ND_019002	413	412	1	0	0	0
fullCP	Red	train	Ribo_ND_025336	432	431	1	0	0	0
fullCP	Red	train	Ribo_ND_025329	426	425	1	0	0	0
fullCP	Red	train	Ribo_ND_026391	433	432	1	0	0	0
fullCP	Red	train	Ribo_ND_019368	385	384	1	0	0	0
fullCP	Red	train	Ribo_ND_024902	521	520	1	0	0	0
fullCP	Red	train	Ribo_ND_195592	415	414	1	0	0	0
fullCP	Red	train	Ribo_ND_025008	477	476	1	0	0	0
fullCP	Red	train	Ribo_ND_025207	421	420	1	0	0	0
fullCP	Red	train	Ribo_ND_025399	435	434	1	0	0	0
fullCP	Red	train	Ribo_ND_025258	405	404	1	0	0	0
fullCP	Red	train	Ribo_ND_025434	421	420	1	0	0	0
fullCP	Red	train	Ribo_ND_025088	429	428	1	0	0	0
fullCP	Red	train	Ribo_ND_025166	453	452	1	0	0	0
fullCP	Red	train	Ribo_ND_026140	423	422	1	0	0	0
fullCP	Red	train	Ribo_ND_025705	438	437	1	0	0	0
fullCP	Red	train	Ribo_ND_025263	419	418	1	0	0	0
fullCP	Red	train	Ribo_ND_025482	437	436	1	0	0	0
fullCP	Red	train	Ribo_ND_025116	426	425	1	0	0	0
fullCP	Red	train	Ribo_ND_025352	408	407	1	0	0	0
fullCP	Red	train	Ribo_ND_026239	422	421	1	0	0	0
fullCP	Red	train	Ribo_ND_025235	420	419	1	0	0	0
fullCP	Red	train	Ribo_ND_025671	444	443	1	0	0	0
fullCP	Red	train	Ribo_ND_026175	431	430	1	0	0	0
fullCP	Red	train	Ribo_ND_025357	413	412	1	0	0	0
fullCP	Red	train	Ribo_ND_025344	416	415	1	0	0	0
fullCP	Red	train	Ribo_ND_025531	408	407	1	0	0	0
fullCP	Red	train	Ribo_ND_025218	437	436	1	0	0	0
fullCP	Red	train	Ribo_ND_025414	445	444	1	0	0	0
fullCP	Red	train	Ribo_ND_025129	426	425	1	0	0	0
fullCP	Red	train	Ribo_ND_025597	453	452	1	0	0	0
fullCP	Red	train	Ribo_ND_025039	416	415	1	0	0	0
fullCP	Red	train	Ribo_ND_026110	427	426	1	0	0	0
fullCP	Red	train	Ribo_ND_025259	421	420	1	0	0	0
fullCP	Red	train	Ribo_ND_025513	433	432	1	0	0	0
fullCP	Red	train	Ribo_ND_025321	432	431	1	0	0	0
fullCP	Red	train	Ribo_ND_025316	426	425	1	0	0	0
fullCP	Red	train	Ribo_ND_025276	422	421	1	0	0	0
fullCP	Red	train	Ribo_ND_025286	414	413	1	0	0	0
fullCP	Red	train	Ribo_ND_026074	436	435	1	0	0	0
fullCP	Red	train	Ribo_ND_025228	404	403	1	0	0	0
fullCP	Red	train	Ribo_ND_025610	439	438	1	0	0	0
fullCP	Red	train	Ribo_ND_025130	434	433	1	0	0	0
fullCP	Red	train	Ribo_ND_025275	423	422	1	0	0	0
fullCP	Red	train	Ribo_ND_025280	435	434	1	0	0	0
fullCP	Red	train	Ribo_ND_025389	422	421	1	0	0	0
fullCP	Red	train	Ribo_ND_025138	433	432	1	0	0	0
fullCP	Red	train	Ribo_ND_025079	426	425	1	0	0	0
fullCP	Red	train	Ribo_ND_025104	426	425	1	0	0	0
fullCP	Red	train	Ribo_ND_025182	403	402	1	0	0	0
fullCP	Red	train	Ribo_ND_025238	425	424	1	0	0	0
fullCP	Red	train	Ribo_ND_025196	430	429	1	0	0	0
fullCP	Red	train	Ribo_ND_025471	410	409	1	0	0	0
fullCP	Red	train	Ribo_ND_024645	306	305	1	0	0	0
fullCP	Red	train	Ribo_ND_096184	498	497	1	0	0	0
fullCP	Red	train	Ribo_ND_229813	396	395	1	0	0	0
fullCP	Red	train	Ribo_ND_068189	429	428	1	0	0	0
fullCP	Red	train	Ribo_ND_093303	517	516	1	0	0	0
fullCP	Red	train	Ribo_ND_325601	375	374	1	0	0	0
fullCP	Red	train	Ribo_ND_056260	592	591	1	0	0	0
fullCP	Red	train	Ribo_ND_343811	416	415	1	0	0	0
fullCP	Red	train	Ribo_tombunoda_ScMacrV2	423	422	1	0	0	0
fullCP	Red	train	Ribo_JAAOEH010001851.1	377	376	1	0	0	0
fullCP	Red	train	Ribo_ND_095983	367	366	1	0	0	0
fullCP	Red	train	Ribo_ND_130317	470	469	1	0	0	0
fullCP	Red	train	Ribo_ND_370449	413	412	1	0	0	0
fullCP	Red	train	Ribo_ND_347441	435	434	1	0	0	0
fullCP	Red	train	Ribo_ND_029450	430	429	1	0	0	0
fullCP	Red	train	Ribo_ND_104240	422	421	1	0	0	0
fullCP	Red	train	Ribo_ND_089420	425	424	1	0	0	0
fullCP	Red	train	Ribo_ND_062045	489	488	1	0	0	0
fullCP	Red	train	Ribo_ND_179935	457	456	1	0	0	0
fullCP	Red	train	Ribo_ND_164838	366	365	1	0	0	0
fullCP	Red	train	Ribo_JAAOEH010001751.1	413	412	1	0	0	0
fullCP	Red	train	Ribo_ND_136222	531	530	1	0	0	0
fullCP	Red	train	Ribo_ND_030664	461	460	1	0	0	0
fullCP	Red	train	Ribo_ND_363507	458	457	1	0	0	0
fullCP	Red	train	Ribo_ND_227326	465	464	1	0	0	0
fullCP	Red	train	Ribo_ND_386714	338	337	1	0	0	0
fullCP	Red	train	Ribo_ND_051567	440	439	1	0	0	0
fullCP	Red	train	Ribo_ND_037792	410	409	1	0	0	0
fullCP	Red	train	Ribo_ND_053581	658	657	1	0	0	0
fullCP	Red	train	Ribo_ND_046601	448	447	1	0	0	0
fullCP	Red	train	Ribo_ND_284218	357	356	1	0	0	0
fullCP	Red	train	Ribo_ND_030336	407	406	1	0	0	0
fullCP	Red	train	Ribo_ND_030566	528	527	1	0	0	0
fullCP	Red	train	Ribo_ND_105225	497	496	1	0	0	0
fullCP	Red	train	Ribo_ND_056123	568	567	1	0	0	0
fullCP	Red	train	Ribo_ND_089790	420	419	1	0	0	0
fullCP	Red	train	Ribo_JAAOEH010001260.1	518	517	1	0	0	0
fullCP	Red	train	Ribo_ND_380970	478	477	1	0	0	0
fullCP	Red	train	Ribo_ND_306979	446	445	1	0	0	0
fullCP	Red	train	Ribo_ND_048421	453	452	1	0	0	0
fullCP	Red	train	Ribo_ND_043423	350	349	1	0	0	0
fullCP	Red	train	Ribo_ND_378685	421	420	1	0	0	0
fullCP	Red	train	Ribo_ND_366312	475	474	1	0	0	0
fullCP	Red	train	Ribo_ND_043569	378	377	1	0	0	0
fullCP	Red	train	Ribo_ND_339599	434	433	1	0	0	0
fullCP	Red	train	Ribo_ND_294842	442	441	1	0	0	0
fullCP	Red	train	Ribo_ND_025226	495	494	1	0	0	0
fullCP	Red	train	Ribo_JAAOEH010004953.1	429	428	1	0	0	0
fullCP	Red	train	Ribo_ND_178820	470	469	1	0	0	0
fullCP	Red	train	Ribo_ND_058974	357	356	1	0	0	0
fullCP	Red	train	Ribo_ND_209405	422	421	1	0	0	0
fullCP	Red	train	Ribo_ND_158134	441	440	1	0	0	0
fullCP	Red	train	Ribo_ND_166797	372	371	1	0	0	0
fullCP	Red	train	Ribo_ND_276168	672	671	1	0	0	0
fullCP	Red	train	Ribo_ND_179269	412	411	1	0	0	0
fullCP	Red	train	Ribo_ND_157972	449	448	1	0	0	0
fullCP	Red	train	Ribo_ND_352102	447	446	1	0	0	0
fullCP	Red	train	Ribo_ND_179963	455	454	1	0	0	0
fullCP	Red	train	Ribo_ND_331194	450	449	1	0	0	0
fullCP	Red	train	Ribo_ND_035541	367	366	1	0	0	0
fullCP	Red	train	Ribo_ND_249715	430	429	1	0	0	0
fullCP	Red	train	Ribo_JAAOEH010002326.1	421	420	1	0	0	0
fullCP	Red	train	Ribo_ND_028501	315	314	1	0	0	0
fullCP	Red	train	Ribo_ND_129947	488	487	1	0	0	0
fullCP	Red	train	Ribo_ND_099772	464	463	1	0	0	0
fullCP	Red	train	Ribo_ND_192680	430	429	1	0	0	0
fullCP	Red	train	Ribo_ND_146063	424	423	1	0	0	0
fullCP	Red	train	Ribo_ND_179968	419	418	1	0	0	0
fullCP	Red	train	Ribo_ND_381128	531	530	1	0	0	0
fullCP	Red	train	Ribo_ND_028274	368	367	1	0	0	0
fullCP	Red	train	Ribo_ND_049856	454	453	1	0	0	0
fullCP	Red	train	Ribo_ND_365502	412	411	1	0	0	0
fullCP	Red	train	Ribo_ND_156799	418	417	1	0	0	0
fullCP	Red	train	Ribo_ND_220610	441	440	1	0	0	0
fullCP	Red	train	Ribo_ND_180550	491	490	1	0	0	0
fullCP	Red	train	Ribo_ND_113307	449	448	1	0	0	0
fullCP	Red	train	Ribo_ND_364448	421	420	1	0	0	0
fullCP	Red	train	Ribo_ND_216514	457	456	1	0	0	0
fullCP	Red	train	Ribo_ND_188581	550	549	1	0	0	0
fullCP	Red	train	Ribo_NC_032991	454	453	1	0	0	0
fullCP	Red	train	Ribo_ND_123948	473	472	1	0	0	0
fullCP	Red	train	Ribo_ND_350470	445	444	1	0	0	0
fullCP	Red	train	Ribo_ND_220764	429	428	1	0	0	0
fullCP	Red	train	Ribo_ND_083791	419	418	1	0	0	0
fullCP	Red	train	Ribo_ND_131961	422	421	1	0	0	0
fullCP	Red	train	Ribo_ND_103289	399	398	1	0	0	0
fullCP	Red	train	Ribo_ND_133651	422	421	1	0	0	0
fullCP	Red	train	Ribo_ND_059860	403	402	1	0	0	0
fullCP	Red	train	Ribo_ND_327463	408	407	1	0	0	0
fullCP	Red	train	Ribo_ND_050484	439	438	1	0	0	0
fullCP	Red	train	Ribo_ND_379577	400	399	1	0	0	0
fullCP	Red	train	Ribo_ND_114938	493	492	1	0	0	0
fullCP	Red	train	Ribo_ND_138928	400	399	1	0	0	0
fullCP	Red	train	Ribo_ND_249711	426	425	1	0	0	0
fullCP	Red	train	Ribo_ND_382437	533	532	1	0	0	0
fullCP	Red	train	Ribo_ND_279722	422	421	1	0	0	0
fullCP	Red	train	Ribo_ND_188767	444	443	1	0	0	0
fullCP	Red	train	Ribo_ND_276201	406	405	1	0	0	0
fullCP	Red	train	Ribo_ND_278789	343	342	1	0	0	0
fullCP	Red	train	Ribo_ND_251248	413	412	1	0	0	0
fullCP	Red	train	Ribo_ND_028704	413	412	1	0	0	0
fullCP	Red	train	Ribo_ND_182235	496	495	1	0	0	0
fullCP	Red	train	Ribo_ND_251186	441	440	1	0	0	0
fullCP	Red	train	Ribo_ND_133460	379	378	1	0	0	0
fullCP	Red	train	Ribo_ND_067439	644	643	1	0	0	0
fullCP	Red	train	Ribo_ND_170511	412	411	1	0	0	0
fullCP	Red	train	Ribo_ND_066836	446	445	1	0	0	0
fullCP	Red	train	Ribo_ND_330301	431	430	1	0	0	0
fullCP	Red	train	Ribo_ND_190377	439	438	1	0	0	0
fullCP	Red	train	Ribo_ND_139084	518	517	1	0	0	0
fullCP	Red	train	Ribo_ND_055001	506	505	1	0	0	0
fullCP	Red	train	Ribo_ND_267441	544	543	1	0	0	0
fullCP	Red	train	Ribo_ND_291700	450	449	1	0	0	0
fullCP	Red	train	Ribo_ND_216740	432	431	1	0	0	0
fullCP	Red	train	Ribo_ND_387582	345	344	1	0	0	0
fullCP	Red	train	Ribo_ND_215238	437	436	1	0	0	0
fullCP	Red	train	Ribo_ND_197526	417	416	1	0	0	0
fullCP	Red	train	Ribo_ND_189516	424	423	1	0	0	0
fullCP	Red	train	Ribo_ND_088082	556	555	1	0	0	0
fullCP	Red	train	Ribo_ND_156851	531	530	1	0	0	0
fullCP	Red	train	Ribo_ND_025223	419	418	1	0	0	0
fullCP	Red	train	Ribo_ND_177732	378	377	1	0	0	0
fullCP	Red	train	Ribo_ND_052487	451	450	1	0	0	0
fullCP	Red	train	Ribo_ND_030231	407	406	1	0	0	0
fullCP	Red	train	Ribo_JAAOEH010001482.1	429	428	1	0	0	0
fullCP	Red	train	Ribo_ND_095194	436	435	1	0	0	0
fullCP	Red	train	Ribo_ND_365659	473	472	1	0	0	0
fullCP	Red	train	Ribo_JAAOEH010001845.1	449	448	1	0	0	0
fullCP	Red	train	Ribo_ND_184904	488	487	1	0	0	0
fullCP	Red	train	Ribo_ND_288149	340	339	1	0	0	0
fullCP	Red	train	Ribo_ND_095663	480	479	1	0	0	0
fullCP	Red	train	Ribo_ND_028760	513	512	1	0	0	0
fullCP	Red	train	Ribo_ND_329968	427	426	1	0	0	0
fullCP	Red	train	Ribo_ND_159193	441	440	1	0	0	0
fullCP	Red	train	Ribo_ND_391455	378	377	1	0	0	0
fullCP	Red	train	Ribo_ND_343394	418	417	1	0	0	0
fullCP	Red	train	Ribo_ND_156205	553	552	1	0	0	0
fullCP	Red	train	Ribo_ND_146224	421	420	1	0	0	0
fullCP	Red	train	Ribo_ND_086097	470	469	1	0	0	0
fullCP	Red	train	Ribo_ND_230736	400	399	1	0	0	0
fullCP	Red	train	Ribo_ND_345468	345	344	1	0	0	0
fullCP	Red	train	Ribo_ND_163010	433	432	1	0	0	0
fullCP	Red	train	Ribo_ND_263188	444	443	1	0	0	0
fullCP	Red	train	Ribo_ND_113583	429	428	1	0	0	0
fullCP	Red	train	Ribo_ND_159755	422	421	1	0	0	0
fullCP	Red	train	Ribo_JAAOEH010003587.1	429	428	1	0	0	0
fullCP	Red	train	Ribo_ND_134820	369	368	1	0	0	0
fullCP	Red	train	Ribo_ND_387994	426	425	1	0	0	0
fullCP	Red	train	Ribo_ND_178256	562	561	1	0	0	0
fullCP	Red	train	Ribo_ND_299966	331	330	1	0	0	0
fullCP	Red	train	Ribo_ND_370389	455	454	1	0	0	0
fullCP	Red	train	Ribo_ND_176110	432	431	1	0	0	0
fullCP	Red	train	Ribo_ND_195569	396	395	1	0	0	0
fullCP	Red	train	Ribo_ND_168812	427	426	1	0	0	0
fullCP	Red	train	Ribo_ND_018979	455	454	1	0	0	0
fullCP	Red	train	Ribo_ND_166707	445	444	1	0	0	0
fullCP	Red	train	Ribo_ND_202071	440	439	1	0	0	0
fullCP	Red	train	Ribo_ND_090497	455	454	1	0	0	0
fullCP	Red	train	Ribo_ND_382385	309	308	1	0	0	0
fullCP	Red	train	Ribo_ND_290964	463	462	1	0	0	0
fullCP	Red	train	Ribo_ND_026643	392	391	1	0	0	0
fullCP	Red	train	Ribo_ND_066936	445	444	1	0	0	0
fullCP	Red	train	Ribo_ND_276858	449	448	1	0	0	0
fullCP	Red	train	Ribo_ND_057454	380	379	1	0	0	0
fullCP	Red	train	Ribo_ND_175769	373	372	1	0	0	0
fullCP	Red	train	Ribo_ND_060760	406	405	1	0	0	0
fullCP	Red	train	Ribo_ND_057098	437	436	1	0	0	0
fullCP	Red	train	Ribo_ND_093545	470	469	1	0	0	0
fullCP	Red	train	Ribo_JAAOEH010002410.1	495	494	1	0	0	0
fullCP	Red	train	Ribo_ND_162128	418	417	1	0	0	0
fullCP	Red	train	Ribo_ND_029416	463	462	1	0	0	0
fullCP	Red	train	Ribo_ND_045405	437	436	1	0	0	0
fullCP	Red	train	Ribo_ND_091396	420	419	1	0	0	0
fullCP	Red	train	Ribo_ND_043235	420	419	1	0	0	0
fullCP	Red	train	Ribo_ND_060927	437	436	1	0	0	0
fullCP	Red	train	Ribo_ND_144217	451	450	1	0	0	0
fullCP	Red	train	Ribo_ND_163299	499	498	1	0	0	0
fullCP	Red	train	Ribo_ND_097300	417	416	1	0	0	0
fullCP	Red	train	Ribo_ND_166714	426	425	1	0	0	0
fullCP	Red	train	Ribo_ND_183795	540	539	1	0	0	0
fullCP	Red	train	Ribo_ND_109034	528	527	1	0	0	0
fullCP	Red	train	Ribo_ND_085033	419	418	1	0	0	0
fullCP	Red	train	Ribo_ND_132795	527	526	1	0	0	0
fullCP	Red	train	Ribo_ND_391725	439	438	1	0	0	0
fullCP	Red	train	Ribo_ND_246835	465	464	1	0	0	0
fullCP	Red	train	Ribo_JAAOEH010002346.1	425	424	1	0	0	0
fullCP	Red	train	Ribo_ND_043886	369	368	1	0	0	0
fullCP	Red	train	Ribo_ND_044426	479	478	1	0	0	0
fullCP	Red	train	Ribo_NC_032782	598	597	1	0	0	0
fullCP	Red	train	Ribo_ND_389800	447	446	1	0	0	0
fullCP	Red	train	Ribo_ND_264019	461	460	1	0	0	0
fullCP	Red	train	Ribo_ND_092298	678	677	1	0	0	0
fullCP	Red	train	Ribo_ND_365818	434	433	1	0	0	0
fullCP	Red	train	Ribo_ND_042393	430	429	1	0	0	0
fullCP	Red	train	Ribo_ND_111053	497	496	1	0	0	0
fullCP	Red	train	Ribo_ND_366190	434	433	1	0	0	0
fullCP	Red	train	Ribo_ND_107675	511	510	1	0	0	0
fullCP	Red	train	Ribo_ND_025469	470	469	1	0	0	0
fullCP	Red	train	Ribo_ND_030209	421	420	1	0	0	0
fullCP	Red	train	Ribo_ND_118549	431	430	1	0	0	0
fullCP	Red	train	Ribo_ND_249734	425	424	1	0	0	0
fullCP	Red	train	Ribo_ND_345044	361	360	1	0	0	0
fullCP	Red	train	Ribo_ND_335728	489	488	1	0	0	0
fullCP	Red	train	Ribo_ND_028931	411	410	1	0	0	0
fullCP	Red	train	Ribo_ND_290971	464	463	1	0	0	0
fullCP	Red	train	Ribo_ND_155771	439	438	1	0	0	0
fullCP	Red	train	Ribo_ND_114170	479	478	1	0	0	0
fullCP	Red	train	Ribo_ND_054817	428	427	1	0	0	0
fullCP	Red	train	Ribo_ND_056137	434	433	1	0	0	0
fullCP	Red	train	Ribo_ND_370447	414	413	1	0	0	0
fullCP	Red	train	Ribo_ND_234623	471	470	1	0	0	0
fullCP	Red	train	Ribo_ND_184639	444	443	1	0	0	0
fullCP	Red	train	Ribo_ND_281961	495	494	1	0	0	0
fullCP	Red	train	Ribo_ND_333280	428	427	1	0	0	0
fullCP	Red	train	Ribo_ND_018983	359	358	1	0	0	0
fullCP	Red	train	Ribo_ND_130208	435	434	1	0	0	0
fullCP	Red	train	Ribo_ND_041978	348	347	1	0	0	0
fullCP	Red	train	Ribo_JAAOEH010002449.1	577	576	1	0	0	0
fullCP	Red	train	Ribo_ND_125752	560	559	1	0	0	0
fullCP	Red	train	Ribo_ND_019228	421	420	1	0	0	0
fullCP	Red	train	Ribo_ND_178506	448	447	1	0	0	0
fullCP	Red	train	Ribo_ND_075631	466	465	1	0	0	0
fullCP	Red	train	Ribo_ND_187985	471	470	1	0	0	0
fullCP	Red	train	Ribo_ND_124074	441	440	1	0	0	0
fullCP	Red	train	Ribo_ND_156954	515	514	1	0	0	0
fullCP	Red	train	Ribo_ND_114735	502	501	1	0	0	0
fullCP	Red	train	Ribo_ND_381661	511	510	1	0	0	0
fullCP	Red	train	Ribo_ND_364444	419	418	1	0	0	0
fullCP	Red	train	Ribo_ND_268835	470	469	1	0	0	0
fullCP	Red	train	Ribo_ND_236420	365	364	1	0	0	0
fullCP	Red	train	Ribo_ND_099971	423	422	1	0	0	0
fullCP	Red	train	Ribo_ND_292549	420	419	1	0	0	0
fullCP	Red	train	Ribo_ND_358846	488	487	1	0	0	0
fullCP	Red	train	Ribo_ND_162083	466	465	1	0	0	0
fullCP	Red	train	Ribo_JAAOEH010001875.1	417	416	1	0	0	0
fullCP	Red	train	Ribo_ND_253618	425	424	1	0	0	0
fullCP	Red	train	Ribo_ND_046378	489	488	1	0	0	0
fullCP	Red	train	Ribo_ND_030153	432	431	1	0	0	0
fullCP	Red	train	Ribo_ND_148054	429	428	1	0	0	0
fullCP	Red	train	Ribo_ND_134282	464	463	1	0	0	0
fullCP	Red	train	Ribo_ND_087436	345	344	1	0	0	0
fullCP	Red	train	Ribo_ND_152036	366	365	1	0	0	0
fullCP	Red	train	Ribo_ND_126471	552	551	1	0	0	0
fullCP	Red	train	Ribo_ND_130202	456	455	1	0	0	0
fullCP	Red	train	Ribo_ND_251197	422	421	1	0	0	0
fullCP	Red	train	Ribo_ND_126022	574	573	1	0	0	0
fullCP	Red	train	Ribo_ND_026429	397	396	1	0	0	0
fullCP	Red	train	Ribo_ND_184895	389	388	1	0	0	0
fullCP	Red	train	Ribo_ND_251071	474	473	1	0	0	0
fullCP	Red	train	Ribo_ND_084192	425	424	1	0	0	0
fullCP	Red	train	Ribo_ND_064866	443	442	1	0	0	0
fullCP	Red	train	Ribo_ND_084065	437	436	1	0	0	0
fullCP	Red	train	Ribo_ND_030302	415	414	1	0	0	0
fullCP	Red	train	Ribo_ND_094822	416	415	1	0	0	0
fullCP	Red	train	Ribo_ND_046929	423	422	1	0	0	0
fullCP	Red	train	Ribo_ND_250998	423	422	1	0	0	0
fullCP	Red	train	Ribo_ND_327002	427	426	1	0	0	0
fullCP	Red	train	Ribo_ND_029688	452	451	1	0	0	0
fullCP	Red	train	Ribo_ND_290214	393	392	1	0	0	0
fullCP	Red	train	Ribo_ND_390177	408	407	1	0	0	0
fullCP	Red	train	Ribo_ND_391466	463	462	1	0	0	0
fullCP	Red	train	Ribo_ND_162910	531	530	1	0	0	0
fullCP	Red	train	Ribo_ND_107344	359	358	1	0	0	0
fullCP	Red	train	Ribo_ND_288214	492	491	1	0	0	0
fullCP	Red	train	Ribo_JAAOEH010001942.1	564	563	1	0	0	0
fullCP	Red	train	Ribo_ND_163272	410	409	1	0	0	0
fullCP	Red	train	Ribo_ND_190317	555	554	1	0	0	0
fullCP	Red	train	Ribo_ND_037412	599	598	1	0	0	0
fullCP	Red	train	Ribo_ND_343517	437	436	1	0	0	0
fullCP	Red	train	Ribo_ND_281976	364	363	1	0	0	0
fullCP	Red	train	Ribo_ND_251156	413	412	1	0	0	0
fullCP	Red	train	Ribo_ND_295394	358	357	1	0	0	0
fullCP	Red	train	Ribo_ND_114875	456	455	1	0	0	0
fullCP	Red	train	Ribo_ND_166578	367	366	1	0	0	0
fullCP	Red	train	Ribo_ND_169363	468	467	1	0	0	0
fullCP	Red	train	Ribo_ND_029080	392	391	1	0	0	0
fullCP	Red	train	Ribo_ND_205493	456	455	1	0	0	0
fullCP	Red	train	Ribo_ND_299879	492	491	1	0	0	0
fullCP	Red	train	Ribo_ND_066589	388	387	1	0	0	0
fullCP	Red	train	Ribo_ND_043347	409	408	1	0	0	0
fullCP	Red	train	Ribo_ND_025153	357	356	1	0	0	0
fullCP	Red	train	Ribo_ND_131407	434	433	1	0	0	0
fullCP	Red	train	Ribo_ND_180487	438	437	1	0	0	0
fullCP	Red	train	Ribo_ND_046317	608	607	1	0	0	0
fullCP	Red	train	Ribo_ND_388266	534	533	1	0	0	0
fullCP	Red	train	Ribo_ND_246785	464	463	1	0	0	0
fullCP	Red	train	Ribo_ND_132327	324	323	1	0	0	0
fullCP	Red	train	Ribo_ND_249733	532	531	1	0	0	0
fullCP	Red	train	Ribo_ND_363858	424	423	1	0	0	0
fullCP	Red	train	Ribo_JAAOEH010002610.1	415	414	1	0	0	0
fullCP	Red	train	Ribo_ND_188050	363	362	1	0	0	0
fullCP	Red	train	Ribo_ND_106166	434	433	1	0	0	0
fullCP	Red	train	Ribo_ND_385927	395	394	1	0	0	0
fullCP	Red	train	Ribo_ND_209726	423	422	1	0	0	0
fullCP	Red	train	Ribo_ND_207626	587	586	1	0	0	0
fullCP	Red	train	Ribo_ND_124466	387	386	1	0	0	0
fullCP	Red	train	Ribo_ND_030535	362	361	1	0	0	0
fullCP	Red	train	Ribo_ND_106677	415	414	1	0	0	0
fullCP	Red	train	Ribo_ND_365622	548	547	1	0	0	0
fullCP	Red	train	Ribo_ND_195610	419	418	1	0	0	0
fullCP	Red	train	Ribo_ND_166631	532	531	1	0	0	0
fullCP	Red	train	Ribo_ND_228726	464	463	1	0	0	0
fullCP	Red	train	Ribo_ND_028680	446	445	1	0	0	0
fullCP	Red	train	Ribo_ND_024437	441	440	1	0	0	0
fullCP	Red	train	Ribo_ND_096464	445	444	1	0	0	0
fullCP	Red	train	Ribo_ND_066931	501	500	1	0	0	0
fullCP	Red	train	Ribo_ND_043246	434	433	1	0	0	0
fullCP	Red	train	Ribo_ND_097677	470	469	1	0	0	0
fullCP	Red	train	Ribo_ND_099728	431	430	1	0	0	0
fullCP	Red	train	Ribo_ND_030312	412	411	1	0	0	0
fullCP	Red	train	Ribo_ND_078080	460	459	1	0	0	0
fullCP	Red	train	Ribo_ND_107474	426	425	1	0	0	0
fullCP	Red	train	Ribo_ND_122116	465	464	1	0	0	0
fullCP	Red	train	Ribo_ND_086105	427	426	1	0	0	0
fullCP	Red	train	Ribo_ND_097599	425	424	1	0	0	0
fullCP	Red	train	Ribo_ND_232461	430	429	1	0	0	0
fullCP	Red	train	Ribo_ND_166662	407	406	1	0	0	0
fullCP	Red	train	Ribo_ND_042915	423	422	1	0	0	0
fullCP	Red	train	Ribo_ND_100038	431	430	1	0	0	0
fullCP	Red	train	Ribo_ND_051634	542	541	1	0	0	0
fullCP	Red	train	Ribo_ND_095900	471	470	1	0	0	0
fullCP	Red	train	Ribo_NC_032826	417	416	1	0	0	0
fullCP	Red	train	Ribo_ND_385286	444	443	1	0	0	0
fullCP	Red	train	Ribo_ND_176115	521	520	1	0	0	0
fullCP	Red	train	Ribo_ND_050578	425	424	1	0	0	0
fullCP	Red	train	Ribo_ND_034853	426	425	1	0	0	0
fullCP	Red	train	Ribo_ND_156763	513	512	1	0	0	0
fullCP	Red	train	Ribo_ND_174691	507	506	1	0	0	0
fullCP	Red	train	Ribo_ND_365983	429	428	1	0	0	0
fullCP	Red	train	Ribo_ND_209163	469	468	1	0	0	0
fullCP	Red	train	Ribo_ND_386284	488	487	1	0	0	0
fullCP	Red	train	Ribo_ND_069154	488	487	1	0	0	0
fullCP	Red	train	Ribo_ND_391165	460	459	1	0	0	0
fullCP	Red	train	Ribo_ND_185856	492	491	1	0	0	0
fullCP	Red	train	Ribo_ND_170543	418	417	1	0	0	0
fullCP	Red	train	Ribo_ND_249738	439	438	1	0	0	0
fullCP	Red	train	Ribo_ND_134196	449	448	1	0	0	0
fullCP	Red	train	Ribo_ND_044597	435	434	1	0	0	0
fullCP	Red	train	Ribo_ND_379850	468	467	1	0	0	0
fullCP	Red	train	Ribo_ND_036494	410	409	1	0	0	0
fullCP	Red	train	Ribo_ND_044832	451	450	1	0	0	0
fullCP	Red	train	Ribo_ND_172983	417	416	1	0	0	0
fullCP	Red	train	Ribo_ND_284204	357	356	1	0	0	0
fullCP	Red	train	Ribo_ND_249709	420	419	1	0	0	0
fullCP	Red	train	Ribo_ND_087862	414	413	1	0	0	0
fullCP	Red	train	Ribo_ND_028069	412	411	1	0	0	0
fullCP	Red	train	Ribo_ND_388731	372	371	1	0	0	0
fullCP	Red	train	Ribo_ND_390432	368	367	1	0	0	0
fullCP	Red	train	Ribo_ND_390654	456	455	1	0	0	0
fullCP	Red	train	Ribo_ND_232455	442	441	1	0	0	0
fullCP	Red	train	Ribo_ND_046761	423	422	1	0	0	0
fullCP	Red	train	Ribo_ND_203489	442	441	1	0	0	0
fullCP	Red	train	Ribo_ND_300927	402	401	1	0	0	0
fullCP	Red	train	Ribo_ND_172611	355	354	1	0	0	0
fullCP	Red	train	Ribo_ND_051536	423	422	1	0	0	0
fullCP	Red	train	Ribo_ND_385876	472	471	1	0	0	0
fullCP	Red	train	Ribo_ND_130292	436	435	1	0	0	0
fullCP	Red	train	Ribo_ND_362746	421	420	1	0	0	0
fullCP	Red	train	Ribo_ND_383206	349	348	1	0	0	0
fullCP	Red	train	Ribo_ND_044604	438	437	1	0	0	0
fullCP	Red	train	Ribo_ND_090573	449	448	1	0	0	0
fullCP	Red	train	Ribo_ND_028768	419	418	1	0	0	0
fullCP	Red	train	Ribo_ND_164988	421	420	1	0	0	0
fullCP	Red	train	Ribo_ND_025122	393	392	1	0	0	0
fullCP	Red	train	Ribo_ND_387689	301	300	1	0	0	0
fullCP	Red	train	Ribo_ND_041617	470	469	1	0	0	0
fullCP	Red	train	Ribo_ND_025437	422	421	1	0	0	0
fullCP	Red	train	Ribo_ND_028328	416	415	1	0	0	0
fullCP	Red	train	Ribo_ND_132246	509	508	1	0	0	0
fullCP	Red	train	Ribo_ND_365515	490	489	1	0	0	0
fullCP	Red	train	Ribo_ND_301567	420	419	1	0	0	0
fullCP	Red	train	Ribo_Ga0127507_1003872	379	378	1	0	0	0
fullCP	Red	train	Ribo_ND_382127	475	474	1	0	0	0
fullCP	Red	train	Ribo_ND_387567	448	447	1	0	0	0
fullCP	Red	train	Ribo_ND_044336	392	391	1	0	0	0
fullCP	Red	train	Ribo_ND_059632	513	512	1	0	0	0
fullCP	Red	train	Ribo_ND_185431	351	350	1	0	0	0
fullCP	Red	train	Ribo_ND_099920	420	419	1	0	0	0
fullCP	Red	train	Ribo_ND_126777	343	342	1	0	0	0
fullCP	Red	train	Ribo_ND_249722	417	416	1	0	0	0
fullCP	Red	train	Ribo_ND_047182	429	428	1	0	0	0
fullCP	Red	train	Ribo_ND_094808	488	487	1	0	0	0
fullCP	Red	train	Ribo_ND_057440	609	608	1	0	0	0
fullCP	Red	train	Ribo_ND_388134	449	448	1	0	0	0
fullCP	Red	train	Ribo_ND_302664	434	433	1	0	0	0
fullCP	Red	train	Ribo_ND_203599	465	464	1	0	0	0
fullCP	Red	train	Ribo_ND_081504	405	404	1	0	0	0
fullCP	Red	train	Ribo_ND_239879	633	632	1	0	0	0
fullCP	Red	train	Ribo_ND_141237	541	540	1	0	0	0
fullCP	Red	train	Ribo_ND_100110	490	489	1	0	0	0
fullCP	Red	train	Ribo_ND_056534	357	356	1	0	0	0
fullCP	Red	train	Ribo_ND_096062	326	325	1	0	0	0
fullCP	Red	train	Ribo_ND_162119	418	417	1	0	0	0
fullCP	Red	train	Ribo_ND_386266	522	521	1	0	0	0
fullCP	Red	train	Ribo_ND_054423	436	435	1	0	0	0
fullCP	Red	train	Ribo_ND_284211	429	428	1	0	0	0
fullCP	Red	train	Ribo_ND_044943	583	582	1	0	0	0
fullCP	Red	train	Ribo_ND_184602	420	419	1	0	0	0
fullCP	Red	train	Ribo_ND_100007	439	438	1	0	0	0
fullCP	Red	train	Ribo_ND_343304	424	423	1	0	0	0
fullCP	Red	train	Ribo_ND_112030	380	379	1	0	0	0
fullCP	Red	train	Ribo_ND_282773	424	423	1	0	0	0
fullCP	Red	train	Ribo_ND_126855	446	445	1	0	0	0
fullCP	Red	train	Ribo_ND_249643	523	522	1	0	0	0
fullCP	Red	train	Ribo_JAAOEH010004401.1	428	427	1	0	0	0
fullCP	Red	train	Ribo_ND_249717	425	424	1	0	0	0
fullCP	Red	train	Ribo_ND_161999	554	553	1	0	0	0
fullCP	Red	train	Ribo_ND_109190	413	412	1	0	0	0
fullCP	Red	train	Ribo_ND_093165	379	378	1	0	0	0
fullCP	Red	train	Ribo_ND_132224	464	463	1	0	0	0
fullCP	Red	train	Ribo_ND_293168	363	362	1	0	0	0
fullCP	Red	train	Ribo_ND_028071	413	412	1	0	0	0
fullCP	Red	train	Ribo_ND_151495	401	400	1	0	0	0
fullCP	Red	train	Ribo_ND_038050	435	434	1	0	0	0
fullCP	Red	train	Ribo_ND_172658	427	426	1	0	0	0
fullCP	Red	train	Ribo_ND_028737	361	360	1	0	0	0
fullCP	Red	train	Ribo_JAAOEH010005851.1	424	423	1	0	0	0
fullCP	Red	train	Ribo_ND_363188	422	421	1	0	0	0
fullCP	Red	train	Ribo_ND_030167	440	439	1	0	0	0
fullCP	Red	train	Ribo_ND_210078	356	355	1	0	0	0
fullCP	Red	train	Ribo_ND_025550	419	418	1	0	0	0
fullCP	Red	train	Ribo_ND_335472	428	427	1	0	0	0
fullCP	Red	train	Ribo_ND_389708	451	450	1	0	0	0
fullCP	Red	train	Ribo_ND_044149	422	421	1	0	0	0
fullCP	Red	train	Ribo_ND_030308	433	432	1	0	0	0
fullCP	Red	train	Ribo_ND_370430	420	419	1	0	0	0
fullCP	Red	train	Ribo_ND_299887	455	454	1	0	0	0
fullCP	Red	train	Ribo_ND_046858	497	496	1	0	0	0
fullCP	Red	train	Ribo_ND_156561	454	453	1	0	0	0
fullCP	Red	train	Ribo_ND_391025	456	455	1	0	0	0
fullCP	Red	train	Ribo_ND_203176	486	485	1	0	0	0
fullCP	Red	train	Ribo_ND_030257	419	418	1	0	0	0
fullCP	Red	train	Ribo_ND_251215	455	454	1	0	0	0
fullCP	Red	train	Ribo_ND_081500	546	545	1	0	0	0
fullCP	Red	train	Ribo_ND_327282	535	534	1	0	0	0
fullCP	Red	train	Ribo_ND_389529	419	418	1	0	0	0
fullCP	Red	train	Ribo_ND_163335	413	412	1	0	0	0
fullCP	Red	train	Ribo_ND_204147	443	442	1	0	0	0
fullCP	Red	train	Ribo_ND_249740	416	415	1	0	0	0
fullCP	Red	train	Ribo_ND_187630	452	451	1	0	0	0
fullCP	Red	train	Ribo_ND_304663	417	416	1	0	0	0
fullCP	Red	train	Ribo_ND_158705	448	447	1	0	0	0
fullCP	Red	train	Ribo_ND_101784	482	481	1	0	0	0
fullCP	Red	train	Ribo_ND_095482	379	378	1	0	0	0
fullCP	Red	train	Ribo_ND_044240	437	436	1	0	0	0
fullCP	Red	train	Ribo_ND_381174	425	424	1	0	0	0
fullCP	Red	train	Ribo_ND_092948	392	391	1	0	0	0
fullCP	Red	train	Ribo_NC_032884	343	342	1	0	0	0
fullCP	Red	train	Ribo_ND_365732	473	472	1	0	0	0
fullCP	Red	train	Ribo_ND_149174	401	400	1	0	0	0
fullCP	Red	train	Ribo_ND_099904	489	488	1	0	0	0
fullCP	Red	train	Ribo_ND_175738	514	513	1	0	0	0
fullCP	Red	train	Ribo_ND_162268	436	435	1	0	0	0
fullCP	Red	train	Ribo_ND_108514	585	584	1	0	0	0
fullCP	Red	train	Ribo_ND_133060	432	431	1	0	0	0
fullCP	Red	train	Ribo_ND_025095	454	453	1	0	0	0
fullCP	Red	train	Ribo_ND_282731	424	423	1	0	0	0
fullCP	Red	train	Ribo_ND_344864	483	482	1	0	0	0
fullCP	Red	train	Ribo_ND_281801	352	351	1	0	0	0
fullCP	Red	train	Ribo_ND_028716	376	375	1	0	0	0
fullCP	Red	train	Ribo_ND_249827	380	379	1	0	0	0
fullCP	Red	train	Ribo_ND_050395	436	435	1	0	0	0
fullCP	Red	train	Ribo_ND_103002	528	527	1	0	0	0
fullCP	Red	train	Ribo_ND_210470	414	413	1	0	0	0
fullCP	Red	train	Ribo_ND_361906	529	528	1	0	0	0
fullCP	Red	train	Ribo_ND_239309	438	437	1	0	0	0
fullCP	Red	train	Ribo_JAAOEH010001208.1	381	380	1	0	0	0
fullCP	Red	train	Ribo_ND_099810	440	439	1	0	0	0
fullCP	Red	train	Ribo_ND_347450	432	431	1	0	0	0
fullCP	Red	train	Ribo_ND_115273	410	409	1	0	0	0
fullCP	Red	train	Ribo_ND_198694	445	444	1	0	0	0
fullCP	Red	train	Ribo_ND_082839	431	430	1	0	0	0
fullCP	Red	train	Ribo_ND_289124	455	454	1	0	0	0
fullCP	Red	train	Ribo_ND_278159	351	350	1	0	0	0
fullCP	Red	train	Ribo_ND_102430	472	471	1	0	0	0
fullCP	Red	train	Ribo_ND_284825	474	473	1	0	0	0
fullCP	Red	train	Ribo_ND_210241	446	445	1	0	0	0
fullCP	Red	train	Ribo_ND_301024	419	418	1	0	0	0
fullCP	Red	train	Ribo_ND_363905	417	416	1	0	0	0
fullCP	Red	train	Ribo_ND_151413	436	435	1	0	0	0
fullCP	Red	train	Ribo_ND_127922	385	384	1	0	0	0
fullCP	Red	train	Ribo_ND_092480	385	384	1	0	0	0
fullCP	Red	train	Ribo_Ga0127505_1039318	543	542	1	0	0	0
fullCP	Red	train	Ribo_ND_025679	490	489	1	0	0	0
fullCP	Red	train	Ribo_ND_294841	357	356	1	0	0	0
fullCP	Red	train	Ribo_ND_067383	465	464	1	0	0	0
fullCP	Red	train	Ribo_ND_251250	438	437	1	0	0	0
fullCP	Red	train	Ribo_ND_205490	441	440	1	0	0	0
fullCP	Red	train	Ribo_ND_292467	420	419	1	0	0	0
fullCP	Red	train	Ribo_ND_164848	445	444	1	0	0	0
fullCP	Red	train	Ribo_ND_048457	424	423	1	0	0	0
fullCP	Red	train	Ribo_ND_057449	511	510	1	0	0	0
fullCP	Red	train	Ribo_ND_147067	433	432	1	0	0	0
fullCP	Red	train	Ribo_JAAOEH010002127.1	357	356	1	0	0	0
fullCP	Red	train	Ribo_ND_082062	358	357	1	0	0	0
fullCP	Red	train	Ribo_ND_249719	443	442	1	0	0	0
fullCP	Red	train	Ribo_ND_083099	353	352	1	0	0	0
fullCP	Red	train	Ribo_ND_180510	423	422	1	0	0	0
fullCP	Red	train	Ribo_ND_112591	438	437	1	0	0	0
fullCP	Red	train	Ribo_ND_190342	365	364	1	0	0	0
fullCP	Red	train	Ribo_ND_366175	440	439	1	0	0	0
fullCP	Red	train	Ribo_JAAOEH010002777.1	425	424	1	0	0	0
fullCP	Red	train	Ribo_ND_251103	385	384	1	0	0	0
fullCP	Red	train	Ribo_ND_056464	435	434	1	0	0	0
fullCP	Red	train	Ribo_ND_132240	447	446	1	0	0	0
fullCP	Red	train	Ribo_ND_166803	423	422	1	0	0	0
fullCP	Red	train	Ribo_ND_293220	454	453	1	0	0	0
fullCP	Red	train	Ribo_ND_037368	425	424	1	0	0	0
fullCP	Red	train	Ribo_ND_058275	577	576	1	0	0	0
fullCP	Red	train	Ribo_ND_370416	442	441	1	0	0	0
fullCP	Red	train	Ribo_ND_285201	346	345	1	0	0	0
fullCP	Red	train	Ribo_ND_099990	438	437	1	0	0	0
fullCP	Red	train	Ribo_ND_179581	376	375	1	0	0	0
fullCP	Red	train	Ribo_ND_236943	502	501	1	0	0	0
fullCP	Red	train	Ribo_ND_060792	357	356	1	0	0	0
fullCP	Red	train	Ribo_ND_046330	457	456	1	0	0	0
fullCP	Red	train	Ribo_ND_278441	428	427	1	0	0	0
fullCP	Red	train	Ribo_ND_158731	504	503	1	0	0	0
fullCP	Red	train	Ribo_NC_033438	350	349	1	0	0	0
fullCP	Red	train	Ribo_ND_056608	411	410	1	0	0	0
fullCP	Red	train	Ribo_ND_024746	422	421	1	0	0	0
fullCP	Red	train	Ribo_tombunoda_KF510030	451	450	1	0	0	0
fullCP	Red	train	Ribo_ND_045743	474	473	1	0	0	0
fullCP	Red	train	Ribo_ND_202418	370	369	1	0	0	0
fullCP	Red	train	Ribo_ND_024730	489	488	1	0	0	0
fullCP	Red	train	Ribo_ND_336234	390	389	1	0	0	0
fullCP	Red	train	Ribo_ND_025424	370	369	1	0	0	0
fullCP	Red	train	Ribo_ND_037080	462	461	1	0	0	0
fullCP	Red	train	Ribo_ND_028817	432	431	1	0	0	0
fullCP	Red	train	Ribo_ND_169315	378	377	1	0	0	0
fullCP	Red	train	Ribo_ND_071273	461	460	1	0	0	0
fullCP	Red	train	Ribo_ND_091409	521	520	1	0	0	0
fullCP	Red	train	Ribo_ND_365513	431	430	1	0	0	0
fullCP	Red	train	Ribo_ND_170524	623	622	1	0	0	0
fullCP	Red	train	Ribo_ND_147366	360	359	1	0	0	0
fullCP	Red	train	Ribo_JAAOEH010001771.1	443	442	1	0	0	0
fullCP	Red	train	Ribo_ND_251120	456	455	1	0	0	0
fullCP	Red	train	Ribo_ND_327873	432	431	1	0	0	0
fullCP	Red	train	Ribo_ND_177413	430	429	1	0	0	0
fullCP	Red	train	Ribo_ND_030549	460	459	1	0	0	0
fullCP	Red	train	Ribo_ND_094061	445	444	1	0	0	0
fullCP	Red	train	Ribo_ND_030242	406	405	1	0	0	0
fullCP	Red	train	Ribo_ND_226143	375	374	1	0	0	0
fullCP	Red	train	Ribo_ND_091979	442	441	1	0	0	0
fullCP	Red	train	Ribo_ND_053539	394	393	1	0	0	0
fullCP	Red	train	Ribo_ND_266811	375	374	1	0	0	0
fullCP	Red	train	Ribo_ND_146081	404	403	1	0	0	0
fullCP	Red	train	Ribo_ND_249699	422	421	1	0	0	0
fullCP	Red	train	Ribo_ND_030228	430	429	1	0	0	0
fullCP	Red	train	Ribo_ND_029689	417	416	1	0	0	0
fullCP	Red	train	Ribo_ND_040244	470	469	1	0	0	0
fullCP	Red	train	Ribo_ND_024707	438	437	1	0	0	0
fullCP	Red	train	Ribo_ND_138880	426	425	1	0	0	0
fullCP	Red	train	Ribo_ND_092976	418	417	1	0	0	0
fullCP	Red	train	Ribo_JAAOEH010002630.1	513	512	1	0	0	0
fullCP	Red	train	Ribo_ND_251191	428	427	1	0	0	0
fullCP	Red	train	Ribo_ND_249488	560	559	1	0	0	0
fullCP	Red	train	Ribo_ND_237007	494	493	1	0	0	0
fullCP	Red	train	Ribo_ND_340116	420	419	1	0	0	0
fullCP	Red	train	Ribo_ND_175203	389	388	1	0	0	0
fullCP	Red	train	Ribo_ND_391046	369	368	1	0	0	0
fullCP	Red	train	Ribo_ND_028934	467	466	1	0	0	0
fullCP	Red	train	Ribo_ND_337560	364	363	1	0	0	0
fullCP	Red	train	Ribo_ND_108971	430	429	1	0	0	0
fullCP	Red	train	Ribo_ND_313196	510	509	1	0	0	0
fullCP	Red	train	Ribo_ND_304381	484	483	1	0	0	0
fullCP	Red	train	Ribo_ND_114758	521	520	1	0	0	0
fullCP	Red	train	Ribo_ND_057533	441	440	1	0	0	0
fullCP	Red	train	Ribo_ND_145828	427	426	1	0	0	0
fullCP	Red	train	Ribo_ND_366210	617	616	1	0	0	0
fullCP	Red	train	Ribo_ND_025211	363	362	1	0	0	0
fullCP	Red	train	Ribo_ND_363181	333	332	1	0	0	0
fullCP	Red	train	Ribo_ND_095931	506	505	1	0	0	0
fullCP	Red	train	Ribo_ND_160106	407	406	1	0	0	0
fullCP	Red	train	Ribo_ND_132404	610	609	1	0	0	0
fullCP	Red	train	Ribo_ND_239080	420	419	1	0	0	0
fullCP	Red	train	Ribo_ND_060734	441	440	1	0	0	0
fullCP	Red	train	Ribo_ND_215017	424	423	1	0	0	0
fullCP	Red	train	Ribo_ND_059851	501	500	1	0	0	0
fullCP	Red	train	Ribo_ND_048417	358	357	1	0	0	0
fullCP	Red	train	Ribo_ND_185791	407	406	1	0	0	0
fullCP	Red	train	Ribo_ND_030523	475	474	1	0	0	0
fullCP	Red	train	Ribo_ND_344308	474	473	1	0	0	0
fullCP	Red	train	Ribo_ND_350465	519	518	1	0	0	0
fullCP	Red	train	Ribo_ND_032229	429	428	1	0	0	0
fullCP	Red	train	Ribo_ND_366118	433	432	1	0	0	0
fullCP	Red	train	Ribo_ND_128801	391	390	1	0	0	0
fullCP	Red	train	Ribo_ND_134792	362	361	1	0	0	0
fullCP	Red	train	Ribo_ND_064469	518	517	1	0	0	0
fullCP	Red	train	Ribo_ND_142318	587	586	1	0	0	0
fullCP	Red	train	Ribo_ND_198441	417	416	1	0	0	0
fullCP	Red	train	Ribo_ND_095233	362	361	1	0	0	0
fullCP	Red	train	Ribo_ND_182537	430	429	1	0	0	0
fullCP	Red	train	Ribo_ND_106556	471	470	1	0	0	0
fullCP	Red	train	Ribo_ND_105163	447	446	1	0	0	0
fullCP	Red	train	Ribo_ND_308260	427	426	1	0	0	0
fullCP	Red	train	Ribo_ND_114322	379	378	1	0	0	0
fullCP	Red	train	Ribo_ND_279514	423	422	1	0	0	0
fullCP	Red	train	Ribo_ND_081696	433	432	1	0	0	0
fullCP	Red	train	Ribo_ND_028949	415	414	1	0	0	0
fullCP	Red	train	Ribo_ND_121885	359	358	1	0	0	0
fullCP	Red	train	Ribo_ND_092703	547	546	1	0	0	0
fullCP	Red	train	Ribo_ND_099892	437	436	1	0	0	0
fullCP	Red	train	Ribo_ND_084466	340	339	1	0	0	0
fullCP	Red	train	Ribo_ND_251225	452	451	1	0	0	0
fullCP	Red	train	Ribo_JAAOEH010001460.1	379	378	1	0	0	0
fullCP	Red	train	Ribo_ND_024955	477	476	1	0	0	0
fullCP	Red	train	Ribo_ND_108358	578	577	1	0	0	0
fullCP	Red	train	Ribo_ND_107013	506	505	1	0	0	0
fullCP	Red	train	Ribo_ND_028067	408	407	1	0	0	0
fullCP	Red	train	Ribo_Ga0184575_112371	431	430	1	0	0	0
fullCP	Red	train	Ribo_ND_356789	410	409	1	0	0	0
fullCP	Red	train	Ribo_ND_101584	486	485	1	0	0	0
fullCP	Red	train	Ribo_ND_240609	439	438	1	0	0	0
fullCP	Red	train	Ribo_ND_163049	399	398	1	0	0	0
fullCP	Red	train	Ribo_ND_112191	476	475	1	0	0	0
fullCP	Red	train	Ribo_ND_052692	495	494	1	0	0	0
fullCP	Red	train	Ribo_JAAOEH010004812.1	474	473	1	0	0	0
fullCP	Red	train	Ribo_ND_060762	430	429	1	0	0	0
fullCP	Red	train	Ribo_ND_187940	409	408	1	0	0	0
fullCP	Red	train	Ribo_ND_341362	382	381	1	0	0	0
fullCP	Red	train	Ribo_ND_106626	435	434	1	0	0	0
fullCP	Red	train	Ribo_ND_100095	479	478	1	0	0	0
fullCP	Red	train	Ribo_ND_044835	532	531	1	0	0	0
fullCP	Red	train	Ribo_ND_146036	376	375	1	0	0	0
fullCP	Red	train	Ribo_ND_025846	417	416	1	0	0	0
fullCP	Red	train	Ribo_ND_329481	426	425	1	0	0	0
fullCP	Red	train	Ribo_ND_175194	426	425	1	0	0	0
fullCP	Red	train	Ribo_ND_112677	461	460	1	0	0	0
fullCP	Red	train	Ribo_ND_112280	450	449	1	0	0	0
fullCP	Red	train	Ribo_ND_155767	420	419	1	0	0	0
fullCP	Red	train	Ribo_ND_385935	458	457	1	0	0	0
fullCP	Red	train	Ribo_ND_363503	438	437	1	0	0	0
fullCP	Red	train	Ribo_JAAOEH010003866.1	522	521	1	0	0	0
fullCP	Red	train	Ribo_ND_321729	439	438	1	0	0	0
fullCP	Red	train	Ribo_ND_239075	475	474	1	0	0	0
fullCP	Red	train	Ribo_ND_025243	364	363	1	0	0	0
fullCP	Red	train	Ribo_ND_249837	375	374	1	0	0	0
fullCP	Red	train	Ribo_ND_249648	431	430	1	0	0	0
fullCP	Red	train	Ribo_ND_184068	367	366	1	0	0	0
fullCP	Red	train	Ribo_ND_341296	443	442	1	0	0	0
fullCP	Red	train	Ribo_JAAOEH010002267.1	377	376	1	0	0	0
fullCP	Red	train	Ribo_ND_119710	437	436	1	0	0	0
fullCP	Red	train	Ribo_ND_166642	443	442	1	0	0	0
fullCP	Red	train	Ribo_ND_090706	453	452	1	0	0	0
fullCP	Red	train	Ribo_ND_029515	438	437	1	0	0	0
fullCP	Red	train	Ribo_ND_166807	432	431	1	0	0	0
fullCP	Red	train	Ribo_NC_033111	480	479	1	0	0	0
fullCP	Red	train	Ribo_ND_358880	424	423	1	0	0	0
fullCP	Red	train	Ribo_ND_025152	451	450	1	0	0	0
fullCP	Red	train	Ribo_ND_254815	424	423	1	0	0	0
fullCP	Red	train	Ribo_ND_176763	374	373	1	0	0	0
fullCP	Red	train	Ribo_ND_160131	408	407	1	0	0	0
fullCP	Red	train	Ribo_ND_044399	421	420	1	0	0	0
fullCP	Red	train	Ribo_ND_390200	339	338	1	0	0	0
fullCP	Red	train	Ribo_ND_097035	448	447	1	0	0	0
fullCP	Red	train	Ribo_ND_097088	493	492	1	0	0	0
fullCP	Red	train	Ribo_ND_239549	415	414	1	0	0	0
fullCP	Red	train	Ribo_ND_058928	480	479	1	0	0	0
fullCP	Red	train	Ribo_ND_024871	439	438	1	0	0	0
fullCP	Red	train	Ribo_ND_389921	398	397	1	0	0	0
fullCP	Red	train	Ribo_ND_132724	516	515	1	0	0	0
fullCP	Red	train	Ribo_ND_028066	422	421	1	0	0	0
fullCP	Red	train	Ribo_ND_100104	417	416	1	0	0	0
fullCP	Red	train	Ribo_ND_055896	378	377	1	0	0	0
fullCP	Red	train	Ribo_ND_092447	554	553	1	0	0	0
fullCP	Red	train	Ribo_ND_289096	458	457	1	0	0	0
fullCP	Red	train	Ribo_ND_363531	506	505	1	0	0	0
fullCP	Red	train	Ribo_ND_059615	513	512	1	0	0	0
fullCP	Red	train	Ribo_ND_349259	421	420	1	0	0	0
fullCP	Red	train	Ribo_ND_249650	414	413	1	0	0	0
fullCP	Red	train	Ribo_ND_029661	427	426	1	0	0	0
fullCP	Red	train	Ribo_ND_041696	424	423	1	0	0	0
fullCP	Red	train	Ribo_ND_045947	373	372	1	0	0	0
fullCP	Red	train	Ribo_ND_249548	660	659	1	0	0	0
fullCP	Red	train	Ribo_ND_030364	577	576	1	0	0	0
fullCP	Red	train	Ribo_ND_251221	427	426	1	0	0	0
fullCP	Red	train	Ribo_ND_025722	384	383	1	0	0	0
fullCP	Red	train	Ribo_ND_251198	437	436	1	0	0	0
fullCP	Red	train	Ribo_ND_291673	419	418	1	0	0	0
fullCP	Red	train	Ribo_JAAOEH010002232.1	431	430	1	0	0	0
fullCP	Red	train	Ribo_ND_108055	472	471	1	0	0	0
fullCP	Red	train	Ribo_ND_025792	487	486	1	0	0	0
fullCP	Red	train	Ribo_ND_132598	542	541	1	0	0	0
fullCP	Red	train	Ribo_ND_166450	440	439	1	0	0	0
fullCP	Red	train	Ribo_ND_152451	608	607	1	0	0	0
fullCP	Red	train	Ribo_ND_365844	432	431	1	0	0	0
fullCP	Red	train	Ribo_ND_092887	354	353	1	0	0	0
fullCP	Red	train	Ribo_ND_045532	374	373	1	0	0	0
fullCP	Red	train	Ribo_ND_305901	615	614	1	0	0	0
fullCP	Red	train	Ribo_ND_051123	440	439	1	0	0	0
fullCP	Red	train	Ribo_ND_048572	415	414	1	0	0	0
fullCP	Red	train	Ribo_ND_226039	509	508	1	0	0	0
fullCP	Red	train	Ribo_ND_071032	449	448	1	0	0	0
fullCP	Red	train	Ribo_ND_131731	452	451	1	0	0	0
fullCP	Red	train	Ribo_ND_096072	442	441	1	0	0	0
fullCP	Red	train	Ribo_ND_088149	598	597	1	0	0	0
fullCP	Red	train	Ribo_ND_391022	423	422	1	0	0	0
fullCP	Red	train	Ribo_ND_166800	402	401	1	0	0	0
fullCP	Red	train	Ribo_ND_029438	435	434	1	0	0	0
fullCP	Red	train	Ribo_ND_359430	417	416	1	0	0	0
fullCP	Red	train	Ribo_ND_194362	425	424	1	0	0	0
fullCP	Red	train	Ribo_ND_203487	498	497	1	0	0	0
fullCP	Red	train	Ribo_ND_151781	430	429	1	0	0	0
fullCP	Red	train	Ribo_ND_166753	451	450	1	0	0	0
fullCP	Red	train	Ribo_ND_059415	378	377	1	0	0	0
fullCP	Red	train	Ribo_ND_176106	448	447	1	0	0	0
fullCP	Red	train	Ribo_ND_335948	432	431	1	0	0	0
fullCP	Red	train	Ribo_ND_347447	426	425	1	0	0	0
fullCP	Red	train	Ribo_ND_029681	431	430	1	0	0	0
fullCP	Red	train	Ribo_ND_147194	420	419	1	0	0	0
fullCP	Red	train	Ribo_ND_288285	437	436	1	0	0	0
fullCP	Red	train	Ribo_ND_105187	446	445	1	0	0	0
fullCP	Red	train	Ribo_ND_096144	473	472	1	0	0	0
fullCP	Red	train	Ribo_ND_379594	419	418	1	0	0	0
fullCP	Red	train	Ribo_ND_321947	538	537	1	0	0	0
fullCP	Red	train	Ribo_ND_112738	451	450	1	0	0	0
fullCP	Red	train	Ribo_ND_061627	415	414	1	0	0	0
fullCP	Red	train	Ribo_ND_028994	407	406	1	0	0	0
fullCP	Red	train	Ribo_ND_321366	366	365	1	0	0	0
fullCP	Red	train	Ribo_ND_184566	426	425	1	0	0	0
fullCP	Red	train	Ribo_ND_094133	416	415	1	0	0	0
fullCP	Red	train	Ribo_ND_388279	430	429	1	0	0	0
fullCP	Red	train	Ribo_ND_130501	437	436	1	0	0	0
fullCP	Red	train	Ribo_ND_109141	413	412	1	0	0	0
fullCP	Red	train	Ribo_ND_384169	386	385	1	0	0	0
fullCP	Red	train	Ribo_ND_026199	422	421	1	0	0	0
fullCP	Red	train	Ribo_ND_046859	426	425	1	0	0	0
fullCP	Red	train	Ribo_ND_168965	376	375	1	0	0	0
fullCP	Red	train	Ribo_ND_025361	387	386	1	0	0	0
fullCP	Red	train	Ribo_ND_046952	426	425	1	0	0	0
fullCP	Red	train	Ribo_ND_248264	418	417	1	0	0	0
fullCP	Red	train	Ribo_ND_046666	426	425	1	0	0	0
fullCP	Red	train	Ribo_ND_082876	452	451	1	0	0	0
fullCP	Red	train	Ribo_ND_281099	583	582	1	0	0	0
fullCP	Red	train	Ribo_ND_029138	417	416	1	0	0	0
fullCP	Red	train	Ribo_ND_107245	381	380	1	0	0	0
fullCP	Red	train	Ribo_ND_249653	455	454	1	0	0	0
fullCP	Red	train	Ribo_ND_300454	434	433	1	0	0	0
fullCP	Red	train	Ribo_ND_286562	456	455	1	0	0	0
fullCP	Red	train	Ribo_ND_163072	411	410	1	0	0	0
fullCP	Red	train	Ribo_ND_114665	431	430	1	0	0	0
fullCP	Red	train	Ribo_ND_028884	407	406	1	0	0	0
fullCP	Red	train	Ribo_ND_361344	484	483	1	0	0	0
fullCP	Red	train	Ribo_ND_030388	477	476	1	0	0	0
fullCP	Red	train	Ribo_ND_030557	368	367	1	0	0	0
fullCP	Red	train	Ribo_ND_156755	447	446	1	0	0	0
fullCP	Red	train	Ribo_JAAOEH010002460.1	411	410	1	0	0	0
fullCP	Red	train	Ribo_ND_302803	439	438	1	0	0	0
fullCP	Red	train	Ribo_ND_348190	423	422	1	0	0	0
fullCP	Red	train	Ribo_ND_090381	411	410	1	0	0	0
fullCP	Red	train	Ribo_ND_156943	430	429	1	0	0	0
fullCP	Red	train	Ribo_NC_033443	489	488	1	0	0	0
fullCP	Red	train	Ribo_ND_030655	452	451	1	0	0	0
fullCP	Red	train	Ribo_ND_306739	443	442	1	0	0	0
fullCP	Red	train	Ribo_ND_379306	424	423	1	0	0	0
fullCP	Red	train	Ribo_ND_251266	409	408	1	0	0	0
fullCP	Red	train	Ribo_ND_147059	407	406	1	0	0	0
fullCP	Red	train	Ribo_ND_113984	429	428	1	0	0	0
fullCP	Red	train	Ribo_ND_166644	431	430	1	0	0	0
fullCP	Red	train	Ribo_ND_043449	421	420	1	0	0	0
fullCP	Red	train	Ribo_ND_341308	406	405	1	0	0	0
fullCP	Red	train	Ribo_ND_152263	457	456	1	0	0	0
fullCP	Red	train	Ribo_ND_287498	556	555	1	0	0	0
fullCP	Red	train	Ribo_ND_343365	488	487	1	0	0	0
fullCP	Red	train	Ribo_ND_366332	459	458	1	0	0	0
fullCP	Red	train	Ribo_ND_385031	497	496	1	0	0	0
fullCP	Red	train	Ribo_ND_067689	434	433	1	0	0	0
fullCP	Red	train	Ribo_ND_046668	444	443	1	0	0	0
fullCP	Red	train	Ribo_ND_162000	451	450	1	0	0	0
fullCP	Red	train	Ribo_ND_114974	492	491	1	0	0	0
fullCP	Red	train	Ribo_ND_090578	422	421	1	0	0	0
fullCP	Red	train	Ribo_ND_274455	430	429	1	0	0	0
fullCP	Red	train	Ribo_ND_025249	420	419	1	0	0	0
fullCP	Red	train	Ribo_ND_379299	459	458	1	0	0	0
fullCP	Red	train	Ribo_ND_149118	319	318	1	0	0	0
fullCP	Red	train	Ribo_ND_237671	431	430	1	0	0	0
fullCP	Red	train	Ribo_ND_132919	475	474	1	0	0	0
fullCP	Red	train	Ribo_ND_028774	411	410	1	0	0	0
fullCP	Red	train	Ribo_ND_101960	429	428	1	0	0	0
fullCP	Red	train	Ribo_ND_156478	454	453	1	0	0	0
fullCP	Red	train	Ribo_ND_224267	439	438	1	0	0	0
fullCP	Red	train	Ribo_JAAOEH010003334.1	441	440	1	0	0	0
fullCP	Red	train	Ribo_ND_029406	426	425	1	0	0	0
fullCP	Red	train	Ribo_ND_326772	422	421	1	0	0	0
fullCP	Red	train	Ribo_ND_381586	414	413	1	0	0	0
fullCP	Red	train	Ribo_JAAOEH010001272.1	519	518	1	0	0	0
fullCP	Red	train	Ribo_ND_055821	403	402	1	0	0	0
fullCP	Red	train	Ribo_Ga0187796_1206930	450	449	1	0	0	0
fullCP	Red	train	Ribo_ND_256267	378	377	1	0	0	0
fullCP	Red	train	Ribo_ND_092889	450	449	1	0	0	0
fullCP	Red	train	Ribo_ND_137595	414	413	1	0	0	0
fullCP	Red	train	Ribo_ND_163344	415	414	1	0	0	0
fullCP	Red	train	Ribo_JAAOEH010001830.1	431	430	1	0	0	0
fullCP	Red	train	Ribo_ND_082205	352	351	1	0	0	0
fullCP	Red	train	Ribo_ND_276222	371	370	1	0	0	0
fullCP	Red	train	Ribo_ND_251123	469	468	1	0	0	0
fullCP	Red	train	Ribo_ND_066692	453	452	1	0	0	0
fullCP	Red	train	Ribo_ND_239311	432	431	1	0	0	0
fullCP	Red	train	Ribo_ND_145825	417	416	1	0	0	0
fullCP	Red	train	Ribo_ND_251546	458	457	1	0	0	0
fullCP	Red	train	Ribo_ND_134565	395	394	1	0	0	0
fullCP	Red	train	Ribo_ND_028676	529	528	1	0	0	0
fullCP	Red	train	Ribo_JAAOEH010000682.1	545	544	1	0	0	0
fullCP	Red	train	Ribo_ND_221761	481	480	1	0	0	0
fullCP	Red	train	Ribo_JAAOEH010004707.1	424	423	1	0	0	0
fullCP	Red	train	Ribo_ND_084066	372	371	1	0	0	0
fullCP	Red	train	Ribo_tombunoda_PlhalsV2	376	375	1	0	0	0
fullCP	Red	train	Ribo_ND_172936	455	454	1	0	0	0
fullCP	Red	train	Ribo_ND_117610	431	430	1	0	0	0
fullCP	Red	train	Ribo_ND_066339	528	527	1	0	0	0
fullCP	Red	train	Ribo_ND_054075	453	452	1	0	0	0
fullCP	Red	train	Ribo_ND_025168	439	438	1	0	0	0
fullCP	Red	train	Ribo_ND_343206	491	490	1	0	0	0
fullCP	Red	train	Ribo_ND_044728	529	528	1	0	0	0
fullCP	Red	train	Ribo_ND_043328	356	355	1	0	0	0
fullCP	Red	train	Ribo_ND_109227	449	448	1	0	0	0
fullCP	Red	train	Ribo_ND_389837	350	349	1	0	0	0
fullCP	Red	train	Ribo_ND_156208	421	420	1	0	0	0
fullCP	Red	train	Ribo_ND_215889	427	426	1	0	0	0
fullCP	Red	train	Ribo_ND_276198	382	381	1	0	0	0
fullCP	Red	train	Ribo_ND_096611	451	450	1	0	0	0
fullCP	Red	train	Ribo_ND_319688	423	422	1	0	0	0
fullCP	Red	train	Ribo_ND_347420	373	372	1	0	0	0
fullCP	Red	train	Ribo_ND_085676	652	651	1	0	0	0
fullCP	Red	train	Ribo_ND_115280	454	453	1	0	0	0
fullCP	Red	train	Ribo_ND_104666	443	442	1	0	0	0
fullCP	Red	train	Ribo_ND_100474	354	353	1	0	0	0
fullCP	Red	train	Ribo_ND_112150	414	413	1	0	0	0
fullCP	Red	train	Ribo_ND_085733	345	344	1	0	0	0
fullCP	Red	train	Ribo_ND_327486	443	442	1	0	0	0
fullCP	Red	train	Ribo_ND_166810	425	424	1	0	0	0
fullCP	Red	train	Ribo_ND_114032	454	453	1	0	0	0
fullCP	Red	train	Ribo_ND_095265	326	325	1	0	0	0
fullCP	Red	train	Ribo_ND_030149	420	419	1	0	0	0
fullCP	Red	train	Ribo_ND_221227	428	427	1	0	0	0
fullCP	Red	train	Ribo_ND_132962	468	467	1	0	0	0
fullCP	Red	train	Ribo_ND_073926	427	426	1	0	0	0
fullCP	Red	train	Ribo_ND_028878	420	419	1	0	0	0
fullCP	Red	train	Ribo_ND_179939	463	462	1	0	0	0
fullCP	Red	train	Ribo_ND_143535	447	446	1	0	0	0
fullCP	Red	train	Ribo_ND_230750	378	377	1	0	0	0
fullCP	Red	train	Ribo_ND_198292	477	476	1	0	0	0
fullCP	Red	train	Ribo_ND_161323	427	426	1	0	0	0
fullCP	Red	train	Ribo_ND_094068	422	421	1	0	0	0
fullCP	Red	train	Ribo_ND_102429	380	379	1	0	0	0
fullCP	Red	train	Ribo_ND_365497	435	434	1	0	0	0
fullCP	Red	train	Ribo_ND_221222	499	498	1	0	0	0
fullCP	Red	train	Ribo_ND_185405	526	525	1	0	0	0
fullCP	Red	train	Ribo_ND_181904	480	479	1	0	0	0
fullCP	Red	train	Ribo_ND_070705	358	357	1	0	0	0
fullCP	Red	train	Ribo_ND_187628	463	462	1	0	0	0
fullCP	Red	train	Ribo_ND_166546	405	404	1	0	0	0
fullCP	Red	train	Ribo_ND_155710	430	429	1	0	0	0
fullCP	Red	train	Ribo_ND_096037	361	360	1	0	0	0
fullCP	Red	train	Ribo_ND_118715	445	444	1	0	0	0
fullCP	Red	train	Ribo_ND_358063	448	447	1	0	0	0
fullCP	Red	train	Ribo_ND_030540	427	426	1	0	0	0
fullCP	Red	train	Ribo_JAAOEH010001932.1	475	474	1	0	0	0
fullCP	Red	train	Ribo_ND_210459	418	417	1	0	0	0
fullCP	Red	train	Ribo_ND_066079	475	474	1	0	0	0
fullCP	Red	train	Ribo_ND_101966	421	420	1	0	0	0
fullCP	Red	train	Ribo_ND_121570	437	436	1	0	0	0
fullCP	Red	train	Ribo_ND_106338	510	509	1	0	0	0
fullCP	Red	train	Ribo_ND_042233	415	414	1	0	0	0
fullCP	Red	train	Ribo_ND_388118	428	427	1	0	0	0
fullCP	Red	train	Ribo_ND_209718	457	456	1	0	0	0
fullCP	Red	train	Ribo_ND_095624	579	578	1	0	0	0
fullCP	Red	train	Ribo_ND_166424	457	456	1	0	0	0
fullCP	Red	train	Ribo_ND_181386	551	550	1	0	0	0
fullCP	Red	train	Ribo_ND_281671	457	456	1	0	0	0
fullCP	Red	train	Ribo_ND_025169	421	420	1	0	0	0
fullCP	Red	train	Ribo_ND_187973	417	416	1	0	0	0
fullCP	Red	train	Ribo_ND_381553	472	471	1	0	0	0
fullCP	Red	train	Ribo_ND_107592	434	433	1	0	0	0
fullCP	Red	train	Ribo_ND_155687	427	426	1	0	0	0
fullCP	Red	train	Ribo_JAAOEH010004908.1	432	431	1	0	0	0
fullCP	Red	train	Ribo_ND_159768	442	441	1	0	0	0
fullCP	Red	train	Ribo_ND_166650	442	441	1	0	0	0
fullCP	Red	train	Ribo_ND_115393	433	432	1	0	0	0
fullCP	Red	train	Ribo_ND_108364	427	426	1	0	0	0
fullCP	Red	train	Ribo_ND_162995	353	352	1	0	0	0
fullCP	Red	train	Ribo_ND_161363	524	523	1	0	0	0
fullCP	Red	train	Ribo_ND_389147	383	382	1	0	0	0
fullCP	Red	train	Ribo_ND_309034	416	415	1	0	0	0
fullCP	Red	train	Ribo_ND_030162	429	428	1	0	0	0
fullCP	Red	train	Ribo_ND_037751	545	544	1	0	0	0
fullCP	Red	train	Ribo_ND_165277	517	516	1	0	0	0
fullCP	Red	train	Ribo_ND_249718	397	396	1	0	0	0
fullCP	Red	train	Ribo_ND_019145	438	437	1	0	0	0
fullCP	Red	train	Ribo_ND_366110	378	377	1	0	0	0
fullCP	Red	train	Ribo_ND_182785	419	418	1	0	0	0
fullCP	Red	train	Ribo_ND_233410	375	374	1	0	0	0
fullCP	Red	train	Ribo_ND_141117	451	450	1	0	0	0
fullCP	Red	train	Ribo_ND_089888	386	385	1	0	0	0
fullCP	Red	train	Ribo_ND_120879	382	381	1	0	0	0
fullCP	Red	train	Ribo_ND_025544	515	514	1	0	0	0
fullCP	Red	train	Ribo_ND_249710	427	426	1	0	0	0
fullCP	Red	train	Ribo_ND_389814	380	379	1	0	0	0
fullCP	Red	train	Ribo_ND_290258	427	426	1	0	0	0
fullCP	Red	train	Ribo_ND_159691	465	464	1	0	0	0
fullCP	Red	train	Ribo_ND_029504	409	408	1	0	0	0
fullCP	Red	train	Ribo_ND_237656	593	592	1	0	0	0
fullCP	Red	train	Ribo_MT138147_clostero-likeRdRp_translation	419	418	1	0	0	0
fullCP	Red	train	Ribo_ND_119547	430	429	1	0	0	0
fullCP	Red	train	Ribo_ND_162284	411	410	1	0	0	0
fullCP	Red	train	Ribo_ND_105005	449	448	1	0	0	0
fullCP	Red	train	Ribo_ND_386283	418	417	1	0	0	0
fullCP	Red	train	Ribo_ND_107694	428	427	1	0	0	0
fullCP	Red	train	Ribo_ND_030196	372	371	1	0	0	0
fullCP	Red	train	Ribo_ND_251219	433	432	1	0	0	0
fullCP	Red	train	Ribo_ND_117606	438	437	1	0	0	0
fullCP	Red	train	Ribo_ND_164984	444	443	1	0	0	0
fullCP	Red	train	Ribo_ND_299981	427	426	1	0	0	0
fullCP	Red	train	Ribo_ND_069102	420	419	1	0	0	0
fullCP	Red	train	Ribo_ND_046841	419	418	1	0	0	0
fullCP	Red	train	Ribo_ND_385092	590	589	1	0	0	0
fullCP	Red	train	Ribo_ND_122974	441	440	1	0	0	0
fullCP	Red	train	Ribo_ND_135121	411	410	1	0	0	0
fullCP	Red	train	Ribo_ND_166745	437	436	1	0	0	0
fullCP	Red	train	Ribo_ND_114912	382	381	1	0	0	0
fullCP	Red	train	Ribo_ND_386710	422	421	1	0	0	0
fullCP	Red	train	Ribo_ND_025035	481	480	1	0	0	0
fullCP	Red	train	Ribo_ND_249723	436	435	1	0	0	0
fullCP	Red	train	Ribo_ND_172616	378	377	1	0	0	0
fullCP	Red	train	Ribo_ND_379831	545	544	1	0	0	0
fullCP	Red	train	Ribo_ND_388274	597	596	1	0	0	0
fullCP	Red	train	Ribo_ND_363032	421	420	1	0	0	0
fullCP	Red	train	Ribo_ND_270988	405	404	1	0	0	0
fullCP	Red	train	Ribo_ND_304209	448	447	1	0	0	0
fullCP	Red	train	Ribo_ND_203486	457	456	1	0	0	0
fullCP	Red	train	Ribo_ND_223996	431	430	1	0	0	0
fullCP	Red	train	Ribo_ND_162049	448	447	1	0	0	0
fullCP	Red	train	Ribo_ND_030247	452	451	1	0	0	0
fullCP	Red	train	Ribo_ND_067073	433	432	1	0	0	0
fullCP	Red	train	Ribo_ND_025262	487	486	1	0	0	0
fullCP	Red	train	Ribo_ND_030491	437	436	1	0	0	0
fullCP	Red	train	Ribo_ND_183764	490	489	1	0	0	0
fullCP	Red	train	Ribo_ND_187623	419	418	1	0	0	0
fullCP	Red	train	Ribo_ND_202743	485	484	1	0	0	0
fullCP	Red	train	Ribo_ND_166391	397	396	1	0	0	0
fullCP	Red	train	Ribo_ND_105690	455	454	1	0	0	0
fullCP	Red	train	Ribo_ND_114564	436	435	1	0	0	0
fullCP	Red	train	Ribo_ND_344454	433	432	1	0	0	0
fullCP	Red	train	Ribo_ND_122391	469	468	1	0	0	0
fullCP	Red	train	Ribo_ND_370444	479	478	1	0	0	0
fullCP	Red	train	Ribo_ND_180439	375	374	1	0	0	0
fullCP	Red	train	Ribo_ND_082950	426	425	1	0	0	0
fullCP	Red	train	Ribo_JAAOEH010004042.1	432	431	1	0	0	0
fullCP	Red	train	Ribo_ND_029528	351	350	1	0	0	0
fullCP	Red	train	Ribo_ND_099921	417	416	1	0	0	0
fullCP	Red	test	Cruci_CruV_523	447	446	1	0	0	0
fullCP	Red	test	Ribo_ND_017060	387	386	1	0	0	0
fullCP	Red	test	Ribo_ND_015818	346	345	1	0	0	0
fullCP	Red	test	Ribo_ND_017889	348	347	1	0	0	0
fullCP	Red	test	Ribo_ND_023567	343	342	1	0	0	0
fullCP	Red	test	Ribo_ND_017059	349	348	1	0	0	0
fullCP	Red	test	Ribo_ND_016336	355	354	1	0	0	0
fullCP	Red	test	Ribo_ND_015997	365	364	1	0	0	0
fullCP	Red	test	Ribo_ND_016192	346	345	1	0	0	0
fullCP	Red	test	Ribo_ND_020449	347	346	1	0	0	0
fullCP	Red	test	Ribo_ND_016809	340	339	1	0	0	0
fullCP	Red	test	Ribo_ND_016022	338	337	1	0	0	0
fullCP	Red	test	Ribo_ND_015955	381	380	1	0	0	0
fullCP	Red	test	Ribo_ND_015807	368	367	1	0	0	0
fullCP	Red	test	Ribo_ND_016320	377	376	1	0	0	0
fullCP	Red	test	Ribo_ND_029735	353	352	1	0	0	0
fullCP	Red	test	Ribo_ND_125904	543	542	1	0	0	0
fullCP	Red	test	Ribo_ND_125033	419	418	1	0	0	0
fullCP	Red	test	Ribo_ND_160081	457	456	1	0	0	0
fullCP	Red	test	Ribo_ND_391223	391	390	1	0	0	0
fullCP	Red	test	Ribo_ND_133472	438	437	1	0	0	0
fullCP	Red	test	Ribo_ND_085862	421	420	1	0	0	0
fullCP	Red	test	Ribo_ND_163355	389	388	1	0	0	0
fullCP	Red	test	Ribo_tomREF_NC_005285	379	378	1	0	0	0
fullCP	Red	test	Ribo_ND_059596	378	377	1	0	0	0
fullCP	Red	test	Ribo_ND_391487	442	441	1	0	0	0
fullCP	Red	test	Ribo_ND_292516	342	341	1	0	0	0
fullCP	Red	test	Ribo_ND_026280	351	350	1	0	0	0
fullCP	Red	test	Ribo_ND_083710	413	412	1	0	0	0
fullCP	Red	test	Ribo_ND_391197	473	472	1	0	0	0
fullCP	Red	test	Ribo_ND_030168	472	471	1	0	0	0
fullCP	Red	test	Ribo_ND_025097	420	419	1	0	0	0
fullCP	Red	test	Ribo_ND_095360	434	433	1	0	0	0
fullCP	Red	test	Ribo_ND_107501	384	383	1	0	0	0
fullCP	Red	test	Ribo_ND_043980	412	411	1	0	0	0
fullCP	Red	test	Ribo_ND_056125	530	529	1	0	0	0
fullCP	Red	test	Ribo_ND_291744	380	379	1	0	0	0
fullCP	Red	test	Ribo_ND_075367	392	391	1	0	0	0
fullCP	Red	test	Ribo_tomREF_NC_005286	346	345	1	0	0	0
fullCP	Red	test	Ribo_ND_378405	530	529	1	0	0	0
fullCP	Red	test	Ribo_ND_025670	409	408	1	0	0	0
fullCP	Red	test	Ribo_ND_081107	389	388	1	0	0	0
fullCP	Red	test	Ribo_ND_351124	314	313	1	0	0	0
fullCP	Red	test	Ribo_ND_295007	318	317	1	0	0	0
fullCP	Red	test	Ribo_ND_155991	447	446	1	0	0	0
fullCP	Red	test	Ribo_ND_015828	479	478	1	0	0	0
fullCP	Red	test	Ribo_ND_370441	404	403	1	0	0	0
fullCP	Red	test	Ribo_ND_103830	403	402	1	0	0	0
fullCP	Red	test	Ribo_ND_304046	530	529	1	0	0	0
fullCP	Red	test	Ribo_tomREF_NC_002187	353	352	1	0	0	0
fullCP	Red	test	Ribo_ND_097179	420	419	1	0	0	0
fullCP	Red	test	Ribo_ND_105296	484	483	1	0	0	0
fullCP	Red	test	Ribo_ND_391167	386	385	1	0	0	0
fullCP	Red	test	Ribo_ND_019433	339	338	1	0	0	0
fullCP	Red	test	Ribo_ND_057910	410	409	1	0	0	0
fullCP	Red	test	Ribo_ND_129822	321	320	1	0	0	0
fullCP	Red	test	Ribo_ND_024480	629	628	1	0	0	0
fullCP	Red	test	Ribo_ND_175762	392	391	1	0	0	0
fullCP	Red	test	Ribo_ND_202996	448	447	1	0	0	0
fullCP	Red	test	Ribo_ND_115234	377	376	1	0	0	0
fullCP	Red	test	Ribo_ND_163158	431	430	1	0	0	0
fullCP	Red	test	Ribo_ND_110535	457	456	1	0	0	0
fullCP	Red	test	Ribo_ND_017053	354	353	1	0	0	0
fullCP	Red	test	Ribo_ND_019888	379	378	1	0	0	0
fullCP	Red	test	Ribo_ND_084543	452	451	1	0	0	0
fullCP	Red	test	Ribo_ND_389828	354	353	1	0	0	0
fullCP	Red	test	Ribo_ND_043009	491	490	1	0	0	0
fullCP	Red	test	Ribo_ND_030182	493	492	1	0	0	0
fullCP	Red	test	Ribo_ND_114535	432	431	1	0	0	0
fullCP	Red	test	Ribo_ND_311193	324	323	1	0	0	0
fullCP	Red	test	Ribo_ND_184545	408	407	1	0	0	0
fullCP	Red	test	Ribo_ND_177717	468	467	1	0	0	0
fullCP	Red	test	Ribo_ND_364440	394	393	1	0	0	0
fullCP	Red	test	Ribo_ND_166599	573	572	1	0	0	0
fullCP	Red	test	Ribo_ND_043264	599	598	1	0	0	0
fullCP	Red	test	Ribo_ND_290178	377	376	1	0	0	0
fullCP	Red	test	Ribo_ND_133927	400	399	1	0	0	0
fullCP	Red	test	Ribo_ND_239648	479	478	1	0	0	0
fullCP	Red	test	Ribo_ND_165024	318	317	1	0	0	0
fullCP	Red	test	Ribo_ND_160101	478	477	1	0	0	0
fullCP	Red	test	Ribo_ND_107697	493	492	1	0	0	0
fullCP	Red	test	Ribo_ND_292524	347	346	1	0	0	0
fullCP	Red	test	Ribo_ND_249807	474	473	1	0	0	0
fullCP	Red	test	Ribo_ND_286064	482	481	1	0	0	0
fullCP	Red	test	Ribo_ND_126494	444	443	1	0	0	0
fullCP	Red	test	Ribo_ND_281703	351	350	1	0	0	0
fullCP	Red	test	Ribo_ND_134054	581	580	1	0	0	0
fullCP	Red	test	Ribo_ND_124450	419	418	1	0	0	0
fullCP	Red	test	Ribo_ND_074414	485	484	1	0	0	0
fullCP	Red	test	Ribo_ND_044117	417	416	1	0	0	0
fullCP	Red	test	Ribo_ND_085900	487	486	1	0	0	0
fullCP	Red	test	Ribo_ND_043343	446	445	1	0	0	0
fullCP	Red	test	Ribo_ND_016151	352	351	1	0	0	0
fullCP	Red	test	Ribo_ND_287598	380	379	1	0	0	0
fullCP	Red	test	Ribo_ND_120998	544	543	1	0	0	0
fullCP	Red	test	Ribo_ND_294143	478	477	1	0	0	0
fullCP	Red	test	Ribo_ND_363026	611	610	1	0	0	0
fullCP	Red	test	Ribo_ND_294854	442	441	1	0	0	0
fullCP	Red	test	Ribo_ND_180066	374	373	1	0	0	0
fullCP	Red	test	Ribo_ND_181970	384	383	1	0	0	0
fullCP	Red	test	Ribo_ND_187649	450	449	1	0	0	0
fullCP	Red	test	Ribo_ND_015813	346	345	1	0	0	0
fullCP	Red	test	Ribo_tomREF_NC_009533	333	332	1	0	0	0
fullCP	Red	test	Ribo_ND_391473	412	411	1	0	0	0
fullCP	Red	test	Ribo_ND_249677	558	557	1	0	0	0
fullCP	Red	test	Ribo_ND_327924	390	389	1	0	0	0
fullCP	Red	test	Ribo_ND_025350	360	359	1	0	0	0
fullCP	Red	test	Ribo_ND_028450	496	495	1	0	0	0
fullCP	Red	test	Ribo_ND_017294	342	341	1	0	0	0
fullCP	Red	test	Ribo_ND_366252	344	343	1	0	0	0
fullCP	Red	test	Ribo_ND_382439	380	379	1	0	0	0
fullCP	Red	test	Ribo_ND_121954	338	337	1	0	0	0
fullCP	Red	test	Ribo_ND_080284	397	396	1	0	0	0
fullCP	Red	test	Ribo_ND_166611	436	435	1	0	0	0
fullCP	Red	test	Ribo_ND_029391	510	509	1	0	0	0
fullCP	Red	test	Ribo_ND_366370	453	452	1	0	0	0
fullCP	Red	test	Ribo_ND_093203	348	347	1	0	0	0
fullCP	Red	test	Ribo_ND_015659	435	434	1	0	0	0
fullCP	Red	test	Ribo_ND_146235	421	420	1	0	0	0
fullCP	Red	test	Ribo_ND_386716	406	405	1	0	0	0
fullCP	Red	test	Ribo_ND_150220	393	392	1	0	0	0
fullCP	Red	test	Ribo_ND_015723	387	386	1	0	0	0
fullCP	Red	test	Ribo_ND_094718	395	394	1	0	0	0
fullCP	Red	test	Ribo_ND_363042	354	353	1	0	0	0
fullCP	Red	test	Ribo_ND_030265	431	430	1	0	0	0
fullCP	Red	test	Ribo_ND_082480	561	560	1	0	0	0
fullCP	Red	test	Ribo_ND_109125	565	564	1	0	0	0
fullCP	Red	test	Ribo_ND_094098	464	463	1	0	0	0
fullCP	Red	test	Ribo_ND_065557	382	381	1	0	0	0
fullCP	Red	test	Ribo_ND_391035	375	374	1	0	0	0
fullCP	Red	test	Ribo_ND_024662	468	467	1	0	0	0
fullCP	Red	test	Ribo_ND_390447	378	377	1	0	0	0
fullCP	Red	test	Ribo_ND_306667	389	388	1	0	0	0
fullCP	Red	test	Ribo_tomREF_NC_000939	374	373	1	0	0	0
fullCP	Red	test	Ribo_ND_285582	644	643	1	0	0	0
fullCP	Red	test	Ribo_ND_391215	520	519	1	0	0	0
fullCP	Red	test	Ribo_ND_288221	635	634	1	0	0	0
fullCP	Red	test	Ribo_ND_166566	364	363	1	0	0	0
fullCP	Red	test	Ribo_ND_082485	558	557	1	0	0	0
fullCP	Red	test	Ribo_ND_024939	463	462	1	0	0	0
fullCP	Red	test	Ribo_ND_025925	427	426	1	0	0	0
fullCP	Red	test	Ribo_ND_248208	473	472	1	0	0	0
fullCP	Red	test	Ribo_ND_203978	334	333	1	0	0	0
fullCP	Red	test	Ribo_ND_381618	436	435	1	0	0	0
fullCP	Red	test	Ribo_ND_287427	501	500	1	0	0	0
fullCP	Red	test	Ribo_ND_124838	396	395	1	0	0	0
fullCP	Red	test	Ribo_ND_087424	502	501	1	0	0	0
fullCP	Red	test	Ribo_ND_028954	612	611	1	0	0	0
fullCP	Red	test	Ribo_ND_043361	430	429	1	0	0	0
fullCP	Red	test	Ribo_ND_190494	408	407	1	0	0	0
fullCP	Red	test	Ribo_ND_128914	482	481	1	0	0	0
fullCP	Red	test	Ribo_ND_093435	459	458	1	0	0	0
fullCP	Red	test	Ribo_ND_287421	342	341	1	0	0	0
fullCP	Red	test	Ribo_ND_107386	403	402	1	0	0	0
fullCP	Red	test	Ribo_ND_025305	383	382	1	0	0	0
fullCP	Red	test	Ribo_ND_385553	429	428	1	0	0	0
fullCP	Red	test	Ribo_ND_125159	413	412	1	0	0	0
fullCP	Red	test	Ribo_ND_019348	432	431	1	0	0	0
fullCP	Red	test	Ribo_ND_025533	410	409	1	0	0	0
fullCP	Red	test	Ribo_ND_043223	381	380	1	0	0	0
fullCP	Red	test	Ribo_ND_020627	340	339	1	0	0	0
fullCP	Red	test	Ribo_ND_306697	379	378	1	0	0	0
fullCP	Red	test	Ribo_ND_327870	370	369	1	0	0	0
fullCP	Red	test	Ribo_ND_163124	472	471	1	0	0	0
fullCP	Red	test	Ribo_ND_125217	401	400	1	0	0	0
fullCP	Red	test	Ribo_ND_190374	382	381	1	0	0	0
fullCP	Red	test	Ribo_ND_166523	392	391	1	0	0	0
fullCP	Red	test	Ribo_ND_391151	529	528	1	0	0	0
fullCP	Red	test	Ribo_ND_152138	485	484	1	0	0	0
fullCP	Red	test	Ribo_ND_065460	400	399	1	0	0	0
fullCP	Red	test	Ribo_ND_386726	396	395	1	0	0	0
fullCP	Red	test	Ribo_ND_046897	454	453	1	0	0	0
fullCP	Red	test	Ribo_ND_025523	359	358	1	0	0	0
fullCP	Red	test	Ribo_ND_015665	366	365	1	0	0	0
fullCP	Red	test	Ribo_ND_047125	372	371	1	0	0	0
fullCP	Red	test	Ribo_ND_157297	352	351	1	0	0	0
fullCP	Red	test	Ribo_ND_130920	423	422	1	0	0	0
fullCP	Red	test	Ribo_ND_379330	386	385	1	0	0	0
fullCP	Red	test	Ribo_ND_389711	497	496	1	0	0	0
fullCP	Red	test	Ribo_ND_334638	422	421	1	0	0	0
fullCP	Red	test	Ribo_ND_281997	374	373	1	0	0	0
fullCP	Red	test	Ribo_ND_124503	562	561	1	0	0	0
fullCP	Red	test	Ribo_ND_121659	499	498	1	0	0	0
fullCP	Red	test	Ribo_ND_025042	478	477	1	0	0	0
fullCP	Red	test	Ribo_ND_046480	426	425	1	0	0	0
fullCP	Red	test	Ribo_ND_129723	412	411	1	0	0	0
fullCP	Red	test	Ribo_ND_025209	460	459	1	0	0	0
fullCP	Red	test	Ribo_ND_090466	398	397	1	0	0	0
fullCP	Red	test	Ribo_ND_342381	354	353	1	0	0	0
fullCP	Red	test	Ribo_ND_390206	368	367	1	0	0	0
fullCP	Red	test	Ribo_ND_091569	402	401	1	0	0	0
fullCP	Red	test	Ribo_ND_293245	356	355	1	0	0	0
fullCP	Red	test	Ribo_ND_209831	566	565	1	0	0	0
fullCP	Red	test	Ribo_ND_028381	347	346	1	0	0	0
fullCP	Red	test	Ribo_ND_289130	380	379	1	0	0	0
fullCP	Red	test	Ribo_ND_276181	446	445	1	0	0	0
fullCP	Red	test	Ribo_ND_113791	516	515	1	0	0	0
fullCP	Red	test	Ribo_ND_092587	398	397	1	0	0	0
fullCP	Red	test	Ribo_ND_049257	465	464	1	0	0	0
fullCP	Red	test	Ribo_ND_167327	383	382	1	0	0	0
fullCP	Red	test	Ribo_ND_082626	614	613	1	0	0	0
fullCP	Red	test	Ribo_ND_080952	517	516	1	0	0	0
fullCP	Red	test	Ribo_ND_082763	388	387	1	0	0	0
fullCP	Red	test	Ribo_ND_044838	591	590	1	0	0	0
fullCP	Red	test	Ribo_ND_129922	354	353	1	0	0	0
fullCP	Red	test	Ribo_ND_279534	357	356	1	0	0	0
fullCP	Red	test	Ribo_ND_089619	508	507	1	0	0	0
fullCP	Red	test	Ribo_ND_156966	472	471	1	0	0	0
fullCP	Red	test	Ribo_ND_391477	410	409	1	0	0	0
fullCP	Red	test	Ribo_ND_024358	482	481	1	0	0	0
fullCP	Red	test	Ribo_ND_064805	659	658	1	0	0	0
fullCP	Red	test	Ribo_ND_068953	463	462	1	0	0	0
fullCP	Red	test	Ribo_ND_289146	408	407	1	0	0	0
fullCP	Red	test	Ribo_ND_018962	394	393	1	0	0	0
fullCP	Red	test	Ribo_ND_150904	358	357	1	0	0	0
fullCP	Red	test	Ribo_ND_017293	339	338	1	0	0	0
fullCP	Red	test	Ribo_ND_104580	481	480	1	0	0	0
fullCP	Red	test	Ribo_ND_124237	519	518	1	0	0	0
fullCP	Red	test	Ribo_ND_080221	452	451	1	0	0	0
fullCP	Red	test	Ribo_ND_166930	432	431	1	0	0	0
fullCP	Red	test	Ribo_ND_024984	477	476	1	0	0	0
fullCP	Red	test	Ribo_ND_025598	377	376	1	0	0	0
fullCP	Red	test	Ribo_ND_391182	378	377	1	0	0	0
fullCP	Red	test	Ribo_ND_113090	357	356	1	0	0	0
fullCP	Red	test	Ribo_ND_131051	479	478	1	0	0	0
fullCP	Red	test	Ribo_ND_189570	478	477	1	0	0	0
fullCP	Red	test	Ribo_ND_390249	435	434	1	0	0	0
fullCP	Red	test	Ribo_ND_056148	467	466	1	0	0	0
fullCP	Red	test	Ribo_ND_048689	303	302	1	0	0	0
fullCP	Red	test	Ribo_ND_064397	560	559	1	0	0	0
fullCP	Red	test	Ribo_ND_336310	599	598	1	0	0	0
fullCP	Red	test	Ribo_ND_363252	396	395	1	0	0	0
fullCP	Red	test	Ribo_ND_163206	688	687	1	0	0	0
fullCP	Red	test	Ribo_ND_025706	391	390	1	0	0	0
fullCP	Red	test	Ribo_ND_282720	486	485	1	0	0	0
fullCP	Red	test	Ribo_ND_043923	413	412	1	0	0	0
fullCP	Red	test	Ribo_ND_370454	390	389	1	0	0	0
fullCP	Red	test	Ribo_ND_089609	401	400	1	0	0	0
fullCP	Red	test	Ribo_tomREF_NC_022895	391	390	1	0	0	0
fullCP	Red	test	Ribo_ND_030238	393	392	1	0	0	0
fullCP	Red	test	Ribo_ND_387096	541	540	1	0	0	0
fullCP	Red	test	Ribo_ND_057797	379	378	1	0	0	0
fullCP	Red	test	Ribo_ND_107279	478	477	1	0	0	0
fullCP	Red	test	Ribo_ND_025475	397	396	1	0	0	0
fullCP	Red	test	Ribo_ND_306487	331	330	1	0	0	0
fullCP	Red	test	Ribo_ND_025326	377	376	1	0	0	0
fullCP	Red	test	Ribo_ND_163033	382	381	1	0	0	0
fullCP	Red	test	Ribo_tomREF_NC_001469	381	380	1	0	0	0
fullCP	Red	test	Ribo_ND_094183	376	375	1	0	0	0
fullCP	Red	test	Ribo_ND_025587	407	406	1	0	0	0
fullCP	Red	test	Ribo_ND_290207	349	348	1	0	0	0
fullCP	Red	test	Ribo_ND_128048	413	412	1	0	0	0
fullCP	Red	test	Ribo_tomREF_NC_020073	392	391	1	0	0	0
fullCP	Red	test	Ribo_ND_028526	523	522	1	0	0	0
fullCP	Red	test	Ribo_tomREF_NC_030452	390	389	1	0	0	0
fullCP	Red	test	Ribo_ND_387053	402	401	1	0	0	0
fullCP	Red	test	Ribo_ND_189456	527	526	1	0	0	0
fullCP	Red	test	Ribo_ND_329178	426	425	1	0	0	0
fullCP	Red	test	Ribo_ND_378986	412	411	1	0	0	0
fullCP	Red	test	Ribo_ND_057539	312	311	1	0	0	0
fullCP	Red	test	Ribo_ND_258921	550	549	1	0	0	0
fullCP	Red	test	Ribo_ND_282003	324	323	1	0	0	0
fullCP	Red	test	Ribo_ND_339575	397	396	1	0	0	0
fullCP	Red	test	Ribo_ND_017768	302	301	1	0	0	0
fullCP	Red	test	Ribo_ND_166868	411	410	1	0	0	0
fullCP	Red	test	Ribo_ND_345505	412	411	1	0	0	0
fullCP	Red	test	Ribo_ND_090759	341	340	1	0	0	0
fullCP	Red	test	Ribo_ND_016517	345	344	1	0	0	0
fullCP	Red	test	Ribo_ND_284233	341	340	1	0	0	0
fullCP	Red	test	Ribo_tomREF_NC_001339	389	388	1	0	0	0
fullCP	Red	test	Ribo_ND_025512	435	434	1	0	0	0
fullCP	Red	test	Ribo_ND_306376	311	310	1	0	0	0
fullCP	Red	test	Ribo_tomREF_NC_001600	352	351	1	0	0	0
fullCP	Red	test	Ribo_ND_028859	418	417	1	0	0	0
fullCP	Red	test	Ribo_ND_016811	345	344	1	0	0	0
fullCP	Red	test	Ribo_ND_291015	354	353	1	0	0	0
fullCP	Red	test	Ribo_ND_015995	350	349	1	0	0	0
fullCP	Red	test	Ribo_ND_387173	421	420	1	0	0	0
fullCP	Red	test	Ribo_ND_168815	390	389	1	0	0	0
fullCP	Red	test	Ribo_ND_284212	346	345	1	0	0	0
fullCP	Red	test	Ribo_ND_025549	382	381	1	0	0	0
fullCP	Red	test	Ribo_ND_083005	430	429	1	0	0	0
fullCP	Red	test	Ribo_ND_016202	339	338	1	0	0	0
fullCP	Red	test	Ribo_ND_086121	452	451	1	0	0	0
fullCP	Red	test	Ribo_ND_024704	512	511	1	0	0	0
fullCP	Red	test	Ribo_ND_306441	367	366	1	0	0	0
fullCP	Red	test	Ribo_ND_345541	425	424	1	0	0	0
fullCP	Red	test	Ribo_ND_134564	529	528	1	0	0	0
fullCP	Red	test	Ribo_ND_026347	410	409	1	0	0	0
fullCP	Red	test	Ribo_ND_107292	403	402	1	0	0	0
fullCP	Red	test	Ribo_ND_386299	356	355	1	0	0	0
fullCP	Red	test	Ribo_ND_379348	391	390	1	0	0	0
fullCP	Red	test	Ribo_ND_286546	585	584	1	0	0	0
fullCP	Red	test	Ribo_ND_363036	396	395	1	0	0	0
fullCP	Red	test	Ribo_ND_029460	481	480	1	0	0	0
fullCP	Red	test	Ribo_ND_028733	368	367	1	0	0	0
fullCP	Red	test	Ribo_ND_188635	490	489	1	0	0	0
fullCP	Red	test	Ribo_ND_370446	521	520	1	0	0	0
fullCP	Red	test	Ribo_ND_117960	408	407	1	0	0	0
fullCP	Red	test	Ribo_ND_065538	380	379	1	0	0	0
fullCP	Red	test	Ribo_ND_381566	478	477	1	0	0	0
fullCP	Red	test	Ribo_ND_105004	461	460	1	0	0	0
fullCP	Red	test	Ribo_ND_388329	387	386	1	0	0	0
fullCP	Red	test	Ribo_ND_134742	394	393	1	0	0	0
fullCP	Red	test	Ribo_ND_028408	412	411	1	0	0	0
fullCP	Red	test	Ribo_ND_211785	346	345	1	0	0	0
fullCP	Red	test	Ribo_ND_046068	564	563	1	0	0	0
fullCP	Red	test	Ribo_ND_015690	341	340	1	0	0	0
fullCP	Red	test	Ribo_ND_327996	376	375	1	0	0	0
fullCP	Red	test	Ribo_ND_379896	423	422	1	0	0	0
fullCP	Red	test	Ribo_ND_282017	341	340	1	0	0	0
fullCP	Red	test	Ribo_ND_338848	524	523	1	0	0	0
fullCP	Red	test	Ribo_ND_085206	308	307	1	0	0	0
fullCP	Red	test	Ribo_ND_025260	490	489	1	0	0	0
fullCP	Red	test	Ribo_ND_025791	387	386	1	0	0	0
fullCP	Red	test	Ribo_ND_025373	370	369	1	0	0	0
fullCP	Red	test	Ribo_ND_391489	351	350	1	0	0	0
fullCP	Red	test	Ribo_ND_044364	304	303	1	0	0	0
fullCP	Red	test	Ribo_ND_348887	336	335	1	0	0	0
fullCP	Red	test	Ribo_ND_058946	451	450	1	0	0	0
fullCP	Red	test	Ribo_ND_081873	619	618	1	0	0	0
fullCP	Red	test	Ribo_ND_251353	487	486	1	0	0	0
fullCP	Red	test	Ribo_ND_029384	410	409	1	0	0	0
fullCP	Red	test	Ribo_ND_202064	366	365	1	0	0	0
fullCP	Red	test	Ribo_ND_363601	388	387	1	0	0	0
fullCP	Red	test	Ribo_ND_016088	339	338	1	0	0	0
fullCP	Red	test	Ribo_ND_101574	348	347	1	0	0	0
fullCP	Red	test	Ribo_ND_221336	386	385	1	0	0	0
fullCP	Red	test	Ribo_ND_289203	396	395	1	0	0	0
fullCP	Red	test	Ribo_ND_370448	399	398	1	0	0	0
fullCP	Red	test	Ribo_tomREF_NC_035452	454	453	1	0	0	0
fullCP	Red	test	Ribo_ND_124702	497	496	1	0	0	0
fullCP	Red	test	Ribo_ND_286599	343	342	1	0	0	0
fullCP	Red	test	Ribo_ND_109078	477	476	1	0	0	0
fullCP	Red	test	Ribo_ND_387559	363	362	1	0	0	0
fullCP	Red	test	Ribo_ND_106539	537	536	1	0	0	0
fullCP	Red	test	Ribo_ND_024948	475	474	1	0	0	0
fullCP	Red	test	Ribo_ND_128603	480	479	1	0	0	0
fullCP	Red	test	Ribo_ND_103115	464	463	1	0	0	0
fullCP	Red	test	Ribo_ND_385473	386	385	1	0	0	0
fullCP	Red	test	Ribo_ND_285669	368	367	1	0	0	0
fullCP	Red	test	Ribo_ND_307123	303	302	1	0	0	0
fullCP	Red	test	Ribo_ND_082351	480	479	1	0	0	0
fullCP	Red	test	Ribo_ND_380131	374	373	1	0	0	0
fullCP	Red	test	Ribo_ND_264333	318	317	1	0	0	0
fullCP	Red	test	Ribo_ND_058964	640	639	1	0	0	0
fullCP	Red	test	Ribo_ND_133241	475	474	1	0	0	0
fullCP	Red	test	Ribo_ND_384050	386	385	1	0	0	0
fullCP	Red	test	Ribo_ND_163136	361	360	1	0	0	0
fullCP	Red	test	Ribo_ND_076186	337	336	1	0	0	0
fullCP	Red	test	Ribo_ND_030619	413	412	1	0	0	0
fullCP	Red	test	Ribo_ND_386712	438	437	1	0	0	0
fullCP	Red	test	Ribo_ND_118606	387	386	1	0	0	0
fullCP	Red	test	Ribo_ND_030500	562	561	1	0	0	0
fullCP	Red	test	Ribo_ND_240910	451	450	1	0	0	0
fullCP	Red	test	Ribo_ND_020635	378	377	1	0	0	0
fullCP	Red	test	Ribo_ND_129240	397	396	1	0	0	0
fullCP	Red	test	Ribo_ND_370427	399	398	1	0	0	0
fullCP	Red	test	Ribo_ND_348995	378	377	1	0	0	0
fullCP	Red	test	Ribo_ND_025327	400	399	1	0	0	0
fullCP	Red	test	Ribo_ND_166489	376	375	1	0	0	0
fullCP	Red	test	Ribo_ND_095564	493	492	1	0	0	0
fullCP	Red	test	Ribo_ND_389843	471	470	1	0	0	0
fullCP	Red	test	Ribo_ND_355772	378	377	1	0	0	0
fullCP	Red	test	Ribo_ND_387581	349	348	1	0	0	0
fullCP	Red	test	Ribo_ND_292487	343	342	1	0	0	0
fullCP	Red	test	Ribo_ND_113214	398	397	1	0	0	0
fullCP	Red	test	Ribo_ND_029711	403	402	1	0	0	0
fullCP	Red	test	Ribo_ND_019484	338	337	1	0	0	0
fullCP	Red	test	Ribo_ND_127829	378	377	1	0	0	0
fullCP	Red	test	Ribo_ND_044314	593	592	1	0	0	0
fullCP	Red	test	Ribo_ND_162029	426	425	1	0	0	0
fullCP	Red	test	Ribo_ND_028897	413	412	1	0	0	0
fullCP	Red	test	Ribo_ND_025487	335	334	1	0	0	0
fullCP	Red	test	Ribo_ND_292468	381	380	1	0	0	0
fullCP	Red	test	Ribo_ND_133967	567	566	1	0	0	0
fullCP	Red	test	Ribo_ND_030439	513	512	1	0	0	0
fullCP	Red	test	Ribo_JAAOEH010001918.1	415	414	1	0	0	0
fullCP	Red	test	Ribo_tomREF_NC_003633	455	454	1	0	0	0
fullCP	Red	test	Ribo_ND_391471	532	531	1	0	0	0
fullCP	Red	test	Ribo_ND_026159	320	319	1	0	0	0
fullCP	Red	test	Ribo_ND_129610	439	438	1	0	0	0
fullCP	Red	test	Ribo_ND_082594	421	420	1	0	0	0
fullCP	Red	test	Ribo_ND_344529	335	334	1	0	0	0
fullCP	Red	test	Ribo_ND_282038	394	393	1	0	0	0
fullCP	Red	test	Ribo_ND_084751	417	416	1	0	0	0
fullCP	Red	test	Ribo_tomREF_NC_023339	389	388	1	0	0	0
fullCP	Red	test	Ribo_ND_024858	468	467	1	0	0	0
fullCP	Red	test	Ribo_ND_284819	632	631	1	0	0	0
fullCP	Red	test	Ribo_ND_249226	347	346	1	0	0	0
fullCP	Red	test	Ribo_ND_381701	422	421	1	0	0	0
fullCP	Red	test	Ribo_ND_370405	515	514	1	0	0	0
fullCP	Red	test	Ribo_ND_028684	500	499	1	0	0	0
fullCP	Red	test	Ribo_ND_391490	351	350	1	0	0	0
fullCP	Red	test	Ribo_ND_030353	447	446	1	0	0	0
fullCP	Red	test	Ribo_ND_054718	484	483	1	0	0	0
fullCP	Red	test	Ribo_ND_025213	484	483	1	0	0	0
fullCP	Red	test	Ribo_ND_221979	564	563	1	0	0	0
fullCP	Red	test	Ribo_ND_113432	430	429	1	0	0	0
fullCP	Red	test	Ribo_ND_391476	406	405	1	0	0	0
fullCP	Red	test	Ribo_ND_129009	515	514	1	0	0	0
fullCP	Red	test	Ribo_ND_087716	409	408	1	0	0	0
fullCP	Red	test	Ribo_ND_157660	385	384	1	0	0	0
fullCP	Red	test	Ribo_ND_024416	501	500	1	0	0	0
fullCP	Red	test	Ribo_ND_306663	332	331	1	0	0	0
fullCP	Red	test	Ribo_ND_390213	423	422	1	0	0	0
fullCP	Red	test	Ribo_ND_094177	392	391	1	0	0	0
fullCP	Red	test	Ribo_NC_033187	352	351	1	0	0	0
fullCP	Red	test	Ribo_ND_024293	462	461	1	0	0	0
fullCP	Red	test	Ribo_ND_025491	474	473	1	0	0	0
fullCP	Red	test	Ribo_ND_282993	416	415	1	0	0	0
fullCP	Red	test	Ribo_ND_338439	338	337	1	0	0	0
fullCP	Red	test	Ribo_ND_126269	516	515	1	0	0	0
fullCP	Red	test	Ribo_ND_327198	362	361	1	0	0	0
fullCP	Red	test	Ribo_ND_025117	538	537	1	0	0	0
fullCP	Red	test	Ribo_ND_061784	393	392	1	0	0	0
fullCP	Red	test	Ribo_ND_015684	345	344	1	0	0	0
fullCP	Red	test	Ribo_ND_190325	470	469	1	0	0	0
fullCP	Red	test	Ribo_ND_029646	441	440	1	0	0	0
fullCP	Red	test	Ribo_ND_370409	360	359	1	0	0	0
fullCP	Red	test	Ribo_ND_017058	379	378	1	0	0	0
fullCP	Red	test	Ribo_ND_184896	459	458	1	0	0	0
fullCP	Red	test	Ribo_ND_327359	373	372	1	0	0	0
fullCP	Red	test	Ribo_ND_025456	518	517	1	0	0	0
fullCP	Red	test	Ribo_ND_125556	318	317	1	0	0	0
fullCP	Red	test	Ribo_ND_138350	562	561	1	0	0	0
fullCP	Red	test	Ribo_ND_094357	339	338	1	0	0	0
fullCP	Red	test	Ribo_ND_135180	387	386	1	0	0	0
fullCP	Red	test	Ribo_ND_108539	309	308	1	0	0	0
fullCP	Red	test	Ribo_tomREF_NC_007733	352	351	1	0	0	0
fullCP	Red	test	Ribo_ND_391228	350	349	1	0	0	0
fullCP	Red	test	Ribo_ND_102609	325	324	1	0	0	0
fullCP	Red	test	Ribo_ND_081609	478	477	1	0	0	0
fullCP	Red	test	Ribo_ND_025998	384	383	1	0	0	0
fullCP	Yellow	train	Cruci_CruCGE-944	779	778	1	0	0	0
fullCP	Yellow	train	Cruci_CruV_499	729	728	1	0	0	0
fullCP	Yellow	train	Cruci_CruV_502	727	726	1	0	0	0
fullCP	Yellow	train	Cruci_CruV_462	720	719	1	0	0	0
fullCP	Yellow	train	Cruci_CruV_457	712	711	1	0	0	0
fullCP	Yellow	train	Cruci_CruV_484	655	654	1	0	0	0
fullCP	Yellow	train	Cruci_CruV_406	653	652	1	0	0	0
fullCP	Yellow	train	Cruci_CruV_407	653	652	1	0	0	0
fullCP	Yellow	train	Cruci_CruV_488	653	652	1	0	0	0
fullCP	Yellow	train	Cruci_CruV_463	640	639	1	0	0	0
fullCP	Yellow	train	Cruci_CruV_412	632	631	1	0	0	0
fullCP	Yellow	train	Cruci_Ariz_MW697732	607	606	1	0	0	0
fullCP	Yellow	train	Cruci_CruV_486	604	603	1	0	0	0
fullCP	Yellow	train	Cruci_CruV_232	602	601	1	0	0	0
fullCP	Yellow	train	Cruci_chiv_Lake_Pavin_contig403	601	600	1	0	0	0
fullCP	Yellow	train	Cruci_CruV_237	601	600	1	0	0	0
fullCP	Yellow	train	Cruci_CruV_382	600	599	1	0	0	0
fullCP	Yellow	train	Cruci_PB_KX388516	594	593	1	0	0	0
fullCP	Yellow	train	Cruci_CruV_376	593	592	1	0	0	0
fullCP	Yellow	train	Cruci_CruV_508	591	590	1	0	0	0
fullCP	Yellow	train	Cruci_PB_KX388503	590	589	1	0	0	0
fullCP	Yellow	train	Cruci_CruV_470	588	587	1	0	0	0
fullCP	Yellow	train	Cruci_CruV_365	586	585	1	0	0	0
fullCP	Yellow	train	Cruci_CruV_433	585	584	1	0	0	0
fullCP	Yellow	train	Cruci_CruV_495	585	584	1	0	0	0
fullCP	Yellow	train	Cruci_CruV_313	584	583	1	0	0	0
fullCP	Yellow	train	Cruci_CruV_500	581	580	1	0	0	0
fullCP	Yellow	train	Cruci_CruV_392	580	579	1	0	0	0
fullCP	Yellow	train	Cruci_CruV_469	579	578	1	0	0	0
fullCP	Yellow	train	Cruci_CruV_220	578	577	1	0	0	0
fullCP	Yellow	train	Cruci_CruV_413	578	577	1	0	0	0
fullCP	Yellow	train	Cruci_chiv_Eukaryote_metagenome_T142_contig705	577	576	1	0	0	0
fullCP	Yellow	train	Cruci_chiv_Eukaryote_metagenome_T149_contig609	577	576	1	0	0	0
fullCP	Yellow	train	Cruci_CruV_402	577	576	1	0	0	0
fullCP	Yellow	train	Cruci_CruCGE-562	574	573	1	0	0	0
fullCP	Yellow	train	Cruci_CruV_460	574	573	1	0	0	0
fullCP	Yellow	train	Cruci_Schm_JAMFLK010001929_circular	574	573	1	0	0	0
fullCP	Yellow	train	Cruci_CruV_355	573	572	1	0	0	0
fullCP	Yellow	train	Cruci_muss_OR270612	572	571	1	0	0	0
fullCP	Yellow	train	Cruci_CruV_453	571	570	1	0	0	0
fullCP	Yellow	train	Cruci_CruV_454	571	570	1	0	0	0
fullCP	Yellow	train	Cruci_CruV_455	571	570	1	0	0	0
fullCP	Yellow	train	Cruci_CruV_456	571	570	1	0	0	0
fullCP	Yellow	train	Cruci_CruV_541	571	570	1	0	0	0
fullCP	Yellow	train	Cruci_CruV_125	570	569	1	0	0	0
fullCP	Yellow	train	Cruci_chiv_Lake_Pavin_contig15342	569	568	1	0	0	0
fullCP	Yellow	train	Cruci_CruV_351	568	567	1	0	0	0
fullCP	Yellow	train	Cruci_CruV_172	566	565	1	0	0	0
fullCP	Yellow	train	Cruci_CruV_322	566	565	1	0	0	0
fullCP	Yellow	train	Cruci_CruV_323	566	565	1	0	0	0
fullCP	Yellow	train	Cruci_CruV_324	566	565	1	0	0	0
fullCP	Yellow	train	Cruci_CruV_400	566	565	1	0	0	0
fullCP	Yellow	train	Cruci_chiv_Eukaryote_metagenome_T149_contig276	565	564	1	0	0	0
fullCP	Yellow	train	Cruci_CruV_214	565	564	1	0	0	0
fullCP	Yellow	train	Cruci_CruV_347	565	564	1	0	0	0
fullCP	Yellow	train	Cruci_Oys_GWHBFST00001923_circ	565	564	1	0	0	0
fullCP	Yellow	train	Cruci_Schm_JAMFLK010001378_circular	565	564	1	0	0	0
fullCP	Yellow	train	Cruci_PB_KX388502	564	563	1	0	0	0
fullCP	Yellow	train	Cruci_CruV_287	563	562	1	0	0	0
fullCP	Yellow	train	Cruci_CruV_368	563	562	1	0	0	0
fullCP	Yellow	train	Cruci_CruV_418	561	560	1	0	0	0
fullCP	Yellow	train	Cruci_CruV_219	560	559	1	0	0	0
fullCP	Yellow	train	Cruci_CruV_408	558	557	1	0	0	0
fullCP	Yellow	train	Cruci_CruV_472	558	557	1	0	0	0
fullCP	Yellow	train	Cruci_CruV_532	556	555	1	0	0	0
fullCP	Yellow	train	Cruci_Ariz_MW697595	554	553	1	0	0	0
fullCP	Yellow	train	Cruci_CruV_194	553	552	1	0	0	0
fullCP	Yellow	train	Cruci_CruV_185	552	551	1	0	0	0
fullCP	Yellow	train	Cruci_CruV_450	552	551	1	0	0	0
fullCP	Yellow	train	Cruci_CruV_520	549	548	1	0	0	0
fullCP	Yellow	train	Cruci_Ariz_MW697566	547	546	1	0	0	0
fullCP	Yellow	train	Cruci_Oys_GWHBFST00002020_circ	547	546	1	0	0	0
fullCP	Yellow	train	Cruci_CruV_300	545	544	1	0	0	0
fullCP	Yellow	train	Cruci_Ariz_MW697584	543	542	1	0	0	0
fullCP	Yellow	train	Cruci_CruV_256	543	542	1	0	0	0
fullCP	Yellow	train	Cruci_CruV_391	543	542	1	0	0	0
fullCP	Yellow	train	Cruci_CruV_274	542	541	1	0	0	0
fullCP	Yellow	train	Cruci_CruV_309	541	540	1	0	0	0
fullCP	Yellow	train	Cruci_CruV_310	541	540	1	0	0	0
fullCP	Yellow	train	Cruci_CruV_311	541	540	1	0	0	0
fullCP	Yellow	train	Cruci_CruV_240	540	539	1	0	0	0
fullCP	Yellow	train	Cruci_CruV_331	540	539	1	0	0	0
fullCP	Yellow	train	Cruci_CruV_345	540	539	1	0	0	0
fullCP	Yellow	train	Cruci_CruV_393	540	539	1	0	0	0
fullCP	Yellow	train	Cruci_CruV_288	539	538	1	0	0	0
fullCP	Yellow	train	Cruci_CruCGE_82	537	536	1	0	0	0
fullCP	Yellow	train	Cruci_CruV_350	537	536	1	0	0	0
fullCP	Yellow	train	Cruci_CruV_369	537	536	1	0	0	0
fullCP	Yellow	train	Cruci_Ariz_MW697596	536	535	1	0	0	0
fullCP	Yellow	train	Cruci_CruV_305	536	535	1	0	0	0
fullCP	Yellow	train	Cruci_Ariz_MW697558	535	534	1	0	0	0
fullCP	Yellow	train	Cruci_CruV_414	532	531	1	0	0	0
fullCP	Yellow	train	Cruci_CruV_297	531	530	1	0	0	0
fullCP	Yellow	train	Cruci_CruV_336	531	530	1	0	0	0
fullCP	Yellow	train	Cruci_Oys_GWHBFST00000019_circ	531	530	1	0	0	0
fullCP	Yellow	train	Cruci_CruV_135	530	529	1	0	0	0
fullCP	Yellow	train	Cruci_CruV_186	528	527	1	0	0	0
fullCP	Yellow	train	Cruci_CruV_427	528	527	1	0	0	0
fullCP	Yellow	train	Cruci_CruV_183	527	526	1	0	0	0
fullCP	Yellow	train	Cruci_CruV_416	527	526	1	0	0	0
fullCP	Yellow	train	Cruci_CruV_459	527	526	1	0	0	0
fullCP	Yellow	train	Cruci_CruV_473	527	523	4	0	0	0
fullCP	Yellow	train	Cruci_CruV_475	527	526	1	0	0	0
fullCP	Yellow	train	Cruci_CruV_99	526	525	1	0	0	0
fullCP	Yellow	train	Cruci_CruV_325	526	525	1	0	0	0
fullCP	Yellow	train	Cruci_CruV_327	526	525	1	0	0	0
fullCP	Yellow	train	Cruci_Oys_GWHBFST00003133_circ	526	525	1	0	0	0
fullCP	Yellow	train	Cruci_CruV_298	525	524	1	0	0	0
fullCP	Yellow	train	Cruci_CruV_397	525	524	1	0	0	0
fullCP	Yellow	train	Cruci_Oys_GWHBFST00002740_circ	525	524	1	0	0	0
fullCP	Yellow	train	Cruci_CruCGE_436	524	523	1	0	0	0
fullCP	Yellow	train	Cruci_CruV_403	524	523	1	0	0	0
fullCP	Yellow	train	Cruci_Oys_GWHBFST00000015_circ	524	523	1	0	0	0
fullCP	Yellow	train	Cruci_chiv_35_Marine_contig3	523	522	1	0	0	0
fullCP	Yellow	train	Cruci_CruV_301	523	522	1	0	0	0
fullCP	Yellow	train	Cruci_CruV_304	523	522	1	0	0	0
fullCP	Yellow	train	Cruci_CruV_434	523	522	1	0	0	0
fullCP	Yellow	train	Cruci_CruV_163	522	521	1	0	0	0
fullCP	Yellow	train	Cruci_CruV_426	521	520	1	0	0	0
fullCP	Yellow	train	Cruci_CruV_465	521	520	1	0	0	0
fullCP	Yellow	train	Cruci_CruV-788	520	519	1	0	0	0
fullCP	Yellow	train	Cruci_CruCGE_471	519	518	1	0	0	0
fullCP	Yellow	train	Cruci_CruV_235	519	518	1	0	0	0
fullCP	Yellow	train	Cruci_CruV_396	519	518	1	0	0	0
fullCP	Yellow	train	Cruci_CruV_422	519	518	1	0	0	0
fullCP	Yellow	train	Cruci_CruV_524	519	518	1	0	0	0
fullCP	Yellow	train	Cruci_Tisza_MH616643.1	519	518	1	0	0	0
fullCP	Yellow	train	Cruci_CruV_174	517	516	1	0	0	0
fullCP	Yellow	train	Cruci_CruV_175	517	516	1	0	0	0
fullCP	Yellow	train	Cruci_CruV_244	516	515	1	0	0	0
fullCP	Yellow	train	Cruci_CruV_343	516	515	1	0	0	0
fullCP	Yellow	train	Cruci_Schm_JAMFLK010001745_circular	516	515	1	0	0	0
fullCP	Yellow	train	Cruci_Ariz_MW697554	515	514	1	0	0	0
fullCP	Yellow	train	Cruci_CruV_189	515	514	1	0	0	0
fullCP	Yellow	train	Cruci_CruV_247	513	512	1	0	0	0
fullCP	Yellow	train	Cruci_Ariz_MW697687	512	511	1	0	0	0
fullCP	Yellow	train	Cruci_CruCGE_533	511	510	1	0	0	0
fullCP	Yellow	train	Cruci_CruV_266	511	510	1	0	0	0
fullCP	Yellow	train	Cruci_CruV_390	510	509	1	0	0	0
fullCP	Yellow	train	Cruci_CruV_373	509	508	1	0	0	0
fullCP	Yellow	train	Cruci_CruV_474	509	508	1	0	0	0
fullCP	Yellow	train	Cruci_muss_OR270609	509	508	1	0	0	0
fullCP	Yellow	train	Cruci_Tisza_MK012518.1	509	508	1	0	0	0
fullCP	Yellow	train	Cruci_CruV_213	508	507	1	0	0	0
fullCP	Yellow	train	Cruci_Tisza_MH617557.1	508	507	1	0	0	0
fullCP	Yellow	train	Cruci_CruV_252	507	506	1	0	0	0
fullCP	Yellow	train	Cruci_CruV_243	506	505	1	0	0	0
fullCP	Yellow	train	Cruci_CruV_245	506	505	1	0	0	0
fullCP	Yellow	train	Cruci_CruV_254	506	505	1	0	0	0
fullCP	Yellow	train	Cruci_CruV_264	506	505	1	0	0	0
fullCP	Yellow	train	Cruci_CruV_276	506	505	1	0	0	0
fullCP	Yellow	train	Cruci_CruV_278	506	505	1	0	0	0
fullCP	Yellow	train	Cruci_CruV_361	506	505	1	0	0	0
fullCP	Yellow	train	Cruci_CruV_303	505	504	1	0	0	0
fullCP	Yellow	train	Cruci_CruV_424	505	504	1	0	0	0
fullCP	Yellow	train	Cruci_CruV_480	505	504	1	0	0	0
fullCP	Yellow	train	Cruci_CruV_285	504	503	1	0	0	0
fullCP	Yellow	train	Cruci_CruV_476	504	503	1	0	0	0
fullCP	Yellow	train	Cruci_CruV_184	503	502	1	0	0	0
fullCP	Yellow	train	Cruci_CruV_192	503	502	1	0	0	0
fullCP	Yellow	train	Cruci_CruV_289	503	502	1	0	0	0
fullCP	Yellow	train	Cruci_CruV_318	502	501	1	0	0	0
fullCP	Yellow	train	Cruci_CruV_348	502	501	1	0	0	0
fullCP	Yellow	train	Cruci_CruV_92	501	500	1	0	0	0
fullCP	Yellow	train	Cruci_CruV_253	500	499	1	0	0	0
fullCP	Yellow	train	Cruci_CruV_315	500	499	1	0	0	0
fullCP	Yellow	train	Cruci_CruV_307	499	498	1	0	0	0
fullCP	Yellow	train	Cruci_CruV_342	499	498	1	0	0	0
fullCP	Yellow	train	Cruci_CruV_384	499	498	1	0	0	0
fullCP	Yellow	train	Cruci_CruV_432	499	498	1	0	0	0
fullCP	Yellow	train	Cruci_CruV_482	499	498	1	0	0	0
fullCP	Yellow	train	Cruci_CruV_494	499	498	1	0	0	0
fullCP	Yellow	train	Cruci_IWaV278_CircoRep	499	498	1	0	0	0
fullCP	Yellow	train	Cruci_CruV_525	498	497	1	0	0	0
fullCP	Yellow	train	Cruci_CruV_354	496	495	1	0	0	0
fullCP	Yellow	train	Cruci_CruV_363	494	493	1	0	0	0
fullCP	Yellow	train	Cruci_CruV_386	494	493	1	0	0	0
fullCP	Yellow	train	Cruci_CruV_258	493	492	1	0	0	0
fullCP	Yellow	train	Cruci_CruV_481	493	492	1	0	0	0
fullCP	Yellow	train	Cruci_CruV_512	493	492	1	0	0	0
fullCP	Yellow	train	Cruci_CruV_275	492	491	1	0	0	0
fullCP	Yellow	train	Cruci_CruV_314	492	491	1	0	0	0
fullCP	Yellow	train	Cruci_CruV_340	492	491	1	0	0	0
fullCP	Yellow	train	Cruci_CruV_356	492	491	1	0	0	0
fullCP	Yellow	train	Cruci_CruV_535	492	491	1	0	0	0
fullCP	Yellow	train	Cruci_PB_KX388494	492	491	1	0	0	0
fullCP	Yellow	train	Cruci_CruV_302	491	490	1	0	0	0
fullCP	Yellow	train	Cruci_CruV_346	491	490	1	0	0	0
fullCP	Yellow	train	Cruci_Ariz_MW697694	490	489	1	0	0	0
fullCP	Yellow	train	Cruci_CruV_440	490	489	1	0	0	0
fullCP	Yellow	train	Cruci_CruV_496	490	489	1	0	0	0
fullCP	Yellow	train	Cruci_CruV_530	490	489	1	0	0	0
fullCP	Yellow	train	Cruci_PB_KX388521	490	489	1	0	0	0
fullCP	Yellow	train	Cruci_PB_KX388522	490	489	1	0	0	0
fullCP	Yellow	train	Cruci_PB_KX388524	490	489	1	0	0	0
fullCP	Yellow	train	Cruci_PB_KX388525	490	489	1	0	0	0
fullCP	Yellow	train	Cruci_PB_KX388526	490	489	1	0	0	0
fullCP	Yellow	train	Cruci_CruV_197	489	488	1	0	0	0
fullCP	Yellow	train	Cruci_CruV_429	488	487	1	0	0	0
fullCP	Yellow	train	Cruci_CruV_519	488	487	1	0	0	0
fullCP	Yellow	train	Cruci_CruV_521	488	487	1	0	0	0
fullCP	Yellow	train	Cruci_CruV_272	487	486	1	0	0	0
fullCP	Yellow	train	Cruci_CruV_277	487	486	1	0	0	0
fullCP	Yellow	train	Cruci_CruV_281	487	486	1	0	0	0
fullCP	Yellow	train	Cruci_CruV_282	487	486	1	0	0	0
fullCP	Yellow	train	Cruci_CruV_291	487	486	1	0	0	0
fullCP	Yellow	train	Cruci_CruV_95	486	485	1	0	0	0
fullCP	Yellow	train	Cruci_CruV-607	486	484	2	0	0	0
fullCP	Yellow	train	Cruci_CruV_246	484	483	1	0	0	0
fullCP	Yellow	train	Cruci_CruV_293	484	483	1	0	0	0
fullCP	Yellow	train	Cruci_CruV_439	484	483	1	0	0	0
fullCP	Yellow	train	Cruci_CruV_446	484	483	1	0	0	0
fullCP	Yellow	train	Cruci_PB_KX388517	484	483	1	0	0	0
fullCP	Yellow	train	Cruci_PB_KX388518	484	483	1	0	0	0
fullCP	Yellow	train	Cruci_CruV-966	482	481	1	0	0	0
fullCP	Yellow	train	Cruci_CruV_537	482	481	1	0	0	0
fullCP	Yellow	train	Cruci_PB_KX388523	482	481	1	0	0	0
fullCP	Yellow	train	Cruci_Ariz_MW697557	480	479	1	0	0	0
fullCP	Yellow	train	Cruci_CruV_199	480	479	1	0	0	0
fullCP	Yellow	train	Cruci_CruV_216	480	479	1	0	0	0
fullCP	Yellow	train	Cruci_CruV_177	479	478	1	0	0	0
fullCP	Yellow	train	Cruci_CruV_468	479	478	1	0	0	0
fullCP	Yellow	train	Cruci_PB_KX388508	479	478	1	0	0	0
fullCP	Yellow	train	Cruci_Tisza_MH617070.1	479	478	1	0	0	0
fullCP	Yellow	train	Cruci_CruV_207	478	477	1	0	0	0
fullCP	Yellow	train	Cruci_CruV_195	477	476	1	0	0	0
fullCP	Yellow	train	Cruci_CruV_330	477	476	1	0	0	0
fullCP	Yellow	train	Cruci_CruV_489	477	476	1	0	0	0
fullCP	Yellow	train	Cruci_Ariz_MW697564	476	475	1	0	0	0
fullCP	Yellow	train	Cruci_CruV_286	476	475	1	0	0	0
fullCP	Yellow	train	Cruci_CruV_375	476	475	1	0	0	0
fullCP	Yellow	train	Cruci_CruV_479	475	474	1	0	0	0
fullCP	Yellow	train	Cruci_Schm_JAMFLK010002076_circular	475	474	1	0	0	0
fullCP	Yellow	train	Cruci_CruV_131	474	473	1	0	0	0
fullCP	Yellow	train	Cruci_CruV_160	474	473	1	0	0	0
fullCP	Yellow	train	Cruci_CruCGE_296	473	472	1	0	0	0
fullCP	Yellow	train	Cruci_CruV_146	473	472	1	0	0	0
fullCP	Yellow	train	Cruci_CruV_147	473	472	1	0	0	0
fullCP	Yellow	train	Cruci_CruV_148	473	472	1	0	0	0
fullCP	Yellow	train	Cruci_CruV_152	473	472	1	0	0	0
fullCP	Yellow	train	Cruci_CruV_165	473	472	1	0	0	0
fullCP	Yellow	train	Cruci_CruV_181	473	472	1	0	0	0
fullCP	Yellow	train	Cruci_CruV_187	473	472	1	0	0	0
fullCP	Yellow	train	Cruci_CruV_273	473	472	1	0	0	0
fullCP	Yellow	train	Cruci_CruV_326	473	472	1	0	0	0
fullCP	Yellow	train	Cruci_CruV_443	473	472	1	0	0	0
fullCP	Yellow	train	Cruci_CruV_534	473	472	1	0	0	0
fullCP	Yellow	train	Cruci_Ariz_MW697583	472	471	1	0	0	0
fullCP	Yellow	train	Cruci_Ariz_MW697667	472	471	1	0	0	0
fullCP	Yellow	train	Cruci_CruV_93	472	471	1	0	0	0
fullCP	Yellow	train	Cruci_CruV_143	472	471	1	0	0	0
fullCP	Yellow	train	Cruci_CruV_193	472	471	1	0	0	0
fullCP	Yellow	train	Cruci_CruV_229	472	471	1	0	0	0
fullCP	Yellow	train	Cruci_CruV_230	472	471	1	0	0	0
fullCP	Yellow	train	Cruci_PB_KX388512	472	471	1	0	0	0
fullCP	Yellow	train	Cruci_CruV_191	471	470	1	0	0	0
fullCP	Yellow	train	Cruci_CruV_225	471	470	1	0	0	0
fullCP	Yellow	train	Cruci_CruV_249	471	470	1	0	0	0
fullCP	Yellow	train	Cruci_CruV_441	471	470	1	0	0	0
fullCP	Yellow	train	Cruci_CruV_142	470	469	1	0	0	0
fullCP	Yellow	train	Cruci_Tisza_MH617326.1	470	469	1	0	0	0
fullCP	Yellow	train	Cruci_CruV_136	469	468	1	0	0	0
fullCP	Yellow	train	Cruci_CruV_173	469	468	1	0	0	0
fullCP	Yellow	train	Cruci_CruV_299	469	468	1	0	0	0
fullCP	Yellow	train	Cruci_CruV_127	468	467	1	0	0	0
fullCP	Yellow	train	Cruci_CruV_257	468	467	1	0	0	0
fullCP	Yellow	train	Cruci_CruV_261	468	467	1	0	0	0
fullCP	Yellow	train	Cruci_CruV_316	468	467	1	0	0	0
fullCP	Yellow	train	Cruci_CruV_329	468	467	1	0	0	0
fullCP	Yellow	train	Cruci_CruV_371	468	467	1	0	0	0
fullCP	Yellow	train	Cruci_CruV_372	468	467	1	0	0	0
fullCP	Yellow	train	Cruci_CruV_458	468	467	1	0	0	0
fullCP	Yellow	train	Cruci_Tisza_MK012433.1	468	467	1	0	0	0
fullCP	Yellow	train	Cruci_Tisza_MK012508.1	468	467	1	0	0	0
fullCP	Yellow	train	Cruci_chiv_Lake_Bourget_contig37561	467	466	1	0	0	0
fullCP	Yellow	train	Cruci_CruV_294	467	466	1	0	0	0
fullCP	Yellow	train	Cruci_CruV_120	466	465	1	0	0	0
fullCP	Yellow	train	Cruci_CruV_171	466	465	1	0	0	0
fullCP	Yellow	train	Cruci_CruV_233	466	465	1	0	0	0
fullCP	Yellow	train	Cruci_CruV_290	466	465	1	0	0	0
fullCP	Yellow	train	Cruci_CruV_321	466	465	1	0	0	0
fullCP	Yellow	train	Cruci_CruV_448	466	465	1	0	0	0
fullCP	Yellow	train	Cruci_chiv_Astrammina_rara_contig97_330847425	465	464	1	0	0	0
fullCP	Yellow	train	Cruci_CruCGE_110	465	464	1	0	0	0
fullCP	Yellow	train	Cruci_CruV_209	465	464	1	0	0	0
fullCP	Yellow	train	Cruci_CruV_270	465	464	1	0	0	0
fullCP	Yellow	train	Cruci_Oys_GWHBFST00001471_circ	465	464	1	0	0	0
fullCP	Yellow	train	Cruci_PB_KX388507	465	464	1	0	0	0
fullCP	Yellow	train	Cruci_chiv_Airborne_RD1_contig10	464	463	1	0	0	0
fullCP	Yellow	train	Cruci_CruV_231	464	463	1	0	0	0
fullCP	Yellow	train	Cruci_CruV_236	464	463	1	0	0	0
fullCP	Yellow	train	Cruci_CruV_241	464	463	1	0	0	0
fullCP	Yellow	train	Cruci_CruV_248	464	463	1	0	0	0
fullCP	Yellow	train	Cruci_CruV_312	464	463	1	0	0	0
fullCP	Yellow	train	Cruci_CruV_419	464	463	1	0	0	0
fullCP	Yellow	train	Cruci_Tisza_MK012526.1	464	463	1	0	0	0
fullCP	Yellow	train	Cruci_chiv_RW_Nursery_DNA_contig62	463	462	1	0	0	0
fullCP	Yellow	train	Cruci_CruV_96	463	462	1	0	0	0
fullCP	Yellow	train	Cruci_CruV_140	463	462	1	0	0	0
fullCP	Yellow	train	Cruci_CruV_284	463	462	1	0	0	0
fullCP	Yellow	train	Cruci_CruV_387	463	462	1	0	0	0
fullCP	Yellow	train	Cruci_CruV_431	463	462	1	0	0	0
fullCP	Yellow	train	Cruci_CruV_517	463	462	1	0	0	0
fullCP	Yellow	train	Cruci_CruV_518	463	462	1	0	0	0
fullCP	Yellow	train	Cruci_CruCGE_155	462	461	1	0	0	0
fullCP	Yellow	train	Cruci_CruV_129	462	461	1	0	0	0
fullCP	Yellow	train	Cruci_CruV_159	462	461	1	0	0	0
fullCP	Yellow	train	Cruci_CruV_178	462	461	1	0	0	0
fullCP	Yellow	train	Cruci_CruV_279	462	461	1	0	0	0
fullCP	Yellow	train	Cruci_CruV_280	462	461	1	0	0	0
fullCP	Yellow	train	Cruci_CruV_306	462	461	1	0	0	0
fullCP	Yellow	train	Cruci_CruV_411	462	461	1	0	0	0
fullCP	Yellow	train	Cruci_CruCGE_114	461	460	1	0	0	0
fullCP	Yellow	train	Cruci_CruV_151	461	460	1	0	0	0
fullCP	Yellow	train	Cruci_CruV_308	461	460	1	0	0	0
fullCP	Yellow	train	Cruci_CruV_333	461	460	1	0	0	0
fullCP	Yellow	train	Cruci_CruV_461	461	460	1	0	0	0
fullCP	Yellow	train	Cruci_CruV_87	460	459	1	0	0	0
fullCP	Yellow	train	Cruci_CruV_161	460	459	1	0	0	0
fullCP	Yellow	train	Cruci_CruV_223	460	459	1	0	0	0
fullCP	Yellow	train	Cruci_CruV_428	460	459	1	0	0	0
fullCP	Yellow	train	Cruci_CruV_510	460	459	1	0	0	0
fullCP	Yellow	train	Cruci_CruV_515	460	459	1	0	0	0
fullCP	Yellow	train	Cruci_PB_KX388519	460	459	1	0	0	0
fullCP	Yellow	train	Cruci_Tisza_MH617001.1	460	459	1	0	0	0
fullCP	Yellow	train	Cruci_Tisza_MK012503.1	460	459	1	0	0	0
fullCP	Yellow	train	Cruci_chiv_Lake_Bourget_contig37546	459	458	1	0	0	0
fullCP	Yellow	train	Cruci_CruV_145	459	458	1	0	0	0
fullCP	Yellow	train	Cruci_CruV_150	459	458	1	0	0	0
fullCP	Yellow	train	Cruci_CruV_206	459	458	1	0	0	0
fullCP	Yellow	train	Cruci_CruV_215	459	458	1	0	0	0
fullCP	Yellow	train	Cruci_CruV_337	459	458	1	0	0	0
fullCP	Yellow	train	Cruci_CruV_366	459	458	1	0	0	0
fullCP	Yellow	train	Cruci_CruV_379	459	458	1	0	0	0
fullCP	Yellow	train	Cruci_CruV_404	459	458	1	0	0	0
fullCP	Yellow	train	Cruci_CruV_477	459	458	1	0	0	0
fullCP	Yellow	train	Cruci_PB_KX388505	459	458	1	0	0	0
fullCP	Yellow	train	Cruci_PB_KX388520	459	458	1	0	0	0
fullCP	Yellow	train	Cruci_CruV_339	458	457	1	0	0	0
fullCP	Yellow	train	Cruci_CruV_360	458	457	1	0	0	0
fullCP	Yellow	train	Cruci_CruV_394	458	457	1	0	0	0
fullCP	Yellow	train	Cruci_CruCGE-610	457	456	1	0	0	0
fullCP	Yellow	train	Cruci_CruV_97	457	456	1	0	0	0
fullCP	Yellow	train	Cruci_CruV_108	457	456	1	0	0	0
fullCP	Yellow	train	Cruci_CruV_137	457	456	1	0	0	0
fullCP	Yellow	train	Cruci_CruV_389	457	456	1	0	0	0
fullCP	Yellow	train	Cruci_chiv_CHIV14_NC_027196	456	455	1	0	0	0
fullCP	Yellow	train	Cruci_CruV_90	456	455	1	0	0	0
fullCP	Yellow	train	Cruci_CruV_91	456	455	1	0	0	0
fullCP	Yellow	train	Cruci_CruV_106	456	455	1	0	0	0
fullCP	Yellow	train	Cruci_CruV_362	456	455	1	0	0	0
fullCP	Yellow	train	Cruci_CruV_388	456	455	1	0	0	0
fullCP	Yellow	train	Cruci_CruV_409	456	455	1	0	0	0
fullCP	Yellow	train	Cruci_CruV_410	456	455	1	0	0	0
fullCP	Yellow	train	Cruci_PB_KX388504	456	455	1	0	0	0
fullCP	Yellow	train	Cruci_CruV_359	455	454	1	0	0	0
fullCP	Yellow	train	Cruci_CruV_378	455	454	1	0	0	0
fullCP	Yellow	train	Cruci_CruCGE_118	454	453	1	0	0	0
fullCP	Yellow	train	Cruci_CruV_156	454	453	1	0	0	0
fullCP	Yellow	train	Cruci_CruV_167	454	453	1	0	0	0
fullCP	Yellow	train	Cruci_CruV_505	454	453	1	0	0	0
fullCP	Yellow	train	Cruci_CruV_506	454	453	1	0	0	0
fullCP	Yellow	train	Cruci_CruV_98	453	452	1	0	0	0
fullCP	Yellow	train	Cruci_CruV_119	453	452	1	0	0	0
fullCP	Yellow	train	Cruci_CruV_200	453	452	1	0	0	0
fullCP	Yellow	train	Cruci_CruV_268	453	452	1	0	0	0
fullCP	Yellow	train	Cruci_Schm_JAMFLK010002086_circular	453	452	1	0	0	0
fullCP	Yellow	train	Cruci_CruV_94	452	451	1	0	0	0
fullCP	Yellow	train	Cruci_CruV_202	452	451	1	0	0	0
fullCP	Yellow	train	Cruci_CruV_527	452	451	1	0	0	0
fullCP	Yellow	train	Cruci_CruV_528	452	451	1	0	0	0
fullCP	Yellow	train	Cruci_CruV_102	451	450	1	0	0	0
fullCP	Yellow	train	Cruci_CruV_153	451	450	1	0	0	0
fullCP	Yellow	train	Cruci_CruV_295	451	450	1	0	0	0
fullCP	Yellow	train	Cruci_CruV_335	451	450	1	0	0	0
fullCP	Yellow	train	Cruci_CruV_100	450	449	1	0	0	0
fullCP	Yellow	train	Cruci_CruV_117	450	449	1	0	0	0
fullCP	Yellow	train	Cruci_CruV_169	450	449	1	0	0	0
fullCP	Yellow	train	Cruci_CruV_357	450	449	1	0	0	0
fullCP	Yellow	train	Cruci_CruV_367	450	449	1	0	0	0
fullCP	Yellow	train	Cruci_CruV_437	450	449	1	0	0	0
fullCP	Yellow	train	Cruci_PB_KX388510	450	449	1	0	0	0
fullCP	Yellow	train	Cruci_Tisza_MK012505.1	450	449	1	0	0	0
fullCP	Yellow	train	Cruci_CruV_116	449	448	1	0	0	0
fullCP	Yellow	train	Cruci_CruV_222	449	448	1	0	0	0
fullCP	Yellow	train	Cruci_CruV_267	449	448	1	0	0	0
fullCP	Yellow	train	Cruci_CruV_420	449	448	1	0	0	0
fullCP	Yellow	train	Cruci_PB_KX388527	449	448	1	0	0	0
fullCP	Yellow	train	Cruci_PB_KX388528	449	448	1	0	0	0
fullCP	Yellow	train	Cruci_PB_KX388529	449	448	1	0	0	0
fullCP	Yellow	train	Cruci_PB_KX388530	449	448	1	0	0	0
fullCP	Yellow	train	Cruci_Ariz_MW697567	448	447	1	0	0	0
fullCP	Yellow	train	Cruci_CruV_179	448	447	1	0	0	0
fullCP	Yellow	train	Cruci_CruV_180	448	447	1	0	0	0
fullCP	Yellow	train	Cruci_CruV_196	448	447	1	0	0	0
fullCP	Yellow	train	Cruci_CruV_210	448	447	1	0	0	0
fullCP	Yellow	train	Cruci_CruV_211	448	447	1	0	0	0
fullCP	Yellow	train	Cruci_CruV_234	448	447	1	0	0	0
fullCP	Yellow	train	Cruci_CruV_149	447	446	1	0	0	0
fullCP	Yellow	train	Cruci_CruV_154	447	446	1	0	0	0
fullCP	Yellow	train	Cruci_CruV_504	447	446	1	0	0	0
fullCP	Yellow	train	Cruci_CruV_523	447	446	1	0	0	0
fullCP	Yellow	train	Cruci_CruV_188	446	445	1	0	0	0
fullCP	Yellow	train	Cruci_CruV_242	446	445	1	0	0	0
fullCP	Yellow	train	Cruci_CruV_265	446	445	1	0	0	0
fullCP	Yellow	train	Cruci_CruV_344	446	445	1	0	0	0
fullCP	Yellow	train	Cruci_PB_KX388497	446	445	1	0	0	0
fullCP	Yellow	train	Cruci_PB_KX388509	446	445	1	0	0	0
fullCP	Yellow	train	Cruci_CruV_122	445	444	1	0	0	0
fullCP	Yellow	train	Cruci_CruV_221	445	444	1	0	0	0
fullCP	Yellow	train	Cruci_CruV_250	445	444	1	0	0	0
fullCP	Yellow	train	Cruci_CruV_251	445	444	1	0	0	0
fullCP	Yellow	train	Cruci_CruV_511	445	444	1	0	0	0
fullCP	Yellow	train	Cruci_CruCGE_85	444	443	1	0	0	0
fullCP	Yellow	train	Cruci_CruV_157	444	443	1	0	0	0
fullCP	Yellow	train	Cruci_CruV_259	444	443	1	0	0	0
fullCP	Yellow	train	Cruci_CruV_292	444	443	1	0	0	0
fullCP	Yellow	train	Cruci_CruV_383	444	443	1	0	0	0
fullCP	Yellow	train	Cruci_CruV_128	443	442	1	0	0	0
fullCP	Yellow	train	Cruci_CruV_134	443	442	1	0	0	0
fullCP	Yellow	train	Cruci_CruV_138	443	442	1	0	0	0
fullCP	Yellow	train	Cruci_CruV_141	443	442	1	0	0	0
fullCP	Yellow	train	Cruci_CruV_217	443	442	1	0	0	0
fullCP	Yellow	train	Cruci_CruV_503	442	441	1	0	0	0
fullCP	Yellow	train	Cruci_CruV-824	441	440	1	0	0	0
fullCP	Yellow	train	Cruci_chiv_Airborne_IC2_contig9	440	439	1	0	0	0
fullCP	Yellow	train	Cruci_CruV_158	440	439	1	0	0	0
fullCP	Yellow	train	Cruci_CruV_212	440	439	1	0	0	0
fullCP	Yellow	train	Cruci_CruV_415	439	438	1	0	0	0
fullCP	Yellow	train	Cruci_PB_KX388511	439	438	1	0	0	0
fullCP	Yellow	train	Cruci_chiv_Lake_Pavin_contig10824	438	437	1	0	0	0
fullCP	Yellow	train	Cruci_CruV_176	438	437	1	0	0	0
fullCP	Yellow	train	Cruci_CruV_224	438	437	1	0	0	0
fullCP	Yellow	train	Cruci_CruV_507	438	437	1	0	0	0
fullCP	Yellow	train	Cruci_muss_OR270671	438	437	1	0	0	0
fullCP	Yellow	train	Cruci_CruV_132	437	436	1	0	0	0
fullCP	Yellow	train	Cruci_CruV_425	437	436	1	0	0	0
fullCP	Yellow	train	Cruci_CruV_478	437	436	1	0	0	0
fullCP	Yellow	train	Cruci_Ariz_MW697623	436	435	1	0	0	0
fullCP	Yellow	train	Cruci_CruV_81	436	435	1	0	0	0
fullCP	Yellow	train	Cruci_CruV_86	436	435	1	0	0	0
fullCP	Yellow	train	Cruci_CruV_121	436	435	1	0	0	0
fullCP	Yellow	train	Cruci_PB_KX388498	436	435	1	0	0	0
fullCP	Yellow	train	Cruci_PB_KX388499	436	435	1	0	0	0
fullCP	Yellow	train	Cruci_PB_KX388500	436	435	1	0	0	0
fullCP	Yellow	train	Cruci_PB_KX388501	436	435	1	0	0	0
fullCP	Yellow	train	Cruci_CruV_112	435	434	1	0	0	0
fullCP	Yellow	train	Cruci_CruV_529	435	434	1	0	0	0
fullCP	Yellow	train	Cruci_PB_KX388496	435	434	1	0	0	0
fullCP	Yellow	train	Cruci_Ariz_MW697543	434	433	1	0	0	0
fullCP	Yellow	train	Cruci_CruV_262	433	432	1	0	0	0
fullCP	Yellow	train	Cruci_CruV_398	433	432	1	0	0	0
fullCP	Yellow	train	Cruci_CruV_492	433	432	1	0	0	0
fullCP	Yellow	train	Cruci_CruV_130	432	431	1	0	0	0
fullCP	Yellow	train	Cruci_CruV_349	432	431	1	0	0	0
fullCP	Yellow	train	Cruci_CruV_353	432	431	1	0	0	0
fullCP	Yellow	train	Cruci_CruV_113	431	430	1	0	0	0
fullCP	Yellow	train	Cruci_CruV_317	431	430	1	0	0	0
fullCP	Yellow	train	Cruci_CruV_490	431	430	1	0	0	0
fullCP	Yellow	train	Cruci_CruV_514	430	429	1	0	0	0
fullCP	Yellow	train	Cruci_CruV_467	429	428	1	0	0	0
fullCP	Yellow	train	Cruci_CruV_487	429	428	1	0	0	0
fullCP	Yellow	train	Cruci_CruV_168	428	427	1	0	0	0
fullCP	Yellow	train	Cruci_CruV_182	428	427	1	0	0	0
fullCP	Yellow	train	Cruci_CruV_203	428	427	1	0	0	0
fullCP	Yellow	train	Cruci_CruV_283	427	426	1	0	0	0
fullCP	Yellow	train	Cruci_PB_KX388495	427	426	1	0	0	0
fullCP	Yellow	train	Cruci_CruV_334	426	425	1	0	0	0
fullCP	Yellow	train	Cruci_PB_KX388506	426	425	1	0	0	0
fullCP	Yellow	train	Cruci_CruV_190	425	424	1	0	0	0
fullCP	Yellow	train	Cruci_CruV_198	425	424	1	0	0	0
fullCP	Yellow	train	Cruci_CruV_352	423	422	1	0	0	0
fullCP	Yellow	train	Cruci_CruV_364	423	422	1	0	0	0
fullCP	Yellow	train	Cruci_CruV_444	418	417	1	0	0	0
fullCP	Yellow	train	Cruci_CruV_497	418	417	1	0	0	0
fullCP	Yellow	train	Cruci_CruV_485	416	415	1	0	0	0
fullCP	Yellow	train	Cruci_CruV_522	410	409	1	0	0	0
fullCP	Yellow	train	Cruci_CruV_449	408	407	1	0	0	0
fullCP	Yellow	train	Cruci_CruV_538	408	407	1	0	0	0
fullCP	Yellow	train	Cruci_CruV-847	408	407	1	0	0	0
fullCP	Yellow	train	Cruci_CruV_395	407	406	1	0	0	0
fullCP	Yellow	train	Cruci_CruV_531	404	403	1	0	0	0
fullCP	Yellow	train	Cruci_CruV_332	399	398	1	0	0	0
fullCP	Yellow	train	Cruci_CruV_536	396	395	1	0	0	0
fullCP	Yellow	train	Cruci_CruV_493	395	394	1	0	0	0
fullCP	Yellow	train	Cruci_CruV_483	393	392	1	0	0	0
fullCP	Yellow	train	Cruci_CruV_513	390	389	1	0	0	0
fullCP	Yellow	train	Cruci_CruV_501	384	383	1	0	0	0
fullCP	Yellow	train	Cruci_CruV_509	384	383	1	0	0	0
fullCP	Yellow	train	Cruci_CruV_170	378	377	1	0	0	0
fullCP	Yellow	train	Cruci_CruV_498	372	371	1	0	0	0
fullCP	Yellow	train	Cruci_CruV_381	371	370	1	0	0	0
fullCP	Yellow	train	Cruci_CruV_420	362	361	1	0	0	0
fullCP	Yellow	train	Cruci_CruV_144	356	355	1	0	0	0
fullCP	Yellow	train	Cruci_CruV_405	354	353	1	0	0	0
fullCP	Yellow	train	Cruci_CruV_430	353	352	1	0	0	0
fullCP	Yellow	train	Cruci_CruV_358	349	348	1	0	0	0
fullCP	Yellow	train	Cruci_CruV_423	347	346	1	0	0	0
fullCP	Yellow	train	Cruci_CruV_399	344	343	1	0	0	0
fullCP	Yellow	train	Cruci_CruV_377	342	341	1	0	0	0
fullCP	Yellow	train	Cruci_CruV_435	340	339	1	0	0	0
fullCP	Yellow	train	Cruci_CruV_451	337	336	1	0	0	0
fullCP	Yellow	train	Cruci_CruV_464	335	334	1	0	0	0
fullCP	Yellow	train	Cruci_CruV_421	334	333	1	0	0	0
fullCP	Yellow	train	Cruci_CruV-697	334	333	1	0	0	0
fullCP	Yellow	train	Cruci_CruV_452	331	330	1	0	0	0
fullCP	Yellow	train	Cruci_CruV_466	326	325	1	0	0	0
fullCP	Yellow	train	Cruci_CruV_539	326	325	1	0	0	0
fullCP	Yellow	train	Cruci_CruV_385	271	270	1	0	0	0
fullCP	Yellow	train	Cruci_CruCGE-561	206	205	1	0	0	0
fullCP	Yellow	train	Cruci_CruV_731	465	464	1	0	0	0
fullCP	Yellow	train	Ribo_ND_025131	414	413	1	0	0	0
fullCP	Yellow	train	Ribo_ND_017060	387	386	1	0	0	0
fullCP	Yellow	train	Ribo_ND_018898	478	477	1	0	0	0
fullCP	Yellow	train	Ribo_ND_024616	476	475	1	0	0	0
fullCP	Yellow	train	Ribo_ND_015818	346	345	1	0	0	0
fullCP	Yellow	train	Ribo_ND_017889	348	347	1	0	0	0
fullCP	Yellow	train	Ribo_ND_023567	343	342	1	0	0	0
fullCP	Yellow	train	Ribo_ND_017059	349	348	1	0	0	0
fullCP	Yellow	train	Ribo_ND_025058	419	418	1	0	0	0
fullCP	Yellow	train	Ribo_ND_016336	355	354	1	0	0	0
fullCP	Yellow	train	Ribo_ND_019002	413	412	1	0	0	0
fullCP	Yellow	train	Ribo_ND_019368	385	384	1	0	0	0
fullCP	Yellow	train	Ribo_ND_024902	521	520	1	0	0	0
fullCP	Yellow	train	Ribo_ND_015997	365	364	1	0	0	0
fullCP	Yellow	train	Ribo_ND_025008	477	476	1	0	0	0
fullCP	Yellow	train	Ribo_ND_025434	421	420	1	0	0	0
fullCP	Yellow	train	Ribo_ND_016192	346	345	1	0	0	0
fullCP	Yellow	train	Ribo_ND_020449	347	346	1	0	0	0
fullCP	Yellow	train	Ribo_ND_016809	340	339	1	0	0	0
fullCP	Yellow	train	Ribo_ND_016022	338	337	1	0	0	0
fullCP	Yellow	train	Ribo_ND_015955	381	380	1	0	0	0
fullCP	Yellow	train	Ribo_ND_025286	414	413	1	0	0	0
fullCP	Yellow	train	Ribo_ND_025228	404	403	1	0	0	0
fullCP	Yellow	train	Ribo_ND_025280	435	434	1	0	0	0
fullCP	Yellow	train	Ribo_ND_015807	368	367	1	0	0	0
fullCP	Yellow	train	Ribo_ND_016320	377	376	1	0	0	0
fullCP	Yellow	train	Ribo_ND_024645	306	305	1	0	0	0
fullCP	Yellow	train	Ribo_ND_096184	498	497	1	0	0	0
fullCP	Yellow	train	Ribo_ND_229813	396	395	1	0	0	0
fullCP	Yellow	train	Ribo_ND_093303	517	516	1	0	0	0
fullCP	Yellow	train	Ribo_ND_325601	375	374	1	0	0	0
fullCP	Yellow	train	Ribo_ND_056260	592	591	1	0	0	0
fullCP	Yellow	train	Ribo_ND_029735	353	352	1	0	0	0
fullCP	Yellow	train	Ribo_ND_125904	543	542	1	0	0	0
fullCP	Yellow	train	Ribo_ND_343811	416	415	1	0	0	0
fullCP	Yellow	train	Ribo_ND_125033	419	418	1	0	0	0
fullCP	Yellow	train	Ribo_ND_160081	457	456	1	0	0	0
fullCP	Yellow	train	Ribo_JAAOEH010001851.1	377	376	1	0	0	0
fullCP	Yellow	train	Ribo_ND_095983	367	366	1	0	0	0
fullCP	Yellow	train	Ribo_ND_130317	470	469	1	0	0	0
fullCP	Yellow	train	Ribo_ND_391223	391	390	1	0	0	0
fullCP	Yellow	train	Ribo_ND_347441	435	434	1	0	0	0
fullCP	Yellow	train	Ribo_ND_029450	430	429	1	0	0	0
fullCP	Yellow	train	Ribo_ND_133472	438	437	1	0	0	0
fullCP	Yellow	train	Ribo_ND_085862	421	420	1	0	0	0
fullCP	Yellow	train	Ribo_ND_163355	389	388	1	0	0	0
fullCP	Yellow	train	Ribo_tomREF_NC_005285	379	378	1	0	0	0
fullCP	Yellow	train	Ribo_ND_059596	378	377	1	0	0	0
fullCP	Yellow	train	Ribo_ND_164838	366	365	1	0	0	0
fullCP	Yellow	train	Ribo_JAAOEH010001751.1	413	412	1	0	0	0
fullCP	Yellow	train	Ribo_ND_391487	442	441	1	0	0	0
fullCP	Yellow	train	Ribo_ND_292516	342	341	1	0	0	0
fullCP	Yellow	train	Ribo_ND_026280	351	350	1	0	0	0
fullCP	Yellow	train	Ribo_ND_083710	413	412	1	0	0	0
fullCP	Yellow	train	Ribo_ND_136222	531	530	1	0	0	0
fullCP	Yellow	train	Ribo_ND_030664	461	460	1	0	0	0
fullCP	Yellow	train	Ribo_ND_391197	473	472	1	0	0	0
fullCP	Yellow	train	Ribo_ND_227326	465	464	1	0	0	0
fullCP	Yellow	train	Ribo_ND_030168	472	471	1	0	0	0
fullCP	Yellow	train	Ribo_ND_025097	420	419	1	0	0	0
fullCP	Yellow	train	Ribo_ND_095360	434	433	1	0	0	0
fullCP	Yellow	train	Ribo_ND_107501	384	383	1	0	0	0
fullCP	Yellow	train	Ribo_ND_386714	338	337	1	0	0	0
fullCP	Yellow	train	Ribo_ND_043980	412	411	1	0	0	0
fullCP	Yellow	train	Ribo_ND_051567	440	439	1	0	0	0
fullCP	Yellow	train	Ribo_ND_056125	530	529	1	0	0	0
fullCP	Yellow	train	Ribo_ND_046601	448	447	1	0	0	0
fullCP	Yellow	train	Ribo_ND_284218	357	356	1	0	0	0
fullCP	Yellow	train	Ribo_ND_030566	528	527	1	0	0	0
fullCP	Yellow	train	Ribo_ND_105225	497	496	1	0	0	0
fullCP	Yellow	train	Ribo_ND_291744	380	379	1	0	0	0
fullCP	Yellow	train	Ribo_ND_056123	568	567	1	0	0	0
fullCP	Yellow	train	Ribo_ND_075367	392	391	1	0	0	0
fullCP	Yellow	train	Ribo_tomREF_NC_005286	346	345	1	0	0	0
fullCP	Yellow	train	Ribo_ND_378405	530	529	1	0	0	0
fullCP	Yellow	train	Ribo_ND_025670	409	408	1	0	0	0
fullCP	Yellow	train	Ribo_ND_380970	478	477	1	0	0	0
fullCP	Yellow	train	Ribo_ND_306979	446	445	1	0	0	0
fullCP	Yellow	train	Ribo_ND_081107	389	388	1	0	0	0
fullCP	Yellow	train	Ribo_ND_043423	350	349	1	0	0	0
fullCP	Yellow	train	Ribo_ND_366312	475	474	1	0	0	0
fullCP	Yellow	train	Ribo_ND_043569	378	377	1	0	0	0
fullCP	Yellow	train	Ribo_ND_339599	434	433	1	0	0	0
fullCP	Yellow	train	Ribo_ND_294842	442	441	1	0	0	0
fullCP	Yellow	train	Ribo_ND_351124	314	313	1	0	0	0
fullCP	Yellow	train	Ribo_ND_295007	318	317	1	0	0	0
fullCP	Yellow	train	Ribo_ND_155991	447	446	1	0	0	0
fullCP	Yellow	train	Ribo_ND_015828	479	478	1	0	0	0
fullCP	Yellow	train	Ribo_ND_370441	404	403	1	0	0	0
fullCP	Yellow	train	Ribo_ND_058974	357	356	1	0	0	0
fullCP	Yellow	train	Ribo_ND_209405	422	421	1	0	0	0
fullCP	Yellow	train	Ribo_ND_103830	403	402	1	0	0	0
fullCP	Yellow	train	Ribo_ND_304046	530	529	1	0	0	0
fullCP	Yellow	train	Ribo_tomREF_NC_002187	353	352	1	0	0	0
fullCP	Yellow	train	Ribo_ND_166797	372	371	1	0	0	0
fullCP	Yellow	train	Ribo_ND_179269	412	411	1	0	0	0
fullCP	Yellow	train	Ribo_ND_157972	449	448	1	0	0	0
fullCP	Yellow	train	Ribo_ND_097179	420	419	1	0	0	0
fullCP	Yellow	train	Ribo_ND_105296	484	483	1	0	0	0
fullCP	Yellow	train	Ribo_ND_331194	450	449	1	0	0	0
fullCP	Yellow	train	Ribo_ND_035541	367	366	1	0	0	0
fullCP	Yellow	train	Ribo_ND_391167	386	385	1	0	0	0
fullCP	Yellow	train	Ribo_ND_129947	488	487	1	0	0	0
fullCP	Yellow	train	Ribo_ND_099772	464	463	1	0	0	0
fullCP	Yellow	train	Ribo_ND_179968	419	418	1	0	0	0
fullCP	Yellow	train	Ribo_ND_019433	339	338	1	0	0	0
fullCP	Yellow	train	Ribo_ND_381128	531	530	1	0	0	0
fullCP	Yellow	train	Ribo_ND_028274	368	367	1	0	0	0
fullCP	Yellow	train	Ribo_ND_057910	410	409	1	0	0	0
fullCP	Yellow	train	Ribo_ND_129822	321	320	1	0	0	0
fullCP	Yellow	train	Ribo_ND_049856	454	453	1	0	0	0
fullCP	Yellow	train	Ribo_ND_024480	629	628	1	0	0	0
fullCP	Yellow	train	Ribo_ND_175762	392	391	1	0	0	0
fullCP	Yellow	train	Ribo_ND_220610	441	440	1	0	0	0
fullCP	Yellow	train	Ribo_ND_202996	448	447	1	0	0	0
fullCP	Yellow	train	Ribo_ND_364448	421	420	1	0	0	0
fullCP	Yellow	train	Ribo_ND_115234	377	376	1	0	0	0
fullCP	Yellow	train	Ribo_ND_163158	431	430	1	0	0	0
fullCP	Yellow	train	Ribo_ND_216514	457	456	1	0	0	0
fullCP	Yellow	train	Ribo_ND_188581	550	549	1	0	0	0
fullCP	Yellow	train	Ribo_NC_032991	454	453	1	0	0	0
fullCP	Yellow	train	Ribo_ND_123948	473	472	1	0	0	0
fullCP	Yellow	train	Ribo_ND_110535	457	456	1	0	0	0
fullCP	Yellow	train	Ribo_ND_017053	354	353	1	0	0	0
fullCP	Yellow	train	Ribo_ND_350470	445	444	1	0	0	0
fullCP	Yellow	train	Ribo_ND_019888	379	378	1	0	0	0
fullCP	Yellow	train	Ribo_ND_084543	452	451	1	0	0	0
fullCP	Yellow	train	Ribo_ND_389828	354	353	1	0	0	0
fullCP	Yellow	train	Ribo_ND_043009	491	490	1	0	0	0
fullCP	Yellow	train	Ribo_ND_030182	493	492	1	0	0	0
fullCP	Yellow	train	Ribo_ND_114535	432	431	1	0	0	0
fullCP	Yellow	train	Ribo_ND_311193	324	323	1	0	0	0
fullCP	Yellow	train	Ribo_ND_103289	399	398	1	0	0	0
fullCP	Yellow	train	Ribo_ND_327463	408	407	1	0	0	0
fullCP	Yellow	train	Ribo_ND_184545	408	407	1	0	0	0
fullCP	Yellow	train	Ribo_ND_379577	400	399	1	0	0	0
fullCP	Yellow	train	Ribo_ND_177717	468	467	1	0	0	0
fullCP	Yellow	train	Ribo_ND_364440	394	393	1	0	0	0
fullCP	Yellow	train	Ribo_ND_114938	493	492	1	0	0	0
fullCP	Yellow	train	Ribo_ND_166599	573	572	1	0	0	0
fullCP	Yellow	train	Ribo_ND_138928	400	399	1	0	0	0
fullCP	Yellow	train	Ribo_ND_043264	599	598	1	0	0	0
fullCP	Yellow	train	Ribo_ND_382437	533	532	1	0	0	0
fullCP	Yellow	train	Ribo_ND_290178	377	376	1	0	0	0
fullCP	Yellow	train	Ribo_ND_276201	406	405	1	0	0	0
fullCP	Yellow	train	Ribo_ND_278789	343	342	1	0	0	0
fullCP	Yellow	train	Ribo_ND_182235	496	495	1	0	0	0
fullCP	Yellow	train	Ribo_ND_133927	400	399	1	0	0	0
fullCP	Yellow	train	Ribo_ND_251186	441	440	1	0	0	0
fullCP	Yellow	train	Ribo_ND_133460	379	378	1	0	0	0
fullCP	Yellow	train	Ribo_ND_067439	644	643	1	0	0	0
fullCP	Yellow	train	Ribo_ND_239648	479	478	1	0	0	0
fullCP	Yellow	train	Ribo_ND_170511	412	411	1	0	0	0
fullCP	Yellow	train	Ribo_ND_066836	446	445	1	0	0	0
fullCP	Yellow	train	Ribo_ND_139084	518	517	1	0	0	0
fullCP	Yellow	train	Ribo_ND_165024	318	317	1	0	0	0
fullCP	Yellow	train	Ribo_ND_160101	478	477	1	0	0	0
fullCP	Yellow	train	Ribo_ND_267441	544	543	1	0	0	0
fullCP	Yellow	train	Ribo_ND_107697	493	492	1	0	0	0
fullCP	Yellow	train	Ribo_ND_292524	347	346	1	0	0	0
fullCP	Yellow	train	Ribo_ND_249807	474	473	1	0	0	0
fullCP	Yellow	train	Ribo_ND_291700	450	449	1	0	0	0
fullCP	Yellow	train	Ribo_ND_216740	432	431	1	0	0	0
fullCP	Yellow	train	Ribo_ND_387582	345	344	1	0	0	0
fullCP	Yellow	train	Ribo_ND_215238	437	436	1	0	0	0
fullCP	Yellow	train	Ribo_ND_286064	482	481	1	0	0	0
fullCP	Yellow	train	Ribo_ND_197526	417	416	1	0	0	0
fullCP	Yellow	train	Ribo_ND_088082	556	555	1	0	0	0
fullCP	Yellow	train	Ribo_ND_156851	531	530	1	0	0	0
fullCP	Yellow	train	Ribo_ND_025223	419	418	1	0	0	0
fullCP	Yellow	train	Ribo_ND_126494	444	443	1	0	0	0
fullCP	Yellow	train	Ribo_ND_177732	378	377	1	0	0	0
fullCP	Yellow	train	Ribo_JAAOEH010001482.1	429	428	1	0	0	0
fullCP	Yellow	train	Ribo_ND_095194	436	435	1	0	0	0
fullCP	Yellow	train	Ribo_ND_365659	473	472	1	0	0	0
fullCP	Yellow	train	Ribo_JAAOEH010001845.1	449	448	1	0	0	0
fullCP	Yellow	train	Ribo_ND_184904	488	487	1	0	0	0
fullCP	Yellow	train	Ribo_ND_095663	480	479	1	0	0	0
fullCP	Yellow	train	Ribo_ND_281703	351	350	1	0	0	0
fullCP	Yellow	train	Ribo_ND_028760	513	512	1	0	0	0
fullCP	Yellow	train	Ribo_ND_134054	581	580	1	0	0	0
fullCP	Yellow	train	Ribo_ND_391455	378	377	1	0	0	0
fullCP	Yellow	train	Ribo_ND_124450	419	418	1	0	0	0
fullCP	Yellow	train	Ribo_ND_074414	485	484	1	0	0	0
fullCP	Yellow	train	Ribo_ND_343394	418	417	1	0	0	0
fullCP	Yellow	train	Ribo_ND_156205	553	552	1	0	0	0
fullCP	Yellow	train	Ribo_ND_146224	421	420	1	0	0	0
fullCP	Yellow	train	Ribo_ND_086097	470	469	1	0	0	0
fullCP	Yellow	train	Ribo_ND_230736	400	399	1	0	0	0
fullCP	Yellow	train	Ribo_ND_345468	345	344	1	0	0	0
fullCP	Yellow	train	Ribo_ND_163010	433	432	1	0	0	0
fullCP	Yellow	train	Ribo_ND_044117	417	416	1	0	0	0
fullCP	Yellow	train	Ribo_ND_113583	429	428	1	0	0	0
fullCP	Yellow	train	Ribo_ND_085900	487	486	1	0	0	0
fullCP	Yellow	train	Ribo_ND_159755	422	421	1	0	0	0
fullCP	Yellow	train	Ribo_ND_134820	369	368	1	0	0	0
fullCP	Yellow	train	Ribo_ND_387994	426	425	1	0	0	0
fullCP	Yellow	train	Ribo_ND_178256	562	561	1	0	0	0
fullCP	Yellow	train	Ribo_ND_299966	331	330	1	0	0	0
fullCP	Yellow	train	Ribo_ND_370389	455	454	1	0	0	0
fullCP	Yellow	train	Ribo_ND_195569	396	395	1	0	0	0
fullCP	Yellow	train	Ribo_ND_018979	455	454	1	0	0	0
fullCP	Yellow	train	Ribo_ND_382385	309	308	1	0	0	0
fullCP	Yellow	train	Ribo_ND_290964	463	462	1	0	0	0
fullCP	Yellow	train	Ribo_ND_026643	392	391	1	0	0	0
fullCP	Yellow	train	Ribo_ND_066936	445	444	1	0	0	0
fullCP	Yellow	train	Ribo_ND_043343	446	445	1	0	0	0
fullCP	Yellow	train	Ribo_ND_016151	352	351	1	0	0	0
fullCP	Yellow	train	Ribo_ND_276858	449	448	1	0	0	0
fullCP	Yellow	train	Ribo_ND_057454	380	379	1	0	0	0
fullCP	Yellow	train	Ribo_ND_175769	373	372	1	0	0	0
fullCP	Yellow	train	Ribo_ND_287598	380	379	1	0	0	0
fullCP	Yellow	train	Ribo_ND_120998	544	543	1	0	0	0
fullCP	Yellow	train	Ribo_ND_057098	437	436	1	0	0	0
fullCP	Yellow	train	Ribo_ND_093545	470	469	1	0	0	0
fullCP	Yellow	train	Ribo_ND_029416	463	462	1	0	0	0
fullCP	Yellow	train	Ribo_ND_045405	437	436	1	0	0	0
fullCP	Yellow	train	Ribo_ND_294143	478	477	1	0	0	0
fullCP	Yellow	train	Ribo_ND_363026	611	610	1	0	0	0
fullCP	Yellow	train	Ribo_ND_043235	420	419	1	0	0	0
fullCP	Yellow	train	Ribo_ND_294854	442	441	1	0	0	0
fullCP	Yellow	train	Ribo_ND_180066	374	373	1	0	0	0
fullCP	Yellow	train	Ribo_ND_181970	384	383	1	0	0	0
fullCP	Yellow	train	Ribo_ND_187649	450	449	1	0	0	0
fullCP	Yellow	train	Ribo_ND_183795	540	539	1	0	0	0
fullCP	Yellow	train	Ribo_ND_132795	527	526	1	0	0	0
fullCP	Yellow	train	Ribo_ND_015813	346	345	1	0	0	0
fullCP	Yellow	train	Ribo_ND_246835	465	464	1	0	0	0
fullCP	Yellow	train	Ribo_tomREF_NC_009533	333	332	1	0	0	0
fullCP	Yellow	train	Ribo_ND_391473	412	411	1	0	0	0
fullCP	Yellow	train	Ribo_ND_043886	369	368	1	0	0	0
fullCP	Yellow	train	Ribo_ND_044426	479	478	1	0	0	0
fullCP	Yellow	train	Ribo_ND_389800	447	446	1	0	0	0
fullCP	Yellow	train	Ribo_ND_264019	461	460	1	0	0	0
fullCP	Yellow	train	Ribo_ND_249677	558	557	1	0	0	0
fullCP	Yellow	train	Ribo_ND_092298	678	677	1	0	0	0
fullCP	Yellow	train	Ribo_ND_327924	390	389	1	0	0	0
fullCP	Yellow	train	Ribo_ND_025350	360	359	1	0	0	0
fullCP	Yellow	train	Ribo_ND_028450	496	495	1	0	0	0
fullCP	Yellow	train	Ribo_ND_017294	342	341	1	0	0	0
fullCP	Yellow	train	Ribo_ND_366252	344	343	1	0	0	0
fullCP	Yellow	train	Ribo_ND_366190	434	433	1	0	0	0
fullCP	Yellow	train	Ribo_ND_025469	470	469	1	0	0	0
fullCP	Yellow	train	Ribo_ND_382439	380	379	1	0	0	0
fullCP	Yellow	train	Ribo_ND_121954	338	337	1	0	0	0
fullCP	Yellow	train	Ribo_ND_080284	397	396	1	0	0	0
fullCP	Yellow	train	Ribo_ND_166611	436	435	1	0	0	0
fullCP	Yellow	train	Ribo_ND_118549	431	430	1	0	0	0
fullCP	Yellow	train	Ribo_ND_029391	510	509	1	0	0	0
fullCP	Yellow	train	Ribo_ND_345044	361	360	1	0	0	0
fullCP	Yellow	train	Ribo_ND_366370	453	452	1	0	0	0
fullCP	Yellow	train	Ribo_ND_093203	348	347	1	0	0	0
fullCP	Yellow	train	Ribo_ND_015659	435	434	1	0	0	0
fullCP	Yellow	train	Ribo_ND_290971	464	463	1	0	0	0
fullCP	Yellow	train	Ribo_ND_146235	421	420	1	0	0	0
fullCP	Yellow	train	Ribo_ND_386716	406	405	1	0	0	0
fullCP	Yellow	train	Ribo_ND_056137	434	433	1	0	0	0
fullCP	Yellow	train	Ribo_ND_150220	393	392	1	0	0	0
fullCP	Yellow	train	Ribo_ND_184639	444	443	1	0	0	0
fullCP	Yellow	train	Ribo_ND_281961	495	494	1	0	0	0
fullCP	Yellow	train	Ribo_ND_015723	387	386	1	0	0	0
fullCP	Yellow	train	Ribo_ND_333280	428	427	1	0	0	0
fullCP	Yellow	train	Ribo_ND_018983	359	358	1	0	0	0
fullCP	Yellow	train	Ribo_ND_041978	348	347	1	0	0	0
fullCP	Yellow	train	Ribo_ND_125752	560	559	1	0	0	0
fullCP	Yellow	train	Ribo_ND_178506	448	447	1	0	0	0
fullCP	Yellow	train	Ribo_ND_094718	395	394	1	0	0	0
fullCP	Yellow	train	Ribo_ND_363042	354	353	1	0	0	0
fullCP	Yellow	train	Ribo_ND_075631	466	465	1	0	0	0
fullCP	Yellow	train	Ribo_ND_030265	431	430	1	0	0	0
fullCP	Yellow	train	Ribo_ND_124074	441	440	1	0	0	0
fullCP	Yellow	train	Ribo_ND_156954	515	514	1	0	0	0
fullCP	Yellow	train	Ribo_ND_082480	561	560	1	0	0	0
fullCP	Yellow	train	Ribo_ND_364444	419	418	1	0	0	0
fullCP	Yellow	train	Ribo_ND_268835	470	469	1	0	0	0
fullCP	Yellow	train	Ribo_ND_109125	565	564	1	0	0	0
fullCP	Yellow	train	Ribo_ND_236420	365	364	1	0	0	0
fullCP	Yellow	train	Ribo_ND_358846	488	487	1	0	0	0
fullCP	Yellow	train	Ribo_ND_094098	464	463	1	0	0	0
fullCP	Yellow	train	Ribo_ND_162083	466	465	1	0	0	0
fullCP	Yellow	train	Ribo_JAAOEH010001875.1	417	416	1	0	0	0
fullCP	Yellow	train	Ribo_ND_046378	489	488	1	0	0	0
fullCP	Yellow	train	Ribo_ND_065557	382	381	1	0	0	0
fullCP	Yellow	train	Ribo_ND_134282	464	463	1	0	0	0
fullCP	Yellow	train	Ribo_ND_391035	375	374	1	0	0	0
fullCP	Yellow	train	Ribo_ND_087436	345	344	1	0	0	0
fullCP	Yellow	train	Ribo_ND_152036	366	365	1	0	0	0
fullCP	Yellow	train	Ribo_ND_024662	468	467	1	0	0	0
fullCP	Yellow	train	Ribo_ND_390447	378	377	1	0	0	0
fullCP	Yellow	train	Ribo_ND_306667	389	388	1	0	0	0
fullCP	Yellow	train	Ribo_tomREF_NC_000939	374	373	1	0	0	0
fullCP	Yellow	train	Ribo_ND_285582	644	643	1	0	0	0
fullCP	Yellow	train	Ribo_ND_391215	520	519	1	0	0	0
fullCP	Yellow	train	Ribo_ND_026429	397	396	1	0	0	0
fullCP	Yellow	train	Ribo_ND_184895	389	388	1	0	0	0
fullCP	Yellow	train	Ribo_ND_288221	635	634	1	0	0	0
fullCP	Yellow	train	Ribo_ND_251071	474	473	1	0	0	0
fullCP	Yellow	train	Ribo_ND_084192	425	424	1	0	0	0
fullCP	Yellow	train	Ribo_ND_064866	443	442	1	0	0	0
fullCP	Yellow	train	Ribo_ND_166566	364	363	1	0	0	0
fullCP	Yellow	train	Ribo_ND_082485	558	557	1	0	0	0
fullCP	Yellow	train	Ribo_ND_024939	463	462	1	0	0	0
fullCP	Yellow	train	Ribo_ND_094822	416	415	1	0	0	0
fullCP	Yellow	train	Ribo_ND_025925	427	426	1	0	0	0
fullCP	Yellow	train	Ribo_ND_250998	423	422	1	0	0	0
fullCP	Yellow	train	Ribo_ND_327002	427	426	1	0	0	0
fullCP	Yellow	train	Ribo_ND_248208	473	472	1	0	0	0
fullCP	Yellow	train	Ribo_ND_290214	393	392	1	0	0	0
fullCP	Yellow	train	Ribo_ND_390177	408	407	1	0	0	0
fullCP	Yellow	train	Ribo_ND_203978	334	333	1	0	0	0
fullCP	Yellow	train	Ribo_ND_381618	436	435	1	0	0	0
fullCP	Yellow	train	Ribo_ND_287427	501	500	1	0	0	0
fullCP	Yellow	train	Ribo_ND_107344	359	358	1	0	0	0
fullCP	Yellow	train	Ribo_ND_288214	492	491	1	0	0	0
fullCP	Yellow	train	Ribo_ND_190317	555	554	1	0	0	0
fullCP	Yellow	train	Ribo_ND_343517	437	436	1	0	0	0
fullCP	Yellow	train	Ribo_ND_281976	364	363	1	0	0	0
fullCP	Yellow	train	Ribo_ND_251156	413	412	1	0	0	0
fullCP	Yellow	train	Ribo_ND_295394	358	357	1	0	0	0
fullCP	Yellow	train	Ribo_ND_124838	396	395	1	0	0	0
fullCP	Yellow	train	Ribo_ND_166578	367	366	1	0	0	0
fullCP	Yellow	train	Ribo_ND_169363	468	467	1	0	0	0
fullCP	Yellow	train	Ribo_ND_205493	456	455	1	0	0	0
fullCP	Yellow	train	Ribo_ND_066589	388	387	1	0	0	0
fullCP	Yellow	train	Ribo_ND_043347	409	408	1	0	0	0
fullCP	Yellow	train	Ribo_ND_025153	357	356	1	0	0	0
fullCP	Yellow	train	Ribo_ND_087424	502	501	1	0	0	0
fullCP	Yellow	train	Ribo_ND_131407	434	433	1	0	0	0
fullCP	Yellow	train	Ribo_ND_388266	534	533	1	0	0	0
fullCP	Yellow	train	Ribo_ND_028954	612	611	1	0	0	0
fullCP	Yellow	train	Ribo_ND_132327	324	323	1	0	0	0
fullCP	Yellow	train	Ribo_ND_249733	532	531	1	0	0	0
fullCP	Yellow	train	Ribo_ND_363858	424	423	1	0	0	0
fullCP	Yellow	train	Ribo_ND_043361	430	429	1	0	0	0
fullCP	Yellow	train	Ribo_ND_188050	363	362	1	0	0	0
fullCP	Yellow	train	Ribo_ND_190494	408	407	1	0	0	0
fullCP	Yellow	train	Ribo_ND_128914	482	481	1	0	0	0
fullCP	Yellow	train	Ribo_ND_385927	395	394	1	0	0	0
fullCP	Yellow	train	Ribo_ND_209726	423	422	1	0	0	0
fullCP	Yellow	train	Ribo_ND_207626	587	586	1	0	0	0
fullCP	Yellow	train	Ribo_ND_124466	387	386	1	0	0	0
fullCP	Yellow	train	Ribo_ND_030535	362	361	1	0	0	0
fullCP	Yellow	train	Ribo_ND_093435	459	458	1	0	0	0
fullCP	Yellow	train	Ribo_ND_287421	342	341	1	0	0	0
fullCP	Yellow	train	Ribo_ND_365622	548	547	1	0	0	0
fullCP	Yellow	train	Ribo_ND_107386	403	402	1	0	0	0
fullCP	Yellow	train	Ribo_ND_025305	383	382	1	0	0	0
fullCP	Yellow	train	Ribo_ND_166631	532	531	1	0	0	0
fullCP	Yellow	train	Ribo_ND_024437	441	440	1	0	0	0
fullCP	Yellow	train	Ribo_ND_097677	470	469	1	0	0	0
fullCP	Yellow	train	Ribo_ND_385553	429	428	1	0	0	0
fullCP	Yellow	train	Ribo_ND_125159	413	412	1	0	0	0
fullCP	Yellow	train	Ribo_ND_019348	432	431	1	0	0	0
fullCP	Yellow	train	Ribo_ND_025533	410	409	1	0	0	0
fullCP	Yellow	train	Ribo_ND_122116	465	464	1	0	0	0
fullCP	Yellow	train	Ribo_ND_086105	427	426	1	0	0	0
fullCP	Yellow	train	Ribo_ND_043223	381	380	1	0	0	0
fullCP	Yellow	train	Ribo_ND_020627	340	339	1	0	0	0
fullCP	Yellow	train	Ribo_ND_306697	379	378	1	0	0	0
fullCP	Yellow	train	Ribo_ND_166662	407	406	1	0	0	0
fullCP	Yellow	train	Ribo_ND_327870	370	369	1	0	0	0
fullCP	Yellow	train	Ribo_ND_100038	431	430	1	0	0	0
fullCP	Yellow	train	Ribo_ND_051634	542	541	1	0	0	0
fullCP	Yellow	train	Ribo_NC_032826	417	416	1	0	0	0
fullCP	Yellow	train	Ribo_ND_385286	444	443	1	0	0	0
fullCP	Yellow	train	Ribo_ND_156763	513	512	1	0	0	0
fullCP	Yellow	train	Ribo_ND_174691	507	506	1	0	0	0
fullCP	Yellow	train	Ribo_ND_209163	469	468	1	0	0	0
fullCP	Yellow	train	Ribo_ND_386284	488	487	1	0	0	0
fullCP	Yellow	train	Ribo_ND_163124	472	471	1	0	0	0
fullCP	Yellow	train	Ribo_ND_125217	401	400	1	0	0	0
fullCP	Yellow	train	Ribo_ND_190374	382	381	1	0	0	0
fullCP	Yellow	train	Ribo_ND_185856	492	491	1	0	0	0
fullCP	Yellow	train	Ribo_ND_249738	439	438	1	0	0	0
fullCP	Yellow	train	Ribo_ND_134196	449	448	1	0	0	0
fullCP	Yellow	train	Ribo_ND_379850	468	467	1	0	0	0
fullCP	Yellow	train	Ribo_ND_166523	392	391	1	0	0	0
fullCP	Yellow	train	Ribo_ND_044832	451	450	1	0	0	0
fullCP	Yellow	train	Ribo_ND_284204	357	356	1	0	0	0
fullCP	Yellow	train	Ribo_ND_087862	414	413	1	0	0	0
fullCP	Yellow	train	Ribo_ND_391151	529	528	1	0	0	0
fullCP	Yellow	train	Ribo_ND_152138	485	484	1	0	0	0
fullCP	Yellow	train	Ribo_ND_388731	372	371	1	0	0	0
fullCP	Yellow	train	Ribo_ND_065460	400	399	1	0	0	0
fullCP	Yellow	train	Ribo_ND_386726	396	395	1	0	0	0
fullCP	Yellow	train	Ribo_ND_390432	368	367	1	0	0	0
fullCP	Yellow	train	Ribo_ND_390654	456	455	1	0	0	0
fullCP	Yellow	train	Ribo_ND_203489	442	441	1	0	0	0
fullCP	Yellow	train	Ribo_ND_046897	454	453	1	0	0	0
fullCP	Yellow	train	Ribo_ND_300927	402	401	1	0	0	0
fullCP	Yellow	train	Ribo_ND_172611	355	354	1	0	0	0
fullCP	Yellow	train	Ribo_ND_385876	472	471	1	0	0	0
fullCP	Yellow	train	Ribo_ND_130292	436	435	1	0	0	0
fullCP	Yellow	train	Ribo_ND_025523	359	358	1	0	0	0
fullCP	Yellow	train	Ribo_ND_383206	349	348	1	0	0	0
fullCP	Yellow	train	Ribo_ND_015665	366	365	1	0	0	0
fullCP	Yellow	train	Ribo_ND_044604	438	437	1	0	0	0
fullCP	Yellow	train	Ribo_ND_047125	372	371	1	0	0	0
fullCP	Yellow	train	Ribo_ND_157297	352	351	1	0	0	0
fullCP	Yellow	train	Ribo_ND_130920	423	422	1	0	0	0
fullCP	Yellow	train	Ribo_ND_164988	421	420	1	0	0	0
fullCP	Yellow	train	Ribo_ND_387689	301	300	1	0	0	0
fullCP	Yellow	train	Ribo_ND_379330	386	385	1	0	0	0
fullCP	Yellow	train	Ribo_ND_041617	470	469	1	0	0	0
fullCP	Yellow	train	Ribo_ND_389711	497	496	1	0	0	0
fullCP	Yellow	train	Ribo_ND_334638	422	421	1	0	0	0
fullCP	Yellow	train	Ribo_ND_132246	509	508	1	0	0	0
fullCP	Yellow	train	Ribo_ND_281997	374	373	1	0	0	0
fullCP	Yellow	train	Ribo_ND_365515	490	489	1	0	0	0
fullCP	Yellow	train	Ribo_ND_124503	562	561	1	0	0	0
fullCP	Yellow	train	Ribo_ND_121659	499	498	1	0	0	0
fullCP	Yellow	train	Ribo_Ga0127507_1003872	379	378	1	0	0	0
fullCP	Yellow	train	Ribo_ND_025042	478	477	1	0	0	0
fullCP	Yellow	train	Ribo_ND_046480	426	425	1	0	0	0
fullCP	Yellow	train	Ribo_ND_382127	475	474	1	0	0	0
fullCP	Yellow	train	Ribo_ND_387567	448	447	1	0	0	0
fullCP	Yellow	train	Ribo_ND_129723	412	411	1	0	0	0
fullCP	Yellow	train	Ribo_ND_185431	351	350	1	0	0	0
fullCP	Yellow	train	Ribo_ND_099920	420	419	1	0	0	0
fullCP	Yellow	train	Ribo_ND_025209	460	459	1	0	0	0
fullCP	Yellow	train	Ribo_ND_126777	343	342	1	0	0	0
fullCP	Yellow	train	Ribo_ND_090466	398	397	1	0	0	0
fullCP	Yellow	train	Ribo_ND_342381	354	353	1	0	0	0
fullCP	Yellow	train	Ribo_ND_390206	368	367	1	0	0	0
fullCP	Yellow	train	Ribo_ND_091569	402	401	1	0	0	0
fullCP	Yellow	train	Ribo_ND_293245	356	355	1	0	0	0
fullCP	Yellow	train	Ribo_ND_209831	566	565	1	0	0	0
fullCP	Yellow	train	Ribo_ND_057440	609	608	1	0	0	0
fullCP	Yellow	train	Ribo_ND_388134	449	448	1	0	0	0
fullCP	Yellow	train	Ribo_ND_028381	347	346	1	0	0	0
fullCP	Yellow	train	Ribo_ND_203599	465	464	1	0	0	0
fullCP	Yellow	train	Ribo_ND_081504	405	404	1	0	0	0
fullCP	Yellow	train	Ribo_ND_289130	380	379	1	0	0	0
fullCP	Yellow	train	Ribo_ND_141237	541	540	1	0	0	0
fullCP	Yellow	train	Ribo_ND_276181	446	445	1	0	0	0
fullCP	Yellow	train	Ribo_ND_113791	516	515	1	0	0	0
fullCP	Yellow	train	Ribo_ND_092587	398	397	1	0	0	0
fullCP	Yellow	train	Ribo_ND_049257	465	464	1	0	0	0
fullCP	Yellow	train	Ribo_ND_056534	357	356	1	0	0	0
fullCP	Yellow	train	Ribo_ND_167327	383	382	1	0	0	0
fullCP	Yellow	train	Ribo_ND_096062	326	325	1	0	0	0
fullCP	Yellow	train	Ribo_ND_082626	614	613	1	0	0	0
fullCP	Yellow	train	Ribo_ND_386266	522	521	1	0	0	0
fullCP	Yellow	train	Ribo_ND_054423	436	435	1	0	0	0
fullCP	Yellow	train	Ribo_ND_080952	517	516	1	0	0	0
fullCP	Yellow	train	Ribo_ND_044943	583	582	1	0	0	0
fullCP	Yellow	train	Ribo_ND_184602	420	419	1	0	0	0
fullCP	Yellow	train	Ribo_ND_082763	388	387	1	0	0	0
fullCP	Yellow	train	Ribo_ND_112030	380	379	1	0	0	0
fullCP	Yellow	train	Ribo_ND_044838	591	590	1	0	0	0
fullCP	Yellow	train	Ribo_ND_129922	354	353	1	0	0	0
fullCP	Yellow	train	Ribo_ND_279534	357	356	1	0	0	0
fullCP	Yellow	train	Ribo_ND_089619	508	507	1	0	0	0
fullCP	Yellow	train	Ribo_ND_156966	472	471	1	0	0	0
fullCP	Yellow	train	Ribo_ND_391477	410	409	1	0	0	0
fullCP	Yellow	train	Ribo_ND_024358	482	481	1	0	0	0
fullCP	Yellow	train	Ribo_ND_093165	379	378	1	0	0	0
fullCP	Yellow	train	Ribo_ND_132224	464	463	1	0	0	0
fullCP	Yellow	train	Ribo_ND_293168	363	362	1	0	0	0
fullCP	Yellow	train	Ribo_ND_151495	401	400	1	0	0	0
fullCP	Yellow	train	Ribo_ND_064805	659	658	1	0	0	0
fullCP	Yellow	train	Ribo_ND_172658	427	426	1	0	0	0
fullCP	Yellow	train	Ribo_ND_068953	463	462	1	0	0	0
fullCP	Yellow	train	Ribo_ND_289146	408	407	1	0	0	0
fullCP	Yellow	train	Ribo_ND_028737	361	360	1	0	0	0
fullCP	Yellow	train	Ribo_ND_363188	422	421	1	0	0	0
fullCP	Yellow	train	Ribo_ND_210078	356	355	1	0	0	0
fullCP	Yellow	train	Ribo_ND_025550	419	418	1	0	0	0
fullCP	Yellow	train	Ribo_ND_018962	394	393	1	0	0	0
fullCP	Yellow	train	Ribo_ND_150904	358	357	1	0	0	0
fullCP	Yellow	train	Ribo_ND_017293	339	338	1	0	0	0
fullCP	Yellow	train	Ribo_ND_030308	433	432	1	0	0	0
fullCP	Yellow	train	Ribo_ND_104580	481	480	1	0	0	0
fullCP	Yellow	train	Ribo_ND_124237	519	518	1	0	0	0
fullCP	Yellow	train	Ribo_ND_391025	456	455	1	0	0	0
fullCP	Yellow	train	Ribo_ND_080221	452	451	1	0	0	0
fullCP	Yellow	train	Ribo_ND_166930	432	431	1	0	0	0
fullCP	Yellow	train	Ribo_ND_251215	455	454	1	0	0	0
fullCP	Yellow	train	Ribo_ND_081500	546	545	1	0	0	0
fullCP	Yellow	train	Ribo_ND_327282	535	534	1	0	0	0
fullCP	Yellow	train	Ribo_ND_389529	419	418	1	0	0	0
fullCP	Yellow	train	Ribo_ND_163335	413	412	1	0	0	0
fullCP	Yellow	train	Ribo_ND_024984	477	476	1	0	0	0
fullCP	Yellow	train	Ribo_ND_187630	452	451	1	0	0	0
fullCP	Yellow	train	Ribo_ND_025598	377	376	1	0	0	0
fullCP	Yellow	train	Ribo_ND_391182	378	377	1	0	0	0
fullCP	Yellow	train	Ribo_ND_101784	482	481	1	0	0	0
fullCP	Yellow	train	Ribo_ND_113090	357	356	1	0	0	0
fullCP	Yellow	train	Ribo_ND_131051	479	478	1	0	0	0
fullCP	Yellow	train	Ribo_ND_189570	478	477	1	0	0	0
fullCP	Yellow	train	Ribo_ND_390249	435	434	1	0	0	0
fullCP	Yellow	train	Ribo_ND_095482	379	378	1	0	0	0
fullCP	Yellow	train	Ribo_ND_056148	467	466	1	0	0	0
fullCP	Yellow	train	Ribo_ND_048689	303	302	1	0	0	0
fullCP	Yellow	train	Ribo_ND_064397	560	559	1	0	0	0
fullCP	Yellow	train	Ribo_ND_092948	392	391	1	0	0	0
fullCP	Yellow	train	Ribo_NC_032884	343	342	1	0	0	0
fullCP	Yellow	train	Ribo_ND_365732	473	472	1	0	0	0
fullCP	Yellow	train	Ribo_ND_149174	401	400	1	0	0	0
fullCP	Yellow	train	Ribo_ND_336310	599	598	1	0	0	0
fullCP	Yellow	train	Ribo_ND_099904	489	488	1	0	0	0
fullCP	Yellow	train	Ribo_ND_344864	483	482	1	0	0	0
fullCP	Yellow	train	Ribo_ND_363252	396	395	1	0	0	0
fullCP	Yellow	train	Ribo_ND_281801	352	351	1	0	0	0
fullCP	Yellow	train	Ribo_ND_028716	376	375	1	0	0	0
fullCP	Yellow	train	Ribo_ND_249827	380	379	1	0	0	0
fullCP	Yellow	train	Ribo_ND_050395	436	435	1	0	0	0
fullCP	Yellow	train	Ribo_ND_210470	414	413	1	0	0	0
fullCP	Yellow	train	Ribo_ND_361906	529	528	1	0	0	0
fullCP	Yellow	train	Ribo_ND_163206	688	687	1	0	0	0
fullCP	Yellow	train	Ribo_ND_025706	391	390	1	0	0	0
fullCP	Yellow	train	Ribo_ND_239309	438	437	1	0	0	0
fullCP	Yellow	train	Ribo_ND_115273	410	409	1	0	0	0
fullCP	Yellow	train	Ribo_ND_278159	351	350	1	0	0	0
fullCP	Yellow	train	Ribo_ND_102430	472	471	1	0	0	0
fullCP	Yellow	train	Ribo_ND_282720	486	485	1	0	0	0
fullCP	Yellow	train	Ribo_ND_043923	413	412	1	0	0	0
fullCP	Yellow	train	Ribo_ND_370454	390	389	1	0	0	0
fullCP	Yellow	train	Ribo_ND_151413	436	435	1	0	0	0
fullCP	Yellow	train	Ribo_ND_089609	401	400	1	0	0	0
fullCP	Yellow	train	Ribo_tomREF_NC_022895	391	390	1	0	0	0
fullCP	Yellow	train	Ribo_ND_030238	393	392	1	0	0	0
fullCP	Yellow	train	Ribo_ND_387096	541	540	1	0	0	0
fullCP	Yellow	train	Ribo_ND_127922	385	384	1	0	0	0
fullCP	Yellow	train	Ribo_ND_092480	385	384	1	0	0	0
fullCP	Yellow	train	Ribo_ND_057797	379	378	1	0	0	0
fullCP	Yellow	train	Ribo_ND_294841	357	356	1	0	0	0
fullCP	Yellow	train	Ribo_ND_107279	478	477	1	0	0	0
fullCP	Yellow	train	Ribo_ND_205490	441	440	1	0	0	0
fullCP	Yellow	train	Ribo_ND_025475	397	396	1	0	0	0
fullCP	Yellow	train	Ribo_ND_057449	511	510	1	0	0	0
fullCP	Yellow	train	Ribo_ND_306487	331	330	1	0	0	0
fullCP	Yellow	train	Ribo_JAAOEH010002127.1	357	356	1	0	0	0
fullCP	Yellow	train	Ribo_ND_082062	358	357	1	0	0	0
fullCP	Yellow	train	Ribo_ND_249719	443	442	1	0	0	0
fullCP	Yellow	train	Ribo_ND_025326	377	376	1	0	0	0
fullCP	Yellow	train	Ribo_ND_163033	382	381	1	0	0	0
fullCP	Yellow	train	Ribo_ND_083099	353	352	1	0	0	0
fullCP	Yellow	train	Ribo_tomREF_NC_001469	381	380	1	0	0	0
fullCP	Yellow	train	Ribo_ND_112591	438	437	1	0	0	0
fullCP	Yellow	train	Ribo_ND_190342	365	364	1	0	0	0
fullCP	Yellow	train	Ribo_JAAOEH010002777.1	425	424	1	0	0	0
fullCP	Yellow	train	Ribo_ND_094183	376	375	1	0	0	0
fullCP	Yellow	train	Ribo_ND_251103	385	384	1	0	0	0
fullCP	Yellow	train	Ribo_ND_025587	407	406	1	0	0	0
fullCP	Yellow	train	Ribo_ND_056464	435	434	1	0	0	0
fullCP	Yellow	train	Ribo_ND_290207	349	348	1	0	0	0
fullCP	Yellow	train	Ribo_ND_128048	413	412	1	0	0	0
fullCP	Yellow	train	Ribo_ND_132240	447	446	1	0	0	0
fullCP	Yellow	train	Ribo_tomREF_NC_020073	392	391	1	0	0	0
fullCP	Yellow	train	Ribo_ND_058275	577	576	1	0	0	0
fullCP	Yellow	train	Ribo_ND_285201	346	345	1	0	0	0
fullCP	Yellow	train	Ribo_ND_099990	438	437	1	0	0	0
fullCP	Yellow	train	Ribo_ND_028526	523	522	1	0	0	0
fullCP	Yellow	train	Ribo_ND_179581	376	375	1	0	0	0
fullCP	Yellow	train	Ribo_tomREF_NC_030452	390	389	1	0	0	0
fullCP	Yellow	train	Ribo_ND_060792	357	356	1	0	0	0
fullCP	Yellow	train	Ribo_ND_046330	457	456	1	0	0	0
fullCP	Yellow	train	Ribo_ND_387053	402	401	1	0	0	0
fullCP	Yellow	train	Ribo_ND_278441	428	427	1	0	0	0
fullCP	Yellow	train	Ribo_ND_158731	504	503	1	0	0	0
fullCP	Yellow	train	Ribo_NC_033438	350	349	1	0	0	0
fullCP	Yellow	train	Ribo_ND_056608	411	410	1	0	0	0
fullCP	Yellow	train	Ribo_ND_024746	422	421	1	0	0	0
fullCP	Yellow	train	Ribo_ND_189456	527	526	1	0	0	0
fullCP	Yellow	train	Ribo_ND_045743	474	473	1	0	0	0
fullCP	Yellow	train	Ribo_ND_202418	370	369	1	0	0	0
fullCP	Yellow	train	Ribo_ND_024730	489	488	1	0	0	0
fullCP	Yellow	train	Ribo_ND_336234	390	389	1	0	0	0
fullCP	Yellow	train	Ribo_ND_025424	370	369	1	0	0	0
fullCP	Yellow	train	Ribo_ND_169315	378	377	1	0	0	0
fullCP	Yellow	train	Ribo_ND_329178	426	425	1	0	0	0
fullCP	Yellow	train	Ribo_ND_091409	521	520	1	0	0	0
fullCP	Yellow	train	Ribo_ND_147366	360	359	1	0	0	0
fullCP	Yellow	train	Ribo_ND_378986	412	411	1	0	0	0
fullCP	Yellow	train	Ribo_ND_057539	312	311	1	0	0	0
fullCP	Yellow	train	Ribo_ND_251120	456	455	1	0	0	0
fullCP	Yellow	train	Ribo_ND_030549	460	459	1	0	0	0
fullCP	Yellow	train	Ribo_ND_094061	445	444	1	0	0	0
fullCP	Yellow	train	Ribo_ND_258921	550	549	1	0	0	0
fullCP	Yellow	train	Ribo_ND_282003	324	323	1	0	0	0
fullCP	Yellow	train	Ribo_ND_226143	375	374	1	0	0	0
fullCP	Yellow	train	Ribo_ND_339575	397	396	1	0	0	0
fullCP	Yellow	train	Ribo_ND_091979	442	441	1	0	0	0
fullCP	Yellow	train	Ribo_ND_053539	394	393	1	0	0	0
fullCP	Yellow	train	Ribo_ND_266811	375	374	1	0	0	0
fullCP	Yellow	train	Ribo_ND_146081	404	403	1	0	0	0
fullCP	Yellow	train	Ribo_ND_017768	302	301	1	0	0	0
fullCP	Yellow	train	Ribo_ND_166868	411	410	1	0	0	0
fullCP	Yellow	train	Ribo_ND_345505	412	411	1	0	0	0
fullCP	Yellow	train	Ribo_ND_029689	417	416	1	0	0	0
fullCP	Yellow	train	Ribo_ND_040244	470	469	1	0	0	0
fullCP	Yellow	train	Ribo_ND_024707	438	437	1	0	0	0
fullCP	Yellow	train	Ribo_ND_090759	341	340	1	0	0	0
fullCP	Yellow	train	Ribo_ND_092976	418	417	1	0	0	0
fullCP	Yellow	train	Ribo_JAAOEH010002630.1	513	512	1	0	0	0
fullCP	Yellow	train	Ribo_ND_251191	428	427	1	0	0	0
fullCP	Yellow	train	Ribo_ND_175203	389	388	1	0	0	0
fullCP	Yellow	train	Ribo_ND_016517	345	344	1	0	0	0
fullCP	Yellow	train	Ribo_ND_284233	341	340	1	0	0	0
fullCP	Yellow	train	Ribo_ND_391046	369	368	1	0	0	0
fullCP	Yellow	train	Ribo_tomREF_NC_001339	389	388	1	0	0	0
fullCP	Yellow	train	Ribo_ND_028934	467	466	1	0	0	0
fullCP	Yellow	train	Ribo_ND_337560	364	363	1	0	0	0
fullCP	Yellow	train	Ribo_ND_108971	430	429	1	0	0	0
fullCP	Yellow	train	Ribo_ND_057533	441	440	1	0	0	0
fullCP	Yellow	train	Ribo_ND_025512	435	434	1	0	0	0
fullCP	Yellow	train	Ribo_ND_145828	427	426	1	0	0	0
fullCP	Yellow	train	Ribo_ND_366210	617	616	1	0	0	0
fullCP	Yellow	train	Ribo_ND_306376	311	310	1	0	0	0
fullCP	Yellow	train	Ribo_tomREF_NC_001600	352	351	1	0	0	0
fullCP	Yellow	train	Ribo_ND_025211	363	362	1	0	0	0
fullCP	Yellow	train	Ribo_ND_363181	333	332	1	0	0	0
fullCP	Yellow	train	Ribo_ND_095931	506	505	1	0	0	0
fullCP	Yellow	train	Ribo_ND_028859	418	417	1	0	0	0
fullCP	Yellow	train	Ribo_ND_160106	407	406	1	0	0	0
fullCP	Yellow	train	Ribo_ND_016811	345	344	1	0	0	0
fullCP	Yellow	train	Ribo_ND_132404	610	609	1	0	0	0
fullCP	Yellow	train	Ribo_ND_291015	354	353	1	0	0	0
fullCP	Yellow	train	Ribo_ND_239080	420	419	1	0	0	0
fullCP	Yellow	train	Ribo_ND_215017	424	423	1	0	0	0
fullCP	Yellow	train	Ribo_ND_015995	350	349	1	0	0	0
fullCP	Yellow	train	Ribo_ND_387173	421	420	1	0	0	0
fullCP	Yellow	train	Ribo_ND_048417	358	357	1	0	0	0
fullCP	Yellow	train	Ribo_ND_185791	407	406	1	0	0	0
fullCP	Yellow	train	Ribo_ND_030523	475	474	1	0	0	0
fullCP	Yellow	train	Ribo_ND_168815	390	389	1	0	0	0
fullCP	Yellow	train	Ribo_ND_344308	474	473	1	0	0	0
fullCP	Yellow	train	Ribo_ND_350465	519	518	1	0	0	0
fullCP	Yellow	train	Ribo_ND_366118	433	432	1	0	0	0
fullCP	Yellow	train	Ribo_ND_284212	346	345	1	0	0	0
fullCP	Yellow	train	Ribo_ND_128801	391	390	1	0	0	0
fullCP	Yellow	train	Ribo_ND_134792	362	361	1	0	0	0
fullCP	Yellow	train	Ribo_ND_025549	382	381	1	0	0	0
fullCP	Yellow	train	Ribo_ND_095233	362	361	1	0	0	0
fullCP	Yellow	train	Ribo_ND_106556	471	470	1	0	0	0
fullCP	Yellow	train	Ribo_ND_083005	430	429	1	0	0	0
fullCP	Yellow	train	Ribo_ND_114322	379	378	1	0	0	0
fullCP	Yellow	train	Ribo_ND_016202	339	338	1	0	0	0
fullCP	Yellow	train	Ribo_ND_279514	423	422	1	0	0	0
fullCP	Yellow	train	Ribo_ND_086121	452	451	1	0	0	0
fullCP	Yellow	train	Ribo_ND_121885	359	358	1	0	0	0
fullCP	Yellow	train	Ribo_ND_092703	547	546	1	0	0	0
fullCP	Yellow	train	Ribo_ND_099892	437	436	1	0	0	0
fullCP	Yellow	train	Ribo_ND_084466	340	339	1	0	0	0
fullCP	Yellow	train	Ribo_ND_024704	512	511	1	0	0	0
fullCP	Yellow	train	Ribo_ND_306441	367	366	1	0	0	0
fullCP	Yellow	train	Ribo_ND_251225	452	451	1	0	0	0
fullCP	Yellow	train	Ribo_ND_345541	425	424	1	0	0	0
fullCP	Yellow	train	Ribo_ND_024955	477	476	1	0	0	0
fullCP	Yellow	train	Ribo_ND_108358	578	577	1	0	0	0
fullCP	Yellow	train	Ribo_ND_107013	506	505	1	0	0	0
fullCP	Yellow	train	Ribo_Ga0184575_112371	431	430	1	0	0	0
fullCP	Yellow	train	Ribo_ND_134564	529	528	1	0	0	0
fullCP	Yellow	train	Ribo_ND_101584	486	485	1	0	0	0
fullCP	Yellow	train	Ribo_ND_240609	439	438	1	0	0	0
fullCP	Yellow	train	Ribo_ND_163049	399	398	1	0	0	0
fullCP	Yellow	train	Ribo_ND_112191	476	475	1	0	0	0
fullCP	Yellow	train	Ribo_ND_026347	410	409	1	0	0	0
fullCP	Yellow	train	Ribo_ND_052692	495	494	1	0	0	0
fullCP	Yellow	train	Ribo_ND_107292	403	402	1	0	0	0
fullCP	Yellow	train	Ribo_ND_187940	409	408	1	0	0	0
fullCP	Yellow	train	Ribo_ND_341362	382	381	1	0	0	0
fullCP	Yellow	train	Ribo_ND_386299	356	355	1	0	0	0
fullCP	Yellow	train	Ribo_ND_100095	479	478	1	0	0	0
fullCP	Yellow	train	Ribo_ND_044835	532	531	1	0	0	0
fullCP	Yellow	train	Ribo_ND_146036	376	375	1	0	0	0
fullCP	Yellow	train	Ribo_ND_379348	391	390	1	0	0	0
fullCP	Yellow	train	Ribo_ND_175194	426	425	1	0	0	0
fullCP	Yellow	train	Ribo_ND_112677	461	460	1	0	0	0
fullCP	Yellow	train	Ribo_ND_286546	585	584	1	0	0	0
fullCP	Yellow	train	Ribo_ND_363036	396	395	1	0	0	0
fullCP	Yellow	train	Ribo_ND_155767	420	419	1	0	0	0
fullCP	Yellow	train	Ribo_ND_385935	458	457	1	0	0	0
fullCP	Yellow	train	Ribo_ND_029460	481	480	1	0	0	0
fullCP	Yellow	train	Ribo_ND_321729	439	438	1	0	0	0
fullCP	Yellow	train	Ribo_ND_028733	368	367	1	0	0	0
fullCP	Yellow	train	Ribo_ND_188635	490	489	1	0	0	0
fullCP	Yellow	train	Ribo_ND_370446	521	520	1	0	0	0
fullCP	Yellow	train	Ribo_ND_239075	475	474	1	0	0	0
fullCP	Yellow	train	Ribo_ND_117960	408	407	1	0	0	0
fullCP	Yellow	train	Ribo_ND_025243	364	363	1	0	0	0
fullCP	Yellow	train	Ribo_ND_249837	375	374	1	0	0	0
fullCP	Yellow	train	Ribo_ND_249648	431	430	1	0	0	0
fullCP	Yellow	train	Ribo_ND_065538	380	379	1	0	0	0
fullCP	Yellow	train	Ribo_ND_381566	478	477	1	0	0	0
fullCP	Yellow	train	Ribo_ND_184068	367	366	1	0	0	0
fullCP	Yellow	train	Ribo_ND_341296	443	442	1	0	0	0
fullCP	Yellow	train	Ribo_JAAOEH010002267.1	377	376	1	0	0	0
fullCP	Yellow	train	Ribo_ND_119710	437	436	1	0	0	0
fullCP	Yellow	train	Ribo_ND_166642	443	442	1	0	0	0
fullCP	Yellow	train	Ribo_ND_090706	453	452	1	0	0	0
fullCP	Yellow	train	Ribo_ND_105004	461	460	1	0	0	0
fullCP	Yellow	train	Ribo_ND_025152	451	450	1	0	0	0
fullCP	Yellow	train	Ribo_ND_160131	408	407	1	0	0	0
fullCP	Yellow	train	Ribo_ND_390200	339	338	1	0	0	0
fullCP	Yellow	train	Ribo_ND_097088	493	492	1	0	0	0
fullCP	Yellow	train	Ribo_ND_388329	387	386	1	0	0	0
fullCP	Yellow	train	Ribo_ND_058928	480	479	1	0	0	0
fullCP	Yellow	train	Ribo_ND_024871	439	438	1	0	0	0
fullCP	Yellow	train	Ribo_ND_389921	398	397	1	0	0	0
fullCP	Yellow	train	Ribo_ND_132724	516	515	1	0	0	0
fullCP	Yellow	train	Ribo_ND_134742	394	393	1	0	0	0
fullCP	Yellow	train	Ribo_ND_055896	378	377	1	0	0	0
fullCP	Yellow	train	Ribo_ND_289096	458	457	1	0	0	0
fullCP	Yellow	train	Ribo_ND_028408	412	411	1	0	0	0
fullCP	Yellow	train	Ribo_ND_211785	346	345	1	0	0	0
fullCP	Yellow	train	Ribo_ND_046068	564	563	1	0	0	0
fullCP	Yellow	train	Ribo_ND_015690	341	340	1	0	0	0
fullCP	Yellow	train	Ribo_ND_327996	376	375	1	0	0	0
fullCP	Yellow	train	Ribo_ND_379896	423	422	1	0	0	0
fullCP	Yellow	train	Ribo_ND_282017	341	340	1	0	0	0
fullCP	Yellow	train	Ribo_ND_338848	524	523	1	0	0	0
fullCP	Yellow	train	Ribo_ND_085206	308	307	1	0	0	0
fullCP	Yellow	train	Ribo_ND_045947	373	372	1	0	0	0
fullCP	Yellow	train	Ribo_ND_249548	660	659	1	0	0	0
fullCP	Yellow	train	Ribo_ND_030364	577	576	1	0	0	0
fullCP	Yellow	train	Ribo_JAAOEH010002232.1	431	430	1	0	0	0
fullCP	Yellow	train	Ribo_ND_108055	472	471	1	0	0	0
fullCP	Yellow	train	Ribo_ND_025792	487	486	1	0	0	0
fullCP	Yellow	train	Ribo_ND_132598	542	541	1	0	0	0
fullCP	Yellow	train	Ribo_ND_025260	490	489	1	0	0	0
fullCP	Yellow	train	Ribo_ND_025791	387	386	1	0	0	0
fullCP	Yellow	train	Ribo_ND_092887	354	353	1	0	0	0
fullCP	Yellow	train	Ribo_ND_045532	374	373	1	0	0	0
fullCP	Yellow	train	Ribo_ND_305901	615	614	1	0	0	0
fullCP	Yellow	train	Ribo_ND_051123	440	439	1	0	0	0
fullCP	Yellow	train	Ribo_ND_226039	509	508	1	0	0	0
fullCP	Yellow	train	Ribo_ND_025373	370	369	1	0	0	0
fullCP	Yellow	train	Ribo_ND_088149	598	597	1	0	0	0
fullCP	Yellow	train	Ribo_ND_391489	351	350	1	0	0	0
fullCP	Yellow	train	Ribo_ND_044364	304	303	1	0	0	0
fullCP	Yellow	train	Ribo_ND_348887	336	335	1	0	0	0
fullCP	Yellow	train	Ribo_ND_058946	451	450	1	0	0	0
fullCP	Yellow	train	Ribo_ND_081873	619	618	1	0	0	0
fullCP	Yellow	train	Ribo_ND_251353	487	486	1	0	0	0
fullCP	Yellow	train	Ribo_ND_151781	430	429	1	0	0	0
fullCP	Yellow	train	Ribo_ND_059415	378	377	1	0	0	0
fullCP	Yellow	train	Ribo_ND_029384	410	409	1	0	0	0
fullCP	Yellow	train	Ribo_ND_202064	366	365	1	0	0	0
fullCP	Yellow	train	Ribo_ND_363601	388	387	1	0	0	0
fullCP	Yellow	train	Ribo_ND_016088	339	338	1	0	0	0
fullCP	Yellow	train	Ribo_ND_101574	348	347	1	0	0	0
fullCP	Yellow	train	Ribo_ND_335948	432	431	1	0	0	0
fullCP	Yellow	train	Ribo_ND_147194	420	419	1	0	0	0
fullCP	Yellow	train	Ribo_ND_288285	437	436	1	0	0	0
fullCP	Yellow	train	Ribo_ND_105187	446	445	1	0	0	0
fullCP	Yellow	train	Ribo_ND_096144	473	472	1	0	0	0
fullCP	Yellow	train	Ribo_ND_221336	386	385	1	0	0	0
fullCP	Yellow	train	Ribo_ND_289203	396	395	1	0	0	0
fullCP	Yellow	train	Ribo_ND_370448	399	398	1	0	0	0
fullCP	Yellow	train	Ribo_tomREF_NC_035452	454	453	1	0	0	0
fullCP	Yellow	train	Ribo_ND_124702	497	496	1	0	0	0
fullCP	Yellow	train	Ribo_ND_286599	343	342	1	0	0	0
fullCP	Yellow	train	Ribo_ND_112738	451	450	1	0	0	0
fullCP	Yellow	train	Ribo_ND_109078	477	476	1	0	0	0
fullCP	Yellow	train	Ribo_ND_387559	363	362	1	0	0	0
fullCP	Yellow	train	Ribo_ND_106539	537	536	1	0	0	0
fullCP	Yellow	train	Ribo_ND_028994	407	406	1	0	0	0
fullCP	Yellow	train	Ribo_ND_321366	366	365	1	0	0	0
fullCP	Yellow	train	Ribo_ND_184566	426	425	1	0	0	0
fullCP	Yellow	train	Ribo_ND_094133	416	415	1	0	0	0
fullCP	Yellow	train	Ribo_ND_130501	437	436	1	0	0	0
fullCP	Yellow	train	Ribo_ND_109141	413	412	1	0	0	0
fullCP	Yellow	train	Ribo_ND_384169	386	385	1	0	0	0
fullCP	Yellow	train	Ribo_ND_024948	475	474	1	0	0	0
fullCP	Yellow	train	Ribo_ND_046859	426	425	1	0	0	0
fullCP	Yellow	train	Ribo_ND_168965	376	375	1	0	0	0
fullCP	Yellow	train	Ribo_ND_025361	387	386	1	0	0	0
fullCP	Yellow	train	Ribo_ND_128603	480	479	1	0	0	0
fullCP	Yellow	train	Ribo_ND_103115	464	463	1	0	0	0
fullCP	Yellow	train	Ribo_ND_385473	386	385	1	0	0	0
fullCP	Yellow	train	Ribo_ND_285669	368	367	1	0	0	0
fullCP	Yellow	train	Ribo_ND_307123	303	302	1	0	0	0
fullCP	Yellow	train	Ribo_ND_082876	452	451	1	0	0	0
fullCP	Yellow	train	Ribo_ND_249653	455	454	1	0	0	0
fullCP	Yellow	train	Ribo_ND_082351	480	479	1	0	0	0
fullCP	Yellow	train	Ribo_ND_380131	374	373	1	0	0	0
fullCP	Yellow	train	Ribo_ND_300454	434	433	1	0	0	0
fullCP	Yellow	train	Ribo_ND_264333	318	317	1	0	0	0
fullCP	Yellow	train	Ribo_ND_058964	640	639	1	0	0	0
fullCP	Yellow	train	Ribo_ND_286562	456	455	1	0	0	0
fullCP	Yellow	train	Ribo_ND_030388	477	476	1	0	0	0
fullCP	Yellow	train	Ribo_ND_030557	368	367	1	0	0	0
fullCP	Yellow	train	Ribo_ND_156755	447	446	1	0	0	0
fullCP	Yellow	train	Ribo_JAAOEH010002460.1	411	410	1	0	0	0
fullCP	Yellow	train	Ribo_ND_302803	439	438	1	0	0	0
fullCP	Yellow	train	Ribo_ND_090381	411	410	1	0	0	0
fullCP	Yellow	train	Ribo_ND_156943	430	429	1	0	0	0
fullCP	Yellow	train	Ribo_ND_133241	475	474	1	0	0	0
fullCP	Yellow	train	Ribo_NC_033443	489	488	1	0	0	0
fullCP	Yellow	train	Ribo_ND_384050	386	385	1	0	0	0
fullCP	Yellow	train	Ribo_ND_306739	443	442	1	0	0	0
fullCP	Yellow	train	Ribo_ND_163136	361	360	1	0	0	0
fullCP	Yellow	train	Ribo_ND_076186	337	336	1	0	0	0
fullCP	Yellow	train	Ribo_ND_341308	406	405	1	0	0	0
fullCP	Yellow	train	Ribo_ND_030619	413	412	1	0	0	0
fullCP	Yellow	train	Ribo_ND_287498	556	555	1	0	0	0
fullCP	Yellow	train	Ribo_ND_343365	488	487	1	0	0	0
fullCP	Yellow	train	Ribo_ND_385031	497	496	1	0	0	0
fullCP	Yellow	train	Ribo_ND_386712	438	437	1	0	0	0
fullCP	Yellow	train	Ribo_ND_046668	444	443	1	0	0	0
fullCP	Yellow	train	Ribo_ND_114974	492	491	1	0	0	0
fullCP	Yellow	train	Ribo_ND_118606	387	386	1	0	0	0
fullCP	Yellow	train	Ribo_ND_030500	562	561	1	0	0	0
fullCP	Yellow	train	Ribo_ND_240910	451	450	1	0	0	0
fullCP	Yellow	train	Ribo_ND_020635	378	377	1	0	0	0
fullCP	Yellow	train	Ribo_ND_379299	459	458	1	0	0	0
fullCP	Yellow	train	Ribo_ND_237671	431	430	1	0	0	0
fullCP	Yellow	train	Ribo_ND_132919	475	474	1	0	0	0
fullCP	Yellow	train	Ribo_ND_129240	397	396	1	0	0	0
fullCP	Yellow	train	Ribo_ND_370427	399	398	1	0	0	0
fullCP	Yellow	train	Ribo_ND_156478	454	453	1	0	0	0
fullCP	Yellow	train	Ribo_ND_348995	378	377	1	0	0	0
fullCP	Yellow	train	Ribo_ND_025327	400	399	1	0	0	0
fullCP	Yellow	train	Ribo_ND_166489	376	375	1	0	0	0
fullCP	Yellow	train	Ribo_ND_326772	422	421	1	0	0	0
fullCP	Yellow	train	Ribo_ND_095564	493	492	1	0	0	0
fullCP	Yellow	train	Ribo_ND_389843	471	470	1	0	0	0
fullCP	Yellow	train	Ribo_ND_381586	414	413	1	0	0	0
fullCP	Yellow	train	Ribo_ND_355772	378	377	1	0	0	0
fullCP	Yellow	train	Ribo_ND_055821	403	402	1	0	0	0
fullCP	Yellow	train	Ribo_ND_387581	349	348	1	0	0	0
fullCP	Yellow	train	Ribo_ND_292487	343	342	1	0	0	0
fullCP	Yellow	train	Ribo_ND_256267	378	377	1	0	0	0
fullCP	Yellow	train	Ribo_ND_082205	352	351	1	0	0	0
fullCP	Yellow	train	Ribo_ND_276222	371	370	1	0	0	0
fullCP	Yellow	train	Ribo_ND_251123	469	468	1	0	0	0
fullCP	Yellow	train	Ribo_ND_066692	453	452	1	0	0	0
fullCP	Yellow	train	Ribo_ND_113214	398	397	1	0	0	0
fullCP	Yellow	train	Ribo_ND_239311	432	431	1	0	0	0
fullCP	Yellow	train	Ribo_ND_134565	395	394	1	0	0	0
fullCP	Yellow	train	Ribo_ND_028676	529	528	1	0	0	0
fullCP	Yellow	train	Ribo_JAAOEH010000682.1	545	544	1	0	0	0
fullCP	Yellow	train	Ribo_ND_029711	403	402	1	0	0	0
fullCP	Yellow	train	Ribo_ND_019484	338	337	1	0	0	0
fullCP	Yellow	train	Ribo_ND_127829	378	377	1	0	0	0
fullCP	Yellow	train	Ribo_ND_084066	372	371	1	0	0	0
fullCP	Yellow	train	Ribo_ND_044314	593	592	1	0	0	0
fullCP	Yellow	train	Ribo_ND_162029	426	425	1	0	0	0
fullCP	Yellow	train	Ribo_ND_028897	413	412	1	0	0	0
fullCP	Yellow	train	Ribo_ND_343206	491	490	1	0	0	0
fullCP	Yellow	train	Ribo_ND_043328	356	355	1	0	0	0
fullCP	Yellow	train	Ribo_ND_109227	449	448	1	0	0	0
fullCP	Yellow	train	Ribo_ND_025487	335	334	1	0	0	0
fullCP	Yellow	train	Ribo_ND_292468	381	380	1	0	0	0
fullCP	Yellow	train	Ribo_ND_133967	567	566	1	0	0	0
fullCP	Yellow	train	Ribo_ND_389837	350	349	1	0	0	0
fullCP	Yellow	train	Ribo_ND_156208	421	420	1	0	0	0
fullCP	Yellow	train	Ribo_ND_215889	427	426	1	0	0	0
fullCP	Yellow	train	Ribo_ND_276198	382	381	1	0	0	0
fullCP	Yellow	train	Ribo_ND_030439	513	512	1	0	0	0
fullCP	Yellow	train	Ribo_JAAOEH010001918.1	415	414	1	0	0	0
fullCP	Yellow	train	Ribo_ND_096611	451	450	1	0	0	0
fullCP	Yellow	train	Ribo_tomREF_NC_003633	455	454	1	0	0	0
fullCP	Yellow	train	Ribo_ND_319688	423	422	1	0	0	0
fullCP	Yellow	train	Ribo_ND_391471	532	531	1	0	0	0
fullCP	Yellow	train	Ribo_ND_026159	320	319	1	0	0	0
fullCP	Yellow	train	Ribo_ND_347420	373	372	1	0	0	0
fullCP	Yellow	train	Ribo_ND_115280	454	453	1	0	0	0
fullCP	Yellow	train	Ribo_ND_129610	439	438	1	0	0	0
fullCP	Yellow	train	Ribo_ND_082594	421	420	1	0	0	0
fullCP	Yellow	train	Ribo_ND_344529	335	334	1	0	0	0
fullCP	Yellow	train	Ribo_ND_282038	394	393	1	0	0	0
fullCP	Yellow	train	Ribo_ND_084751	417	416	1	0	0	0
fullCP	Yellow	train	Ribo_ND_100474	354	353	1	0	0	0
fullCP	Yellow	train	Ribo_ND_112150	414	413	1	0	0	0
fullCP	Yellow	train	Ribo_tomREF_NC_023339	389	388	1	0	0	0
fullCP	Yellow	train	Ribo_ND_024858	468	467	1	0	0	0
fullCP	Yellow	train	Ribo_ND_284819	632	631	1	0	0	0
fullCP	Yellow	train	Ribo_ND_085733	345	344	1	0	0	0
fullCP	Yellow	train	Ribo_ND_249226	347	346	1	0	0	0
fullCP	Yellow	train	Ribo_ND_381701	422	421	1	0	0	0
fullCP	Yellow	train	Ribo_ND_327486	443	442	1	0	0	0
fullCP	Yellow	train	Ribo_ND_114032	454	453	1	0	0	0
fullCP	Yellow	train	Ribo_ND_095265	326	325	1	0	0	0
fullCP	Yellow	train	Ribo_ND_370405	515	514	1	0	0	0
fullCP	Yellow	train	Ribo_ND_028684	500	499	1	0	0	0
fullCP	Yellow	train	Ribo_ND_221227	428	427	1	0	0	0
fullCP	Yellow	train	Ribo_ND_391490	351	350	1	0	0	0
fullCP	Yellow	train	Ribo_ND_132962	468	467	1	0	0	0
fullCP	Yellow	train	Ribo_ND_179939	463	462	1	0	0	0
fullCP	Yellow	train	Ribo_ND_143535	447	446	1	0	0	0
fullCP	Yellow	train	Ribo_ND_230750	378	377	1	0	0	0
fullCP	Yellow	train	Ribo_ND_198292	477	476	1	0	0	0
fullCP	Yellow	train	Ribo_ND_030353	447	446	1	0	0	0
fullCP	Yellow	train	Ribo_ND_054718	484	483	1	0	0	0
fullCP	Yellow	train	Ribo_ND_025213	484	483	1	0	0	0
fullCP	Yellow	train	Ribo_ND_221222	499	498	1	0	0	0
fullCP	Yellow	train	Ribo_ND_181904	480	479	1	0	0	0
fullCP	Yellow	train	Ribo_ND_070705	358	357	1	0	0	0
fullCP	Yellow	train	Ribo_ND_221979	564	563	1	0	0	0
fullCP	Yellow	train	Ribo_ND_113432	430	429	1	0	0	0
fullCP	Yellow	train	Ribo_ND_166546	405	404	1	0	0	0
fullCP	Yellow	train	Ribo_ND_096037	361	360	1	0	0	0
fullCP	Yellow	train	Ribo_ND_118715	445	444	1	0	0	0
fullCP	Yellow	train	Ribo_ND_391476	406	405	1	0	0	0
fullCP	Yellow	train	Ribo_ND_210459	418	417	1	0	0	0
fullCP	Yellow	train	Ribo_ND_129009	515	514	1	0	0	0
fullCP	Yellow	train	Ribo_ND_087716	409	408	1	0	0	0
fullCP	Yellow	train	Ribo_ND_101966	421	420	1	0	0	0
fullCP	Yellow	train	Ribo_ND_157660	385	384	1	0	0	0
fullCP	Yellow	train	Ribo_ND_024416	501	500	1	0	0	0
fullCP	Yellow	train	Ribo_ND_306663	332	331	1	0	0	0
fullCP	Yellow	train	Ribo_ND_388118	428	427	1	0	0	0
fullCP	Yellow	train	Ribo_ND_095624	579	578	1	0	0	0
fullCP	Yellow	train	Ribo_ND_166424	457	456	1	0	0	0
fullCP	Yellow	train	Ribo_ND_390213	423	422	1	0	0	0
fullCP	Yellow	train	Ribo_ND_094177	392	391	1	0	0	0
fullCP	Yellow	train	Ribo_ND_025169	421	420	1	0	0	0
fullCP	Yellow	train	Ribo_NC_033187	352	351	1	0	0	0
fullCP	Yellow	train	Ribo_ND_381553	472	471	1	0	0	0
fullCP	Yellow	train	Ribo_ND_024293	462	461	1	0	0	0
fullCP	Yellow	train	Ribo_ND_025491	474	473	1	0	0	0
fullCP	Yellow	train	Ribo_ND_155687	427	426	1	0	0	0
fullCP	Yellow	train	Ribo_ND_159768	442	441	1	0	0	0
fullCP	Yellow	train	Ribo_ND_166650	442	441	1	0	0	0
fullCP	Yellow	train	Ribo_ND_108364	427	426	1	0	0	0
fullCP	Yellow	train	Ribo_ND_162995	353	352	1	0	0	0
fullCP	Yellow	train	Ribo_ND_389147	383	382	1	0	0	0
fullCP	Yellow	train	Ribo_ND_282993	416	415	1	0	0	0
fullCP	Yellow	train	Ribo_ND_037751	545	544	1	0	0	0
fullCP	Yellow	train	Ribo_ND_165277	517	516	1	0	0	0
fullCP	Yellow	train	Ribo_ND_249718	397	396	1	0	0	0
fullCP	Yellow	train	Ribo_ND_019145	438	437	1	0	0	0
fullCP	Yellow	train	Ribo_ND_366110	378	377	1	0	0	0
fullCP	Yellow	train	Ribo_ND_182785	419	418	1	0	0	0
fullCP	Yellow	train	Ribo_ND_338439	338	337	1	0	0	0
fullCP	Yellow	train	Ribo_ND_233410	375	374	1	0	0	0
fullCP	Yellow	train	Ribo_ND_089888	386	385	1	0	0	0
fullCP	Yellow	train	Ribo_ND_120879	382	381	1	0	0	0
fullCP	Yellow	train	Ribo_ND_126269	516	515	1	0	0	0
fullCP	Yellow	train	Ribo_ND_025544	515	514	1	0	0	0
fullCP	Yellow	train	Ribo_ND_327198	362	361	1	0	0	0
fullCP	Yellow	train	Ribo_ND_025117	538	537	1	0	0	0
fullCP	Yellow	train	Ribo_ND_389814	380	379	1	0	0	0
fullCP	Yellow	train	Ribo_ND_061784	393	392	1	0	0	0
fullCP	Yellow	train	Ribo_ND_290258	427	426	1	0	0	0
fullCP	Yellow	train	Ribo_ND_237656	593	592	1	0	0	0
fullCP	Yellow	train	Ribo_ND_119547	430	429	1	0	0	0
fullCP	Yellow	train	Ribo_ND_015684	345	344	1	0	0	0
fullCP	Yellow	train	Ribo_ND_162284	411	410	1	0	0	0
fullCP	Yellow	train	Ribo_ND_190325	470	469	1	0	0	0
fullCP	Yellow	train	Ribo_ND_105005	449	448	1	0	0	0
fullCP	Yellow	train	Ribo_ND_386283	418	417	1	0	0	0
fullCP	Yellow	train	Ribo_ND_030196	372	371	1	0	0	0
fullCP	Yellow	train	Ribo_ND_117606	438	437	1	0	0	0
fullCP	Yellow	train	Ribo_ND_164984	444	443	1	0	0	0
fullCP	Yellow	train	Ribo_ND_029646	441	440	1	0	0	0
fullCP	Yellow	train	Ribo_ND_370409	360	359	1	0	0	0
fullCP	Yellow	train	Ribo_ND_122974	441	440	1	0	0	0
fullCP	Yellow	train	Ribo_ND_135121	411	410	1	0	0	0
fullCP	Yellow	train	Ribo_ND_166745	437	436	1	0	0	0
fullCP	Yellow	train	Ribo_ND_114912	382	381	1	0	0	0
fullCP	Yellow	train	Ribo_ND_249723	436	435	1	0	0	0
fullCP	Yellow	train	Ribo_ND_172616	378	377	1	0	0	0
fullCP	Yellow	train	Ribo_ND_017058	379	378	1	0	0	0
fullCP	Yellow	train	Ribo_ND_379831	545	544	1	0	0	0
fullCP	Yellow	train	Ribo_ND_388274	597	596	1	0	0	0
fullCP	Yellow	train	Ribo_ND_184896	459	458	1	0	0	0
fullCP	Yellow	train	Ribo_ND_327359	373	372	1	0	0	0
fullCP	Yellow	train	Ribo_ND_025456	518	517	1	0	0	0
fullCP	Yellow	train	Ribo_ND_203486	457	456	1	0	0	0
fullCP	Yellow	train	Ribo_ND_125556	318	317	1	0	0	0
fullCP	Yellow	train	Ribo_ND_138350	562	561	1	0	0	0
fullCP	Yellow	train	Ribo_ND_094357	339	338	1	0	0	0
fullCP	Yellow	train	Ribo_ND_135180	387	386	1	0	0	0
fullCP	Yellow	train	Ribo_ND_223996	431	430	1	0	0	0
fullCP	Yellow	train	Ribo_ND_108539	309	308	1	0	0	0
fullCP	Yellow	train	Ribo_ND_030247	452	451	1	0	0	0
fullCP	Yellow	train	Ribo_tomREF_NC_007733	352	351	1	0	0	0
fullCP	Yellow	train	Ribo_ND_025262	487	486	1	0	0	0
fullCP	Yellow	train	Ribo_ND_183764	490	489	1	0	0	0
fullCP	Yellow	train	Ribo_ND_187623	419	418	1	0	0	0
fullCP	Yellow	train	Ribo_ND_202743	485	484	1	0	0	0
fullCP	Yellow	train	Ribo_ND_166391	397	396	1	0	0	0
fullCP	Yellow	train	Ribo_ND_105690	455	454	1	0	0	0
fullCP	Yellow	train	Ribo_ND_391228	350	349	1	0	0	0
fullCP	Yellow	train	Ribo_ND_122391	469	468	1	0	0	0
fullCP	Yellow	train	Ribo_ND_102609	325	324	1	0	0	0
fullCP	Yellow	train	Ribo_ND_370444	479	478	1	0	0	0
fullCP	Yellow	train	Ribo_ND_180439	375	374	1	0	0	0
fullCP	Yellow	train	Ribo_ND_081609	478	477	1	0	0	0
fullCP	Yellow	train	Ribo_ND_025998	384	383	1	0	0	0
fullCP	Yellow	train	Ribo_ND_029528	351	350	1	0	0	0
fullCP	Yellow	test	Cruci_CruV-900	648	647	1	0	0	0
fullCP	Yellow	test	Cruci_CruV_516	643	642	1	0	0	0
fullCP	Yellow	test	Cruci_CruV_526	564	563	1	0	0	0
fullCP	Yellow	test	Cruci_CruV_417	524	523	1	0	0	0
fullCP	Yellow	test	Cruci_CruV_491	523	522	1	0	0	0
fullCP	Yellow	test	Cruci_CruV_338	493	492	1	0	0	0
fullCP	Yellow	test	Cruci_CruV_107	479	478	1	0	0	0
fullCP	Yellow	test	Cruci_CruV_101	478	477	1	0	0	0
fullCP	Yellow	test	Cruci_PB_KX388514	477	476	1	0	0	0
fullCP	Yellow	test	Cruci_CruV_103	472	471	1	0	0	0
fullCP	Yellow	test	Cruci_CruV_201	472	471	1	0	0	0
fullCP	Yellow	test	Cruci_CruV_228	470	469	1	0	0	0
fullCP	Yellow	test	Cruci_CruV_104	467	466	1	0	0	0
fullCP	Yellow	test	Cruci_CruV_105	467	466	1	0	0	0
fullCP	Yellow	test	Cruci_CruV_447	466	465	1	0	0	0
fullCP	Yellow	test	Cruci_CruV_263	465	464	1	0	0	0
fullCP	Yellow	test	Cruci_CruV_111	464	463	1	0	0	0
fullCP	Yellow	test	Cruci_CruV_269	464	463	1	0	0	0
fullCP	Yellow	test	Cruci_CruV_341	463	462	1	0	0	0
fullCP	Yellow	test	Cruci_CruV_89	461	460	1	0	0	0
fullCP	Yellow	test	Cruci_CruV_370	461	460	1	0	0	0
fullCP	Yellow	test	Cruci_CruV_83	460	459	1	0	0	0
fullCP	Yellow	test	Cruci_CruV_84	460	459	1	0	0	0
fullCP	Yellow	test	Cruci_CruV_123	460	459	1	0	0	0
fullCP	Yellow	test	Cruci_CruV_218	460	459	1	0	0	0
fullCP	Yellow	test	Cruci_CruV_226	460	459	1	0	0	0
fullCP	Yellow	test	Cruci_CruV_115	458	457	1	0	0	0
fullCP	Yellow	test	Cruci_CruV_126	458	457	1	0	0	0
fullCP	Yellow	test	Cruci_CruV_124	457	456	1	0	0	0
fullCP	Yellow	test	Cruci_CruV_255	457	456	1	0	0	0
fullCP	Yellow	test	Cruci_CruV_133	453	452	1	0	0	0
fullCP	Yellow	test	Cruci_CruV_238	453	452	1	0	0	0
fullCP	Yellow	test	Cruci_CruV_239	453	452	1	0	0	0
fullCP	Yellow	test	Cruci_CruV_442	453	452	1	0	0	0
fullCP	Yellow	test	Cruci_CruV_109	451	450	1	0	0	0
fullCP	Yellow	test	Cruci_Tisza_MH617718.1	451	450	1	0	0	0
fullCP	Yellow	test	Cruci_CruV_139	445	444	1	0	0	0
fullCP	Yellow	test	Cruci_CruV_208	444	443	1	0	0	0
fullCP	Yellow	test	Cruci_CruV_227	442	441	1	0	0	0
fullCP	Yellow	test	Cruci_CruV_438	435	434	1	0	0	0
fullCP	Yellow	test	Cruci_CruV_401	434	433	1	0	0	0
fullCP	Yellow	test	Cruci_CruV_164	432	431	1	0	0	0
fullCP	Yellow	test	Cruci_CruV_162	431	430	1	0	0	0
fullCP	Yellow	test	Cruci_CruV_328	431	430	1	0	0	0
fullCP	Yellow	test	Cruci_CruV_260	429	428	1	0	0	0
fullCP	Yellow	test	Cruci_Tisza_MH616915.1	425	424	1	0	0	0
fullCP	Yellow	test	Cruci_CruV_271	420	419	1	0	0	0
fullCP	Yellow	test	Cruci_CruV_374	420	419	1	0	0	0
fullCP	Yellow	test	Cruci_CruV_380	415	414	1	0	0	0
fullCP	Yellow	test	Cruci_Tisza_MK012445.1	411	410	1	0	0	0
fullCP	Yellow	test	Cruci_CruV_319	409	408	1	0	0	0
fullCP	Yellow	test	Cruci_CruV_320	409	408	1	0	0	0
fullCP	Yellow	test	Cruci_CruV_445	408	407	1	0	0	0
fullCP	Yellow	test	Cruci_CruV_166	401	400	1	0	0	0
fullCP	Yellow	test	Cruci_PB_KX388513	379	378	1	0	0	0
fullCP	Yellow	test	Cruci_PB_KX388515	376	375	1	0	0	0
fullCP	Yellow	test	Cruci_CruV_88	344	343	1	0	0	0
fullCP	Yellow	test	Cruci_CruV_204	319	318	1	0	0	0
fullCP	Yellow	test	Cruci_CruV_205	319	318	1	0	0	0
fullCP	Yellow	test	Ribo_ND_025188	433	432	1	0	0	0
fullCP	Yellow	test	Ribo_ND_025076	434	433	1	0	0	0
fullCP	Yellow	test	Ribo_ND_025210	426	425	1	0	0	0
fullCP	Yellow	test	Ribo_ND_025007	431	430	1	0	0	0
fullCP	Yellow	test	Ribo_ND_026010	411	410	1	0	0	0
fullCP	Yellow	test	Ribo_ND_025421	421	420	1	0	0	0
fullCP	Yellow	test	Ribo_ND_025106	415	414	1	0	0	0
fullCP	Yellow	test	Ribo_ND_025969	435	434	1	0	0	0
fullCP	Yellow	test	Ribo_ND_025989	441	440	1	0	0	0
fullCP	Yellow	test	Ribo_ND_025465	434	433	1	0	0	0
fullCP	Yellow	test	Ribo_ND_025139	430	429	1	0	0	0
fullCP	Yellow	test	Ribo_ND_026256	434	433	1	0	0	0
fullCP	Yellow	test	Ribo_ND_025631	436	435	1	0	0	0
fullCP	Yellow	test	Ribo_ND_025336	432	431	1	0	0	0
fullCP	Yellow	test	Ribo_ND_025329	426	425	1	0	0	0
fullCP	Yellow	test	Ribo_ND_026391	433	432	1	0	0	0
fullCP	Yellow	test	Ribo_ND_195592	415	414	1	0	0	0
fullCP	Yellow	test	Ribo_ND_025207	421	420	1	0	0	0
fullCP	Yellow	test	Ribo_ND_025399	435	434	1	0	0	0
fullCP	Yellow	test	Ribo_ND_025258	405	404	1	0	0	0
fullCP	Yellow	test	Ribo_ND_025088	429	428	1	0	0	0
fullCP	Yellow	test	Ribo_ND_025166	453	452	1	0	0	0
fullCP	Yellow	test	Ribo_ND_026140	423	422	1	0	0	0
fullCP	Yellow	test	Ribo_ND_025705	438	437	1	0	0	0
fullCP	Yellow	test	Ribo_ND_025263	419	418	1	0	0	0
fullCP	Yellow	test	Ribo_ND_025482	437	436	1	0	0	0
fullCP	Yellow	test	Ribo_ND_025116	426	425	1	0	0	0
fullCP	Yellow	test	Ribo_ND_025352	408	407	1	0	0	0
fullCP	Yellow	test	Ribo_ND_026239	422	421	1	0	0	0
fullCP	Yellow	test	Ribo_ND_025235	420	419	1	0	0	0
fullCP	Yellow	test	Ribo_ND_025671	444	443	1	0	0	0
fullCP	Yellow	test	Ribo_ND_026175	431	430	1	0	0	0
fullCP	Yellow	test	Ribo_ND_025357	413	412	1	0	0	0
fullCP	Yellow	test	Ribo_ND_025344	416	415	1	0	0	0
fullCP	Yellow	test	Ribo_ND_025531	408	407	1	0	0	0
fullCP	Yellow	test	Ribo_ND_025218	437	436	1	0	0	0
fullCP	Yellow	test	Ribo_ND_025414	445	444	1	0	0	0
fullCP	Yellow	test	Ribo_ND_025129	426	425	1	0	0	0
fullCP	Yellow	test	Ribo_ND_025597	453	452	1	0	0	0
fullCP	Yellow	test	Ribo_ND_025039	416	415	1	0	0	0
fullCP	Yellow	test	Ribo_ND_026110	427	426	1	0	0	0
fullCP	Yellow	test	Ribo_ND_025259	421	420	1	0	0	0
fullCP	Yellow	test	Ribo_ND_025513	433	432	1	0	0	0
fullCP	Yellow	test	Ribo_ND_025321	432	431	1	0	0	0
fullCP	Yellow	test	Ribo_ND_025316	426	425	1	0	0	0
fullCP	Yellow	test	Ribo_ND_025276	422	421	1	0	0	0
fullCP	Yellow	test	Ribo_ND_026074	436	435	1	0	0	0
fullCP	Yellow	test	Ribo_ND_025610	439	438	1	0	0	0
fullCP	Yellow	test	Ribo_ND_025130	434	433	1	0	0	0
fullCP	Yellow	test	Ribo_ND_025275	423	422	1	0	0	0
fullCP	Yellow	test	Ribo_ND_025389	422	421	1	0	0	0
fullCP	Yellow	test	Ribo_ND_025138	433	432	1	0	0	0
fullCP	Yellow	test	Ribo_ND_025079	426	425	1	0	0	0
fullCP	Yellow	test	Ribo_ND_025104	426	425	1	0	0	0
fullCP	Yellow	test	Ribo_ND_025182	403	402	1	0	0	0
fullCP	Yellow	test	Ribo_ND_025238	425	424	1	0	0	0
fullCP	Yellow	test	Ribo_ND_025196	430	429	1	0	0	0
fullCP	Yellow	test	Ribo_ND_025471	410	409	1	0	0	0
fullCP	Yellow	test	Ribo_ND_068189	429	428	1	0	0	0
fullCP	Yellow	test	Ribo_tombunoda_ScMacrV2	423	422	1	0	0	0
fullCP	Yellow	test	Ribo_ND_370449	413	412	1	0	0	0
fullCP	Yellow	test	Ribo_ND_104240	422	421	1	0	0	0
fullCP	Yellow	test	Ribo_ND_089420	425	424	1	0	0	0
fullCP	Yellow	test	Ribo_ND_062045	489	488	1	0	0	0
fullCP	Yellow	test	Ribo_ND_179935	457	456	1	0	0	0
fullCP	Yellow	test	Ribo_ND_363507	458	457	1	0	0	0
fullCP	Yellow	test	Ribo_ND_037792	410	409	1	0	0	0
fullCP	Yellow	test	Ribo_ND_053581	658	657	1	0	0	0
fullCP	Yellow	test	Ribo_ND_030336	407	406	1	0	0	0
fullCP	Yellow	test	Ribo_ND_089790	420	419	1	0	0	0
fullCP	Yellow	test	Ribo_JAAOEH010001260.1	518	517	1	0	0	0
fullCP	Yellow	test	Ribo_ND_048421	453	452	1	0	0	0
fullCP	Yellow	test	Ribo_ND_378685	421	420	1	0	0	0
fullCP	Yellow	test	Ribo_ND_025226	495	494	1	0	0	0
fullCP	Yellow	test	Ribo_JAAOEH010004953.1	429	428	1	0	0	0
fullCP	Yellow	test	Ribo_ND_178820	470	469	1	0	0	0
fullCP	Yellow	test	Ribo_ND_158134	441	440	1	0	0	0
fullCP	Yellow	test	Ribo_ND_276168	672	671	1	0	0	0
fullCP	Yellow	test	Ribo_ND_352102	447	446	1	0	0	0
fullCP	Yellow	test	Ribo_ND_179963	455	454	1	0	0	0
fullCP	Yellow	test	Ribo_ND_249715	430	429	1	0	0	0
fullCP	Yellow	test	Ribo_JAAOEH010002326.1	421	420	1	0	0	0
fullCP	Yellow	test	Ribo_ND_028501	315	314	1	0	0	0
fullCP	Yellow	test	Ribo_ND_192680	430	429	1	0	0	0
fullCP	Yellow	test	Ribo_ND_146063	424	423	1	0	0	0
fullCP	Yellow	test	Ribo_ND_365502	412	411	1	0	0	0
fullCP	Yellow	test	Ribo_ND_156799	418	417	1	0	0	0
fullCP	Yellow	test	Ribo_ND_180550	491	490	1	0	0	0
fullCP	Yellow	test	Ribo_ND_113307	449	448	1	0	0	0
fullCP	Yellow	test	Ribo_ND_220764	429	428	1	0	0	0
fullCP	Yellow	test	Ribo_ND_083791	419	418	1	0	0	0
fullCP	Yellow	test	Ribo_ND_131961	422	421	1	0	0	0
fullCP	Yellow	test	Ribo_ND_133651	422	421	1	0	0	0
fullCP	Yellow	test	Ribo_ND_059860	403	402	1	0	0	0
fullCP	Yellow	test	Ribo_ND_050484	439	438	1	0	0	0
fullCP	Yellow	test	Ribo_ND_249711	426	425	1	0	0	0
fullCP	Yellow	test	Ribo_ND_279722	422	421	1	0	0	0
fullCP	Yellow	test	Ribo_ND_188767	444	443	1	0	0	0
fullCP	Yellow	test	Ribo_ND_251248	413	412	1	0	0	0
fullCP	Yellow	test	Ribo_ND_028704	413	412	1	0	0	0
fullCP	Yellow	test	Ribo_ND_330301	431	430	1	0	0	0
fullCP	Yellow	test	Ribo_ND_190377	439	438	1	0	0	0
fullCP	Yellow	test	Ribo_ND_055001	506	505	1	0	0	0
fullCP	Yellow	test	Ribo_ND_189516	424	423	1	0	0	0
fullCP	Yellow	test	Ribo_ND_052487	451	450	1	0	0	0
fullCP	Yellow	test	Ribo_ND_030231	407	406	1	0	0	0
fullCP	Yellow	test	Ribo_ND_288149	340	339	1	0	0	0
fullCP	Yellow	test	Ribo_ND_329968	427	426	1	0	0	0
fullCP	Yellow	test	Ribo_ND_159193	441	440	1	0	0	0
fullCP	Yellow	test	Ribo_ND_263188	444	443	1	0	0	0
fullCP	Yellow	test	Ribo_JAAOEH010003587.1	429	428	1	0	0	0
fullCP	Yellow	test	Ribo_ND_176110	432	431	1	0	0	0
fullCP	Yellow	test	Ribo_ND_168812	427	426	1	0	0	0
fullCP	Yellow	test	Ribo_ND_166707	445	444	1	0	0	0
fullCP	Yellow	test	Ribo_ND_202071	440	439	1	0	0	0
fullCP	Yellow	test	Ribo_ND_090497	455	454	1	0	0	0
fullCP	Yellow	test	Ribo_ND_060760	406	405	1	0	0	0
fullCP	Yellow	test	Ribo_JAAOEH010002410.1	495	494	1	0	0	0
fullCP	Yellow	test	Ribo_ND_162128	418	417	1	0	0	0
fullCP	Yellow	test	Ribo_ND_091396	420	419	1	0	0	0
fullCP	Yellow	test	Ribo_ND_060927	437	436	1	0	0	0
fullCP	Yellow	test	Ribo_ND_144217	451	450	1	0	0	0
fullCP	Yellow	test	Ribo_ND_163299	499	498	1	0	0	0
fullCP	Yellow	test	Ribo_ND_097300	417	416	1	0	0	0
fullCP	Yellow	test	Ribo_ND_166714	426	425	1	0	0	0
fullCP	Yellow	test	Ribo_ND_109034	528	527	1	0	0	0
fullCP	Yellow	test	Ribo_ND_085033	419	418	1	0	0	0
fullCP	Yellow	test	Ribo_ND_391725	439	438	1	0	0	0
fullCP	Yellow	test	Ribo_JAAOEH010002346.1	425	424	1	0	0	0
fullCP	Yellow	test	Ribo_NC_032782	598	597	1	0	0	0
fullCP	Yellow	test	Ribo_ND_365818	434	433	1	0	0	0
fullCP	Yellow	test	Ribo_ND_042393	430	429	1	0	0	0
fullCP	Yellow	test	Ribo_ND_111053	497	496	1	0	0	0
fullCP	Yellow	test	Ribo_ND_107675	511	510	1	0	0	0
fullCP	Yellow	test	Ribo_ND_030209	421	420	1	0	0	0
fullCP	Yellow	test	Ribo_ND_249734	425	424	1	0	0	0
fullCP	Yellow	test	Ribo_ND_335728	489	488	1	0	0	0
fullCP	Yellow	test	Ribo_ND_028931	411	410	1	0	0	0
fullCP	Yellow	test	Ribo_ND_155771	439	438	1	0	0	0
fullCP	Yellow	test	Ribo_ND_114170	479	478	1	0	0	0
fullCP	Yellow	test	Ribo_ND_054817	428	427	1	0	0	0
fullCP	Yellow	test	Ribo_ND_370447	414	413	1	0	0	0
fullCP	Yellow	test	Ribo_ND_234623	471	470	1	0	0	0
fullCP	Yellow	test	Ribo_ND_130208	435	434	1	0	0	0
fullCP	Yellow	test	Ribo_JAAOEH010002449.1	577	576	1	0	0	0
fullCP	Yellow	test	Ribo_ND_019228	421	420	1	0	0	0
fullCP	Yellow	test	Ribo_ND_187985	471	470	1	0	0	0
fullCP	Yellow	test	Ribo_ND_114735	502	501	1	0	0	0
fullCP	Yellow	test	Ribo_ND_381661	511	510	1	0	0	0
fullCP	Yellow	test	Ribo_ND_099971	423	422	1	0	0	0
fullCP	Yellow	test	Ribo_ND_292549	420	419	1	0	0	0
fullCP	Yellow	test	Ribo_ND_253618	425	424	1	0	0	0
fullCP	Yellow	test	Ribo_ND_030153	432	431	1	0	0	0
fullCP	Yellow	test	Ribo_ND_148054	429	428	1	0	0	0
fullCP	Yellow	test	Ribo_ND_126471	552	551	1	0	0	0
fullCP	Yellow	test	Ribo_ND_130202	456	455	1	0	0	0
fullCP	Yellow	test	Ribo_ND_251197	422	421	1	0	0	0
fullCP	Yellow	test	Ribo_ND_126022	574	573	1	0	0	0
fullCP	Yellow	test	Ribo_ND_084065	437	436	1	0	0	0
fullCP	Yellow	test	Ribo_ND_030302	415	414	1	0	0	0
fullCP	Yellow	test	Ribo_ND_046929	423	422	1	0	0	0
fullCP	Yellow	test	Ribo_ND_029688	452	451	1	0	0	0
fullCP	Yellow	test	Ribo_ND_391466	463	462	1	0	0	0
fullCP	Yellow	test	Ribo_ND_162910	531	530	1	0	0	0
fullCP	Yellow	test	Ribo_JAAOEH010001942.1	564	563	1	0	0	0
fullCP	Yellow	test	Ribo_ND_163272	410	409	1	0	0	0
fullCP	Yellow	test	Ribo_ND_037412	599	598	1	0	0	0
fullCP	Yellow	test	Ribo_ND_114875	456	455	1	0	0	0
fullCP	Yellow	test	Ribo_ND_029080	392	391	1	0	0	0
fullCP	Yellow	test	Ribo_ND_299879	492	491	1	0	0	0
fullCP	Yellow	test	Ribo_ND_180487	438	437	1	0	0	0
fullCP	Yellow	test	Ribo_ND_046317	608	607	1	0	0	0
fullCP	Yellow	test	Ribo_ND_246785	464	463	1	0	0	0
fullCP	Yellow	test	Ribo_JAAOEH010002610.1	415	414	1	0	0	0
fullCP	Yellow	test	Ribo_ND_106166	434	433	1	0	0	0
fullCP	Yellow	test	Ribo_ND_106677	415	414	1	0	0	0
fullCP	Yellow	test	Ribo_ND_195610	419	418	1	0	0	0
fullCP	Yellow	test	Ribo_ND_228726	464	463	1	0	0	0
fullCP	Yellow	test	Ribo_ND_028680	446	445	1	0	0	0
fullCP	Yellow	test	Ribo_ND_096464	445	444	1	0	0	0
fullCP	Yellow	test	Ribo_ND_066931	501	500	1	0	0	0
fullCP	Yellow	test	Ribo_ND_043246	434	433	1	0	0	0
fullCP	Yellow	test	Ribo_ND_099728	431	430	1	0	0	0
fullCP	Yellow	test	Ribo_ND_030312	412	411	1	0	0	0
fullCP	Yellow	test	Ribo_ND_078080	460	459	1	0	0	0
fullCP	Yellow	test	Ribo_ND_107474	426	425	1	0	0	0
fullCP	Yellow	test	Ribo_ND_097599	425	424	1	0	0	0
fullCP	Yellow	test	Ribo_ND_232461	430	429	1	0	0	0
fullCP	Yellow	test	Ribo_ND_042915	423	422	1	0	0	0
fullCP	Yellow	test	Ribo_ND_095900	471	470	1	0	0	0
fullCP	Yellow	test	Ribo_ND_176115	521	520	1	0	0	0
fullCP	Yellow	test	Ribo_ND_050578	425	424	1	0	0	0
fullCP	Yellow	test	Ribo_ND_034853	426	425	1	0	0	0
fullCP	Yellow	test	Ribo_ND_365983	429	428	1	0	0	0
fullCP	Yellow	test	Ribo_ND_069154	488	487	1	0	0	0
fullCP	Yellow	test	Ribo_ND_391165	460	459	1	0	0	0
fullCP	Yellow	test	Ribo_ND_170543	418	417	1	0	0	0
fullCP	Yellow	test	Ribo_ND_044597	435	434	1	0	0	0
fullCP	Yellow	test	Ribo_ND_036494	410	409	1	0	0	0
fullCP	Yellow	test	Ribo_ND_172983	417	416	1	0	0	0
fullCP	Yellow	test	Ribo_ND_249709	420	419	1	0	0	0
fullCP	Yellow	test	Ribo_ND_028069	412	411	1	0	0	0
fullCP	Yellow	test	Ribo_ND_232455	442	441	1	0	0	0
fullCP	Yellow	test	Ribo_ND_046761	423	422	1	0	0	0
fullCP	Yellow	test	Ribo_ND_051536	423	422	1	0	0	0
fullCP	Yellow	test	Ribo_ND_362746	421	420	1	0	0	0
fullCP	Yellow	test	Ribo_ND_090573	449	448	1	0	0	0
fullCP	Yellow	test	Ribo_ND_028768	419	418	1	0	0	0
fullCP	Yellow	test	Ribo_ND_025122	393	392	1	0	0	0
fullCP	Yellow	test	Ribo_ND_025437	422	421	1	0	0	0
fullCP	Yellow	test	Ribo_ND_028328	416	415	1	0	0	0
fullCP	Yellow	test	Ribo_ND_301567	420	419	1	0	0	0
fullCP	Yellow	test	Ribo_ND_044336	392	391	1	0	0	0
fullCP	Yellow	test	Ribo_ND_059632	513	512	1	0	0	0
fullCP	Yellow	test	Ribo_ND_249722	417	416	1	0	0	0
fullCP	Yellow	test	Ribo_ND_047182	429	428	1	0	0	0
fullCP	Yellow	test	Ribo_ND_094808	488	487	1	0	0	0
fullCP	Yellow	test	Ribo_ND_302664	434	433	1	0	0	0
fullCP	Yellow	test	Ribo_ND_239879	633	632	1	0	0	0
fullCP	Yellow	test	Ribo_ND_100110	490	489	1	0	0	0
fullCP	Yellow	test	Ribo_ND_162119	418	417	1	0	0	0
fullCP	Yellow	test	Ribo_ND_284211	429	428	1	0	0	0
fullCP	Yellow	test	Ribo_ND_100007	439	438	1	0	0	0
fullCP	Yellow	test	Ribo_ND_343304	424	423	1	0	0	0
fullCP	Yellow	test	Ribo_ND_282773	424	423	1	0	0	0
fullCP	Yellow	test	Ribo_ND_126855	446	445	1	0	0	0
fullCP	Yellow	test	Ribo_ND_249643	523	522	1	0	0	0
fullCP	Yellow	test	Ribo_JAAOEH010004401.1	428	427	1	0	0	0
fullCP	Yellow	test	Ribo_ND_249717	425	424	1	0	0	0
fullCP	Yellow	test	Ribo_ND_161999	554	553	1	0	0	0
fullCP	Yellow	test	Ribo_ND_109190	413	412	1	0	0	0
fullCP	Yellow	test	Ribo_ND_028071	413	412	1	0	0	0
fullCP	Yellow	test	Ribo_ND_038050	435	434	1	0	0	0
fullCP	Yellow	test	Ribo_JAAOEH010005851.1	424	423	1	0	0	0
fullCP	Yellow	test	Ribo_ND_030167	440	439	1	0	0	0
fullCP	Yellow	test	Ribo_ND_335472	428	427	1	0	0	0
fullCP	Yellow	test	Ribo_ND_389708	451	450	1	0	0	0
fullCP	Yellow	test	Ribo_ND_044149	422	421	1	0	0	0
fullCP	Yellow	test	Ribo_ND_370430	420	419	1	0	0	0
fullCP	Yellow	test	Ribo_ND_299887	455	454	1	0	0	0
fullCP	Yellow	test	Ribo_ND_046858	497	496	1	0	0	0
fullCP	Yellow	test	Ribo_ND_156561	454	453	1	0	0	0
fullCP	Yellow	test	Ribo_ND_203176	486	485	1	0	0	0
fullCP	Yellow	test	Ribo_ND_030257	419	418	1	0	0	0
fullCP	Yellow	test	Ribo_ND_204147	443	442	1	0	0	0
fullCP	Yellow	test	Ribo_ND_249740	416	415	1	0	0	0
fullCP	Yellow	test	Ribo_ND_304663	417	416	1	0	0	0
fullCP	Yellow	test	Ribo_ND_158705	448	447	1	0	0	0
fullCP	Yellow	test	Ribo_ND_044240	437	436	1	0	0	0
fullCP	Yellow	test	Ribo_ND_381174	425	424	1	0	0	0
fullCP	Yellow	test	Ribo_ND_175738	514	513	1	0	0	0
fullCP	Yellow	test	Ribo_ND_162268	436	435	1	0	0	0
fullCP	Yellow	test	Ribo_ND_108514	585	584	1	0	0	0
fullCP	Yellow	test	Ribo_ND_133060	432	431	1	0	0	0
fullCP	Yellow	test	Ribo_ND_025095	454	453	1	0	0	0
fullCP	Yellow	test	Ribo_ND_282731	424	423	1	0	0	0
fullCP	Yellow	test	Ribo_ND_103002	528	527	1	0	0	0
fullCP	Yellow	test	Ribo_JAAOEH010001208.1	381	380	1	0	0	0
fullCP	Yellow	test	Ribo_ND_099810	440	439	1	0	0	0
fullCP	Yellow	test	Ribo_ND_347450	432	431	1	0	0	0
fullCP	Yellow	test	Ribo_ND_198694	445	444	1	0	0	0
fullCP	Yellow	test	Ribo_ND_082839	431	430	1	0	0	0
fullCP	Yellow	test	Ribo_ND_289124	455	454	1	0	0	0
fullCP	Yellow	test	Ribo_ND_284825	474	473	1	0	0	0
fullCP	Yellow	test	Ribo_ND_210241	446	445	1	0	0	0
fullCP	Yellow	test	Ribo_ND_301024	419	418	1	0	0	0
fullCP	Yellow	test	Ribo_ND_363905	417	416	1	0	0	0
fullCP	Yellow	test	Ribo_Ga0127505_1039318	543	542	1	0	0	0
fullCP	Yellow	test	Ribo_ND_025679	490	489	1	0	0	0
fullCP	Yellow	test	Ribo_ND_067383	465	464	1	0	0	0
fullCP	Yellow	test	Ribo_ND_251250	438	437	1	0	0	0
fullCP	Yellow	test	Ribo_ND_292467	420	419	1	0	0	0
fullCP	Yellow	test	Ribo_ND_164848	445	444	1	0	0	0
fullCP	Yellow	test	Ribo_ND_048457	424	423	1	0	0	0
fullCP	Yellow	test	Ribo_ND_147067	433	432	1	0	0	0
fullCP	Yellow	test	Ribo_ND_180510	423	422	1	0	0	0
fullCP	Yellow	test	Ribo_ND_366175	440	439	1	0	0	0
fullCP	Yellow	test	Ribo_ND_166803	423	422	1	0	0	0
fullCP	Yellow	test	Ribo_ND_293220	454	453	1	0	0	0
fullCP	Yellow	test	Ribo_ND_037368	425	424	1	0	0	0
fullCP	Yellow	test	Ribo_ND_370416	442	441	1	0	0	0
fullCP	Yellow	test	Ribo_ND_236943	502	501	1	0	0	0
fullCP	Yellow	test	Ribo_tombunoda_KF510030	451	450	1	0	0	0
fullCP	Yellow	test	Ribo_ND_037080	462	461	1	0	0	0
fullCP	Yellow	test	Ribo_ND_028817	432	431	1	0	0	0
fullCP	Yellow	test	Ribo_ND_071273	461	460	1	0	0	0
fullCP	Yellow	test	Ribo_ND_365513	431	430	1	0	0	0
fullCP	Yellow	test	Ribo_ND_170524	623	622	1	0	0	0
fullCP	Yellow	test	Ribo_JAAOEH010001771.1	443	442	1	0	0	0
fullCP	Yellow	test	Ribo_ND_327873	432	431	1	0	0	0
fullCP	Yellow	test	Ribo_ND_177413	430	429	1	0	0	0
fullCP	Yellow	test	Ribo_ND_030242	406	405	1	0	0	0
fullCP	Yellow	test	Ribo_ND_249699	422	421	1	0	0	0
fullCP	Yellow	test	Ribo_ND_030228	430	429	1	0	0	0
fullCP	Yellow	test	Ribo_ND_138880	426	425	1	0	0	0
fullCP	Yellow	test	Ribo_ND_249488	560	559	1	0	0	0
fullCP	Yellow	test	Ribo_ND_237007	494	493	1	0	0	0
fullCP	Yellow	test	Ribo_ND_340116	420	419	1	0	0	0
fullCP	Yellow	test	Ribo_ND_313196	510	509	1	0	0	0
fullCP	Yellow	test	Ribo_ND_304381	484	483	1	0	0	0
fullCP	Yellow	test	Ribo_ND_114758	521	520	1	0	0	0
fullCP	Yellow	test	Ribo_ND_060734	441	440	1	0	0	0
fullCP	Yellow	test	Ribo_ND_059851	501	500	1	0	0	0
fullCP	Yellow	test	Ribo_ND_032229	429	428	1	0	0	0
fullCP	Yellow	test	Ribo_ND_064469	518	517	1	0	0	0
fullCP	Yellow	test	Ribo_ND_142318	587	586	1	0	0	0
fullCP	Yellow	test	Ribo_ND_198441	417	416	1	0	0	0
fullCP	Yellow	test	Ribo_ND_182537	430	429	1	0	0	0
fullCP	Yellow	test	Ribo_ND_105163	447	446	1	0	0	0
fullCP	Yellow	test	Ribo_ND_308260	427	426	1	0	0	0
fullCP	Yellow	test	Ribo_ND_081696	433	432	1	0	0	0
fullCP	Yellow	test	Ribo_ND_028949	415	414	1	0	0	0
fullCP	Yellow	test	Ribo_JAAOEH010001460.1	379	378	1	0	0	0
fullCP	Yellow	test	Ribo_ND_028067	408	407	1	0	0	0
fullCP	Yellow	test	Ribo_ND_356789	410	409	1	0	0	0
fullCP	Yellow	test	Ribo_JAAOEH010004812.1	474	473	1	0	0	0
fullCP	Yellow	test	Ribo_ND_060762	430	429	1	0	0	0
fullCP	Yellow	test	Ribo_ND_106626	435	434	1	0	0	0
fullCP	Yellow	test	Ribo_ND_025846	417	416	1	0	0	0
fullCP	Yellow	test	Ribo_ND_329481	426	425	1	0	0	0
fullCP	Yellow	test	Ribo_ND_112280	450	449	1	0	0	0
fullCP	Yellow	test	Ribo_ND_363503	438	437	1	0	0	0
fullCP	Yellow	test	Ribo_JAAOEH010003866.1	522	521	1	0	0	0
fullCP	Yellow	test	Ribo_ND_029515	438	437	1	0	0	0
fullCP	Yellow	test	Ribo_ND_166807	432	431	1	0	0	0
fullCP	Yellow	test	Ribo_NC_033111	480	479	1	0	0	0
fullCP	Yellow	test	Ribo_ND_358880	424	423	1	0	0	0
fullCP	Yellow	test	Ribo_ND_254815	424	423	1	0	0	0
fullCP	Yellow	test	Ribo_ND_176763	374	373	1	0	0	0
fullCP	Yellow	test	Ribo_ND_044399	421	420	1	0	0	0
fullCP	Yellow	test	Ribo_ND_097035	448	447	1	0	0	0
fullCP	Yellow	test	Ribo_ND_239549	415	414	1	0	0	0
fullCP	Yellow	test	Ribo_ND_028066	422	421	1	0	0	0
fullCP	Yellow	test	Ribo_ND_100104	417	416	1	0	0	0
fullCP	Yellow	test	Ribo_ND_092447	554	553	1	0	0	0
fullCP	Yellow	test	Ribo_ND_363531	506	505	1	0	0	0
fullCP	Yellow	test	Ribo_ND_059615	513	512	1	0	0	0
fullCP	Yellow	test	Ribo_ND_349259	421	420	1	0	0	0
fullCP	Yellow	test	Ribo_ND_249650	414	413	1	0	0	0
fullCP	Yellow	test	Ribo_ND_029661	427	426	1	0	0	0
fullCP	Yellow	test	Ribo_ND_041696	424	423	1	0	0	0
fullCP	Yellow	test	Ribo_ND_251221	427	426	1	0	0	0
fullCP	Yellow	test	Ribo_ND_025722	384	383	1	0	0	0
fullCP	Yellow	test	Ribo_ND_251198	437	436	1	0	0	0
fullCP	Yellow	test	Ribo_ND_291673	419	418	1	0	0	0
fullCP	Yellow	test	Ribo_ND_166450	440	439	1	0	0	0
fullCP	Yellow	test	Ribo_ND_152451	608	607	1	0	0	0
fullCP	Yellow	test	Ribo_ND_365844	432	431	1	0	0	0
fullCP	Yellow	test	Ribo_ND_048572	415	414	1	0	0	0
fullCP	Yellow	test	Ribo_ND_071032	449	448	1	0	0	0
fullCP	Yellow	test	Ribo_ND_131731	452	451	1	0	0	0
fullCP	Yellow	test	Ribo_ND_096072	442	441	1	0	0	0
fullCP	Yellow	test	Ribo_ND_391022	423	422	1	0	0	0
fullCP	Yellow	test	Ribo_ND_166800	402	401	1	0	0	0
fullCP	Yellow	test	Ribo_ND_029438	435	434	1	0	0	0
fullCP	Yellow	test	Ribo_ND_359430	417	416	1	0	0	0
fullCP	Yellow	test	Ribo_ND_194362	425	424	1	0	0	0
fullCP	Yellow	test	Ribo_ND_203487	498	497	1	0	0	0
fullCP	Yellow	test	Ribo_ND_166753	451	450	1	0	0	0
fullCP	Yellow	test	Ribo_ND_176106	448	447	1	0	0	0
fullCP	Yellow	test	Ribo_ND_347447	426	425	1	0	0	0
fullCP	Yellow	test	Ribo_ND_029681	431	430	1	0	0	0
fullCP	Yellow	test	Ribo_ND_379594	419	418	1	0	0	0
fullCP	Yellow	test	Ribo_ND_321947	538	537	1	0	0	0
fullCP	Yellow	test	Ribo_ND_061627	415	414	1	0	0	0
fullCP	Yellow	test	Ribo_ND_388279	430	429	1	0	0	0
fullCP	Yellow	test	Ribo_ND_026199	422	421	1	0	0	0
fullCP	Yellow	test	Ribo_ND_046952	426	425	1	0	0	0
fullCP	Yellow	test	Ribo_ND_248264	418	417	1	0	0	0
fullCP	Yellow	test	Ribo_ND_046666	426	425	1	0	0	0
fullCP	Yellow	test	Ribo_ND_281099	583	582	1	0	0	0
fullCP	Yellow	test	Ribo_ND_029138	417	416	1	0	0	0
fullCP	Yellow	test	Ribo_ND_107245	381	380	1	0	0	0
fullCP	Yellow	test	Ribo_ND_163072	411	410	1	0	0	0
fullCP	Yellow	test	Ribo_ND_114665	431	430	1	0	0	0
fullCP	Yellow	test	Ribo_ND_028884	407	406	1	0	0	0
fullCP	Yellow	test	Ribo_ND_361344	484	483	1	0	0	0
fullCP	Yellow	test	Ribo_ND_348190	423	422	1	0	0	0
fullCP	Yellow	test	Ribo_ND_030655	452	451	1	0	0	0
fullCP	Yellow	test	Ribo_ND_379306	424	423	1	0	0	0
fullCP	Yellow	test	Ribo_ND_251266	409	408	1	0	0	0
fullCP	Yellow	test	Ribo_ND_147059	407	406	1	0	0	0
fullCP	Yellow	test	Ribo_ND_113984	429	428	1	0	0	0
fullCP	Yellow	test	Ribo_ND_166644	431	430	1	0	0	0
fullCP	Yellow	test	Ribo_ND_043449	421	420	1	0	0	0
fullCP	Yellow	test	Ribo_ND_152263	457	456	1	0	0	0
fullCP	Yellow	test	Ribo_ND_366332	459	458	1	0	0	0
fullCP	Yellow	test	Ribo_ND_067689	434	433	1	0	0	0
fullCP	Yellow	test	Ribo_ND_162000	451	450	1	0	0	0
fullCP	Yellow	test	Ribo_ND_090578	422	421	1	0	0	0
fullCP	Yellow	test	Ribo_ND_274455	430	429	1	0	0	0
fullCP	Yellow	test	Ribo_ND_025249	420	419	1	0	0	0
fullCP	Yellow	test	Ribo_ND_149118	319	318	1	0	0	0
fullCP	Yellow	test	Ribo_ND_028774	411	410	1	0	0	0
fullCP	Yellow	test	Ribo_ND_101960	429	428	1	0	0	0
fullCP	Yellow	test	Ribo_ND_224267	439	438	1	0	0	0
fullCP	Yellow	test	Ribo_JAAOEH010003334.1	441	440	1	0	0	0
fullCP	Yellow	test	Ribo_ND_029406	426	425	1	0	0	0
fullCP	Yellow	test	Ribo_JAAOEH010001272.1	519	518	1	0	0	0
fullCP	Yellow	test	Ribo_Ga0187796_1206930	450	449	1	0	0	0
fullCP	Yellow	test	Ribo_ND_092889	450	449	1	0	0	0
fullCP	Yellow	test	Ribo_ND_137595	414	413	1	0	0	0
fullCP	Yellow	test	Ribo_ND_163344	415	414	1	0	0	0
fullCP	Yellow	test	Ribo_JAAOEH010001830.1	431	430	1	0	0	0
fullCP	Yellow	test	Ribo_ND_145825	417	416	1	0	0	0
fullCP	Yellow	test	Ribo_ND_251546	458	457	1	0	0	0
fullCP	Yellow	test	Ribo_ND_221761	481	480	1	0	0	0
fullCP	Yellow	test	Ribo_JAAOEH010004707.1	424	423	1	0	0	0
fullCP	Yellow	test	Ribo_tombunoda_PlhalsV2	376	375	1	0	0	0
fullCP	Yellow	test	Ribo_ND_172936	455	454	1	0	0	0
fullCP	Yellow	test	Ribo_ND_117610	431	430	1	0	0	0
fullCP	Yellow	test	Ribo_ND_066339	528	527	1	0	0	0
fullCP	Yellow	test	Ribo_ND_054075	453	452	1	0	0	0
fullCP	Yellow	test	Ribo_ND_025168	439	438	1	0	0	0
fullCP	Yellow	test	Ribo_ND_044728	529	528	1	0	0	0
fullCP	Yellow	test	Ribo_ND_085676	652	651	1	0	0	0
fullCP	Yellow	test	Ribo_ND_104666	443	442	1	0	0	0
fullCP	Yellow	test	Ribo_ND_166810	425	424	1	0	0	0
fullCP	Yellow	test	Ribo_ND_030149	420	419	1	0	0	0
fullCP	Yellow	test	Ribo_ND_073926	427	426	1	0	0	0
fullCP	Yellow	test	Ribo_ND_028878	420	419	1	0	0	0
fullCP	Yellow	test	Ribo_ND_161323	427	426	1	0	0	0
fullCP	Yellow	test	Ribo_ND_094068	422	421	1	0	0	0
fullCP	Yellow	test	Ribo_ND_102429	380	379	1	0	0	0
fullCP	Yellow	test	Ribo_ND_365497	435	434	1	0	0	0
fullCP	Yellow	test	Ribo_ND_185405	526	525	1	0	0	0
fullCP	Yellow	test	Ribo_ND_187628	463	462	1	0	0	0
fullCP	Yellow	test	Ribo_ND_155710	430	429	1	0	0	0
fullCP	Yellow	test	Ribo_ND_358063	448	447	1	0	0	0
fullCP	Yellow	test	Ribo_ND_030540	427	426	1	0	0	0
fullCP	Yellow	test	Ribo_JAAOEH010001932.1	475	474	1	0	0	0
fullCP	Yellow	test	Ribo_ND_066079	475	474	1	0	0	0
fullCP	Yellow	test	Ribo_ND_121570	437	436	1	0	0	0
fullCP	Yellow	test	Ribo_ND_106338	510	509	1	0	0	0
fullCP	Yellow	test	Ribo_ND_042233	415	414	1	0	0	0
fullCP	Yellow	test	Ribo_ND_209718	457	456	1	0	0	0
fullCP	Yellow	test	Ribo_ND_181386	551	550	1	0	0	0
fullCP	Yellow	test	Ribo_ND_281671	457	456	1	0	0	0
fullCP	Yellow	test	Ribo_ND_187973	417	416	1	0	0	0
fullCP	Yellow	test	Ribo_ND_107592	434	433	1	0	0	0
fullCP	Yellow	test	Ribo_JAAOEH010004908.1	432	431	1	0	0	0
fullCP	Yellow	test	Ribo_ND_115393	433	432	1	0	0	0
fullCP	Yellow	test	Ribo_ND_161363	524	523	1	0	0	0
fullCP	Yellow	test	Ribo_ND_309034	416	415	1	0	0	0
fullCP	Yellow	test	Ribo_ND_030162	429	428	1	0	0	0
fullCP	Yellow	test	Ribo_ND_141117	451	450	1	0	0	0
fullCP	Yellow	test	Ribo_ND_249710	427	426	1	0	0	0
fullCP	Yellow	test	Ribo_ND_159691	465	464	1	0	0	0
fullCP	Yellow	test	Ribo_ND_029504	409	408	1	0	0	0
fullCP	Yellow	test	Ribo_MT138147_clostero-likeRdRp_translation	419	418	1	0	0	0
fullCP	Yellow	test	Ribo_ND_107694	428	427	1	0	0	0
fullCP	Yellow	test	Ribo_ND_251219	433	432	1	0	0	0
fullCP	Yellow	test	Ribo_ND_299981	427	426	1	0	0	0
fullCP	Yellow	test	Ribo_ND_069102	420	419	1	0	0	0
fullCP	Yellow	test	Ribo_ND_046841	419	418	1	0	0	0
fullCP	Yellow	test	Ribo_ND_385092	590	589	1	0	0	0
fullCP	Yellow	test	Ribo_ND_386710	422	421	1	0	0	0
fullCP	Yellow	test	Ribo_ND_025035	481	480	1	0	0	0
fullCP	Yellow	test	Ribo_ND_363032	421	420	1	0	0	0
fullCP	Yellow	test	Ribo_ND_270988	405	404	1	0	0	0
fullCP	Yellow	test	Ribo_ND_304209	448	447	1	0	0	0
fullCP	Yellow	test	Ribo_ND_162049	448	447	1	0	0	0
fullCP	Yellow	test	Ribo_ND_067073	433	432	1	0	0	0
fullCP	Yellow	test	Ribo_ND_030491	437	436	1	0	0	0
fullCP	Yellow	test	Ribo_ND_114564	436	435	1	0	0	0
fullCP	Yellow	test	Ribo_ND_344454	433	432	1	0	0	0
fullCP	Yellow	test	Ribo_ND_082950	426	425	1	0	0	0
fullCP	Yellow	test	Ribo_JAAOEH010004042.1	432	431	1	0	0	0
fullCP	Yellow	test	Ribo_ND_099921	417	416	1	0	0	0
