{"epoch": 10, "train_loss": 0.2815218250182542, "val_acc": 0.8805460750853242, "val_precision": 0.94, "val_recall": 0.5949367088607594, "val_f1": 0.7286821705426355, "val_auroc": 0.9458180527623329, "_timestamp": 1748585463.409228, "_runtime": 131.93134713172913, "_step": 10, "test_acc": 0.7689463955637708, "test_precision": 0.9612903225806452, "test_recall": 0.5559701492537313, "test_f1": 0.7044917257683215, "test_auroc": 0.9304507681373353, "_wandb": {"runtime": 131}}