domain,fold,id,label,score,prediction,correct,prediction_0_5,correct_0_5,prediction_selected_threshold,correct_selected_threshold,source_eval_results
Rdomain,Green,Cruci_CruV_406,1,0.8286618,1,True,1,True,1,True,/workspace/cruci-classifier/results/grid_esm35m_corrected_20260614/Rdomain/Green/eval/test_eval_results.csv
Rdomain,Green,Cruci_CruV_407,1,0.8286618,1,True,1,True,1,True,/workspace/cruci-classifier/results/grid_esm35m_corrected_20260614/Rdomain/Green/eval/test_eval_results.csv
Rdomain,Green,Ribo_ND_030364,0,0.13079025,0,True,0,True,0,True,/workspace/cruci-classifier/results/grid_esm35m_corrected_20260614/Rdomain/Green/eval/test_eval_results.csv
Rdomain,Green,Cruci_CruV-781,1,0.9355477,1,True,1,True,1,True,/workspace/cruci-classifier/results/grid_esm35m_corrected_20260614/Rdomain/Green/eval/test_eval_results.csv
Rdomain,Green,Cruci_CruCGE-944,1,0.8948557,1,True,1,True,1,True,/workspace/cruci-classifier/results/grid_esm35m_corrected_20260614/Rdomain/Green/eval/test_eval_results.csv
Rdomain,Green,Ribo_ND_108358,0,0.33253485,0,True,0,True,0,True,/workspace/cruci-classifier/results/grid_esm35m_corrected_20260614/Rdomain/Green/eval/test_eval_results.csv
Rdomain,Green,Cruci_CruV-808,1,0.6216146,1,True,1,True,1,True,/workspace/cruci-classifier/results/grid_esm35m_corrected_20260614/Rdomain/Green/eval/test_eval_results.csv
Rdomain,Green,Cruci_CruV-893,1,0.4356324,0,False,0,False,0,False,/workspace/cruci-classifier/results/grid_esm35m_corrected_20260614/Rdomain/Green/eval/test_eval_results.csv
Rdomain,Green,Cruci_CruV-836,1,0.7845534,1,True,1,True,1,True,/workspace/cruci-classifier/results/grid_esm35m_corrected_20260614/Rdomain/Green/eval/test_eval_results.csv
Rdomain,Green,Cruci_CruV_462,1,0.905478,1,True,1,True,1,True,/workspace/cruci-classifier/results/grid_esm35m_corrected_20260614/Rdomain/Green/eval/test_eval_results.csv
Rdomain,Green,Cruci_CruV-803,1,0.58299357,1,True,1,True,1,True,/workspace/cruci-classifier/results/grid_esm35m_corrected_20260614/Rdomain/Green/eval/test_eval_results.csv
Rdomain,Green,Cruci_CruV_457,1,0.7566399,1,True,1,True,1,True,/workspace/cruci-classifier/results/grid_esm35m_corrected_20260614/Rdomain/Green/eval/test_eval_results.csv
Rdomain,Green,Cruci_CruV_470,1,0.85833454,1,True,1,True,1,True,/workspace/cruci-classifier/results/grid_esm35m_corrected_20260614/Rdomain/Green/eval/test_eval_results.csv
Rdomain,Green,Cruci_CruV-842,1,0.38177732,0,False,0,False,0,False,/workspace/cruci-classifier/results/grid_esm35m_corrected_20260614/Rdomain/Green/eval/test_eval_results.csv
Rdomain,Green,Ribo_ND_382437,0,0.21322009,0,True,0,True,0,True,/workspace/cruci-classifier/results/grid_esm35m_corrected_20260614/Rdomain/Green/eval/test_eval_results.csv
Rdomain,Green,Cruci_CruV-794,1,0.8850558,1,True,1,True,1,True,/workspace/cruci-classifier/results/grid_esm35m_corrected_20260614/Rdomain/Green/eval/test_eval_results.csv
Rdomain,Green,Cruci_CruV_412,1,0.7313368,1,True,1,True,1,True,/workspace/cruci-classifier/results/grid_esm35m_corrected_20260614/Rdomain/Green/eval/test_eval_results.csv
Rdomain,Green,Cruci_CruV-707,1,0.88826466,1,True,1,True,1,True,/workspace/cruci-classifier/results/grid_esm35m_corrected_20260614/Rdomain/Green/eval/test_eval_results.csv
Rdomain,Green,Cruci_Ariz_MW697732,1,0.67364013,1,True,1,True,1,True,/workspace/cruci-classifier/results/grid_esm35m_corrected_20260614/Rdomain/Green/eval/test_eval_results.csv
Rdomain,Green,Ribo_ND_091409,0,0.13781276,0,True,0,True,0,True,/workspace/cruci-classifier/results/grid_esm35m_corrected_20260614/Rdomain/Green/eval/test_eval_results.csv
Rdomain,Green,Ribo_ND_156763,0,0.40824336,0,True,0,True,0,True,/workspace/cruci-classifier/results/grid_esm35m_corrected_20260614/Rdomain/Green/eval/test_eval_results.csv
Rdomain,Green,Ribo_ND_025544,0,0.37521836,0,True,0,True,0,True,/workspace/cruci-classifier/results/grid_esm35m_corrected_20260614/Rdomain/Green/eval/test_eval_results.csv
Rdomain,Green,Cruci_CruV-821,1,0.79245704,1,True,1,True,1,True,/workspace/cruci-classifier/results/grid_esm35m_corrected_20260614/Rdomain/Green/eval/test_eval_results.csv
Rdomain,Green,Ribo_ND_132724,0,0.46700245,0,True,0,True,0,True,/workspace/cruci-classifier/results/grid_esm35m_corrected_20260614/Rdomain/Green/eval/test_eval_results.csv
Rdomain,Green,Ribo_ND_057449,0,0.0761151,0,True,0,True,0,True,/workspace/cruci-classifier/results/grid_esm35m_corrected_20260614/Rdomain/Green/eval/test_eval_results.csv
Rdomain,Green,Cruci_CruV-962,1,0.5399052,1,True,1,True,1,True,/workspace/cruci-classifier/results/grid_esm35m_corrected_20260614/Rdomain/Green/eval/test_eval_results.csv
Rdomain,Green,Cruci_Oys_GWHBFST00001923_circ,1,0.37872326,0,False,0,False,0,False,/workspace/cruci-classifier/results/grid_esm35m_corrected_20260614/Rdomain/Green/eval/test_eval_results.csv
Rdomain,Green,Cruci_CruV-961,1,0.9869698,1,True,1,True,1,True,/workspace/cruci-classifier/results/grid_esm35m_corrected_20260614/Rdomain/Green/eval/test_eval_results.csv
Rdomain,Green,Cruci_CruV_347,1,0.83091795,1,True,1,True,1,True,/workspace/cruci-classifier/results/grid_esm35m_corrected_20260614/Rdomain/Green/eval/test_eval_results.csv
Rdomain,Green,Cruci_chiv_Eukaryote_metagenome_T142_contig705,1,0.884519,1,True,1,True,1,True,/workspace/cruci-classifier/results/grid_esm35m_corrected_20260614/Rdomain/Green/eval/test_eval_results.csv
Rdomain,Green,Cruci_chiv_Eukaryote_metagenome_T149_contig609,1,0.86475706,1,True,1,True,1,True,/workspace/cruci-classifier/results/grid_esm35m_corrected_20260614/Rdomain/Green/eval/test_eval_results.csv
Rdomain,Green,Ribo_ND_366210,0,0.18593217,0,True,0,True,0,True,/workspace/cruci-classifier/results/grid_esm35m_corrected_20260614/Rdomain/Green/eval/test_eval_results.csv
Rdomain,Green,Ribo_ND_105225,0,0.28385964,0,True,0,True,0,True,/workspace/cruci-classifier/results/grid_esm35m_corrected_20260614/Rdomain/Green/eval/test_eval_results.csv
Rdomain,Green,Ribo_ND_107013,0,0.23585416,0,True,0,True,0,True,/workspace/cruci-classifier/results/grid_esm35m_corrected_20260614/Rdomain/Green/eval/test_eval_results.csv
Rdomain,Green,Cruci_CruV_413,1,0.63357925,1,True,1,True,1,True,/workspace/cruci-classifier/results/grid_esm35m_corrected_20260614/Rdomain/Green/eval/test_eval_results.csv
Rdomain,Green,Cruci_CruV_502,1,0.9300506,1,True,1,True,1,True,/workspace/cruci-classifier/results/grid_esm35m_corrected_20260614/Rdomain/Green/eval/test_eval_results.csv
Rdomain,Green,Cruci_CruV_453,1,0.9620658,1,True,1,True,1,True,/workspace/cruci-classifier/results/grid_esm35m_corrected_20260614/Rdomain/Green/eval/test_eval_results.csv
Rdomain,Green,Cruci_CruV_455,1,0.9620658,1,True,1,True,1,True,/workspace/cruci-classifier/results/grid_esm35m_corrected_20260614/Rdomain/Green/eval/test_eval_results.csv
Rdomain,Green,Cruci_CruV_456,1,0.9620658,1,True,1,True,1,True,/workspace/cruci-classifier/results/grid_esm35m_corrected_20260614/Rdomain/Green/eval/test_eval_results.csv
Rdomain,Green,Cruci_CruV_454,1,0.9620658,1,True,1,True,1,True,/workspace/cruci-classifier/results/grid_esm35m_corrected_20260614/Rdomain/Green/eval/test_eval_results.csv
Rdomain,Green,Cruci_Oys_GWHBFST00002020_circ,1,0.7592875,1,True,1,True,1,True,/workspace/cruci-classifier/results/grid_esm35m_corrected_20260614/Rdomain/Green/eval/test_eval_results.csv
Rdomain,Green,Ribo_ND_288214,0,0.29786342,0,True,0,True,0,True,/workspace/cruci-classifier/results/grid_esm35m_corrected_20260614/Rdomain/Green/eval/test_eval_results.csv
Rdomain,Green,Ribo_ND_287498,0,0.10201023,0,True,0,True,0,True,/workspace/cruci-classifier/results/grid_esm35m_corrected_20260614/Rdomain/Green/eval/test_eval_results.csv
Rdomain,Green,Cruci_CruV_463,1,0.7897993,1,True,1,True,1,True,/workspace/cruci-classifier/results/grid_esm35m_corrected_20260614/Rdomain/Green/eval/test_eval_results.csv
Rdomain,Green,Cruci_CruV_532,1,0.078701586,0,False,0,False,0,False,/workspace/cruci-classifier/results/grid_esm35m_corrected_20260614/Rdomain/Green/eval/test_eval_results.csv
Rdomain,Green,Cruci_CruV_460,1,0.592139,1,True,1,True,1,True,/workspace/cruci-classifier/results/grid_esm35m_corrected_20260614/Rdomain/Green/eval/test_eval_results.csv
Rdomain,Green,Ribo_ND_101584,0,0.2884452,0,True,0,True,0,True,/workspace/cruci-classifier/results/grid_esm35m_corrected_20260614/Rdomain/Green/eval/test_eval_results.csv
Rdomain,Green,Cruci_CruV_541,1,0.95805883,1,True,1,True,1,True,/workspace/cruci-classifier/results/grid_esm35m_corrected_20260614/Rdomain/Green/eval/test_eval_results.csv
Rdomain,Green,Cruci_CruV-839,1,0.7844709,1,True,1,True,1,True,/workspace/cruci-classifier/results/grid_esm35m_corrected_20260614/Rdomain/Green/eval/test_eval_results.csv
Rdomain,Green,Ribo_ND_101784,0,0.36637175,0,True,0,True,0,True,/workspace/cruci-classifier/results/grid_esm35m_corrected_20260614/Rdomain/Green/eval/test_eval_results.csv
Rdomain,Green,Ribo_ND_281961,0,0.06914692,0,True,0,True,0,True,/workspace/cruci-classifier/results/grid_esm35m_corrected_20260614/Rdomain/Green/eval/test_eval_results.csv
Rdomain,Green,Ribo_ND_380970,0,0.3227502,0,True,0,True,0,True,/workspace/cruci-classifier/results/grid_esm35m_corrected_20260614/Rdomain/Green/eval/test_eval_results.csv
Rdomain,Green,Cruci_CruV-858,1,0.86658376,1,True,1,True,1,True,/workspace/cruci-classifier/results/grid_esm35m_corrected_20260614/Rdomain/Green/eval/test_eval_results.csv
Rdomain,Green,Ribo_ND_382127,0,0.089525215,0,True,0,True,0,True,/workspace/cruci-classifier/results/grid_esm35m_corrected_20260614/Rdomain/Green/eval/test_eval_results.csv
Rdomain,Green,Cruci_CruV-890,1,0.9753935,1,True,1,True,1,True,/workspace/cruci-classifier/results/grid_esm35m_corrected_20260614/Rdomain/Green/eval/test_eval_results.csv
Rdomain,Green,Ribo_ND_370444,0,0.34707886,0,True,0,True,0,True,/workspace/cruci-classifier/results/grid_esm35m_corrected_20260614/Rdomain/Green/eval/test_eval_results.csv
Rdomain,Green,Ribo_ND_025792,0,0.45315403,0,True,0,True,0,True,/workspace/cruci-classifier/results/grid_esm35m_corrected_20260614/Rdomain/Green/eval/test_eval_results.csv
Rdomain,Green,Ribo_ND_025262,0,0.4022706,0,True,0,True,0,True,/workspace/cruci-classifier/results/grid_esm35m_corrected_20260614/Rdomain/Green/eval/test_eval_results.csv
Rdomain,Green,Cruci_CruV_499,1,0.91259295,1,True,1,True,1,True,/workspace/cruci-classifier/results/grid_esm35m_corrected_20260614/Rdomain/Green/eval/test_eval_results.csv
Rdomain,Green,Ribo_ND_102430,0,0.3624726,0,True,0,True,0,True,/workspace/cruci-classifier/results/grid_esm35m_corrected_20260614/Rdomain/Green/eval/test_eval_results.csv
Rdomain,Green,Ribo_ND_093545,0,0.19851784,0,True,0,True,0,True,/workspace/cruci-classifier/results/grid_esm35m_corrected_20260614/Rdomain/Green/eval/test_eval_results.csv
Rdomain,Green,Cruci_CruV_336,1,0.9773252,1,True,1,True,1,True,/workspace/cruci-classifier/results/grid_esm35m_corrected_20260614/Rdomain/Green/eval/test_eval_results.csv
Rdomain,Green,Ribo_ND_366312,0,0.44954988,0,True,0,True,0,True,/workspace/cruci-classifier/results/grid_esm35m_corrected_20260614/Rdomain/Green/eval/test_eval_results.csv
Rdomain,Green,Ribo_ND_379831,0,0.18939073,0,True,0,True,0,True,/workspace/cruci-classifier/results/grid_esm35m_corrected_20260614/Rdomain/Green/eval/test_eval_results.csv
Rdomain,Green,Cruci_CruV_450,1,0.42695504,0,False,0,False,0,False,/workspace/cruci-classifier/results/grid_esm35m_corrected_20260614/Rdomain/Green/eval/test_eval_results.csv
Rdomain,Green,Cruci_muss_OR270612,1,0.83381826,1,True,1,True,1,True,/workspace/cruci-classifier/results/grid_esm35m_corrected_20260614/Rdomain/Green/eval/test_eval_results.csv
Rdomain,Green,Ribo_ND_181904,0,0.25473097,0,True,0,True,0,True,/workspace/cruci-classifier/results/grid_esm35m_corrected_20260614/Rdomain/Green/eval/test_eval_results.csv
Rdomain,Green,Cruci_CruV-817,1,0.90279317,1,True,1,True,1,True,/workspace/cruci-classifier/results/grid_esm35m_corrected_20260614/Rdomain/Green/eval/test_eval_results.csv
Rdomain,Green,Cruci_CruV-866,1,0.93157685,1,True,1,True,1,True,/workspace/cruci-classifier/results/grid_esm35m_corrected_20260614/Rdomain/Green/eval/test_eval_results.csv
Rdomain,Green,Cruci_CruV_459,1,0.78423023,1,True,1,True,1,True,/workspace/cruci-classifier/results/grid_esm35m_corrected_20260614/Rdomain/Green/eval/test_eval_results.csv
Rdomain,Green,Ribo_ND_379850,0,0.6724733,1,False,1,False,1,False,/workspace/cruci-classifier/results/grid_esm35m_corrected_20260614/Rdomain/Green/eval/test_eval_results.csv
Rdomain,Green,Ribo_ND_030388,0,0.58029103,1,False,1,False,1,False,/workspace/cruci-classifier/results/grid_esm35m_corrected_20260614/Rdomain/Green/eval/test_eval_results.csv
Rdomain,Green,Cruci_CruV-920,1,0.9707472,1,True,1,True,1,True,/workspace/cruci-classifier/results/grid_esm35m_corrected_20260614/Rdomain/Green/eval/test_eval_results.csv
Rdomain,Green,Cruci_CruV_331,1,0.7284927,1,True,1,True,1,True,/workspace/cruci-classifier/results/grid_esm35m_corrected_20260614/Rdomain/Green/eval/test_eval_results.csv
Rdomain,Green,Cruci_chiv_Eukaryote_metagenome_T149_contig276,1,0.94335395,1,True,1,True,1,True,/workspace/cruci-classifier/results/grid_esm35m_corrected_20260614/Rdomain/Green/eval/test_eval_results.csv
Rdomain,Green,Cruci_CruV-853,1,0.78865504,1,True,1,True,1,True,/workspace/cruci-classifier/results/grid_esm35m_corrected_20260614/Rdomain/Green/eval/test_eval_results.csv
Rdomain,Green,Ribo_ND_106556,0,0.11534547,0,True,0,True,0,True,/workspace/cruci-classifier/results/grid_esm35m_corrected_20260614/Rdomain/Green/eval/test_eval_results.csv
Rdomain,Green,Ribo_ND_108055,0,0.16077764,0,True,0,True,0,True,/workspace/cruci-classifier/results/grid_esm35m_corrected_20260614/Rdomain/Green/eval/test_eval_results.csv
Rdomain,Green,Ribo_ND_097677,0,0.15478648,0,True,0,True,0,True,/workspace/cruci-classifier/results/grid_esm35m_corrected_20260614/Rdomain/Green/eval/test_eval_results.csv
Rdomain,Green,Cruci_Ariz_MW697687,1,0.8921729,1,True,1,True,1,True,/workspace/cruci-classifier/results/grid_esm35m_corrected_20260614/Rdomain/Green/eval/test_eval_results.csv
Rdomain,Green,Ribo_ND_385935,0,0.39097297,0,True,0,True,0,True,/workspace/cruci-classifier/results/grid_esm35m_corrected_20260614/Rdomain/Green/eval/test_eval_results.csv
Rdomain,Green,Cruci_CruV_422,1,0.7789062,1,True,1,True,1,True,/workspace/cruci-classifier/results/grid_esm35m_corrected_20260614/Rdomain/Green/eval/test_eval_results.csv
Rdomain,Green,Ribo_ND_390654,0,0.3559279,0,True,0,True,0,True,/workspace/cruci-classifier/results/grid_esm35m_corrected_20260614/Rdomain/Green/eval/test_eval_results.csv
Rdomain,Green,Cruci_CruV-859,1,0.9799386,1,True,1,True,1,True,/workspace/cruci-classifier/results/grid_esm35m_corrected_20260614/Rdomain/Green/eval/test_eval_results.csv
Rdomain,Green,Cruci_CruV-826,1,0.7971066,1,True,1,True,1,True,/workspace/cruci-classifier/results/grid_esm35m_corrected_20260614/Rdomain/Green/eval/test_eval_results.csv
Rdomain,Green,Cruci_CruV-827,1,0.7971066,1,True,1,True,1,True,/workspace/cruci-classifier/results/grid_esm35m_corrected_20260614/Rdomain/Green/eval/test_eval_results.csv
Rdomain,Green,Cruci_CruV-790,1,0.6465726,1,True,1,True,1,True,/workspace/cruci-classifier/results/grid_esm35m_corrected_20260614/Rdomain/Green/eval/test_eval_results.csv
Rdomain,Green,Cruci_CruV_392,1,0.83860016,1,True,1,True,1,True,/workspace/cruci-classifier/results/grid_esm35m_corrected_20260614/Rdomain/Green/eval/test_eval_results.csv
Rdomain,Green,Cruci_CruV_244,1,0.7847765,1,True,1,True,1,True,/workspace/cruci-classifier/results/grid_esm35m_corrected_20260614/Rdomain/Green/eval/test_eval_results.csv
Rdomain,Green,Cruci_CruV-867,1,0.8479132,1,True,1,True,1,True,/workspace/cruci-classifier/results/grid_esm35m_corrected_20260614/Rdomain/Green/eval/test_eval_results.csv
Rdomain,Green,Cruci_CruV_298,1,0.858164,1,True,1,True,1,True,/workspace/cruci-classifier/results/grid_esm35m_corrected_20260614/Rdomain/Green/eval/test_eval_results.csv
Rdomain,Green,Cruci_Ariz_MW697595,1,0.9932209,1,True,1,True,1,True,/workspace/cruci-classifier/results/grid_esm35m_corrected_20260614/Rdomain/Green/eval/test_eval_results.csv
Rdomain,Green,Cruci_chiv_Lake_Pavin_contig403,1,0.87632847,1,True,1,True,1,True,/workspace/cruci-classifier/results/grid_esm35m_corrected_20260614/Rdomain/Green/eval/test_eval_results.csv
Rdomain,Green,Cruci_CruV-810,1,0.7704699,1,True,1,True,1,True,/workspace/cruci-classifier/results/grid_esm35m_corrected_20260614/Rdomain/Green/eval/test_eval_results.csv
Rdomain,Green,Cruci_Ariz_MW697596,1,0.8990485,1,True,1,True,1,True,/workspace/cruci-classifier/results/grid_esm35m_corrected_20260614/Rdomain/Green/eval/test_eval_results.csv
Rdomain,Green,Cruci_CruV_474,1,0.9938198,1,True,1,True,1,True,/workspace/cruci-classifier/results/grid_esm35m_corrected_20260614/Rdomain/Green/eval/test_eval_results.csv
Rdomain,Green,Ribo_ND_095624,0,0.062557675,0,True,0,True,0,True,/workspace/cruci-classifier/results/grid_esm35m_corrected_20260614/Rdomain/Green/eval/test_eval_results.csv
Rdomain,Green,Cruci_CruV-830,1,0.9641401,1,True,1,True,1,True,/workspace/cruci-classifier/results/grid_esm35m_corrected_20260614/Rdomain/Green/eval/test_eval_results.csv
Rdomain,Green,Cruci_CruV-809,1,0.91679627,1,True,1,True,1,True,/workspace/cruci-classifier/results/grid_esm35m_corrected_20260614/Rdomain/Green/eval/test_eval_results.csv
Rdomain,Green,Cruci_CruV_433,1,0.9286961,1,True,1,True,1,True,/workspace/cruci-classifier/results/grid_esm35m_corrected_20260614/Rdomain/Green/eval/test_eval_results.csv
Rdomain,Green,Cruci_CruV_414,1,0.94887733,1,True,1,True,1,True,/workspace/cruci-classifier/results/grid_esm35m_corrected_20260614/Rdomain/Green/eval/test_eval_results.csv
Rdomain,Green,Ribo_ND_066692,0,0.55070716,1,False,1,False,1,False,/workspace/cruci-classifier/results/grid_esm35m_corrected_20260614/Rdomain/Green/eval/test_eval_results.csv
Rdomain,Green,Ribo_ND_391025,0,0.40290487,0,True,0,True,0,True,/workspace/cruci-classifier/results/grid_esm35m_corrected_20260614/Rdomain/Green/eval/test_eval_results.csv
Rdomain,Green,Ribo_ND_169363,0,0.35278293,0,True,0,True,0,True,/workspace/cruci-classifier/results/grid_esm35m_corrected_20260614/Rdomain/Green/eval/test_eval_results.csv
Rdomain,Green,Ribo_ND_082876,0,0.23453352,0,True,0,True,0,True,/workspace/cruci-classifier/results/grid_esm35m_corrected_20260614/Rdomain/Green/eval/test_eval_results.csv
Rdomain,Green,Cruci_CruV_427,1,0.8771737,1,True,1,True,1,True,/workspace/cruci-classifier/results/grid_esm35m_corrected_20260614/Rdomain/Green/eval/test_eval_results.csv
Rdomain,Green,Ribo_ND_203486,0,0.11687176,0,True,0,True,0,True,/workspace/cruci-classifier/results/grid_esm35m_corrected_20260614/Rdomain/Green/eval/test_eval_results.csv
Rdomain,Green,Cruci_CruV-635,1,0.7343225,1,True,1,True,1,True,/workspace/cruci-classifier/results/grid_esm35m_corrected_20260614/Rdomain/Green/eval/test_eval_results.csv
Rdomain,Green,Cruci_CruV-636,1,0.7016099,1,True,1,True,1,True,/workspace/cruci-classifier/results/grid_esm35m_corrected_20260614/Rdomain/Green/eval/test_eval_results.csv
Rdomain,Green,Cruci_Oys_GWHBFST00003133_circ,1,0.8507857,1,True,1,True,1,True,/workspace/cruci-classifier/results/grid_esm35m_corrected_20260614/Rdomain/Green/eval/test_eval_results.csv
Rdomain,Green,Cruci_CruV_472,1,0.87237847,1,True,1,True,1,True,/workspace/cruci-classifier/results/grid_esm35m_corrected_20260614/Rdomain/Green/eval/test_eval_results.csv
Rdomain,Green,Cruci_CruV-879,1,0.6393386,1,True,1,True,1,True,/workspace/cruci-classifier/results/grid_esm35m_corrected_20260614/Rdomain/Green/eval/test_eval_results.csv
Rdomain,Green,Ribo_ND_109227,0,0.07756568,0,True,0,True,0,True,/workspace/cruci-classifier/results/grid_esm35m_corrected_20260614/Rdomain/Green/eval/test_eval_results.csv
Rdomain,Green,Ribo_ND_291700,0,0.29582992,0,True,0,True,0,True,/workspace/cruci-classifier/results/grid_esm35m_corrected_20260614/Rdomain/Green/eval/test_eval_results.csv
Rdomain,Green,Cruci_CruV-734,1,0.569785,1,True,1,True,1,True,/workspace/cruci-classifier/results/grid_esm35m_corrected_20260614/Rdomain/Green/eval/test_eval_results.csv
Rdomain,Green,Cruci_Tisza_MH616643.1,1,0.47850576,0,False,0,False,0,False,/workspace/cruci-classifier/results/grid_esm35m_corrected_20260614/Rdomain/Green/eval/test_eval_results.csv
Rdomain,Green,Ribo_ND_158731,0,0.08759207,0,True,0,True,0,True,/workspace/cruci-classifier/results/grid_esm35m_corrected_20260614/Rdomain/Green/eval/test_eval_results.csv
Rdomain,Green,Ribo_ND_094061,0,0.36549422,0,True,0,True,0,True,/workspace/cruci-classifier/results/grid_esm35m_corrected_20260614/Rdomain/Green/eval/test_eval_results.csv
Rdomain,Green,Ribo_ND_044943,0,0.12828153,0,True,0,True,0,True,/workspace/cruci-classifier/results/grid_esm35m_corrected_20260614/Rdomain/Green/eval/test_eval_results.csv
Rdomain,Green,Cruci_CruV-909,1,0.88836294,1,True,1,True,1,True,/workspace/cruci-classifier/results/grid_esm35m_corrected_20260614/Rdomain/Green/eval/test_eval_results.csv
Rdomain,Green,Ribo_ND_025469,0,0.16872646,0,True,0,True,0,True,/workspace/cruci-classifier/results/grid_esm35m_corrected_20260614/Rdomain/Green/eval/test_eval_results.csv
Rdomain,Green,Cruci_CruV-747,1,0.77549726,1,True,1,True,1,True,/workspace/cruci-classifier/results/grid_esm35m_corrected_20260614/Rdomain/Green/eval/test_eval_results.csv
Rdomain,Green,Cruci_CruV_440,1,0.96347433,1,True,1,True,1,True,/workspace/cruci-classifier/results/grid_esm35m_corrected_20260614/Rdomain/Green/eval/test_eval_results.csv
Rdomain,Green,Cruci_muss_OR270609,1,0.8100934,1,True,1,True,1,True,/workspace/cruci-classifier/results/grid_esm35m_corrected_20260614/Rdomain/Green/eval/test_eval_results.csv
Rdomain,Green,Cruci_CruV_396,1,0.81440455,1,True,1,True,1,True,/workspace/cruci-classifier/results/grid_esm35m_corrected_20260614/Rdomain/Green/eval/test_eval_results.csv
Rdomain,Green,Cruci_CruV-795,1,0.7677008,1,True,1,True,1,True,/workspace/cruci-classifier/results/grid_esm35m_corrected_20260614/Rdomain/Green/eval/test_eval_results.csv
Rdomain,Green,Cruci_Oys_GWHBFST00000019_circ,1,0.7811949,1,True,1,True,1,True,/workspace/cruci-classifier/results/grid_esm35m_corrected_20260614/Rdomain/Green/eval/test_eval_results.csv
Rdomain,Green,Ribo_ND_049856,0,0.7430077,1,False,1,False,1,False,/workspace/cruci-classifier/results/grid_esm35m_corrected_20260614/Rdomain/Green/eval/test_eval_results.csv
Rdomain,Green,Ribo_ND_166650,0,0.4269058,0,True,0,True,0,True,/workspace/cruci-classifier/results/grid_esm35m_corrected_20260614/Rdomain/Green/eval/test_eval_results.csv
Rdomain,Green,Cruci_CruV-841,1,0.9116534,1,True,1,True,1,True,/workspace/cruci-classifier/results/grid_esm35m_corrected_20260614/Rdomain/Green/eval/test_eval_results.csv
Rdomain,Green,Cruci_CruCGE_436,1,0.9435151,1,True,1,True,1,True,/workspace/cruci-classifier/results/grid_esm35m_corrected_20260614/Rdomain/Green/eval/test_eval_results.csv
Rdomain,Green,Cruci_CruV_465,1,0.9511138,1,True,1,True,1,True,/workspace/cruci-classifier/results/grid_esm35m_corrected_20260614/Rdomain/Green/eval/test_eval_results.csv
Rdomain,Green,Cruci_CruV-874,1,0.6998411,1,True,1,True,1,True,/workspace/cruci-classifier/results/grid_esm35m_corrected_20260614/Rdomain/Green/eval/test_eval_results.csv
Rdomain,Green,Cruci_BSL-RDHV,1,0.85273635,1,True,1,True,1,True,/workspace/cruci-classifier/results/grid_esm35m_corrected_20260614/Rdomain/Green/eval/test_eval_results.csv
Rdomain,Green,Cruci_CruV_434,1,0.9568226,1,True,1,True,1,True,/workspace/cruci-classifier/results/grid_esm35m_corrected_20260614/Rdomain/Green/eval/test_eval_results.csv
Rdomain,Green,Cruci_CruV-840,1,0.897966,1,True,1,True,1,True,/workspace/cruci-classifier/results/grid_esm35m_corrected_20260614/Rdomain/Green/eval/test_eval_results.csv
Rdomain,Green,Cruci_CruV-946,1,0.74231565,1,True,1,True,1,True,/workspace/cruci-classifier/results/grid_esm35m_corrected_20260614/Rdomain/Green/eval/test_eval_results.csv
Rdomain,Green,Cruci_CruV_486,1,0.9882896,1,True,1,True,1,True,/workspace/cruci-classifier/results/grid_esm35m_corrected_20260614/Rdomain/Green/eval/test_eval_results.csv
Rdomain,Green,Ribo_ND_090706,0,0.35013267,0,True,0,True,0,True,/workspace/cruci-classifier/results/grid_esm35m_corrected_20260614/Rdomain/Green/eval/test_eval_results.csv
Rdomain,Green,Ribo_ND_385286,0,0.2221245,0,True,0,True,0,True,/workspace/cruci-classifier/results/grid_esm35m_corrected_20260614/Rdomain/Green/eval/test_eval_results.csv
Rdomain,Green,Cruci_CruV-792,1,0.6812628,1,True,1,True,1,True,/workspace/cruci-classifier/results/grid_esm35m_corrected_20260614/Rdomain/Green/eval/test_eval_results.csv
Rdomain,Green,Cruci_CruCGE_471,1,0.92677313,1,True,1,True,1,True,/workspace/cruci-classifier/results/grid_esm35m_corrected_20260614/Rdomain/Green/eval/test_eval_results.csv
Rdomain,Green,Cruci_CruV_346,1,0.6589426,1,True,1,True,1,True,/workspace/cruci-classifier/results/grid_esm35m_corrected_20260614/Rdomain/Green/eval/test_eval_results.csv
Rdomain,Green,Cruci_CruV_475,1,0.7863597,1,True,1,True,1,True,/workspace/cruci-classifier/results/grid_esm35m_corrected_20260614/Rdomain/Green/eval/test_eval_results.csv
Rdomain,Green,Cruci_IWaV278_CircoRep,1,0.9294652,1,True,1,True,1,True,/workspace/cruci-classifier/results/grid_esm35m_corrected_20260614/Rdomain/Green/eval/test_eval_results.csv
Rdomain,Green,Ribo_ND_129947,0,0.34199437,0,True,0,True,0,True,/workspace/cruci-classifier/results/grid_esm35m_corrected_20260614/Rdomain/Green/eval/test_eval_results.csv
Rdomain,Green,Cruci_CruV-854,1,0.8905834,1,True,1,True,1,True,/workspace/cruci-classifier/results/grid_esm35m_corrected_20260614/Rdomain/Green/eval/test_eval_results.csv
Rdomain,Green,Cruci_CruV_432,1,0.92340356,1,True,1,True,1,True,/workspace/cruci-classifier/results/grid_esm35m_corrected_20260614/Rdomain/Green/eval/test_eval_results.csv
Rdomain,Green,Cruci_CruV-864,1,0.9859282,1,True,1,True,1,True,/workspace/cruci-classifier/results/grid_esm35m_corrected_20260614/Rdomain/Green/eval/test_eval_results.csv
Rdomain,Green,Cruci_Oys_GWHBFST00002740_circ,1,0.72444963,1,True,1,True,1,True,/workspace/cruci-classifier/results/grid_esm35m_corrected_20260614/Rdomain/Green/eval/test_eval_results.csv
Rdomain,Green,Cruci_chiv_35_Marine_contig3,1,0.8094137,1,True,1,True,1,True,/workspace/cruci-classifier/results/grid_esm35m_corrected_20260614/Rdomain/Green/eval/test_eval_results.csv
Rdomain,Green,Cruci_CruV-855,1,0.90822166,1,True,1,True,1,True,/workspace/cruci-classifier/results/grid_esm35m_corrected_20260614/Rdomain/Green/eval/test_eval_results.csv
Rdomain,Green,Cruci_CruV-778,1,0.67646843,1,True,1,True,1,True,/workspace/cruci-classifier/results/grid_esm35m_corrected_20260614/Rdomain/Green/eval/test_eval_results.csv
Rdomain,Green,Cruci_CruV-779,1,0.67646843,1,True,1,True,1,True,/workspace/cruci-classifier/results/grid_esm35m_corrected_20260614/Rdomain/Green/eval/test_eval_results.csv
Rdomain,Green,Cruci_CruV-782,1,0.9082144,1,True,1,True,1,True,/workspace/cruci-classifier/results/grid_esm35m_corrected_20260614/Rdomain/Green/eval/test_eval_results.csv
Rdomain,Green,Ribo_ND_294842,0,0.383009,0,True,0,True,0,True,/workspace/cruci-classifier/results/grid_esm35m_corrected_20260614/Rdomain/Green/eval/test_eval_results.csv
Rdomain,Green,Ribo_ND_379299,0,0.6824544,1,False,1,False,1,False,/workspace/cruci-classifier/results/grid_esm35m_corrected_20260614/Rdomain/Green/eval/test_eval_results.csv
Rdomain,Green,Cruci_CruV-872,1,0.94845873,1,True,1,True,1,True,/workspace/cruci-classifier/results/grid_esm35m_corrected_20260614/Rdomain/Green/eval/test_eval_results.csv
Rdomain,Green,Cruci_CruV_402,1,0.9339974,1,True,1,True,1,True,/workspace/cruci-classifier/results/grid_esm35m_corrected_20260614/Rdomain/Green/eval/test_eval_results.csv
Rdomain,Green,Cruci_CruV_484,1,0.6842868,1,True,1,True,1,True,/workspace/cruci-classifier/results/grid_esm35m_corrected_20260614/Rdomain/Green/eval/test_eval_results.csv
Rdomain,Green,Cruci_CruV-846,1,0.89323294,1,True,1,True,1,True,/workspace/cruci-classifier/results/grid_esm35m_corrected_20260614/Rdomain/Green/eval/test_eval_results.csv
Rdomain,Green,Cruci_CruV-768,1,0.90101373,1,True,1,True,1,True,/workspace/cruci-classifier/results/grid_esm35m_corrected_20260614/Rdomain/Green/eval/test_eval_results.csv
Rdomain,Green,Cruci_CruV_482,1,0.85672516,1,True,1,True,1,True,/workspace/cruci-classifier/results/grid_esm35m_corrected_20260614/Rdomain/Green/eval/test_eval_results.csv
Rdomain,Green,Ribo_ND_134196,0,0.1804552,0,True,0,True,0,True,/workspace/cruci-classifier/results/grid_esm35m_corrected_20260614/Rdomain/Green/eval/test_eval_results.csv
Rdomain,Green,Ribo_ND_166745,0,0.5530869,1,False,1,False,1,False,/workspace/cruci-classifier/results/grid_esm35m_corrected_20260614/Rdomain/Green/eval/test_eval_results.csv
Rdomain,Green,Cruci_Oys_GWHBFST00000015_circ,1,0.9158597,1,True,1,True,1,True,/workspace/cruci-classifier/results/grid_esm35m_corrected_20260614/Rdomain/Green/eval/test_eval_results.csv
Rdomain,Green,Ribo_ND_288285,0,0.2608067,0,True,0,True,0,True,/workspace/cruci-classifier/results/grid_esm35m_corrected_20260614/Rdomain/Green/eval/test_eval_results.csv
Rdomain,Green,Ribo_ND_019145,0,0.060846534,0,True,0,True,0,True,/workspace/cruci-classifier/results/grid_esm35m_corrected_20260614/Rdomain/Green/eval/test_eval_results.csv
Rdomain,Green,Cruci_CruCGE_533,1,0.7320845,1,True,1,True,1,True,/workspace/cruci-classifier/results/grid_esm35m_corrected_20260614/Rdomain/Green/eval/test_eval_results.csv
Rdomain,Green,Cruci_CruV_508,1,0.834743,1,True,1,True,1,True,/workspace/cruci-classifier/results/grid_esm35m_corrected_20260614/Rdomain/Green/eval/test_eval_results.csv
Rdomain,Green,Ribo_ND_054423,0,0.81102836,1,False,1,False,1,False,/workspace/cruci-classifier/results/grid_esm35m_corrected_20260614/Rdomain/Green/eval/test_eval_results.csv
Rdomain,Green,Ribo_ND_227326,0,0.6756818,1,False,1,False,1,False,/workspace/cruci-classifier/results/grid_esm35m_corrected_20260614/Rdomain/Green/eval/test_eval_results.csv
Rdomain,Green,Cruci_CruV_480,1,0.9720923,1,True,1,True,1,True,/workspace/cruci-classifier/results/grid_esm35m_corrected_20260614/Rdomain/Green/eval/test_eval_results.csv
Rdomain,Green,Cruci_CruV_496,1,0.90667903,1,True,1,True,1,True,/workspace/cruci-classifier/results/grid_esm35m_corrected_20260614/Rdomain/Green/eval/test_eval_results.csv
Rdomain,Green,Cruci_CruV-843,1,0.933508,1,True,1,True,1,True,/workspace/cruci-classifier/results/grid_esm35m_corrected_20260614/Rdomain/Green/eval/test_eval_results.csv
Rdomain,Green,Cruci_CruV-889,1,0.96616155,1,True,1,True,1,True,/workspace/cruci-classifier/results/grid_esm35m_corrected_20260614/Rdomain/Green/eval/test_eval_results.csv
Rdomain,Green,Ribo_ND_100038,0,0.7684744,1,False,1,False,1,False,/workspace/cruci-classifier/results/grid_esm35m_corrected_20260614/Rdomain/Green/eval/test_eval_results.csv
Rdomain,Green,Cruci_CruV-796,1,0.9504814,1,True,1,True,1,True,/workspace/cruci-classifier/results/grid_esm35m_corrected_20260614/Rdomain/Green/eval/test_eval_results.csv
Rdomain,Green,Cruci_CruV_416,1,0.8262269,1,True,1,True,1,True,/workspace/cruci-classifier/results/grid_esm35m_corrected_20260614/Rdomain/Green/eval/test_eval_results.csv
Rdomain,Green,Ribo_ND_024730,0,0.1716144,0,True,0,True,0,True,/workspace/cruci-classifier/results/grid_esm35m_corrected_20260614/Rdomain/Green/eval/test_eval_results.csv
Rdomain,Green,Cruci_CruV-956,1,0.98736084,1,True,1,True,1,True,/workspace/cruci-classifier/results/grid_esm35m_corrected_20260614/Rdomain/Green/eval/test_eval_results.csv
Rdomain,Green,Cruci_CruV-942,1,0.9883591,1,True,1,True,1,True,/workspace/cruci-classifier/results/grid_esm35m_corrected_20260614/Rdomain/Green/eval/test_eval_results.csv
Rdomain,Green,Ribo_ND_333280,0,0.3990426,0,True,0,True,0,True,/workspace/cruci-classifier/results/grid_esm35m_corrected_20260614/Rdomain/Green/eval/test_eval_results.csv
Rdomain,Green,Ribo_ND_108364,0,0.35225382,0,True,0,True,0,True,/workspace/cruci-classifier/results/grid_esm35m_corrected_20260614/Rdomain/Green/eval/test_eval_results.csv
Rdomain,Green,Ribo_ND_251186,0,0.09893736,0,True,0,True,0,True,/workspace/cruci-classifier/results/grid_esm35m_corrected_20260614/Rdomain/Green/eval/test_eval_results.csv
Rdomain,Green,Ribo_ND_088082,0,0.1312251,0,True,0,True,0,True,/workspace/cruci-classifier/results/grid_esm35m_corrected_20260614/Rdomain/Green/eval/test_eval_results.csv
Rdomain,Green,Cruci_CruV_473,1,0.7554108,1,True,1,True,1,True,/workspace/cruci-classifier/results/grid_esm35m_corrected_20260614/Rdomain/Green/eval/test_eval_results.csv
Rdomain,Green,Ribo_ND_290258,0,0.36679605,0,True,0,True,0,True,/workspace/cruci-classifier/results/grid_esm35m_corrected_20260614/Rdomain/Green/eval/test_eval_results.csv
Rdomain,Green,Ribo_ND_290964,0,0.15901646,0,True,0,True,0,True,/workspace/cruci-classifier/results/grid_esm35m_corrected_20260614/Rdomain/Green/eval/test_eval_results.csv
Rdomain,Green,Cruci_CruV_397,1,0.4077871,0,False,0,False,0,False,/workspace/cruci-classifier/results/grid_esm35m_corrected_20260614/Rdomain/Green/eval/test_eval_results.csv
Rdomain,Green,Ribo_ND_024437,0,0.07273467,0,True,0,True,0,True,/workspace/cruci-classifier/results/grid_esm35m_corrected_20260614/Rdomain/Green/eval/test_eval_results.csv
Rdomain,Green,Cruci_CruV-965,1,0.9888148,1,True,1,True,1,True,/workspace/cruci-classifier/results/grid_esm35m_corrected_20260614/Rdomain/Green/eval/test_eval_results.csv
Rdomain,Green,Cruci_CruV-966,1,0.9888148,1,True,1,True,1,True,/workspace/cruci-classifier/results/grid_esm35m_corrected_20260614/Rdomain/Green/eval/test_eval_results.csv
Rdomain,Green,Ribo_ND_044835,0,0.012804622,0,True,0,True,0,True,/workspace/cruci-classifier/results/grid_esm35m_corrected_20260614/Rdomain/Green/eval/test_eval_results.csv
Rdomain,Green,Ribo_ND_381553,0,0.08710333,0,True,0,True,0,True,/workspace/cruci-classifier/results/grid_esm35m_corrected_20260614/Rdomain/Green/eval/test_eval_results.csv
Rdomain,Green,Ribo_ND_088149,0,0.08113281,0,True,0,True,0,True,/workspace/cruci-classifier/results/grid_esm35m_corrected_20260614/Rdomain/Green/eval/test_eval_results.csv
Rdomain,Green,Ribo_ND_119547,0,0.094964005,0,True,0,True,0,True,/workspace/cruci-classifier/results/grid_esm35m_corrected_20260614/Rdomain/Green/eval/test_eval_results.csv
Rdomain,Green,Ribo_ND_365622,0,0.23496686,0,True,0,True,0,True,/workspace/cruci-classifier/results/grid_esm35m_corrected_20260614/Rdomain/Green/eval/test_eval_results.csv
Rdomain,Green,Ribo_ND_184639,0,0.5516918,1,False,1,False,1,False,/workspace/cruci-classifier/results/grid_esm35m_corrected_20260614/Rdomain/Green/eval/test_eval_results.csv
Rdomain,Green,Ribo_ND_051123,0,0.15060315,0,True,0,True,0,True,/workspace/cruci-classifier/results/grid_esm35m_corrected_20260614/Rdomain/Green/eval/test_eval_results.csv
Rdomain,Green,Cruci_CruV_426,1,0.86564165,1,True,1,True,1,True,/workspace/cruci-classifier/results/grid_esm35m_corrected_20260614/Rdomain/Green/eval/test_eval_results.csv
Rdomain,Green,Cruci_CruV_500,1,0.023831148,0,False,0,False,0,False,/workspace/cruci-classifier/results/grid_esm35m_corrected_20260614/Rdomain/Green/eval/test_eval_results.csv
Rdomain,Green,Ribo_ND_363188,0,0.880195,1,False,1,False,1,False,/workspace/cruci-classifier/results/grid_esm35m_corrected_20260614/Rdomain/Green/eval/test_eval_results.csv
Rdomain,Green,Ribo_ND_145828,0,0.32829404,0,True,0,True,0,True,/workspace/cruci-classifier/results/grid_esm35m_corrected_20260614/Rdomain/Green/eval/test_eval_results.csv
Rdomain,Green,Cruci_Ariz_MW697694,1,0.9371113,1,True,1,True,1,True,/workspace/cruci-classifier/results/grid_esm35m_corrected_20260614/Rdomain/Green/eval/test_eval_results.csv
Rdomain,Green,Cruci_CruV-882,1,0.82197386,1,True,1,True,1,True,/workspace/cruci-classifier/results/grid_esm35m_corrected_20260614/Rdomain/Green/eval/test_eval_results.csv
Rdomain,Green,Cruci_CruV-783,1,0.99396616,1,True,1,True,1,True,/workspace/cruci-classifier/results/grid_esm35m_corrected_20260614/Rdomain/Green/eval/test_eval_results.csv
Rdomain,Green,Cruci_CruV-772,1,0.8926393,1,True,1,True,1,True,/workspace/cruci-classifier/results/grid_esm35m_corrected_20260614/Rdomain/Green/eval/test_eval_results.csv
Rdomain,Green,Cruci_Mire_OM154315,1,0.9799154,1,True,1,True,1,True,/workspace/cruci-classifier/results/grid_esm35m_corrected_20260614/Rdomain/Green/eval/test_eval_results.csv
Rdomain,Green,Cruci_CruV-786,1,0.8418207,1,True,1,True,1,True,/workspace/cruci-classifier/results/grid_esm35m_corrected_20260614/Rdomain/Green/eval/test_eval_results.csv
Rdomain,Green,Ribo_ND_141237,0,0.12227176,0,True,0,True,0,True,/workspace/cruci-classifier/results/grid_esm35m_corrected_20260614/Rdomain/Green/eval/test_eval_results.csv
Rdomain,Green,Ribo_ND_381586,0,0.03758911,0,True,0,True,0,True,/workspace/cruci-classifier/results/grid_esm35m_corrected_20260614/Rdomain/Green/eval/test_eval_results.csv
Rdomain,Green,Cruci_PB_KX388527,1,0.7771383,1,True,1,True,1,True,/workspace/cruci-classifier/results/grid_esm35m_corrected_20260614/Rdomain/Green/eval/test_eval_results.csv
Rdomain,Green,Cruci_PB_KX388528,1,0.77463764,1,True,1,True,1,True,/workspace/cruci-classifier/results/grid_esm35m_corrected_20260614/Rdomain/Green/eval/test_eval_results.csv
Rdomain,Green,Cruci_PB_KX388529,1,0.77463764,1,True,1,True,1,True,/workspace/cruci-classifier/results/grid_esm35m_corrected_20260614/Rdomain/Green/eval/test_eval_results.csv
Rdomain,Green,Cruci_PB_KX388530,1,0.77463764,1,True,1,True,1,True,/workspace/cruci-classifier/results/grid_esm35m_corrected_20260614/Rdomain/Green/eval/test_eval_results.csv
Rdomain,Green,Ribo_ND_051634,0,0.07143919,0,True,0,True,0,True,/workspace/cruci-classifier/results/grid_esm35m_corrected_20260614/Rdomain/Green/eval/test_eval_results.csv
Rdomain,Green,Cruci_chiv_Astrammina_rara_contig97_330847425,1,0.7805177,1,True,1,True,1,True,/workspace/cruci-classifier/results/grid_esm35m_corrected_20260614/Rdomain/Green/eval/test_eval_results.csv
Rdomain,Green,Cruci_chiv_Lake_Pavin_contig15342,1,0.895787,1,True,1,True,1,True,/workspace/cruci-classifier/results/grid_esm35m_corrected_20260614/Rdomain/Green/eval/test_eval_results.csv
Rdomain,Green,Ribo_ND_327282,0,0.25748158,0,True,0,True,0,True,/workspace/cruci-classifier/results/grid_esm35m_corrected_20260614/Rdomain/Green/eval/test_eval_results.csv
Rdomain,Green,Cruci_CruV_375,1,0.14971225,0,False,0,False,0,False,/workspace/cruci-classifier/results/grid_esm35m_corrected_20260614/Rdomain/Green/eval/test_eval_results.csv
Rdomain,Green,Cruci_CruV-969,1,0.37377495,0,False,0,False,0,False,/workspace/cruci-classifier/results/grid_esm35m_corrected_20260614/Rdomain/Green/eval/test_eval_results.csv
Rdomain,Green,Cruci_CruV_477,1,0.9663789,1,True,1,True,1,True,/workspace/cruci-classifier/results/grid_esm35m_corrected_20260614/Rdomain/Green/eval/test_eval_results.csv
Rdomain,Green,Ribo_ND_343811,0,0.12987944,0,True,0,True,0,True,/workspace/cruci-classifier/results/grid_esm35m_corrected_20260614/Rdomain/Green/eval/test_eval_results.csv
Rdomain,Green,Cruci_CruV_367,1,0.8718755,1,True,1,True,1,True,/workspace/cruci-classifier/results/grid_esm35m_corrected_20260614/Rdomain/Green/eval/test_eval_results.csv
Rdomain,Green,Ribo_ND_223996,0,0.14372128,0,True,0,True,0,True,/workspace/cruci-classifier/results/grid_esm35m_corrected_20260614/Rdomain/Green/eval/test_eval_results.csv
Rdomain,Green,Cruci_CruV-732,1,0.9976941,1,True,1,True,1,True,/workspace/cruci-classifier/results/grid_esm35m_corrected_20260614/Rdomain/Green/eval/test_eval_results.csv
Rdomain,Green,Ribo_ND_094822,0,0.13921252,0,True,0,True,0,True,/workspace/cruci-classifier/results/grid_esm35m_corrected_20260614/Rdomain/Green/eval/test_eval_results.csv
Rdomain,Green,Ribo_JAAOEH010002460.1,0,0.077441245,0,True,0,True,0,True,/workspace/cruci-classifier/results/grid_esm35m_corrected_20260614/Rdomain/Green/eval/test_eval_results.csv
Rdomain,Green,Ribo_ND_135121,0,0.028648576,0,True,0,True,0,True,/workspace/cruci-classifier/results/grid_esm35m_corrected_20260614/Rdomain/Green/eval/test_eval_results.csv
Rdomain,Green,Cruci_CruV-807,1,0.6197693,1,True,1,True,1,True,/workspace/cruci-classifier/results/grid_esm35m_corrected_20260614/Rdomain/Green/eval/test_eval_results.csv
Rdomain,Green,Cruci_CruV-745,1,0.88593,1,True,1,True,1,True,/workspace/cruci-classifier/results/grid_esm35m_corrected_20260614/Rdomain/Green/eval/test_eval_results.csv
Rdomain,Green,Ribo_ND_170511,0,0.1126914,0,True,0,True,0,True,/workspace/cruci-classifier/results/grid_esm35m_corrected_20260614/Rdomain/Green/eval/test_eval_results.csv
Rdomain,Green,Ribo_ND_390177,0,0.1647367,0,True,0,True,0,True,/workspace/cruci-classifier/results/grid_esm35m_corrected_20260614/Rdomain/Green/eval/test_eval_results.csv
Rdomain,Green,Cruci_CruV_439,1,0.26084343,0,False,0,False,0,False,/workspace/cruci-classifier/results/grid_esm35m_corrected_20260614/Rdomain/Green/eval/test_eval_results.csv
Rdomain,Green,Cruci_CruV_446,1,0.26084343,0,False,0,False,0,False,/workspace/cruci-classifier/results/grid_esm35m_corrected_20260614/Rdomain/Green/eval/test_eval_results.csv
Rdomain,Green,Ribo_ND_057440,0,0.038486056,0,True,0,True,0,True,/workspace/cruci-classifier/results/grid_esm35m_corrected_20260614/Rdomain/Green/eval/test_eval_results.csv
Rdomain,Green,Ribo_ND_041617,0,0.27369317,0,True,0,True,0,True,/workspace/cruci-classifier/results/grid_esm35m_corrected_20260614/Rdomain/Green/eval/test_eval_results.csv
Rdomain,Green,Cruci_CruV_287,1,0.8122089,1,True,1,True,1,True,/workspace/cruci-classifier/results/grid_esm35m_corrected_20260614/Rdomain/Green/eval/test_eval_results.csv
Rdomain,Green,Ribo_ND_300927,0,0.05549595,0,True,0,True,0,True,/workspace/cruci-classifier/results/grid_esm35m_corrected_20260614/Rdomain/Green/eval/test_eval_results.csv
Rdomain,Green,Ribo_ND_081504,0,0.2812808,0,True,0,True,0,True,/workspace/cruci-classifier/results/grid_esm35m_corrected_20260614/Rdomain/Green/eval/test_eval_results.csv
Rdomain,Green,Ribo_ND_188050,0,0.5117806,1,False,1,False,0,True,/workspace/cruci-classifier/results/grid_esm35m_corrected_20260614/Rdomain/Green/eval/test_eval_results.csv
Rdomain,Green,Ribo_ND_185791,0,0.25211236,0,True,0,True,0,True,/workspace/cruci-classifier/results/grid_esm35m_corrected_20260614/Rdomain/Green/eval/test_eval_results.csv
Rdomain,Green,Ribo_ND_179269,0,0.21435091,0,True,0,True,0,True,/workspace/cruci-classifier/results/grid_esm35m_corrected_20260614/Rdomain/Green/eval/test_eval_results.csv
Rdomain,Green,Cruci_CruV_512,1,0.79334474,1,True,1,True,1,True,/workspace/cruci-classifier/results/grid_esm35m_corrected_20260614/Rdomain/Green/eval/test_eval_results.csv
Rdomain,Green,Ribo_ND_341308,0,0.19677764,0,True,0,True,0,True,/workspace/cruci-classifier/results/grid_esm35m_corrected_20260614/Rdomain/Green/eval/test_eval_results.csv
Rdomain,Green,Ribo_ND_289096,0,0.26850426,0,True,0,True,0,True,/workspace/cruci-classifier/results/grid_esm35m_corrected_20260614/Rdomain/Green/eval/test_eval_results.csv
Rdomain,Green,Ribo_ND_249733,0,0.5536476,1,False,1,False,1,False,/workspace/cruci-classifier/results/grid_esm35m_corrected_20260614/Rdomain/Green/eval/test_eval_results.csv
Rdomain,Green,Cruci_CruV-910,1,0.9980275,1,True,1,True,1,True,/workspace/cruci-classifier/results/grid_esm35m_corrected_20260614/Rdomain/Green/eval/test_eval_results.csv
Rdomain,Green,Ribo_ND_028716,0,0.19950905,0,True,0,True,0,True,/workspace/cruci-classifier/results/grid_esm35m_corrected_20260614/Rdomain/Green/eval/test_eval_results.csv
Rdomain,Green,Cruci_CruV-921,1,0.74200976,1,True,1,True,1,True,/workspace/cruci-classifier/results/grid_esm35m_corrected_20260614/Rdomain/Green/eval/test_eval_results.csv
Rdomain,Green,Ribo_ND_343394,0,0.15444842,0,True,0,True,0,True,/workspace/cruci-classifier/results/grid_esm35m_corrected_20260614/Rdomain/Green/eval/test_eval_results.csv
Rdomain,Green,Cruci_CruV_531,1,0.9115913,1,True,1,True,1,True,/workspace/cruci-classifier/results/grid_esm35m_corrected_20260614/Rdomain/Green/eval/test_eval_results.csv
Rdomain,Green,Ribo_ND_276222,0,0.07157651,0,True,0,True,0,True,/workspace/cruci-classifier/results/grid_esm35m_corrected_20260614/Rdomain/Green/eval/test_eval_results.csv
Rdomain,Green,Ribo_ND_030535,0,0.086354375,0,True,0,True,0,True,/workspace/cruci-classifier/results/grid_esm35m_corrected_20260614/Rdomain/Green/eval/test_eval_results.csv
Rdomain,Green,Ribo_ND_025361,0,0.20965731,0,True,0,True,0,True,/workspace/cruci-classifier/results/grid_esm35m_corrected_20260614/Rdomain/Green/eval/test_eval_results.csv
Rdomain,Green,Cruci_CruV-939,1,0.8934373,1,True,1,True,1,True,/workspace/cruci-classifier/results/grid_esm35m_corrected_20260614/Rdomain/Green/eval/test_eval_results.csv
Rdomain,Green,Ribo_ND_266811,0,0.116534926,0,True,0,True,0,True,/workspace/cruci-classifier/results/grid_esm35m_corrected_20260614/Rdomain/Green/eval/test_eval_results.csv
Rdomain,Green,Ribo_ND_030196,0,0.122633725,0,True,0,True,0,True,/workspace/cruci-classifier/results/grid_esm35m_corrected_20260614/Rdomain/Green/eval/test_eval_results.csv
Rdomain,Green,Ribo_ND_236420,0,0.1895533,0,True,0,True,0,True,/workspace/cruci-classifier/results/grid_esm35m_corrected_20260614/Rdomain/Green/eval/test_eval_results.csv
Rdomain,Green,Ribo_ND_156954,0,0.07370302,0,True,0,True,0,True,/workspace/cruci-classifier/results/grid_esm35m_corrected_20260614/Rdomain/Green/eval/test_eval_results.csv
Rdomain,Green,Cruci_CruV-915,1,0.8074994,1,True,1,True,1,True,/workspace/cruci-classifier/results/grid_esm35m_corrected_20260614/Rdomain/Green/eval/test_eval_results.csv
Rdomain,Green,Cruci_CruV-916,1,0.8074994,1,True,1,True,1,True,/workspace/cruci-classifier/results/grid_esm35m_corrected_20260614/Rdomain/Green/eval/test_eval_results.csv
Rdomain,Green,Ribo_ND_276201,0,0.3047401,0,True,0,True,0,True,/workspace/cruci-classifier/results/grid_esm35m_corrected_20260614/Rdomain/Green/eval/test_eval_results.csv
Rdomain,Green,Ribo_ND_028737,0,0.13950582,0,True,0,True,0,True,/workspace/cruci-classifier/results/grid_esm35m_corrected_20260614/Rdomain/Green/eval/test_eval_results.csv
Rdomain,Green,Ribo_ND_026429,0,0.21820885,0,True,0,True,0,True,/workspace/cruci-classifier/results/grid_esm35m_corrected_20260614/Rdomain/Green/eval/test_eval_results.csv
Rdomain,Green,Ribo_ND_284218,0,0.1071362,0,True,0,True,0,True,/workspace/cruci-classifier/results/grid_esm35m_corrected_20260614/Rdomain/Green/eval/test_eval_results.csv
Rdomain,Green,Ribo_ND_284204,0,0.10657649,0,True,0,True,0,True,/workspace/cruci-classifier/results/grid_esm35m_corrected_20260614/Rdomain/Green/eval/test_eval_results.csv
Rdomain,Green,Ribo_ND_107344,0,0.020097231,0,True,0,True,0,True,/workspace/cruci-classifier/results/grid_esm35m_corrected_20260614/Rdomain/Green/eval/test_eval_results.csv
Rdomain,Green,Ribo_ND_229813,0,0.34448308,0,True,0,True,0,True,/workspace/cruci-classifier/results/grid_esm35m_corrected_20260614/Rdomain/Green/eval/test_eval_results.csv
Rdomain,Green,Ribo_ND_048417,0,0.040017635,0,True,0,True,0,True,/workspace/cruci-classifier/results/grid_esm35m_corrected_20260614/Rdomain/Green/eval/test_eval_results.csv
Rdomain,Green,Ribo_ND_025211,0,0.2350857,0,True,0,True,0,True,/workspace/cruci-classifier/results/grid_esm35m_corrected_20260614/Rdomain/Green/eval/test_eval_results.csv
Rdomain,Green,Ribo_ND_028760,0,0.05132152,0,True,0,True,0,True,/workspace/cruci-classifier/results/grid_esm35m_corrected_20260614/Rdomain/Green/eval/test_eval_results.csv
Rdomain,Green,Cruci_CruV-940,1,0.43259412,0,False,0,False,0,False,/workspace/cruci-classifier/results/grid_esm35m_corrected_20260614/Rdomain/Green/eval/test_eval_results.csv
Rdomain,Green,Ribo_ND_138928,0,0.07507729,0,True,0,True,0,True,/workspace/cruci-classifier/results/grid_esm35m_corrected_20260614/Rdomain/Green/eval/test_eval_results.csv
Rdomain,Green,Ribo_ND_385876,0,0.031256817,0,True,0,True,0,True,/workspace/cruci-classifier/results/grid_esm35m_corrected_20260614/Rdomain/Green/eval/test_eval_results.csv
Rdomain,Green,Ribo_ND_120879,0,0.1745238,0,True,0,True,0,True,/workspace/cruci-classifier/results/grid_esm35m_corrected_20260614/Rdomain/Green/eval/test_eval_results.csv
Rdomain,Green,Cruci_CruV-883,1,0.9716527,1,True,1,True,1,True,/workspace/cruci-classifier/results/grid_esm35m_corrected_20260614/Rdomain/Green/eval/test_eval_results.csv
Rdomain,Green,Cruci_CruV-884,1,0.9716527,1,True,1,True,1,True,/workspace/cruci-classifier/results/grid_esm35m_corrected_20260614/Rdomain/Green/eval/test_eval_results.csv
Rdomain,Green,Ribo_ND_060792,0,0.020306071,0,True,0,True,0,True,/workspace/cruci-classifier/results/grid_esm35m_corrected_20260614/Rdomain/Green/eval/test_eval_results.csv
Rdomain,Green,Cruci_CruV_503,1,0.77382714,1,True,1,True,1,True,/workspace/cruci-classifier/results/grid_esm35m_corrected_20260614/Rdomain/Green/eval/test_eval_results.csv
Rdomain,Green,Ribo_ND_114938,0,0.30878863,0,True,0,True,0,True,/workspace/cruci-classifier/results/grid_esm35m_corrected_20260614/Rdomain/Green/eval/test_eval_results.csv
Rdomain,Green,Cruci_CruV_345,1,0.5960576,1,True,1,True,1,True,/workspace/cruci-classifier/results/grid_esm35m_corrected_20260614/Rdomain/Green/eval/test_eval_results.csv
Rdomain,Green,Ribo_ND_029528,0,0.09306865,0,True,0,True,0,True,/workspace/cruci-classifier/results/grid_esm35m_corrected_20260614/Rdomain/Green/eval/test_eval_results.csv
Rdomain,Green,Ribo_ND_202743,0,0.04583565,0,True,0,True,0,True,/workspace/cruci-classifier/results/grid_esm35m_corrected_20260614/Rdomain/Green/eval/test_eval_results.csv
Rdomain,Green,Ribo_ND_195569,0,0.044255037,0,True,0,True,0,True,/workspace/cruci-classifier/results/grid_esm35m_corrected_20260614/Rdomain/Green/eval/test_eval_results.csv
Rdomain,Green,Ribo_ND_043423,0,0.11613953,0,True,0,True,0,True,/workspace/cruci-classifier/results/grid_esm35m_corrected_20260614/Rdomain/Green/eval/test_eval_results.csv
Rdomain,Green,Cruci_CruV-801,1,0.4317234,0,False,0,False,0,False,/workspace/cruci-classifier/results/grid_esm35m_corrected_20260614/Rdomain/Green/eval/test_eval_results.csv
Rdomain,Green,Ribo_ND_174691,0,0.05671497,0,True,0,True,0,True,/workspace/cruci-classifier/results/grid_esm35m_corrected_20260614/Rdomain/Green/eval/test_eval_results.csv
Rdomain,Green,Ribo_ND_172616,0,0.11734076,0,True,0,True,0,True,/workspace/cruci-classifier/results/grid_esm35m_corrected_20260614/Rdomain/Green/eval/test_eval_results.csv
Rdomain,Green,Ribo_ND_112591,0,0.11665565,0,True,0,True,0,True,/workspace/cruci-classifier/results/grid_esm35m_corrected_20260614/Rdomain/Green/eval/test_eval_results.csv
Rdomain,Green,Ribo_ND_058928,0,0.09070223,0,True,0,True,0,True,/workspace/cruci-classifier/results/grid_esm35m_corrected_20260614/Rdomain/Green/eval/test_eval_results.csv
Rdomain,Green,Ribo_ND_114974,0,0.046454713,0,True,0,True,0,True,/workspace/cruci-classifier/results/grid_esm35m_corrected_20260614/Rdomain/Green/eval/test_eval_results.csv
Rdomain,Green,Ribo_ND_134565,0,0.5781276,1,False,1,False,1,False,/workspace/cruci-classifier/results/grid_esm35m_corrected_20260614/Rdomain/Green/eval/test_eval_results.csv
Rdomain,Green,Ribo_ND_166391,0,0.12014287,0,True,0,True,0,True,/workspace/cruci-classifier/results/grid_esm35m_corrected_20260614/Rdomain/Green/eval/test_eval_results.csv
Rdomain,Green,Ribo_ND_092948,0,0.17179954,0,True,0,True,0,True,/workspace/cruci-classifier/results/grid_esm35m_corrected_20260614/Rdomain/Green/eval/test_eval_results.csv
Rdomain,Green,Ribo_ND_175203,0,0.08030739,0,True,0,True,0,True,/workspace/cruci-classifier/results/grid_esm35m_corrected_20260614/Rdomain/Green/eval/test_eval_results.csv
Rdomain,Green,Ribo_ND_385031,0,0.12940831,0,True,0,True,0,True,/workspace/cruci-classifier/results/grid_esm35m_corrected_20260614/Rdomain/Green/eval/test_eval_results.csv
Rdomain,Green,Ribo_ND_095482,0,0.22298124,0,True,0,True,0,True,/workspace/cruci-classifier/results/grid_esm35m_corrected_20260614/Rdomain/Green/eval/test_eval_results.csv
Rdomain,Green,Ribo_ND_058275,0,0.16782942,0,True,0,True,0,True,/workspace/cruci-classifier/results/grid_esm35m_corrected_20260614/Rdomain/Green/eval/test_eval_results.csv
Rdomain,Green,Cruci_CruV_529,1,0.5899564,1,True,1,True,1,True,/workspace/cruci-classifier/results/grid_esm35m_corrected_20260614/Rdomain/Green/eval/test_eval_results.csv
Rdomain,Green,Ribo_ND_341362,0,0.14218767,0,True,0,True,0,True,/workspace/cruci-classifier/results/grid_esm35m_corrected_20260614/Rdomain/Green/eval/test_eval_results.csv
Rdomain,Green,Ribo_ND_168965,0,0.19892177,0,True,0,True,0,True,/workspace/cruci-classifier/results/grid_esm35m_corrected_20260614/Rdomain/Green/eval/test_eval_results.csv
Rdomain,Green,Cruci_CruV-789,1,0.4664337,0,False,0,False,0,False,/workspace/cruci-classifier/results/grid_esm35m_corrected_20260614/Rdomain/Green/eval/test_eval_results.csv
Rdomain,Green,Ribo_ND_127922,0,0.09527922,0,True,0,True,0,True,/workspace/cruci-classifier/results/grid_esm35m_corrected_20260614/Rdomain/Green/eval/test_eval_results.csv
Rdomain,Green,Cruci_CruV-934,1,0.45694882,0,False,0,False,0,False,/workspace/cruci-classifier/results/grid_esm35m_corrected_20260614/Rdomain/Green/eval/test_eval_results.csv
Rdomain,Green,Ribo_JAAOEH010001851.1,0,0.2539603,0,True,0,True,0,True,/workspace/cruci-classifier/results/grid_esm35m_corrected_20260614/Rdomain/Green/eval/test_eval_results.csv
Rdomain,Green,Ribo_ND_053539,0,0.16619007,0,True,0,True,0,True,/workspace/cruci-classifier/results/grid_esm35m_corrected_20260614/Rdomain/Green/eval/test_eval_results.csv
Rdomain,Green,Ribo_ND_045947,0,0.025402322,0,True,0,True,0,True,/workspace/cruci-classifier/results/grid_esm35m_corrected_20260614/Rdomain/Green/eval/test_eval_results.csv
Rdomain,Green,Ribo_ND_184895,0,0.18238515,0,True,0,True,0,True,/workspace/cruci-classifier/results/grid_esm35m_corrected_20260614/Rdomain/Green/eval/test_eval_results.csv
Rdomain,Green,Ribo_ND_056260,0,0.24104042,0,True,0,True,0,True,/workspace/cruci-classifier/results/grid_esm35m_corrected_20260614/Rdomain/Green/eval/test_eval_results.csv
Rdomain,Green,Ribo_ND_130501,0,0.09106943,0,True,0,True,0,True,/workspace/cruci-classifier/results/grid_esm35m_corrected_20260614/Rdomain/Green/eval/test_eval_results.csv
Rdomain,Green,Cruci_CruV-935,1,0.9782332,1,True,1,True,1,True,/workspace/cruci-classifier/results/grid_esm35m_corrected_20260614/Rdomain/Green/eval/test_eval_results.csv
Rdomain,Green,Ribo_ND_183764,0,0.12982637,0,True,0,True,0,True,/workspace/cruci-classifier/results/grid_esm35m_corrected_20260614/Rdomain/Green/eval/test_eval_results.csv
Rdomain,Green,Ribo_ND_251103,0,0.0335278,0,True,0,True,0,True,/workspace/cruci-classifier/results/grid_esm35m_corrected_20260614/Rdomain/Green/eval/test_eval_results.csv
Rdomain,Green,Ribo_ND_389814,0,0.05650741,0,True,0,True,0,True,/workspace/cruci-classifier/results/grid_esm35m_corrected_20260614/Rdomain/Green/eval/test_eval_results.csv
Rdomain,Green,Ribo_ND_249827,0,0.01654592,0,True,0,True,0,True,/workspace/cruci-classifier/results/grid_esm35m_corrected_20260614/Rdomain/Green/eval/test_eval_results.csv
Rdomain,Green,Ribo_ND_345044,0,0.2066701,0,True,0,True,0,True,/workspace/cruci-classifier/results/grid_esm35m_corrected_20260614/Rdomain/Green/eval/test_eval_results.csv
Rdomain,Green,Ribo_ND_256267,0,0.03916197,0,True,0,True,0,True,/workspace/cruci-classifier/results/grid_esm35m_corrected_20260614/Rdomain/Green/eval/test_eval_results.csv
Rdomain,Green,Ribo_JAAOEH010002267.1,0,0.5249606,1,False,1,False,1,False,/workspace/cruci-classifier/results/grid_esm35m_corrected_20260614/Rdomain/Green/eval/test_eval_results.csv
Rdomain,Green,Ribo_ND_093165,0,0.34039867,0,True,0,True,0,True,/workspace/cruci-classifier/results/grid_esm35m_corrected_20260614/Rdomain/Green/eval/test_eval_results.csv
Rdomain,Green,Ribo_JAAOEH010001875.1,0,0.12945704,0,True,0,True,0,True,/workspace/cruci-classifier/results/grid_esm35m_corrected_20260614/Rdomain/Green/eval/test_eval_results.csv
Rdomain,Green,Ribo_ND_185431,0,0.20798749,0,True,0,True,0,True,/workspace/cruci-classifier/results/grid_esm35m_corrected_20260614/Rdomain/Green/eval/test_eval_results.csv
Rdomain,Green,Ribo_ND_286562,0,0.29973626,0,True,0,True,0,True,/workspace/cruci-classifier/results/grid_esm35m_corrected_20260614/Rdomain/Green/eval/test_eval_results.csv
Rdomain,Green,Ribo_ND_133460,0,0.14496656,0,True,0,True,0,True,/workspace/cruci-classifier/results/grid_esm35m_corrected_20260614/Rdomain/Green/eval/test_eval_results.csv
Rdomain,Green,Ribo_Ga0127507_1003872,0,0.061329335,0,True,0,True,0,True,/workspace/cruci-classifier/results/grid_esm35m_corrected_20260614/Rdomain/Green/eval/test_eval_results.csv
Rdomain,Green,Ribo_ND_202418,0,0.05030354,0,True,0,True,0,True,/workspace/cruci-classifier/results/grid_esm35m_corrected_20260614/Rdomain/Green/eval/test_eval_results.csv
Rdomain,Green,Ribo_ND_024955,0,0.049768664,0,True,0,True,0,True,/workspace/cruci-classifier/results/grid_esm35m_corrected_20260614/Rdomain/Green/eval/test_eval_results.csv
Rdomain,Green,Cruci_CruV-936,1,0.92244565,1,True,1,True,1,True,/workspace/cruci-classifier/results/grid_esm35m_corrected_20260614/Rdomain/Green/eval/test_eval_results.csv
Rdomain,Green,Cruci_CruV-955,1,0.99234265,1,True,1,True,1,True,/workspace/cruci-classifier/results/grid_esm35m_corrected_20260614/Rdomain/Green/eval/test_eval_results.csv
Rdomain,Green,Ribo_ND_180439,0,0.2959923,0,True,0,True,0,True,/workspace/cruci-classifier/results/grid_esm35m_corrected_20260614/Rdomain/Green/eval/test_eval_results.csv
Rdomain,Green,Ribo_ND_190342,0,0.025013505,0,True,0,True,0,True,/workspace/cruci-classifier/results/grid_esm35m_corrected_20260614/Rdomain/Green/eval/test_eval_results.csv
Rdomain,Green,Ribo_ND_209726,0,0.14805134,0,True,0,True,0,True,/workspace/cruci-classifier/results/grid_esm35m_corrected_20260614/Rdomain/Green/eval/test_eval_results.csv
Rdomain,Green,Ribo_ND_056123,0,0.08569495,0,True,0,True,0,True,/workspace/cruci-classifier/results/grid_esm35m_corrected_20260614/Rdomain/Green/eval/test_eval_results.csv
Rdomain,Green,Ribo_ND_018983,0,0.019775983,0,True,0,True,0,True,/workspace/cruci-classifier/results/grid_esm35m_corrected_20260614/Rdomain/Green/eval/test_eval_results.csv
Rdomain,Green,Ribo_ND_249837,0,0.22037797,0,True,0,True,0,True,/workspace/cruci-classifier/results/grid_esm35m_corrected_20260614/Rdomain/Green/eval/test_eval_results.csv
Rdomain,Green,Ribo_ND_043569,0,0.016637681,0,True,0,True,0,True,/workspace/cruci-classifier/results/grid_esm35m_corrected_20260614/Rdomain/Green/eval/test_eval_results.csv
Rdomain,Green,Ribo_ND_177732,0,0.118009314,0,True,0,True,0,True,/workspace/cruci-classifier/results/grid_esm35m_corrected_20260614/Rdomain/Green/eval/test_eval_results.csv
Rdomain,Green,Cruci_CruV-760,1,0.057462227,0,False,0,False,0,False,/workspace/cruci-classifier/results/grid_esm35m_corrected_20260614/Rdomain/Green/eval/test_eval_results.csv
Rdomain,Green,Cruci_CruV_385,1,0.28953266,0,False,0,False,0,False,/workspace/cruci-classifier/results/grid_esm35m_corrected_20260614/Rdomain/Green/eval/test_eval_results.csv
Rdomain,Green,Cruci_CruV-949,1,0.96574366,1,True,1,True,1,True,/workspace/cruci-classifier/results/grid_esm35m_corrected_20260614/Rdomain/Green/eval/test_eval_results.csv
Rdomain,Green,Cruci_CruV-852,1,0.055755407,0,False,0,False,0,False,/workspace/cruci-classifier/results/grid_esm35m_corrected_20260614/Rdomain/Green/eval/test_eval_results.csv
Rdomain,Green,Ribo_JAAOEH010001482.1,0,0.16044736,0,True,0,True,0,True,/workspace/cruci-classifier/results/grid_esm35m_corrected_20260614/Rdomain/Green/eval/test_eval_results.csv
Rdomain,Green,Ribo_ND_221227,0,0.1485678,0,True,0,True,0,True,/workspace/cruci-classifier/results/grid_esm35m_corrected_20260614/Rdomain/Green/eval/test_eval_results.csv
Rdomain,Green,Ribo_ND_030557,0,0.071408056,0,True,0,True,0,True,/workspace/cruci-classifier/results/grid_esm35m_corrected_20260614/Rdomain/Green/eval/test_eval_results.csv
Rdomain,Green,Ribo_ND_343365,0,0.0065898215,0,True,0,True,0,True,/workspace/cruci-classifier/results/grid_esm35m_corrected_20260614/Rdomain/Green/eval/test_eval_results.csv
Rdomain,Green,Ribo_ND_175769,0,0.13699673,0,True,0,True,0,True,/workspace/cruci-classifier/results/grid_esm35m_corrected_20260614/Rdomain/Green/eval/test_eval_results.csv
Rdomain,Green,Ribo_ND_327002,0,0.060063723,0,True,0,True,0,True,/workspace/cruci-classifier/results/grid_esm35m_corrected_20260614/Rdomain/Green/eval/test_eval_results.csv
Rdomain,Green,Ribo_ND_092480,0,0.024190918,0,True,0,True,0,True,/workspace/cruci-classifier/results/grid_esm35m_corrected_20260614/Rdomain/Green/eval/test_eval_results.csv
Rdomain,Green,Ribo_ND_018898,0,0.01913011,0,True,0,True,0,True,/workspace/cruci-classifier/results/grid_esm35m_corrected_20260614/Rdomain/Green/eval/test_eval_results.csv
Rdomain,Green,Ribo_ND_358846,0,0.010019968,0,True,0,True,0,True,/workspace/cruci-classifier/results/grid_esm35m_corrected_20260614/Rdomain/Green/eval/test_eval_results.csv
Rdomain,Green,Ribo_ND_184068,0,0.1379411,0,True,0,True,0,True,/workspace/cruci-classifier/results/grid_esm35m_corrected_20260614/Rdomain/Green/eval/test_eval_results.csv
Rdomain,Green,Ribo_ND_146036,0,0.021855727,0,True,0,True,0,True,/workspace/cruci-classifier/results/grid_esm35m_corrected_20260614/Rdomain/Green/eval/test_eval_results.csv
Rdomain,Green,Ribo_ND_179581,0,0.08756742,0,True,0,True,0,True,/workspace/cruci-classifier/results/grid_esm35m_corrected_20260614/Rdomain/Green/eval/test_eval_results.csv
Rdomain,Green,Ribo_ND_044426,0,0.1970824,0,True,0,True,0,True,/workspace/cruci-classifier/results/grid_esm35m_corrected_20260614/Rdomain/Green/eval/test_eval_results.csv
Rdomain,Green,Ribo_ND_028274,0,0.018419666,0,True,0,True,0,True,/workspace/cruci-classifier/results/grid_esm35m_corrected_20260614/Rdomain/Green/eval/test_eval_results.csv
Rdomain,Green,Cruci_CruV_498,1,0.9681336,1,True,1,True,1,True,/workspace/cruci-classifier/results/grid_esm35m_corrected_20260614/Rdomain/Green/eval/test_eval_results.csv
Rdomain,Green,Ribo_ND_114322,0,0.12892902,0,True,0,True,0,True,/workspace/cruci-classifier/results/grid_esm35m_corrected_20260614/Rdomain/Green/eval/test_eval_results.csv
Rdomain,Green,Ribo_ND_114912,0,0.24280405,0,True,0,True,0,True,/workspace/cruci-classifier/results/grid_esm35m_corrected_20260614/Rdomain/Green/eval/test_eval_results.csv
Rdomain,Green,Ribo_ND_325601,0,0.06105192,0,True,0,True,0,True,/workspace/cruci-classifier/results/grid_esm35m_corrected_20260614/Rdomain/Green/eval/test_eval_results.csv
Rdomain,Green,Ribo_ND_276198,0,0.16301541,0,True,0,True,0,True,/workspace/cruci-classifier/results/grid_esm35m_corrected_20260614/Rdomain/Green/eval/test_eval_results.csv
Rdomain,Green,Ribo_ND_126777,0,0.24409392,0,True,0,True,0,True,/workspace/cruci-classifier/results/grid_esm35m_corrected_20260614/Rdomain/Green/eval/test_eval_results.csv
Rdomain,Green,Ribo_ND_122974,0,0.0069644614,0,True,0,True,0,True,/workspace/cruci-classifier/results/grid_esm35m_corrected_20260614/Rdomain/Green/eval/test_eval_results.csv
Rdomain,Green,Ribo_ND_169315,0,0.51774555,1,False,1,False,1,False,/workspace/cruci-classifier/results/grid_esm35m_corrected_20260614/Rdomain/Green/eval/test_eval_results.csv
Rdomain,Green,Ribo_ND_295394,0,0.06596161,0,True,0,True,0,True,/workspace/cruci-classifier/results/grid_esm35m_corrected_20260614/Rdomain/Green/eval/test_eval_results.csv
Rdomain,Green,Ribo_ND_294841,0,0.03957725,0,True,0,True,0,True,/workspace/cruci-classifier/results/grid_esm35m_corrected_20260614/Rdomain/Green/eval/test_eval_results.csv
Rdomain,Green,Ribo_ND_043886,0,0.051090814,0,True,0,True,0,True,/workspace/cruci-classifier/results/grid_esm35m_corrected_20260614/Rdomain/Green/eval/test_eval_results.csv
Rdomain,Green,Cruci_CruV_381,1,0.9761772,1,True,1,True,1,True,/workspace/cruci-classifier/results/grid_esm35m_corrected_20260614/Rdomain/Green/eval/test_eval_results.csv
Rdomain,Green,Ribo_ND_281976,0,0.06611124,0,True,0,True,0,True,/workspace/cruci-classifier/results/grid_esm35m_corrected_20260614/Rdomain/Green/eval/test_eval_results.csv
Rdomain,Green,Ribo_ND_084066,0,0.033717338,0,True,0,True,0,True,/workspace/cruci-classifier/results/grid_esm35m_corrected_20260614/Rdomain/Green/eval/test_eval_results.csv
Rdomain,Green,Ribo_ND_112030,0,0.037165243,0,True,0,True,0,True,/workspace/cruci-classifier/results/grid_esm35m_corrected_20260614/Rdomain/Green/eval/test_eval_results.csv
Rdomain,Green,Ribo_ND_230750,0,0.13908164,0,True,0,True,0,True,/workspace/cruci-classifier/results/grid_esm35m_corrected_20260614/Rdomain/Green/eval/test_eval_results.csv
Rdomain,Green,Ribo_ND_226143,0,0.12225808,0,True,0,True,0,True,/workspace/cruci-classifier/results/grid_esm35m_corrected_20260614/Rdomain/Green/eval/test_eval_results.csv
Rdomain,Green,Cruci_CruV-959,1,0.94947684,1,True,1,True,1,True,/workspace/cruci-classifier/results/grid_esm35m_corrected_20260614/Rdomain/Green/eval/test_eval_results.csv
Rdomain,Green,Ribo_ND_327486,0,0.11338085,0,True,0,True,0,True,/workspace/cruci-classifier/results/grid_esm35m_corrected_20260614/Rdomain/Green/eval/test_eval_results.csv
Rdomain,Green,Ribo_ND_099904,0,0.030509077,0,True,0,True,0,True,/workspace/cruci-classifier/results/grid_esm35m_corrected_20260614/Rdomain/Green/eval/test_eval_results.csv
Rdomain,Green,Ribo_ND_045405,0,0.056395732,0,True,0,True,0,True,/workspace/cruci-classifier/results/grid_esm35m_corrected_20260614/Rdomain/Green/eval/test_eval_results.csv
Rdomain,Green,Cruci_CruV-930,1,0.051139705,0,False,0,False,0,False,/workspace/cruci-classifier/results/grid_esm35m_corrected_20260614/Rdomain/Green/eval/test_eval_results.csv
Rdomain,Green,Ribo_ND_095233,0,0.1510076,0,True,0,True,0,True,/workspace/cruci-classifier/results/grid_esm35m_corrected_20260614/Rdomain/Green/eval/test_eval_results.csv
Rdomain,Green,Ribo_ND_151781,0,0.14266594,0,True,0,True,0,True,/workspace/cruci-classifier/results/grid_esm35m_corrected_20260614/Rdomain/Green/eval/test_eval_results.csv
Rdomain,Green,Ribo_ND_350465,0,0.0912035,0,True,0,True,0,True,/workspace/cruci-classifier/results/grid_esm35m_corrected_20260614/Rdomain/Green/eval/test_eval_results.csv
Rdomain,Green,Ribo_ND_134820,0,0.24618459,0,True,0,True,0,True,/workspace/cruci-classifier/results/grid_esm35m_corrected_20260614/Rdomain/Green/eval/test_eval_results.csv
Rdomain,Green,Ribo_ND_070705,0,0.0068081343,0,True,0,True,0,True,/workspace/cruci-classifier/results/grid_esm35m_corrected_20260614/Rdomain/Green/eval/test_eval_results.csv
Rdomain,Green,Ribo_ND_066936,0,0.17137115,0,True,0,True,0,True,/workspace/cruci-classifier/results/grid_esm35m_corrected_20260614/Rdomain/Green/eval/test_eval_results.csv
Rdomain,Green,Ribo_ND_124466,0,0.029332418,0,True,0,True,0,True,/workspace/cruci-classifier/results/grid_esm35m_corrected_20260614/Rdomain/Green/eval/test_eval_results.csv
Rdomain,Green,Ribo_ND_337560,0,0.010998125,0,True,0,True,0,True,/workspace/cruci-classifier/results/grid_esm35m_corrected_20260614/Rdomain/Green/eval/test_eval_results.csv
Rdomain,Green,Ribo_ND_025243,0,0.12149153,0,True,0,True,0,True,/workspace/cruci-classifier/results/grid_esm35m_corrected_20260614/Rdomain/Green/eval/test_eval_results.csv
Rdomain,Green,Ribo_ND_391455,0,0.18780595,0,True,0,True,0,True,/workspace/cruci-classifier/results/grid_esm35m_corrected_20260614/Rdomain/Green/eval/test_eval_results.csv
Rdomain,Green,Ribo_ND_025424,0,0.020471165,0,True,0,True,0,True,/workspace/cruci-classifier/results/grid_esm35m_corrected_20260614/Rdomain/Green/eval/test_eval_results.csv
Rdomain,Green,Ribo_ND_166797,0,0.10160318,0,True,0,True,0,True,/workspace/cruci-classifier/results/grid_esm35m_corrected_20260614/Rdomain/Green/eval/test_eval_results.csv
Rdomain,Green,Ribo_ND_290971,0,0.12413188,0,True,0,True,0,True,/workspace/cruci-classifier/results/grid_esm35m_corrected_20260614/Rdomain/Green/eval/test_eval_results.csv
Rdomain,Green,Ribo_ND_387994,0,0.105483264,0,True,0,True,0,True,/workspace/cruci-classifier/results/grid_esm35m_corrected_20260614/Rdomain/Green/eval/test_eval_results.csv
Rdomain,Green,Ribo_ND_131407,0,0.06864732,0,True,0,True,0,True,/workspace/cruci-classifier/results/grid_esm35m_corrected_20260614/Rdomain/Green/eval/test_eval_results.csv
Rdomain,Green,Ribo_ND_165277,0,0.05742246,0,True,0,True,0,True,/workspace/cruci-classifier/results/grid_esm35m_corrected_20260614/Rdomain/Green/eval/test_eval_results.csv
Rdomain,Green,Cruci_CruV_530,1,0.8240127,1,True,1,True,1,True,/workspace/cruci-classifier/results/grid_esm35m_corrected_20260614/Rdomain/Green/eval/test_eval_results.csv
Rdomain,Green,Ribo_ND_083099,0,0.03481493,0,True,0,True,0,True,/workspace/cruci-classifier/results/grid_esm35m_corrected_20260614/Rdomain/Green/eval/test_eval_results.csv
Rdomain,Green,Ribo_ND_057533,0,0.025043216,0,True,0,True,0,True,/workspace/cruci-classifier/results/grid_esm35m_corrected_20260614/Rdomain/Green/eval/test_eval_results.csv
Rdomain,Green,Ribo_ND_018979,0,0.024946447,0,True,0,True,0,True,/workspace/cruci-classifier/results/grid_esm35m_corrected_20260614/Rdomain/Green/eval/test_eval_results.csv
Rdomain,Green,Ribo_NC_032880,0,0.024946447,0,True,0,True,0,True,/workspace/cruci-classifier/results/grid_esm35m_corrected_20260614/Rdomain/Green/eval/test_eval_results.csv
Rdomain,Green,Cruci_CruV_514,1,0.4839563,0,False,0,False,0,False,/workspace/cruci-classifier/results/grid_esm35m_corrected_20260614/Rdomain/Green/eval/test_eval_results.csv
Rdomain,Green,Ribo_ND_152036,0,0.038897686,0,True,0,True,0,True,/workspace/cruci-classifier/results/grid_esm35m_corrected_20260614/Rdomain/Green/eval/test_eval_results.csv
Rdomain,Green,Ribo_ND_149174,0,0.087986976,0,True,0,True,0,True,/workspace/cruci-classifier/results/grid_esm35m_corrected_20260614/Rdomain/Green/eval/test_eval_results.csv
Rdomain,Green,Ribo_ND_130292,0,0.06796682,0,True,0,True,0,True,/workspace/cruci-classifier/results/grid_esm35m_corrected_20260614/Rdomain/Green/eval/test_eval_results.csv
Rdomain,Green,Ribo_ND_132240,0,0.14006983,0,True,0,True,0,True,/workspace/cruci-classifier/results/grid_esm35m_corrected_20260614/Rdomain/Green/eval/test_eval_results.csv
Rdomain,Green,Ribo_ND_210078,0,0.0706807,0,True,0,True,0,True,/workspace/cruci-classifier/results/grid_esm35m_corrected_20260614/Rdomain/Green/eval/test_eval_results.csv
Rdomain,Green,Ribo_ND_095983,0,0.11210813,0,True,0,True,0,True,/workspace/cruci-classifier/results/grid_esm35m_corrected_20260614/Rdomain/Green/eval/test_eval_results.csv
Rdomain,Green,Ribo_ND_086097,0,0.028996347,0,True,0,True,0,True,/workspace/cruci-classifier/results/grid_esm35m_corrected_20260614/Rdomain/Green/eval/test_eval_results.csv
Rdomain,Green,Ribo_ND_344308,0,0.026117679,0,True,0,True,0,True,/workspace/cruci-classifier/results/grid_esm35m_corrected_20260614/Rdomain/Green/eval/test_eval_results.csv
Rdomain,Green,Ribo_ND_350470,0,0.016146826,0,True,0,True,0,True,/workspace/cruci-classifier/results/grid_esm35m_corrected_20260614/Rdomain/Green/eval/test_eval_results.csv
Rdomain,Green,Ribo_NC_033443,0,0.018851263,0,True,0,True,0,True,/workspace/cruci-classifier/results/grid_esm35m_corrected_20260614/Rdomain/Green/eval/test_eval_results.csv
Rdomain,Green,Ribo_ND_164838,0,0.01670352,0,True,0,True,0,True,/workspace/cruci-classifier/results/grid_esm35m_corrected_20260614/Rdomain/Green/eval/test_eval_results.csv
Rdomain,Green,Ribo_ND_386284,0,0.1327746,0,True,0,True,0,True,/workspace/cruci-classifier/results/grid_esm35m_corrected_20260614/Rdomain/Green/eval/test_eval_results.csv
Rdomain,Green,Ribo_ND_151495,0,0.076122686,0,True,0,True,0,True,/workspace/cruci-classifier/results/grid_esm35m_corrected_20260614/Rdomain/Green/eval/test_eval_results.csv
Rdomain,Green,Cruci_Ariz_MW697584,1,0.5295183,1,True,1,True,1,True,/workspace/cruci-classifier/results/grid_esm35m_corrected_20260614/Rdomain/Green/eval/test_eval_results.csv
Rdomain,Green,Ribo_ND_279514,0,0.08419204,0,True,0,True,0,True,/workspace/cruci-classifier/results/grid_esm35m_corrected_20260614/Rdomain/Green/eval/test_eval_results.csv
Rdomain,Green,Ribo_ND_092887,0,0.07920401,0,True,0,True,0,True,/workspace/cruci-classifier/results/grid_esm35m_corrected_20260614/Rdomain/Green/eval/test_eval_results.csv
Rdomain,Green,Ribo_JAAOEH010002127.1,0,0.057635404,0,True,0,True,0,True,/workspace/cruci-classifier/results/grid_esm35m_corrected_20260614/Rdomain/Green/eval/test_eval_results.csv
Rdomain,Green,Ribo_ND_345468,0,0.06315277,0,True,0,True,0,True,/workspace/cruci-classifier/results/grid_esm35m_corrected_20260614/Rdomain/Green/eval/test_eval_results.csv
Rdomain,Green,Ribo_ND_230736,0,0.0269289,0,True,0,True,0,True,/workspace/cruci-classifier/results/grid_esm35m_corrected_20260614/Rdomain/Green/eval/test_eval_results.csv
Rdomain,Green,Ribo_ND_388731,0,0.23383819,0,True,0,True,0,True,/workspace/cruci-classifier/results/grid_esm35m_corrected_20260614/Rdomain/Green/eval/test_eval_results.csv
Rdomain,Green,Ribo_ND_365659,0,0.016117211,0,True,0,True,0,True,/workspace/cruci-classifier/results/grid_esm35m_corrected_20260614/Rdomain/Green/eval/test_eval_results.csv
Rdomain,Green,Ribo_ND_134792,0,0.041048832,0,True,0,True,0,True,/workspace/cruci-classifier/results/grid_esm35m_corrected_20260614/Rdomain/Green/eval/test_eval_results.csv
Rdomain,Green,Ribo_ND_096037,0,0.17957935,0,True,0,True,0,True,/workspace/cruci-classifier/results/grid_esm35m_corrected_20260614/Rdomain/Green/eval/test_eval_results.csv
Rdomain,Green,Ribo_ND_321366,0,0.027659694,0,True,0,True,0,True,/workspace/cruci-classifier/results/grid_esm35m_corrected_20260614/Rdomain/Green/eval/test_eval_results.csv
Rdomain,Green,Ribo_ND_187623,0,0.04238267,0,True,0,True,0,True,/workspace/cruci-classifier/results/grid_esm35m_corrected_20260614/Rdomain/Green/eval/test_eval_results.csv
Rdomain,Green,Ribo_ND_344864,0,0.15499273,0,True,0,True,0,True,/workspace/cruci-classifier/results/grid_esm35m_corrected_20260614/Rdomain/Green/eval/test_eval_results.csv
Rdomain,Green,Ribo_NC_032884,0,0.017437125,0,True,0,True,0,True,/workspace/cruci-classifier/results/grid_esm35m_corrected_20260614/Rdomain/Green/eval/test_eval_results.csv
Rdomain,Green,Ribo_ND_025153,0,0.005823321,0,True,0,True,0,True,/workspace/cruci-classifier/results/grid_esm35m_corrected_20260614/Rdomain/Green/eval/test_eval_results.csv
Rdomain,Green,Ribo_ND_387689,0,0.04459657,0,True,0,True,0,True,/workspace/cruci-classifier/results/grid_esm35m_corrected_20260614/Rdomain/Green/eval/test_eval_results.csv
Rdomain,Green,Ribo_ND_365732,0,0.02406911,0,True,0,True,0,True,/workspace/cruci-classifier/results/grid_esm35m_corrected_20260614/Rdomain/Green/eval/test_eval_results.csv
Rdomain,Green,Ribo_ND_251120,0,0.013315936,0,True,0,True,0,True,/workspace/cruci-classifier/results/grid_esm35m_corrected_20260614/Rdomain/Green/eval/test_eval_results.csv
Rdomain,Green,Ribo_ND_121885,0,0.21759018,0,True,0,True,0,True,/workspace/cruci-classifier/results/grid_esm35m_corrected_20260614/Rdomain/Green/eval/test_eval_results.csv
Rdomain,Green,Ribo_ND_251071,0,0.036839906,0,True,0,True,0,True,/workspace/cruci-classifier/results/grid_esm35m_corrected_20260614/Rdomain/Green/eval/test_eval_results.csv
Rdomain,Green,Ribo_ND_281801,0,0.018493481,0,True,0,True,0,True,/workspace/cruci-classifier/results/grid_esm35m_corrected_20260614/Rdomain/Green/eval/test_eval_results.csv
Rdomain,Green,Ribo_ND_084466,0,0.06387649,0,True,0,True,0,True,/workspace/cruci-classifier/results/grid_esm35m_corrected_20260614/Rdomain/Green/eval/test_eval_results.csv
Rdomain,Green,Ribo_ND_233410,0,0.15557991,0,True,0,True,0,True,/workspace/cruci-classifier/results/grid_esm35m_corrected_20260614/Rdomain/Green/eval/test_eval_results.csv
Rdomain,Green,Ribo_ND_293168,0,0.06828136,0,True,0,True,0,True,/workspace/cruci-classifier/results/grid_esm35m_corrected_20260614/Rdomain/Green/eval/test_eval_results.csv
Rdomain,Green,Cruci_CruV-802,1,0.82724154,1,True,1,True,1,True,/workspace/cruci-classifier/results/grid_esm35m_corrected_20260614/Rdomain/Green/eval/test_eval_results.csv
Rdomain,Green,Ribo_ND_075631,0,0.03823675,0,True,0,True,0,True,/workspace/cruci-classifier/results/grid_esm35m_corrected_20260614/Rdomain/Green/eval/test_eval_results.csv
Rdomain,Green,Ribo_ND_128801,0,0.32050404,0,True,0,True,0,True,/workspace/cruci-classifier/results/grid_esm35m_corrected_20260614/Rdomain/Green/eval/test_eval_results.csv
Rdomain,Green,Ribo_ND_057098,0,0.029815223,0,True,0,True,0,True,/workspace/cruci-classifier/results/grid_esm35m_corrected_20260614/Rdomain/Green/eval/test_eval_results.csv
Rdomain,Green,Ribo_ND_056464,0,0.046306353,0,True,0,True,0,True,/workspace/cruci-classifier/results/grid_esm35m_corrected_20260614/Rdomain/Green/eval/test_eval_results.csv
Rdomain,Green,Ribo_ND_339599,0,0.15301956,0,True,0,True,0,True,/workspace/cruci-classifier/results/grid_esm35m_corrected_20260614/Rdomain/Green/eval/test_eval_results.csv
Rdomain,Green,Ribo_ND_251123,0,0.03423116,0,True,0,True,0,True,/workspace/cruci-classifier/results/grid_esm35m_corrected_20260614/Rdomain/Green/eval/test_eval_results.csv
Rdomain,Green,Ribo_ND_056137,0,0.08601928,0,True,0,True,0,True,/workspace/cruci-classifier/results/grid_esm35m_corrected_20260614/Rdomain/Green/eval/test_eval_results.csv
Rdomain,Green,Ribo_ND_043328,0,0.17720792,0,True,0,True,0,True,/workspace/cruci-classifier/results/grid_esm35m_corrected_20260614/Rdomain/Green/eval/test_eval_results.csv
Rdomain,Green,Ribo_ND_162995,0,0.09063066,0,True,0,True,0,True,/workspace/cruci-classifier/results/grid_esm35m_corrected_20260614/Rdomain/Green/eval/test_eval_results.csv
Rdomain,Green,Ribo_ND_249719,0,0.03164186,0,True,0,True,0,True,/workspace/cruci-classifier/results/grid_esm35m_corrected_20260614/Rdomain/Green/eval/test_eval_results.csv
Rdomain,Green,Ribo_ND_166578,0,0.3186298,0,True,0,True,0,True,/workspace/cruci-classifier/results/grid_esm35m_corrected_20260614/Rdomain/Green/eval/test_eval_results.csv
Rdomain,Green,Ribo_ND_278789,0,0.02827217,0,True,0,True,0,True,/workspace/cruci-classifier/results/grid_esm35m_corrected_20260614/Rdomain/Green/eval/test_eval_results.csv
Rdomain,Green,Ribo_ND_035541,0,0.09216894,0,True,0,True,0,True,/workspace/cruci-classifier/results/grid_esm35m_corrected_20260614/Rdomain/Green/eval/test_eval_results.csv
Rdomain,Green,Ribo_ND_066836,0,0.18537793,0,True,0,True,0,True,/workspace/cruci-classifier/results/grid_esm35m_corrected_20260614/Rdomain/Green/eval/test_eval_results.csv
Rdomain,Green,Ribo_ND_056534,0,0.041702487,0,True,0,True,0,True,/workspace/cruci-classifier/results/grid_esm35m_corrected_20260614/Rdomain/Green/eval/test_eval_results.csv
Rdomain,Green,Ribo_ND_278159,0,0.05895491,0,True,0,True,0,True,/workspace/cruci-classifier/results/grid_esm35m_corrected_20260614/Rdomain/Green/eval/test_eval_results.csv
Rdomain,Green,Ribo_ND_082205,0,0.047313098,0,True,0,True,0,True,/workspace/cruci-classifier/results/grid_esm35m_corrected_20260614/Rdomain/Green/eval/test_eval_results.csv
Rdomain,Green,Ribo_ND_146224,0,0.025389683,0,True,0,True,0,True,/workspace/cruci-classifier/results/grid_esm35m_corrected_20260614/Rdomain/Green/eval/test_eval_results.csv
Rdomain,Green,Ribo_ND_087436,0,0.04148991,0,True,0,True,0,True,/workspace/cruci-classifier/results/grid_esm35m_corrected_20260614/Rdomain/Green/eval/test_eval_results.csv
Rdomain,Green,Ribo_ND_391046,0,0.06254683,0,True,0,True,0,True,/workspace/cruci-classifier/results/grid_esm35m_corrected_20260614/Rdomain/Green/eval/test_eval_results.csv
Rdomain,Green,Ribo_ND_147366,0,0.21511586,0,True,0,True,0,True,/workspace/cruci-classifier/results/grid_esm35m_corrected_20260614/Rdomain/Green/eval/test_eval_results.csv
Rdomain,Green,Ribo_ND_187630,0,0.0033634927,0,True,0,True,0,True,/workspace/cruci-classifier/results/grid_esm35m_corrected_20260614/Rdomain/Green/eval/test_eval_results.csv
Rdomain,Green,Ribo_ND_341296,0,0.004082849,0,True,0,True,0,True,/workspace/cruci-classifier/results/grid_esm35m_corrected_20260614/Rdomain/Green/eval/test_eval_results.csv
Rdomain,Green,Ribo_ND_389837,0,0.09773058,0,True,0,True,0,True,/workspace/cruci-classifier/results/grid_esm35m_corrected_20260614/Rdomain/Green/eval/test_eval_results.csv
Rdomain,Green,Ribo_ND_390432,0,0.02729976,0,True,0,True,0,True,/workspace/cruci-classifier/results/grid_esm35m_corrected_20260614/Rdomain/Green/eval/test_eval_results.csv
Rdomain,Green,Ribo_ND_336234,0,0.13332166,0,True,0,True,0,True,/workspace/cruci-classifier/results/grid_esm35m_corrected_20260614/Rdomain/Green/eval/test_eval_results.csv
Rdomain,Green,Cruci_CruV-943,1,0.3023935,0,False,0,False,0,False,/workspace/cruci-classifier/results/grid_esm35m_corrected_20260614/Rdomain/Green/eval/test_eval_results.csv
Rdomain,Green,Ribo_ND_101966,0,0.10737606,0,True,0,True,0,True,/workspace/cruci-classifier/results/grid_esm35m_corrected_20260614/Rdomain/Green/eval/test_eval_results.csv
Rdomain,Green,Ribo_ND_335948,0,0.15012032,0,True,0,True,0,True,/workspace/cruci-classifier/results/grid_esm35m_corrected_20260614/Rdomain/Green/eval/test_eval_results.csv
Rdomain,Green,Ribo_ND_347441,0,0.17337717,0,True,0,True,0,True,/workspace/cruci-classifier/results/grid_esm35m_corrected_20260614/Rdomain/Green/eval/test_eval_results.csv
Rdomain,Green,Ribo_ND_151413,0,0.07236352,0,True,0,True,0,True,/workspace/cruci-classifier/results/grid_esm35m_corrected_20260614/Rdomain/Green/eval/test_eval_results.csv
Rdomain,Green,Ribo_ND_064866,0,0.07335454,0,True,0,True,0,True,/workspace/cruci-classifier/results/grid_esm35m_corrected_20260614/Rdomain/Green/eval/test_eval_results.csv
Rdomain,Green,Ribo_ND_024871,0,0.07335454,0,True,0,True,0,True,/workspace/cruci-classifier/results/grid_esm35m_corrected_20260614/Rdomain/Green/eval/test_eval_results.csv
Rdomain,Green,Cruci_CruV_489,1,0.038481846,0,False,0,False,0,False,/workspace/cruci-classifier/results/grid_esm35m_corrected_20260614/Rdomain/Green/eval/test_eval_results.csv
Rdomain,Green,Cruci_CruV-958,1,0.63484234,1,True,1,True,1,True,/workspace/cruci-classifier/results/grid_esm35m_corrected_20260614/Rdomain/Green/eval/test_eval_results.csv
Rdomain,Green,Ribo_ND_379577,0,0.22596198,0,True,0,True,0,True,/workspace/cruci-classifier/results/grid_esm35m_corrected_20260614/Rdomain/Green/eval/test_eval_results.csv
Rdomain,Green,Ribo_ND_386714,0,0.18944502,0,True,0,True,0,True,/workspace/cruci-classifier/results/grid_esm35m_corrected_20260614/Rdomain/Green/eval/test_eval_results.csv
Rdomain,Green,Ribo_ND_383206,0,0.0763771,0,True,0,True,0,True,/workspace/cruci-classifier/results/grid_esm35m_corrected_20260614/Rdomain/Green/eval/test_eval_results.csv
Rdomain,Green,Cruci_CruV-947,1,0.8342394,1,True,1,True,1,True,/workspace/cruci-classifier/results/grid_esm35m_corrected_20260614/Rdomain/Green/eval/test_eval_results.csv
Rdomain,Green,Ribo_ND_026643,0,0.43894732,0,True,0,True,0,True,/workspace/cruci-classifier/results/grid_esm35m_corrected_20260614/Rdomain/Green/eval/test_eval_results.csv
Rdomain,Green,Cruci_CruV-968,1,0.11469395,0,False,0,False,0,False,/workspace/cruci-classifier/results/grid_esm35m_corrected_20260614/Rdomain/Green/eval/test_eval_results.csv
Rdomain,Green,Ribo_ND_390200,0,0.09437034,0,True,0,True,0,True,/workspace/cruci-classifier/results/grid_esm35m_corrected_20260614/Rdomain/Green/eval/test_eval_results.csv
Rdomain,Green,Cruci_CruV-932,1,0.1479839,0,False,0,False,0,False,/workspace/cruci-classifier/results/grid_esm35m_corrected_20260614/Rdomain/Green/eval/test_eval_results.csv
Rdomain,Green,Ribo_ND_041978,0,0.076946646,0,True,0,True,0,True,/workspace/cruci-classifier/results/grid_esm35m_corrected_20260614/Rdomain/Green/eval/test_eval_results.csv
Rdomain,Green,Ribo_ND_363858,0,0.38785386,0,True,0,True,0,True,/workspace/cruci-classifier/results/grid_esm35m_corrected_20260614/Rdomain/Green/eval/test_eval_results.csv
Rdomain,Green,Ribo_ND_082062,0,0.16934384,0,True,0,True,0,True,/workspace/cruci-classifier/results/grid_esm35m_corrected_20260614/Rdomain/Green/eval/test_eval_results.csv
Rdomain,Green,Ribo_ND_326772,0,0.54893464,1,False,1,False,1,False,/workspace/cruci-classifier/results/grid_esm35m_corrected_20260614/Rdomain/Green/eval/test_eval_results.csv
Rdomain,Green,Ribo_ND_172611,0,0.07150205,0,True,0,True,0,True,/workspace/cruci-classifier/results/grid_esm35m_corrected_20260614/Rdomain/Green/eval/test_eval_results.csv
Rdomain,Green,Cruci_CruV-922,1,0.632207,1,True,1,True,1,True,/workspace/cruci-classifier/results/grid_esm35m_corrected_20260614/Rdomain/Green/eval/test_eval_results.csv
Rdomain,Green,Ribo_ND_019002,0,0.18584213,0,True,0,True,0,True,/workspace/cruci-classifier/results/grid_esm35m_corrected_20260614/Rdomain/Green/eval/test_eval_results.csv
Rdomain,Green,Ribo_ND_278441,0,0.1694834,0,True,0,True,0,True,/workspace/cruci-classifier/results/grid_esm35m_corrected_20260614/Rdomain/Green/eval/test_eval_results.csv
Rdomain,Green,Cruci_CruV-937,1,0.7150088,1,True,1,True,1,True,/workspace/cruci-classifier/results/grid_esm35m_corrected_20260614/Rdomain/Green/eval/test_eval_results.csv
Rdomain,Green,Cruci_CruV_458,1,0.68087935,1,True,1,True,1,True,/workspace/cruci-classifier/results/grid_esm35m_corrected_20260614/Rdomain/Green/eval/test_eval_results.csv
Rdomain,Green,Ribo_ND_056608,0,0.27932927,0,True,0,True,0,True,/workspace/cruci-classifier/results/grid_esm35m_corrected_20260614/Rdomain/Green/eval/test_eval_results.csv
Rdomain,Green,Cruci_CruV-960,1,0.82479215,1,True,1,True,1,True,/workspace/cruci-classifier/results/grid_esm35m_corrected_20260614/Rdomain/Green/eval/test_eval_results.csv
Rdomain,Green,Cruci_CruV-887,1,0.87055546,1,True,1,True,1,True,/workspace/cruci-classifier/results/grid_esm35m_corrected_20260614/Rdomain/Green/eval/test_eval_results.csv
Rdomain,Green,Cruci_CruV-888,1,0.87055546,1,True,1,True,1,True,/workspace/cruci-classifier/results/grid_esm35m_corrected_20260614/Rdomain/Green/eval/test_eval_results.csv
Rdomain,Green,Ribo_ND_066589,0,0.1210398,0,True,0,True,0,True,/workspace/cruci-classifier/results/grid_esm35m_corrected_20260614/Rdomain/Green/eval/test_eval_results.csv
Rdomain,Green,Cruci_CruV_515,1,0.42114058,0,False,0,False,0,False,/workspace/cruci-classifier/results/grid_esm35m_corrected_20260614/Rdomain/Green/eval/test_eval_results.csv
Rdomain,Green,Ribo_NC_033438,0,0.6150733,1,False,1,False,1,False,/workspace/cruci-classifier/results/grid_esm35m_corrected_20260614/Rdomain/Green/eval/test_eval_results.csv
Rdomain,Green,Cruci_CruV-938,1,0.7354285,1,True,1,True,1,True,/workspace/cruci-classifier/results/grid_esm35m_corrected_20260614/Rdomain/Green/eval/test_eval_results.csv
Rdomain,Green,Cruci_CruV-957,1,0.27721593,0,False,0,False,0,False,/workspace/cruci-classifier/results/grid_esm35m_corrected_20260614/Rdomain/Green/eval/test_eval_results.csv
Rdomain,Green,Cruci_CruV_517,1,0.6708518,1,True,1,True,1,True,/workspace/cruci-classifier/results/grid_esm35m_corrected_20260614/Rdomain/Green/eval/test_eval_results.csv
Rdomain,Green,Cruci_CruV_497,1,0.4775382,0,False,0,False,0,False,/workspace/cruci-classifier/results/grid_esm35m_corrected_20260614/Rdomain/Green/eval/test_eval_results.csv
Rdomain,Green,Cruci_CruV_513,1,0.77951074,1,True,1,True,1,True,/workspace/cruci-classifier/results/grid_esm35m_corrected_20260614/Rdomain/Green/eval/test_eval_results.csv
Rdomain,Green,Cruci_CruV_522,1,0.4553711,0,False,0,False,0,False,/workspace/cruci-classifier/results/grid_esm35m_corrected_20260614/Rdomain/Green/eval/test_eval_results.csv
Rdomain,Green,Cruci_CruV-814,1,0.9768289,1,True,1,True,1,True,/workspace/cruci-classifier/results/grid_esm35m_corrected_20260614/Rdomain/Green/eval/test_eval_results.csv
Rdomain,Green,Cruci_CruV_420_2,1,0.48297393,0,False,0,False,0,False,/workspace/cruci-classifier/results/grid_esm35m_corrected_20260614/Rdomain/Green/eval/test_eval_results.csv
Rdomain,Green,Ribo_ND_055821,0,0.2731249,0,True,0,True,0,True,/workspace/cruci-classifier/results/grid_esm35m_corrected_20260614/Rdomain/Green/eval/test_eval_results.csv
Rdomain,Green,Ribo_ND_019368,0,0.6529076,1,False,1,False,1,False,/workspace/cruci-classifier/results/grid_esm35m_corrected_20260614/Rdomain/Green/eval/test_eval_results.csv
Rdomain,Green,Ribo_ND_096062,0,0.7879449,1,False,1,False,1,False,/workspace/cruci-classifier/results/grid_esm35m_corrected_20260614/Rdomain/Green/eval/test_eval_results.csv
Rdomain,Green,Ribo_ND_095265,0,0.793526,1,False,1,False,1,False,/workspace/cruci-classifier/results/grid_esm35m_corrected_20260614/Rdomain/Green/eval/test_eval_results.csv
Rdomain,Green,Ribo_ND_385927,0,0.7737534,1,False,1,False,1,False,/workspace/cruci-classifier/results/grid_esm35m_corrected_20260614/Rdomain/Green/eval/test_eval_results.csv
Rdomain,Green,Ribo_ND_327463,0,0.7737534,1,False,1,False,1,False,/workspace/cruci-classifier/results/grid_esm35m_corrected_20260614/Rdomain/Green/eval/test_eval_results.csv
Rdomain,Green,Ribo_ND_087862,0,0.7097535,1,False,1,False,1,False,/workspace/cruci-classifier/results/grid_esm35m_corrected_20260614/Rdomain/Green/eval/test_eval_results.csv
Rdomain,Green,Ribo_ND_024746,0,0.7097535,1,False,1,False,1,False,/workspace/cruci-classifier/results/grid_esm35m_corrected_20260614/Rdomain/Green/eval/test_eval_results.csv
Rdomain,Green,Cruci_CruV-834,1,0.6622052,1,True,1,True,1,True,/workspace/cruci-classifier/results/grid_esm35m_corrected_20260614/Rdomain/Green/eval/test_eval_results.csv
Rdomain,Green,Cruci_CruV_538,1,0.85870373,1,True,1,True,1,True,/workspace/cruci-classifier/results/grid_esm35m_corrected_20260614/Rdomain/Green/eval/test_eval_results.csv
Rdomain,Green,Cruci_CruV-967,1,0.6617824,1,True,1,True,1,True,/workspace/cruci-classifier/results/grid_esm35m_corrected_20260614/Rdomain/Green/eval/test_eval_results.csv
Rdomain,Green,Cruci_CruV_483,1,0.741178,1,True,1,True,1,True,/workspace/cruci-classifier/results/grid_esm35m_corrected_20260614/Rdomain/Green/eval/test_eval_results.csv
Rdomain,Green,Ribo_ND_382385,0,0.7859427,1,False,1,False,1,False,/workspace/cruci-classifier/results/grid_esm35m_corrected_20260614/Rdomain/Green/eval/test_eval_results.csv
Rdomain,Green,Cruci_CruV-925,1,0.66043556,1,True,1,True,1,True,/workspace/cruci-classifier/results/grid_esm35m_corrected_20260614/Rdomain/Green/eval/test_eval_results.csv
Rdomain,Green,Cruci_CruV_493,1,0.8676197,1,True,1,True,1,True,/workspace/cruci-classifier/results/grid_esm35m_corrected_20260614/Rdomain/Green/eval/test_eval_results.csv
Rdomain,Green,Cruci_Cer_JAGYYM010003673,1,0.99819475,1,True,1,True,1,True,/workspace/cruci-classifier/results/grid_esm35m_corrected_20260614/Rdomain/Green/eval/test_eval_results.csv
Rdomain,Red,Ribo_ND_288221,0,0.3847226,0,True,0,True,0,True,/workspace/cruci-classifier/results/grid_esm35m_corrected_20260614/Rdomain/Red/eval/test_eval_results.csv
Rdomain,Red,Ribo_ND_284819,0,0.24295612,0,True,0,True,0,True,/workspace/cruci-classifier/results/grid_esm35m_corrected_20260614/Rdomain/Red/eval/test_eval_results.csv
Rdomain,Red,Ribo_ND_163206,0,0.048551522,0,True,0,True,0,True,/workspace/cruci-classifier/results/grid_esm35m_corrected_20260614/Rdomain/Red/eval/test_eval_results.csv
Rdomain,Red,Ribo_ND_285582,0,0.5202118,1,False,1,False,1,False,/workspace/cruci-classifier/results/grid_esm35m_corrected_20260614/Rdomain/Red/eval/test_eval_results.csv
Rdomain,Red,Ribo_ND_081873,0,0.37219396,0,True,0,True,0,True,/workspace/cruci-classifier/results/grid_esm35m_corrected_20260614/Rdomain/Red/eval/test_eval_results.csv
Rdomain,Red,Ribo_ND_082626,0,0.24028164,0,True,0,True,0,True,/workspace/cruci-classifier/results/grid_esm35m_corrected_20260614/Rdomain/Red/eval/test_eval_results.csv
Rdomain,Red,Ribo_ND_044314,0,0.091363244,0,True,0,True,0,True,/workspace/cruci-classifier/results/grid_esm35m_corrected_20260614/Rdomain/Red/eval/test_eval_results.csv
Rdomain,Red,Ribo_ND_134054,0,0.042940315,0,True,0,True,0,True,/workspace/cruci-classifier/results/grid_esm35m_corrected_20260614/Rdomain/Red/eval/test_eval_results.csv
Rdomain,Red,Ribo_ND_336310,0,0.9609581,1,False,1,False,1,False,/workspace/cruci-classifier/results/grid_esm35m_corrected_20260614/Rdomain/Red/eval/test_eval_results.csv
Rdomain,Red,Ribo_ND_109125,0,0.05003325,0,True,0,True,0,True,/workspace/cruci-classifier/results/grid_esm35m_corrected_20260614/Rdomain/Red/eval/test_eval_results.csv
Rdomain,Red,Ribo_ND_166599,0,0.06296831,0,True,0,True,0,True,/workspace/cruci-classifier/results/grid_esm35m_corrected_20260614/Rdomain/Red/eval/test_eval_results.csv
Rdomain,Red,Ribo_ND_249677,0,0.09037913,0,True,0,True,0,True,/workspace/cruci-classifier/results/grid_esm35m_corrected_20260614/Rdomain/Red/eval/test_eval_results.csv
Rdomain,Red,Ribo_ND_258921,0,0.74770004,1,False,1,False,1,False,/workspace/cruci-classifier/results/grid_esm35m_corrected_20260614/Rdomain/Red/eval/test_eval_results.csv
Rdomain,Red,Ribo_ND_030500,0,0.12862298,0,True,0,True,0,True,/workspace/cruci-classifier/results/grid_esm35m_corrected_20260614/Rdomain/Red/eval/test_eval_results.csv
Rdomain,Red,Ribo_ND_133967,0,0.1542958,0,True,0,True,0,True,/workspace/cruci-classifier/results/grid_esm35m_corrected_20260614/Rdomain/Red/eval/test_eval_results.csv
Rdomain,Red,Ribo_ND_124503,0,0.06965545,0,True,0,True,0,True,/workspace/cruci-classifier/results/grid_esm35m_corrected_20260614/Rdomain/Red/eval/test_eval_results.csv
Rdomain,Red,Ribo_ND_082485,0,0.18989155,0,True,0,True,0,True,/workspace/cruci-classifier/results/grid_esm35m_corrected_20260614/Rdomain/Red/eval/test_eval_results.csv
Rdomain,Red,Ribo_ND_125904,0,0.55074763,1,False,1,False,1,False,/workspace/cruci-classifier/results/grid_esm35m_corrected_20260614/Rdomain/Red/eval/test_eval_results.csv
Rdomain,Red,Ribo_ND_025117,0,0.28476542,0,True,0,True,0,True,/workspace/cruci-classifier/results/grid_esm35m_corrected_20260614/Rdomain/Red/eval/test_eval_results.csv
Rdomain,Red,Ribo_ND_082480,0,0.18983796,0,True,0,True,0,True,/workspace/cruci-classifier/results/grid_esm35m_corrected_20260614/Rdomain/Red/eval/test_eval_results.csv
Rdomain,Red,Ribo_ND_391471,0,0.065748185,0,True,0,True,0,True,/workspace/cruci-classifier/results/grid_esm35m_corrected_20260614/Rdomain/Red/eval/test_eval_results.csv
Rdomain,Red,Ribo_ND_120998,0,0.15525877,0,True,0,True,0,True,/workspace/cruci-classifier/results/grid_esm35m_corrected_20260614/Rdomain/Red/eval/test_eval_results.csv
Rdomain,Red,Ribo_ND_106539,0,0.19170353,0,True,0,True,0,True,/workspace/cruci-classifier/results/grid_esm35m_corrected_20260614/Rdomain/Red/eval/test_eval_results.csv
Rdomain,Red,Ribo_ND_391215,0,0.20841292,0,True,0,True,0,True,/workspace/cruci-classifier/results/grid_esm35m_corrected_20260614/Rdomain/Red/eval/test_eval_results.csv
Rdomain,Red,Ribo_ND_025456,0,0.12502019,0,True,0,True,0,True,/workspace/cruci-classifier/results/grid_esm35m_corrected_20260614/Rdomain/Red/eval/test_eval_results.csv
Rdomain,Red,Ribo_ND_134564,0,0.6393175,1,False,1,False,1,False,/workspace/cruci-classifier/results/grid_esm35m_corrected_20260614/Rdomain/Red/eval/test_eval_results.csv
Rdomain,Red,Ribo_ND_064397,0,0.33148292,0,True,0,True,0,True,/workspace/cruci-classifier/results/grid_esm35m_corrected_20260614/Rdomain/Red/eval/test_eval_results.csv
Rdomain,Red,Ribo_ND_370446,0,0.37385315,0,True,0,True,0,True,/workspace/cruci-classifier/results/grid_esm35m_corrected_20260614/Rdomain/Red/eval/test_eval_results.csv
Rdomain,Red,Ribo_ND_189456,0,0.075364545,0,True,0,True,0,True,/workspace/cruci-classifier/results/grid_esm35m_corrected_20260614/Rdomain/Red/eval/test_eval_results.csv
Rdomain,Red,Cruci_CruV-878,1,0.5259093,1,True,1,True,1,True,/workspace/cruci-classifier/results/grid_esm35m_corrected_20260614/Rdomain/Red/eval/test_eval_results.csv
Rdomain,Red,Ribo_ND_030439,0,0.7836572,1,False,1,False,1,False,/workspace/cruci-classifier/results/grid_esm35m_corrected_20260614/Rdomain/Red/eval/test_eval_results.csv
Rdomain,Red,Ribo_ND_304046,0,0.32410115,0,True,0,True,0,True,/workspace/cruci-classifier/results/grid_esm35m_corrected_20260614/Rdomain/Red/eval/test_eval_results.csv
Rdomain,Red,Ribo_ND_080952,0,0.320924,0,True,0,True,0,True,/workspace/cruci-classifier/results/grid_esm35m_corrected_20260614/Rdomain/Red/eval/test_eval_results.csv
Rdomain,Red,Ribo_ND_029391,0,0.16245392,0,True,0,True,0,True,/workspace/cruci-classifier/results/grid_esm35m_corrected_20260614/Rdomain/Red/eval/test_eval_results.csv
Rdomain,Red,Ribo_ND_028684,0,0.504803,1,False,1,False,1,False,/workspace/cruci-classifier/results/grid_esm35m_corrected_20260614/Rdomain/Red/eval/test_eval_results.csv
Rdomain,Red,Ribo_ND_121659,0,0.5614553,1,False,1,False,1,False,/workspace/cruci-classifier/results/grid_esm35m_corrected_20260614/Rdomain/Red/eval/test_eval_results.csv
Rdomain,Red,Ribo_ND_030182,0,0.40197,0,True,0,True,0,True,/workspace/cruci-classifier/results/grid_esm35m_corrected_20260614/Rdomain/Red/eval/test_eval_results.csv
Rdomain,Red,Ribo_ND_370405,0,0.43282428,0,True,0,True,0,True,/workspace/cruci-classifier/results/grid_esm35m_corrected_20260614/Rdomain/Red/eval/test_eval_results.csv
Rdomain,Red,Ribo_ND_188635,0,0.66717935,1,False,1,False,1,False,/workspace/cruci-classifier/results/grid_esm35m_corrected_20260614/Rdomain/Red/eval/test_eval_results.csv
Rdomain,Red,Ribo_ND_124702,0,0.34236115,0,True,0,True,0,True,/workspace/cruci-classifier/results/grid_esm35m_corrected_20260614/Rdomain/Red/eval/test_eval_results.csv
Rdomain,Red,Ribo_ND_025260,0,0.19963427,0,True,0,True,0,True,/workspace/cruci-classifier/results/grid_esm35m_corrected_20260614/Rdomain/Red/eval/test_eval_results.csv
Rdomain,Red,Ribo_ND_378405,0,0.12526491,0,True,0,True,0,True,/workspace/cruci-classifier/results/grid_esm35m_corrected_20260614/Rdomain/Red/eval/test_eval_results.csv
Rdomain,Red,Ribo_ND_085900,0,0.2496594,0,True,0,True,0,True,/workspace/cruci-classifier/results/grid_esm35m_corrected_20260614/Rdomain/Red/eval/test_eval_results.csv
Rdomain,Red,Ribo_ND_209831,0,0.09568183,0,True,0,True,0,True,/workspace/cruci-classifier/results/grid_esm35m_corrected_20260614/Rdomain/Red/eval/test_eval_results.csv
Rdomain,Red,Ribo_ND_044838,0,0.028007353,0,True,0,True,0,True,/workspace/cruci-classifier/results/grid_esm35m_corrected_20260614/Rdomain/Red/eval/test_eval_results.csv
Rdomain,Red,Ribo_ND_124237,0,0.40502214,0,True,0,True,0,True,/workspace/cruci-classifier/results/grid_esm35m_corrected_20260614/Rdomain/Red/eval/test_eval_results.csv
Rdomain,Red,Ribo_ND_107279,0,0.65792197,1,False,1,False,1,False,/workspace/cruci-classifier/results/grid_esm35m_corrected_20260614/Rdomain/Red/eval/test_eval_results.csv
Rdomain,Red,Ribo_ND_081609,0,0.36600012,0,True,0,True,0,True,/workspace/cruci-classifier/results/grid_esm35m_corrected_20260614/Rdomain/Red/eval/test_eval_results.csv
Rdomain,Red,Ribo_ND_138350,0,0.16657987,0,True,0,True,0,True,/workspace/cruci-classifier/results/grid_esm35m_corrected_20260614/Rdomain/Red/eval/test_eval_results.csv
Rdomain,Red,Ribo_ND_024704,0,0.13245727,0,True,0,True,0,True,/workspace/cruci-classifier/results/grid_esm35m_corrected_20260614/Rdomain/Red/eval/test_eval_results.csv
Rdomain,Red,Ribo_ND_152138,0,0.478711,0,True,0,True,0,True,/workspace/cruci-classifier/results/grid_esm35m_corrected_20260614/Rdomain/Red/eval/test_eval_results.csv
Rdomain,Red,Ribo_ND_107697,0,0.39169994,0,True,0,True,0,True,/workspace/cruci-classifier/results/grid_esm35m_corrected_20260614/Rdomain/Red/eval/test_eval_results.csv
Rdomain,Red,Ribo_ND_030168,0,0.93935895,1,False,1,False,1,False,/workspace/cruci-classifier/results/grid_esm35m_corrected_20260614/Rdomain/Red/eval/test_eval_results.csv
Rdomain,Red,Ribo_ND_025209,0,0.091854185,0,True,0,True,0,True,/workspace/cruci-classifier/results/grid_esm35m_corrected_20260614/Rdomain/Red/eval/test_eval_results.csv
Rdomain,Red,Ribo_ND_133241,0,0.31644744,0,True,0,True,0,True,/workspace/cruci-classifier/results/grid_esm35m_corrected_20260614/Rdomain/Red/eval/test_eval_results.csv
Rdomain,Red,Ribo_ND_251353,0,0.3866292,0,True,0,True,0,True,/workspace/cruci-classifier/results/grid_esm35m_corrected_20260614/Rdomain/Red/eval/test_eval_results.csv
Rdomain,Red,Ribo_ND_082351,0,0.77529794,1,False,1,False,1,False,/workspace/cruci-classifier/results/grid_esm35m_corrected_20260614/Rdomain/Red/eval/test_eval_results.csv
Rdomain,Red,Ribo_ND_015828,0,0.25807706,0,True,0,True,0,True,/workspace/cruci-classifier/results/grid_esm35m_corrected_20260614/Rdomain/Red/eval/test_eval_results.csv
Rdomain,Red,Ribo_ND_074414,0,0.4153304,0,True,0,True,0,True,/workspace/cruci-classifier/results/grid_esm35m_corrected_20260614/Rdomain/Red/eval/test_eval_results.csv
Rdomain,Red,Ribo_ND_248208,0,0.25265798,0,True,0,True,0,True,/workspace/cruci-classifier/results/grid_esm35m_corrected_20260614/Rdomain/Red/eval/test_eval_results.csv
Rdomain,Red,Ribo_ND_105296,0,0.46898353,0,True,0,True,0,True,/workspace/cruci-classifier/results/grid_esm35m_corrected_20260614/Rdomain/Red/eval/test_eval_results.csv
Rdomain,Red,Ribo_ND_054718,0,0.44343364,0,True,0,True,0,True,/workspace/cruci-classifier/results/grid_esm35m_corrected_20260614/Rdomain/Red/eval/test_eval_results.csv
Rdomain,Red,Ribo_ND_025491,0,0.07077216,0,True,0,True,0,True,/workspace/cruci-classifier/results/grid_esm35m_corrected_20260614/Rdomain/Red/eval/test_eval_results.csv
Rdomain,Red,Ribo_ND_389843,0,0.3302721,0,True,0,True,0,True,/workspace/cruci-classifier/results/grid_esm35m_corrected_20260614/Rdomain/Red/eval/test_eval_results.csv
Rdomain,Red,Ribo_ND_104580,0,0.31601194,0,True,0,True,0,True,/workspace/cruci-classifier/results/grid_esm35m_corrected_20260614/Rdomain/Red/eval/test_eval_results.csv
Rdomain,Red,Ribo_ND_046068,0,0.06768978,0,True,0,True,0,True,/workspace/cruci-classifier/results/grid_esm35m_corrected_20260614/Rdomain/Red/eval/test_eval_results.csv
Rdomain,Red,Ribo_ND_128603,0,0.6689115,1,False,1,False,1,False,/workspace/cruci-classifier/results/grid_esm35m_corrected_20260614/Rdomain/Red/eval/test_eval_results.csv
Rdomain,Red,Ribo_ND_068953,0,0.46726772,0,True,0,True,0,True,/workspace/cruci-classifier/results/grid_esm35m_corrected_20260614/Rdomain/Red/eval/test_eval_results.csv
Rdomain,Red,Ribo_ND_287427,0,0.31137386,0,True,0,True,0,True,/workspace/cruci-classifier/results/grid_esm35m_corrected_20260614/Rdomain/Red/eval/test_eval_results.csv
Rdomain,Red,Ribo_ND_109078,0,0.41326377,0,True,0,True,0,True,/workspace/cruci-classifier/results/grid_esm35m_corrected_20260614/Rdomain/Red/eval/test_eval_results.csv
Rdomain,Red,Ribo_ND_094098,0,0.28288347,0,True,0,True,0,True,/workspace/cruci-classifier/results/grid_esm35m_corrected_20260614/Rdomain/Red/eval/test_eval_results.csv
Rdomain,Red,Ribo_ND_025042,0,0.5750431,1,False,1,False,1,False,/workspace/cruci-classifier/results/grid_esm35m_corrected_20260614/Rdomain/Red/eval/test_eval_results.csv
Rdomain,Red,Ribo_ND_024984,0,0.64800066,1,False,1,False,1,False,/workspace/cruci-classifier/results/grid_esm35m_corrected_20260614/Rdomain/Red/eval/test_eval_results.csv
Rdomain,Red,Ribo_ND_381566,0,0.115838885,0,True,0,True,0,True,/workspace/cruci-classifier/results/grid_esm35m_corrected_20260614/Rdomain/Red/eval/test_eval_results.csv
Rdomain,Red,Ribo_ND_286064,0,0.1463494,0,True,0,True,0,True,/workspace/cruci-classifier/results/grid_esm35m_corrected_20260614/Rdomain/Red/eval/test_eval_results.csv
Rdomain,Red,Ribo_ND_249807,0,0.19137852,0,True,0,True,0,True,/workspace/cruci-classifier/results/grid_esm35m_corrected_20260614/Rdomain/Red/eval/test_eval_results.csv
Rdomain,Red,Ribo_ND_156966,0,0.083884224,0,True,0,True,0,True,/workspace/cruci-classifier/results/grid_esm35m_corrected_20260614/Rdomain/Red/eval/test_eval_results.csv
Rdomain,Red,Ribo_ND_064805,0,0.057589684,0,True,0,True,0,True,/workspace/cruci-classifier/results/grid_esm35m_corrected_20260614/Rdomain/Red/eval/test_eval_results.csv
Rdomain,Red,Ribo_ND_091569,0,0.37905732,0,True,0,True,0,True,/workspace/cruci-classifier/results/grid_esm35m_corrected_20260614/Rdomain/Red/eval/test_eval_results.csv
Rdomain,Red,Ribo_ND_389711,0,0.40769863,0,True,0,True,0,True,/workspace/cruci-classifier/results/grid_esm35m_corrected_20260614/Rdomain/Red/eval/test_eval_results.csv
Rdomain,Red,Cruci_CruV-869,1,0.953876,1,True,1,True,1,True,/workspace/cruci-classifier/results/grid_esm35m_corrected_20260614/Rdomain/Red/eval/test_eval_results.csv
Rdomain,Red,Ribo_ND_024858,0,0.23734619,0,True,0,True,0,True,/workspace/cruci-classifier/results/grid_esm35m_corrected_20260614/Rdomain/Red/eval/test_eval_results.csv
Rdomain,Red,Ribo_ND_103115,0,0.3118603,0,True,0,True,0,True,/workspace/cruci-classifier/results/grid_esm35m_corrected_20260614/Rdomain/Red/eval/test_eval_results.csv
Rdomain,Red,Ribo_ND_015659,0,0.32691455,0,True,0,True,0,True,/workspace/cruci-classifier/results/grid_esm35m_corrected_20260614/Rdomain/Red/eval/test_eval_results.csv
Rdomain,Red,Ribo_ND_184896,0,0.09356264,0,True,0,True,0,True,/workspace/cruci-classifier/results/grid_esm35m_corrected_20260614/Rdomain/Red/eval/test_eval_results.csv
Rdomain,Red,Ribo_tomREF_NC_003633,0,0.42028636,0,True,0,True,0,True,/workspace/cruci-classifier/results/grid_esm35m_corrected_20260614/Rdomain/Red/eval/test_eval_results.csv
Rdomain,Red,Ribo_ND_133472,0,0.080622554,0,True,0,True,0,True,/workspace/cruci-classifier/results/grid_esm35m_corrected_20260614/Rdomain/Red/eval/test_eval_results.csv
Rdomain,Red,Ribo_ND_391487,0,0.16357896,0,True,0,True,0,True,/workspace/cruci-classifier/results/grid_esm35m_corrected_20260614/Rdomain/Red/eval/test_eval_results.csv
Rdomain,Red,Ribo_ND_029460,0,0.5288301,1,False,1,False,1,False,/workspace/cruci-classifier/results/grid_esm35m_corrected_20260614/Rdomain/Red/eval/test_eval_results.csv
Rdomain,Red,Ribo_tomREF_NC_035452,0,0.55428505,1,False,1,False,1,False,/workspace/cruci-classifier/results/grid_esm35m_corrected_20260614/Rdomain/Red/eval/test_eval_results.csv
Rdomain,Red,Cruci_CruV-902,1,0.9220509,1,True,1,True,1,True,/workspace/cruci-classifier/results/grid_esm35m_corrected_20260614/Rdomain/Red/eval/test_eval_results.csv
Rdomain,Red,Ribo_ND_129610,0,0.03005462,0,True,0,True,0,True,/workspace/cruci-classifier/results/grid_esm35m_corrected_20260614/Rdomain/Red/eval/test_eval_results.csv
Rdomain,Red,Ribo_ND_058964,0,0.17997664,0,True,0,True,0,True,/workspace/cruci-classifier/results/grid_esm35m_corrected_20260614/Rdomain/Red/eval/test_eval_results.csv
Rdomain,Red,Ribo_ND_129009,0,0.060854368,0,True,0,True,0,True,/workspace/cruci-classifier/results/grid_esm35m_corrected_20260614/Rdomain/Red/eval/test_eval_results.csv
Rdomain,Red,Ribo_ND_163158,0,0.6779882,1,False,1,False,1,False,/workspace/cruci-classifier/results/grid_esm35m_corrected_20260614/Rdomain/Red/eval/test_eval_results.csv
Rdomain,Red,Ribo_ND_386712,0,0.15017498,0,True,0,True,0,True,/workspace/cruci-classifier/results/grid_esm35m_corrected_20260614/Rdomain/Red/eval/test_eval_results.csv
Rdomain,Red,Ribo_ND_082594,0,0.28357553,0,True,0,True,0,True,/workspace/cruci-classifier/results/grid_esm35m_corrected_20260614/Rdomain/Red/eval/test_eval_results.csv
Rdomain,Red,Ribo_ND_155991,0,0.2734077,0,True,0,True,0,True,/workspace/cruci-classifier/results/grid_esm35m_corrected_20260614/Rdomain/Red/eval/test_eval_results.csv
Rdomain,Red,Ribo_ND_390249,0,0.11672813,0,True,0,True,0,True,/workspace/cruci-classifier/results/grid_esm35m_corrected_20260614/Rdomain/Red/eval/test_eval_results.csv
Rdomain,Red,Ribo_ND_294854,0,0.14959766,0,True,0,True,0,True,/workspace/cruci-classifier/results/grid_esm35m_corrected_20260614/Rdomain/Red/eval/test_eval_results.csv
Rdomain,Red,Ribo_ND_390213,0,0.3960538,0,True,0,True,0,True,/workspace/cruci-classifier/results/grid_esm35m_corrected_20260614/Rdomain/Red/eval/test_eval_results.csv
Rdomain,Red,Ribo_ND_025327,0,0.17871194,0,True,0,True,0,True,/workspace/cruci-classifier/results/grid_esm35m_corrected_20260614/Rdomain/Red/eval/test_eval_results.csv
Rdomain,Red,Ribo_ND_025533,0,0.053886864,0,True,0,True,0,True,/workspace/cruci-classifier/results/grid_esm35m_corrected_20260614/Rdomain/Red/eval/test_eval_results.csv
Rdomain,Red,Ribo_ND_391151,0,0.06802792,0,True,0,True,0,True,/workspace/cruci-classifier/results/grid_esm35m_corrected_20260614/Rdomain/Red/eval/test_eval_results.csv
Rdomain,Red,Ribo_ND_085862,0,0.18289968,0,True,0,True,0,True,/workspace/cruci-classifier/results/grid_esm35m_corrected_20260614/Rdomain/Red/eval/test_eval_results.csv
Rdomain,Red,Ribo_ND_307123,0,0.25704104,0,True,0,True,0,True,/workspace/cruci-classifier/results/grid_esm35m_corrected_20260614/Rdomain/Red/eval/test_eval_results.csv
Rdomain,Red,Ribo_ND_015723,0,0.014645016,0,True,0,True,0,True,/workspace/cruci-classifier/results/grid_esm35m_corrected_20260614/Rdomain/Red/eval/test_eval_results.csv
Rdomain,Red,Ribo_ND_114535,0,0.5835497,1,False,1,False,1,False,/workspace/cruci-classifier/results/grid_esm35m_corrected_20260614/Rdomain/Red/eval/test_eval_results.csv
Rdomain,Red,Ribo_ND_025213,0,0.18611807,0,True,0,True,0,True,/workspace/cruci-classifier/results/grid_esm35m_corrected_20260614/Rdomain/Red/eval/test_eval_results.csv
Rdomain,Red,Ribo_ND_125033,0,0.6958145,1,False,1,False,1,False,/workspace/cruci-classifier/results/grid_esm35m_corrected_20260614/Rdomain/Red/eval/test_eval_results.csv
Rdomain,Red,Ribo_ND_385553,0,0.13599735,0,True,0,True,0,True,/workspace/cruci-classifier/results/grid_esm35m_corrected_20260614/Rdomain/Red/eval/test_eval_results.csv
Rdomain,Red,Ribo_ND_024416,0,0.12021502,0,True,0,True,0,True,/workspace/cruci-classifier/results/grid_esm35m_corrected_20260614/Rdomain/Red/eval/test_eval_results.csv
Rdomain,Red,Ribo_ND_129822,0,0.1761824,0,True,0,True,0,True,/workspace/cruci-classifier/results/grid_esm35m_corrected_20260614/Rdomain/Red/eval/test_eval_results.csv
Rdomain,Red,Ribo_ND_381701,0,0.06501909,0,True,0,True,0,True,/workspace/cruci-classifier/results/grid_esm35m_corrected_20260614/Rdomain/Red/eval/test_eval_results.csv
Rdomain,Red,Ribo_ND_264333,0,0.502718,1,False,1,False,1,False,/workspace/cruci-classifier/results/grid_esm35m_corrected_20260614/Rdomain/Red/eval/test_eval_results.csv
Rdomain,Red,Ribo_ND_366370,0,0.11889892,0,True,0,True,0,True,/workspace/cruci-classifier/results/grid_esm35m_corrected_20260614/Rdomain/Red/eval/test_eval_results.csv
Rdomain,Red,Ribo_ND_387173,0,0.05612943,0,True,0,True,0,True,/workspace/cruci-classifier/results/grid_esm35m_corrected_20260614/Rdomain/Red/eval/test_eval_results.csv
Rdomain,Red,Ribo_ND_056148,0,0.25395688,0,True,0,True,0,True,/workspace/cruci-classifier/results/grid_esm35m_corrected_20260614/Rdomain/Red/eval/test_eval_results.csv
Rdomain,Red,Ribo_ND_017768,0,0.25443023,0,True,0,True,0,True,/workspace/cruci-classifier/results/grid_esm35m_corrected_20260614/Rdomain/Red/eval/test_eval_results.csv
Rdomain,Red,Ribo_ND_391477,0,0.113084994,0,True,0,True,0,True,/workspace/cruci-classifier/results/grid_esm35m_corrected_20260614/Rdomain/Red/eval/test_eval_results.csv
Rdomain,Red,Ribo_ND_113432,0,0.2066553,0,True,0,True,0,True,/workspace/cruci-classifier/results/grid_esm35m_corrected_20260614/Rdomain/Red/eval/test_eval_results.csv
Rdomain,Red,Ribo_ND_018962,0,0.25446913,0,True,0,True,0,True,/workspace/cruci-classifier/results/grid_esm35m_corrected_20260614/Rdomain/Red/eval/test_eval_results.csv
Rdomain,Red,Ribo_ND_363252,0,0.08735478,0,True,0,True,0,True,/workspace/cruci-classifier/results/grid_esm35m_corrected_20260614/Rdomain/Red/eval/test_eval_results.csv
Rdomain,Red,Ribo_ND_024939,0,0.052466393,0,True,0,True,0,True,/workspace/cruci-classifier/results/grid_esm35m_corrected_20260614/Rdomain/Red/eval/test_eval_results.csv
Rdomain,Red,Ribo_ND_025097,0,0.21274984,0,True,0,True,0,True,/workspace/cruci-classifier/results/grid_esm35m_corrected_20260614/Rdomain/Red/eval/test_eval_results.csv
Rdomain,Red,Ribo_ND_130920,0,0.086887754,0,True,0,True,0,True,/workspace/cruci-classifier/results/grid_esm35m_corrected_20260614/Rdomain/Red/eval/test_eval_results.csv
Rdomain,Red,Ribo_ND_166868,0,0.37666586,0,True,0,True,0,True,/workspace/cruci-classifier/results/grid_esm35m_corrected_20260614/Rdomain/Red/eval/test_eval_results.csv
Rdomain,Red,Ribo_ND_094177,0,0.15847038,0,True,0,True,0,True,/workspace/cruci-classifier/results/grid_esm35m_corrected_20260614/Rdomain/Red/eval/test_eval_results.csv
Rdomain,Red,Ribo_ND_090466,0,0.21897973,0,True,0,True,0,True,/workspace/cruci-classifier/results/grid_esm35m_corrected_20260614/Rdomain/Red/eval/test_eval_results.csv
Rdomain,Red,Ribo_ND_126269,0,0.29765216,0,True,0,True,0,True,/workspace/cruci-classifier/results/grid_esm35m_corrected_20260614/Rdomain/Red/eval/test_eval_results.csv
Rdomain,Red,Ribo_ND_025587,0,0.25187126,0,True,0,True,0,True,/workspace/cruci-classifier/results/grid_esm35m_corrected_20260614/Rdomain/Red/eval/test_eval_results.csv
Rdomain,Red,Ribo_ND_019888,0,0.10245313,0,True,0,True,0,True,/workspace/cruci-classifier/results/grid_esm35m_corrected_20260614/Rdomain/Red/eval/test_eval_results.csv
Rdomain,Red,Ribo_ND_043223,0,0.1919609,0,True,0,True,0,True,/workspace/cruci-classifier/results/grid_esm35m_corrected_20260614/Rdomain/Red/eval/test_eval_results.csv
Rdomain,Red,Ribo_ND_146235,0,0.1971322,0,True,0,True,0,True,/workspace/cruci-classifier/results/grid_esm35m_corrected_20260614/Rdomain/Red/eval/test_eval_results.csv
Rdomain,Red,Ribo_ND_391473,0,0.073701166,0,True,0,True,0,True,/workspace/cruci-classifier/results/grid_esm35m_corrected_20260614/Rdomain/Red/eval/test_eval_results.csv
Rdomain,Red,Ribo_ND_108539,0,0.19419317,0,True,0,True,0,True,/workspace/cruci-classifier/results/grid_esm35m_corrected_20260614/Rdomain/Red/eval/test_eval_results.csv
Rdomain,Red,Cruci_CruV-861,1,0.9611254,1,True,1,True,1,True,/workspace/cruci-classifier/results/grid_esm35m_corrected_20260614/Rdomain/Red/eval/test_eval_results.csv
Rdomain,Red,Ribo_ND_339575,0,0.4694599,0,True,0,True,0,True,/workspace/cruci-classifier/results/grid_esm35m_corrected_20260614/Rdomain/Red/eval/test_eval_results.csv
Rdomain,Red,Ribo_ND_026159,0,0.060357884,0,True,0,True,0,True,/workspace/cruci-classifier/results/grid_esm35m_corrected_20260614/Rdomain/Red/eval/test_eval_results.csv
Rdomain,Red,Ribo_ND_094718,0,0.12967254,0,True,0,True,0,True,/workspace/cruci-classifier/results/grid_esm35m_corrected_20260614/Rdomain/Red/eval/test_eval_results.csv
Rdomain,Red,Ribo_tomREF_NC_020073,0,0.3130947,0,True,0,True,0,True,/workspace/cruci-classifier/results/grid_esm35m_corrected_20260614/Rdomain/Red/eval/test_eval_results.csv
Rdomain,Red,Ribo_ND_135180,0,0.09983403,0,True,0,True,0,True,/workspace/cruci-classifier/results/grid_esm35m_corrected_20260614/Rdomain/Red/eval/test_eval_results.csv
Rdomain,Red,Ribo_ND_363036,0,0.2033045,0,True,0,True,0,True,/workspace/cruci-classifier/results/grid_esm35m_corrected_20260614/Rdomain/Red/eval/test_eval_results.csv
Rdomain,Red,Ribo_ND_125217,0,0.30462158,0,True,0,True,0,True,/workspace/cruci-classifier/results/grid_esm35m_corrected_20260614/Rdomain/Red/eval/test_eval_results.csv
Rdomain,Red,Ribo_ND_089609,0,0.06544325,0,True,0,True,0,True,/workspace/cruci-classifier/results/grid_esm35m_corrected_20260614/Rdomain/Red/eval/test_eval_results.csv
Rdomain,Red,Ribo_ND_381618,0,0.40018228,0,True,0,True,0,True,/workspace/cruci-classifier/results/grid_esm35m_corrected_20260614/Rdomain/Red/eval/test_eval_results.csv
Rdomain,Red,Ribo_ND_387053,0,0.26369017,0,True,0,True,0,True,/workspace/cruci-classifier/results/grid_esm35m_corrected_20260614/Rdomain/Red/eval/test_eval_results.csv
Rdomain,Red,Ribo_ND_046480,0,0.51169497,1,False,1,False,1,False,/workspace/cruci-classifier/results/grid_esm35m_corrected_20260614/Rdomain/Red/eval/test_eval_results.csv
Rdomain,Red,Ribo_tomREF_NC_030452,0,0.055726387,0,True,0,True,0,True,/workspace/cruci-classifier/results/grid_esm35m_corrected_20260614/Rdomain/Red/eval/test_eval_results.csv
Rdomain,Red,Ribo_ND_363026,0,0.19322889,0,True,0,True,0,True,/workspace/cruci-classifier/results/grid_esm35m_corrected_20260614/Rdomain/Red/eval/test_eval_results.csv
Rdomain,Red,Ribo_ND_057910,0,0.060320202,0,True,0,True,0,True,/workspace/cruci-classifier/results/grid_esm35m_corrected_20260614/Rdomain/Red/eval/test_eval_results.csv
Rdomain,Red,Ribo_ND_025475,0,0.093292795,0,True,0,True,0,True,/workspace/cruci-classifier/results/grid_esm35m_corrected_20260614/Rdomain/Red/eval/test_eval_results.csv
Rdomain,Red,Ribo_ND_282993,0,0.16509046,0,True,0,True,0,True,/workspace/cruci-classifier/results/grid_esm35m_corrected_20260614/Rdomain/Red/eval/test_eval_results.csv
Rdomain,Red,Ribo_ND_097179,0,0.11661558,0,True,0,True,0,True,/workspace/cruci-classifier/results/grid_esm35m_corrected_20260614/Rdomain/Red/eval/test_eval_results.csv
Rdomain,Red,Ribo_ND_028450,0,0.104769364,0,True,0,True,0,True,/workspace/cruci-classifier/results/grid_esm35m_corrected_20260614/Rdomain/Red/eval/test_eval_results.csv
Rdomain,Red,Ribo_Tomato_Bushy_Stunt_Virus_NC_001554,0,0.104381755,0,True,0,True,0,True,/workspace/cruci-classifier/results/grid_esm35m_corrected_20260614/Rdomain/Red/eval/test_eval_results.csv
Rdomain,Red,Ribo_tomREF_NC_001339,0,0.08490381,0,True,0,True,0,True,/workspace/cruci-classifier/results/grid_esm35m_corrected_20260614/Rdomain/Red/eval/test_eval_results.csv
Rdomain,Red,Ribo_tomREF_NC_023339,0,0.1974381,0,True,0,True,0,True,/workspace/cruci-classifier/results/grid_esm35m_corrected_20260614/Rdomain/Red/eval/test_eval_results.csv
Rdomain,Red,Ribo_ND_029711,0,0.12982185,0,True,0,True,0,True,/workspace/cruci-classifier/results/grid_esm35m_corrected_20260614/Rdomain/Red/eval/test_eval_results.csv
Rdomain,Red,Ribo_ND_129723,0,0.082817025,0,True,0,True,0,True,/workspace/cruci-classifier/results/grid_esm35m_corrected_20260614/Rdomain/Red/eval/test_eval_results.csv
Rdomain,Red,Ribo_ND_025549,0,0.029680686,0,True,0,True,0,True,/workspace/cruci-classifier/results/grid_esm35m_corrected_20260614/Rdomain/Red/eval/test_eval_results.csv
Rdomain,Red,Ribo_ND_128048,0,0.11904011,0,True,0,True,0,True,/workspace/cruci-classifier/results/grid_esm35m_corrected_20260614/Rdomain/Red/eval/test_eval_results.csv
Rdomain,Red,Ribo_ND_028408,0,0.46853524,0,True,0,True,0,True,/workspace/cruci-classifier/results/grid_esm35m_corrected_20260614/Rdomain/Red/eval/test_eval_results.csv
Rdomain,Red,Ribo_ND_386726,0,0.26484305,0,True,0,True,0,True,/workspace/cruci-classifier/results/grid_esm35m_corrected_20260614/Rdomain/Red/eval/test_eval_results.csv
Rdomain,Red,Ribo_ND_105004,0,0.049754374,0,True,0,True,0,True,/workspace/cruci-classifier/results/grid_esm35m_corrected_20260614/Rdomain/Red/eval/test_eval_results.csv
Rdomain,Red,Ribo_ND_061784,0,0.24688525,0,True,0,True,0,True,/workspace/cruci-classifier/results/grid_esm35m_corrected_20260614/Rdomain/Red/eval/test_eval_results.csv
Rdomain,Red,Ribo_ND_107292,0,0.29264277,0,True,0,True,0,True,/workspace/cruci-classifier/results/grid_esm35m_corrected_20260614/Rdomain/Red/eval/test_eval_results.csv
Rdomain,Red,Ribo_ND_338848,0,0.28247157,0,True,0,True,0,True,/workspace/cruci-classifier/results/grid_esm35m_corrected_20260614/Rdomain/Red/eval/test_eval_results.csv
Rdomain,Red,Ribo_ND_028733,0,0.18404889,0,True,0,True,0,True,/workspace/cruci-classifier/results/grid_esm35m_corrected_20260614/Rdomain/Red/eval/test_eval_results.csv
Rdomain,Red,Ribo_Cymbidium_ringspot_virus_NC_003532,0,0.108749434,0,True,0,True,0,True,/workspace/cruci-classifier/results/grid_esm35m_corrected_20260614/Rdomain/Red/eval/test_eval_results.csv
Rdomain,Red,Ribo_ND_084543,0,0.31914064,0,True,0,True,0,True,/workspace/cruci-classifier/results/grid_esm35m_corrected_20260614/Rdomain/Red/eval/test_eval_results.csv
Rdomain,Red,Ribo_ND_286546,0,0.48023382,0,True,0,True,0,True,/workspace/cruci-classifier/results/grid_esm35m_corrected_20260614/Rdomain/Red/eval/test_eval_results.csv
Rdomain,Red,Ribo_ND_087424,0,0.2268824,0,True,0,True,0,True,/workspace/cruci-classifier/results/grid_esm35m_corrected_20260614/Rdomain/Red/eval/test_eval_results.csv
Rdomain,Red,Ribo_ND_090759,0,0.21931933,0,True,0,True,0,True,/workspace/cruci-classifier/results/grid_esm35m_corrected_20260614/Rdomain/Red/eval/test_eval_results.csv
Rdomain,Red,Ribo_JAAOEH010001918.1,0,0.5768024,1,False,1,False,1,False,/workspace/cruci-classifier/results/grid_esm35m_corrected_20260614/Rdomain/Red/eval/test_eval_results.csv
Rdomain,Red,Ribo_ND_095360,0,0.21732742,0,True,0,True,0,True,/workspace/cruci-classifier/results/grid_esm35m_corrected_20260614/Rdomain/Red/eval/test_eval_results.csv
Rdomain,Red,Ribo_tomREF_NC_005285,0,0.24682482,0,True,0,True,0,True,/workspace/cruci-classifier/results/grid_esm35m_corrected_20260614/Rdomain/Red/eval/test_eval_results.csv
Rdomain,Red,Ribo_tomREF_NC_022895,0,0.09303978,0,True,0,True,0,True,/workspace/cruci-classifier/results/grid_esm35m_corrected_20260614/Rdomain/Red/eval/test_eval_results.csv
Rdomain,Red,Ribo_ND_163355,0,0.091723256,0,True,0,True,0,True,/workspace/cruci-classifier/results/grid_esm35m_corrected_20260614/Rdomain/Red/eval/test_eval_results.csv
Rdomain,Red,Ribo_ND_028381,0,0.09583141,0,True,0,True,0,True,/workspace/cruci-classifier/results/grid_esm35m_corrected_20260614/Rdomain/Red/eval/test_eval_results.csv
Rdomain,Red,Ribo_ND_075367,0,0.041687425,0,True,0,True,0,True,/workspace/cruci-classifier/results/grid_esm35m_corrected_20260614/Rdomain/Red/eval/test_eval_results.csv
Rdomain,Red,Ribo_ND_276181,0,0.1793136,0,True,0,True,0,True,/workspace/cruci-classifier/results/grid_esm35m_corrected_20260614/Rdomain/Red/eval/test_eval_results.csv
Rdomain,Red,Ribo_ND_025670,0,0.05086396,0,True,0,True,0,True,/workspace/cruci-classifier/results/grid_esm35m_corrected_20260614/Rdomain/Red/eval/test_eval_results.csv
Rdomain,Red,Ribo_ND_029384,0,0.03150517,0,True,0,True,0,True,/workspace/cruci-classifier/results/grid_esm35m_corrected_20260614/Rdomain/Red/eval/test_eval_results.csv
Rdomain,Red,Ribo_ND_386716,0,0.17368597,0,True,0,True,0,True,/workspace/cruci-classifier/results/grid_esm35m_corrected_20260614/Rdomain/Red/eval/test_eval_results.csv
Rdomain,Red,Ribo_ND_124838,0,0.39955834,0,True,0,True,0,True,/workspace/cruci-classifier/results/grid_esm35m_corrected_20260614/Rdomain/Red/eval/test_eval_results.csv
Rdomain,Red,Ribo_ND_059596,0,0.18212645,0,True,0,True,0,True,/workspace/cruci-classifier/results/grid_esm35m_corrected_20260614/Rdomain/Red/eval/test_eval_results.csv
Rdomain,Red,Ribo_ND_015665,0,0.022929462,0,True,0,True,0,True,/workspace/cruci-classifier/results/grid_esm35m_corrected_20260614/Rdomain/Red/eval/test_eval_results.csv
Rdomain,Red,Ribo_ND_024480,0,0.02254183,0,True,0,True,0,True,/workspace/cruci-classifier/results/grid_esm35m_corrected_20260614/Rdomain/Red/eval/test_eval_results.csv
Rdomain,Red,Ribo_ND_043009,0,0.041289113,0,True,0,True,0,True,/workspace/cruci-classifier/results/grid_esm35m_corrected_20260614/Rdomain/Red/eval/test_eval_results.csv
Rdomain,Red,Cruci_CruV_523,1,0.09797356,0,False,0,False,0,False,/workspace/cruci-classifier/results/grid_esm35m_corrected_20260614/Rdomain/Red/eval/test_eval_results.csv
Rdomain,Red,Ribo_ND_391476,0,0.09966854,0,True,0,True,0,True,/workspace/cruci-classifier/results/grid_esm35m_corrected_20260614/Rdomain/Red/eval/test_eval_results.csv
Rdomain,Red,Ribo_ND_370454,0,0.34732527,0,True,0,True,0,True,/workspace/cruci-classifier/results/grid_esm35m_corrected_20260614/Rdomain/Red/eval/test_eval_results.csv
Rdomain,Red,Ribo_ND_017058,0,0.068014435,0,True,0,True,0,True,/workspace/cruci-classifier/results/grid_esm35m_corrected_20260614/Rdomain/Red/eval/test_eval_results.csv
Rdomain,Red,Ribo_ND_020635,0,0.13719334,0,True,0,True,0,True,/workspace/cruci-classifier/results/grid_esm35m_corrected_20260614/Rdomain/Red/eval/test_eval_results.csv
Rdomain,Red,Ribo_ND_082763,0,0.049054094,0,True,0,True,0,True,/workspace/cruci-classifier/results/grid_esm35m_corrected_20260614/Rdomain/Red/eval/test_eval_results.csv
Rdomain,Red,Ribo_ND_370441,0,0.082654744,0,True,0,True,0,True,/workspace/cruci-classifier/results/grid_esm35m_corrected_20260614/Rdomain/Red/eval/test_eval_results.csv
Rdomain,Red,Ribo_ND_384050,0,0.37504816,0,True,0,True,0,True,/workspace/cruci-classifier/results/grid_esm35m_corrected_20260614/Rdomain/Red/eval/test_eval_results.csv
Rdomain,Red,Ribo_ND_131051,0,0.10415697,0,True,0,True,0,True,/workspace/cruci-classifier/results/grid_esm35m_corrected_20260614/Rdomain/Red/eval/test_eval_results.csv
Rdomain,Red,Ribo_ND_391223,0,0.06595178,0,True,0,True,0,True,/workspace/cruci-classifier/results/grid_esm35m_corrected_20260614/Rdomain/Red/eval/test_eval_results.csv
Rdomain,Red,Ribo_Melon_necrotic_spot_virus_NC_001504,0,0.24399711,0,True,0,True,0,True,/workspace/cruci-classifier/results/grid_esm35m_corrected_20260614/Rdomain/Red/eval/test_eval_results.csv
Rdomain,Red,Ribo_CAE55155.1,0,0.16595805,0,True,0,True,0,True,/workspace/cruci-classifier/results/grid_esm35m_corrected_20260614/Rdomain/Red/eval/test_eval_results.csv
Rdomain,Red,Ribo_ND_081107,0,0.10925571,0,True,0,True,0,True,/workspace/cruci-classifier/results/grid_esm35m_corrected_20260614/Rdomain/Red/eval/test_eval_results.csv
Rdomain,Red,Ribo_ND_370448,0,0.20790516,0,True,0,True,0,True,/workspace/cruci-classifier/results/grid_esm35m_corrected_20260614/Rdomain/Red/eval/test_eval_results.csv
Rdomain,Red,Ribo_ND_370427,0,0.1314577,0,True,0,True,0,True,/workspace/cruci-classifier/results/grid_esm35m_corrected_20260614/Rdomain/Red/eval/test_eval_results.csv
Rdomain,Red,Ribo_ND_017060,0,0.44753918,0,True,0,True,0,True,/workspace/cruci-classifier/results/grid_esm35m_corrected_20260614/Rdomain/Red/eval/test_eval_results.csv
Rdomain,Red,Ribo_ND_025305,0,0.25995433,0,True,0,True,0,True,/workspace/cruci-classifier/results/grid_esm35m_corrected_20260614/Rdomain/Red/eval/test_eval_results.csv
Rdomain,Red,Ribo_tomREF_NC_001469,0,0.4037134,0,True,0,True,0,True,/workspace/cruci-classifier/results/grid_esm35m_corrected_20260614/Rdomain/Red/eval/test_eval_results.csv
Rdomain,Red,Ribo_ND_279534,0,0.0913648,0,True,0,True,0,True,/workspace/cruci-classifier/results/grid_esm35m_corrected_20260614/Rdomain/Red/eval/test_eval_results.csv
Rdomain,Red,Ribo_ND_391167,0,0.20612407,0,True,0,True,0,True,/workspace/cruci-classifier/results/grid_esm35m_corrected_20260614/Rdomain/Red/eval/test_eval_results.csv
Rdomain,Red,Ribo_ND_025373,0,0.12699315,0,True,0,True,0,True,/workspace/cruci-classifier/results/grid_esm35m_corrected_20260614/Rdomain/Red/eval/test_eval_results.csv
Rdomain,Red,Ribo_ND_058946,0,0.26026338,0,True,0,True,0,True,/workspace/cruci-classifier/results/grid_esm35m_corrected_20260614/Rdomain/Red/eval/test_eval_results.csv
Rdomain,Red,Ribo_ND_348995,0,0.33060437,0,True,0,True,0,True,/workspace/cruci-classifier/results/grid_esm35m_corrected_20260614/Rdomain/Red/eval/test_eval_results.csv
Rdomain,Red,Ribo_ND_016320,0,0.10914844,0,True,0,True,0,True,/workspace/cruci-classifier/results/grid_esm35m_corrected_20260614/Rdomain/Red/eval/test_eval_results.csv
Rdomain,Red,Ribo_ND_190374,0,0.24805011,0,True,0,True,0,True,/workspace/cruci-classifier/results/grid_esm35m_corrected_20260614/Rdomain/Red/eval/test_eval_results.csv
Rdomain,Red,Ribo_ND_163033,0,0.4064176,0,True,0,True,0,True,/workspace/cruci-classifier/results/grid_esm35m_corrected_20260614/Rdomain/Red/eval/test_eval_results.csv
Rdomain,Red,Ribo_ND_030238,0,0.09872701,0,True,0,True,0,True,/workspace/cruci-classifier/results/grid_esm35m_corrected_20260614/Rdomain/Red/eval/test_eval_results.csv
Rdomain,Red,Ribo_ND_306697,0,0.07127308,0,True,0,True,0,True,/workspace/cruci-classifier/results/grid_esm35m_corrected_20260614/Rdomain/Red/eval/test_eval_results.csv
Rdomain,Red,Ribo_ND_379896,0,0.06883344,0,True,0,True,0,True,/workspace/cruci-classifier/results/grid_esm35m_corrected_20260614/Rdomain/Red/eval/test_eval_results.csv
Rdomain,Red,Ribo_tomREF_NC_000939,0,0.20751365,0,True,0,True,0,True,/workspace/cruci-classifier/results/grid_esm35m_corrected_20260614/Rdomain/Red/eval/test_eval_results.csv
Rdomain,Red,Ribo_ND_043343,0,0.04599697,0,True,0,True,0,True,/workspace/cruci-classifier/results/grid_esm35m_corrected_20260614/Rdomain/Red/eval/test_eval_results.csv
Rdomain,Red,Ribo_ND_157660,0,0.11342125,0,True,0,True,0,True,/workspace/cruci-classifier/results/grid_esm35m_corrected_20260614/Rdomain/Red/eval/test_eval_results.csv
Rdomain,Red,Ribo_ND_291744,0,0.1362529,0,True,0,True,0,True,/workspace/cruci-classifier/results/grid_esm35m_corrected_20260614/Rdomain/Red/eval/test_eval_results.csv
Rdomain,Red,Ribo_ND_327924,0,0.16385247,0,True,0,True,0,True,/workspace/cruci-classifier/results/grid_esm35m_corrected_20260614/Rdomain/Red/eval/test_eval_results.csv
Rdomain,Red,Ribo_ND_363601,0,0.19413745,0,True,0,True,0,True,/workspace/cruci-classifier/results/grid_esm35m_corrected_20260614/Rdomain/Red/eval/test_eval_results.csv
Rdomain,Red,Ribo_ND_390447,0,0.15331355,0,True,0,True,0,True,/workspace/cruci-classifier/results/grid_esm35m_corrected_20260614/Rdomain/Red/eval/test_eval_results.csv
Rdomain,Red,Ribo_ND_015955,0,0.44063586,0,True,0,True,0,True,/workspace/cruci-classifier/results/grid_esm35m_corrected_20260614/Rdomain/Red/eval/test_eval_results.csv
Rdomain,Red,Ribo_ND_289146,0,0.021377444,0,True,0,True,0,True,/workspace/cruci-classifier/results/grid_esm35m_corrected_20260614/Rdomain/Red/eval/test_eval_results.csv
Rdomain,Red,Ribo_ND_047125,0,0.045748774,0,True,0,True,0,True,/workspace/cruci-classifier/results/grid_esm35m_corrected_20260614/Rdomain/Red/eval/test_eval_results.csv
Rdomain,Red,Ribo_ND_281997,0,0.036972716,0,True,0,True,0,True,/workspace/cruci-classifier/results/grid_esm35m_corrected_20260614/Rdomain/Red/eval/test_eval_results.csv
Rdomain,Red,Ribo_ND_364440,0,0.26022226,0,True,0,True,0,True,/workspace/cruci-classifier/results/grid_esm35m_corrected_20260614/Rdomain/Red/eval/test_eval_results.csv
Rdomain,Red,Ribo_ND_391035,0,0.030228347,0,True,0,True,0,True,/workspace/cruci-classifier/results/grid_esm35m_corrected_20260614/Rdomain/Red/eval/test_eval_results.csv
Rdomain,Red,Ribo_ND_113090,0,0.022449685,0,True,0,True,0,True,/workspace/cruci-classifier/results/grid_esm35m_corrected_20260614/Rdomain/Red/eval/test_eval_results.csv
Rdomain,Red,Ribo_ND_168815,0,0.11734182,0,True,0,True,0,True,/workspace/cruci-classifier/results/grid_esm35m_corrected_20260614/Rdomain/Red/eval/test_eval_results.csv
Rdomain,Red,Ribo_ND_025326,0,0.25489402,0,True,0,True,0,True,/workspace/cruci-classifier/results/grid_esm35m_corrected_20260614/Rdomain/Red/eval/test_eval_results.csv
Rdomain,Red,Ribo_ND_025598,0,0.075200886,0,True,0,True,0,True,/workspace/cruci-classifier/results/grid_esm35m_corrected_20260614/Rdomain/Red/eval/test_eval_results.csv
Rdomain,Red,Ribo_ND_221979,0,0.038303025,0,True,0,True,0,True,/workspace/cruci-classifier/results/grid_esm35m_corrected_20260614/Rdomain/Red/eval/test_eval_results.csv
Rdomain,Red,Ribo_ND_190494,0,0.65531236,1,False,1,False,1,False,/workspace/cruci-classifier/results/grid_esm35m_corrected_20260614/Rdomain/Red/eval/test_eval_results.csv
Rdomain,Red,Ribo_ND_282038,0,0.19057111,0,True,0,True,0,True,/workspace/cruci-classifier/results/grid_esm35m_corrected_20260614/Rdomain/Red/eval/test_eval_results.csv
Rdomain,Red,Ribo_ND_025998,0,0.1374123,0,True,0,True,0,True,/workspace/cruci-classifier/results/grid_esm35m_corrected_20260614/Rdomain/Red/eval/test_eval_results.csv
Rdomain,Red,Ribo_ND_017059,0,0.06379134,0,True,0,True,0,True,/workspace/cruci-classifier/results/grid_esm35m_corrected_20260614/Rdomain/Red/eval/test_eval_results.csv
Rdomain,Red,Ribo_ND_015995,0,0.32871482,0,True,0,True,0,True,/workspace/cruci-classifier/results/grid_esm35m_corrected_20260614/Rdomain/Red/eval/test_eval_results.csv
Rdomain,Red,Ribo_ND_388329,0,0.2066696,0,True,0,True,0,True,/workspace/cruci-classifier/results/grid_esm35m_corrected_20260614/Rdomain/Red/eval/test_eval_results.csv
Rdomain,Red,Ribo_ND_380131,0,0.07940819,0,True,0,True,0,True,/workspace/cruci-classifier/results/grid_esm35m_corrected_20260614/Rdomain/Red/eval/test_eval_results.csv
Rdomain,Red,Ribo_ND_016192,0,0.012952225,0,True,0,True,0,True,/workspace/cruci-classifier/results/grid_esm35m_corrected_20260614/Rdomain/Red/eval/test_eval_results.csv
Rdomain,Red,Ribo_tomREF_NC_002187,0,0.0613502,0,True,0,True,0,True,/workspace/cruci-classifier/results/grid_esm35m_corrected_20260614/Rdomain/Red/eval/test_eval_results.csv
Rdomain,Red,Ribo_ND_190325,0,0.122721046,0,True,0,True,0,True,/workspace/cruci-classifier/results/grid_esm35m_corrected_20260614/Rdomain/Red/eval/test_eval_results.csv
Rdomain,Red,Ribo_ND_117960,0,0.053590935,0,True,0,True,0,True,/workspace/cruci-classifier/results/grid_esm35m_corrected_20260614/Rdomain/Red/eval/test_eval_results.csv
Rdomain,Red,Ribo_ND_129240,0,0.12427367,0,True,0,True,0,True,/workspace/cruci-classifier/results/grid_esm35m_corrected_20260614/Rdomain/Red/eval/test_eval_results.csv
Rdomain,Red,Ribo_ND_020449,0,0.044841748,0,True,0,True,0,True,/workspace/cruci-classifier/results/grid_esm35m_corrected_20260614/Rdomain/Red/eval/test_eval_results.csv
Rdomain,Red,Ribo_ND_017053,0,0.19037464,0,True,0,True,0,True,/workspace/cruci-classifier/results/grid_esm35m_corrected_20260614/Rdomain/Red/eval/test_eval_results.csv
Rdomain,Red,Ribo_tomREF_NC_001600,0,0.12533031,0,True,0,True,0,True,/workspace/cruci-classifier/results/grid_esm35m_corrected_20260614/Rdomain/Red/eval/test_eval_results.csv
Rdomain,Red,Ribo_Hibiscus_chlorotic_ringspot_virus_X86448,0,0.14778233,0,True,0,True,0,True,/workspace/cruci-classifier/results/grid_esm35m_corrected_20260614/Rdomain/Red/eval/test_eval_results.csv
Rdomain,Red,Ribo_ND_015813,0,0.14778233,0,True,0,True,0,True,/workspace/cruci-classifier/results/grid_esm35m_corrected_20260614/Rdomain/Red/eval/test_eval_results.csv
Rdomain,Red,Ribo_ND_025791,0,0.07975053,0,True,0,True,0,True,/workspace/cruci-classifier/results/grid_esm35m_corrected_20260614/Rdomain/Red/eval/test_eval_results.csv
Rdomain,Red,Ribo_ND_015684,0,0.30494913,0,True,0,True,0,True,/workspace/cruci-classifier/results/grid_esm35m_corrected_20260614/Rdomain/Red/eval/test_eval_results.csv
Rdomain,Red,Ribo_ND_017294,0,0.14224914,0,True,0,True,0,True,/workspace/cruci-classifier/results/grid_esm35m_corrected_20260614/Rdomain/Red/eval/test_eval_results.csv
Rdomain,Red,Ribo_ND_126494,0,0.13771741,0,True,0,True,0,True,/workspace/cruci-classifier/results/grid_esm35m_corrected_20260614/Rdomain/Red/eval/test_eval_results.csv
Rdomain,Red,Ribo_ND_187649,0,0.10722565,0,True,0,True,0,True,/workspace/cruci-classifier/results/grid_esm35m_corrected_20260614/Rdomain/Red/eval/test_eval_results.csv
Rdomain,Red,Ribo_ND_118606,0,0.10277263,0,True,0,True,0,True,/workspace/cruci-classifier/results/grid_esm35m_corrected_20260614/Rdomain/Red/eval/test_eval_results.csv
Rdomain,Red,Ribo_tomREF_NC_005286,0,0.37533507,0,True,0,True,0,True,/workspace/cruci-classifier/results/grid_esm35m_corrected_20260614/Rdomain/Red/eval/test_eval_results.csv
Rdomain,Red,Ribo_ND_016517,0,0.1127281,0,True,0,True,0,True,/workspace/cruci-classifier/results/grid_esm35m_corrected_20260614/Rdomain/Red/eval/test_eval_results.csv
Rdomain,Red,Ribo_ND_211785,0,0.3398119,0,True,0,True,0,True,/workspace/cruci-classifier/results/grid_esm35m_corrected_20260614/Rdomain/Red/eval/test_eval_results.csv
Rdomain,Red,Ribo_tomREF_NC_007733,0,0.24125664,0,True,0,True,0,True,/workspace/cruci-classifier/results/grid_esm35m_corrected_20260614/Rdomain/Red/eval/test_eval_results.csv
Rdomain,Red,Ribo_Turnip_Crinkle_Virus_NC_003821,0,0.19612068,0,True,0,True,0,True,/workspace/cruci-classifier/results/grid_esm35m_corrected_20260614/Rdomain/Red/eval/test_eval_results.csv
Rdomain,Red,Ribo_ND_128914,0,0.4533573,0,True,0,True,0,True,/workspace/cruci-classifier/results/grid_esm35m_corrected_20260614/Rdomain/Red/eval/test_eval_results.csv
Rdomain,Red,Ribo_ND_113791,0,0.046566926,0,True,0,True,0,True,/workspace/cruci-classifier/results/grid_esm35m_corrected_20260614/Rdomain/Red/eval/test_eval_results.csv
Rdomain,Red,Ribo_ND_017889,0,0.072638415,0,True,0,True,0,True,/workspace/cruci-classifier/results/grid_esm35m_corrected_20260614/Rdomain/Red/eval/test_eval_results.csv
Rdomain,Red,Ribo_ND_016809,0,0.055700343,0,True,0,True,0,True,/workspace/cruci-classifier/results/grid_esm35m_corrected_20260614/Rdomain/Red/eval/test_eval_results.csv
Rdomain,Red,Ribo_ND_020627,0,0.057171956,0,True,0,True,0,True,/workspace/cruci-classifier/results/grid_esm35m_corrected_20260614/Rdomain/Red/eval/test_eval_results.csv
Rdomain,Red,Ribo_ND_019484,0,0.17766526,0,True,0,True,0,True,/workspace/cruci-classifier/results/grid_esm35m_corrected_20260614/Rdomain/Red/eval/test_eval_results.csv
Rdomain,Red,Ribo_ND_016022,0,0.11466787,0,True,0,True,0,True,/workspace/cruci-classifier/results/grid_esm35m_corrected_20260614/Rdomain/Red/eval/test_eval_results.csv
Rdomain,Red,Ribo_ND_089619,0,0.04996406,0,True,0,True,0,True,/workspace/cruci-classifier/results/grid_esm35m_corrected_20260614/Rdomain/Red/eval/test_eval_results.csv
Rdomain,Red,Ribo_ND_342381,0,0.025779791,0,True,0,True,0,True,/workspace/cruci-classifier/results/grid_esm35m_corrected_20260614/Rdomain/Red/eval/test_eval_results.csv
Rdomain,Red,Ribo_ND_025706,0,0.010681013,0,True,0,True,0,True,/workspace/cruci-classifier/results/grid_esm35m_corrected_20260614/Rdomain/Red/eval/test_eval_results.csv
Rdomain,Red,Ribo_ND_017293,0,0.043720398,0,True,0,True,0,True,/workspace/cruci-classifier/results/grid_esm35m_corrected_20260614/Rdomain/Red/eval/test_eval_results.csv
Rdomain,Red,Ribo_ND_016088,0,0.20486207,0,True,0,True,0,True,/workspace/cruci-classifier/results/grid_esm35m_corrected_20260614/Rdomain/Red/eval/test_eval_results.csv
Rdomain,Red,Ribo_ND_103830,0,0.07268813,0,True,0,True,0,True,/workspace/cruci-classifier/results/grid_esm35m_corrected_20260614/Rdomain/Red/eval/test_eval_results.csv
Rdomain,Red,Ribo_ND_107386,0,0.12719014,0,True,0,True,0,True,/workspace/cruci-classifier/results/grid_esm35m_corrected_20260614/Rdomain/Red/eval/test_eval_results.csv
Rdomain,Red,Ribo_ND_292468,0,0.07880151,0,True,0,True,0,True,/workspace/cruci-classifier/results/grid_esm35m_corrected_20260614/Rdomain/Red/eval/test_eval_results.csv
Rdomain,Red,Ribo_ND_129922,0,0.05505147,0,True,0,True,0,True,/workspace/cruci-classifier/results/grid_esm35m_corrected_20260614/Rdomain/Red/eval/test_eval_results.csv
Rdomain,Red,Ribo_ND_095564,0,0.056329183,0,True,0,True,0,True,/workspace/cruci-classifier/results/grid_esm35m_corrected_20260614/Rdomain/Red/eval/test_eval_results.csv
Rdomain,Red,Ribo_ND_134742,0,0.14481696,0,True,0,True,0,True,/workspace/cruci-classifier/results/grid_esm35m_corrected_20260614/Rdomain/Red/eval/test_eval_results.csv
Rdomain,Red,Ribo_ND_025925,0,0.025610326,0,True,0,True,0,True,/workspace/cruci-classifier/results/grid_esm35m_corrected_20260614/Rdomain/Red/eval/test_eval_results.csv
Rdomain,Red,Ribo_ND_024358,0,0.08045486,0,True,0,True,0,True,/workspace/cruci-classifier/results/grid_esm35m_corrected_20260614/Rdomain/Red/eval/test_eval_results.csv
Rdomain,Red,Ribo_ND_124450,0,0.0067664525,0,True,0,True,0,True,/workspace/cruci-classifier/results/grid_esm35m_corrected_20260614/Rdomain/Red/eval/test_eval_results.csv
Rdomain,Red,Ribo_ND_184545,0,0.0867404,0,True,0,True,0,True,/workspace/cruci-classifier/results/grid_esm35m_corrected_20260614/Rdomain/Red/eval/test_eval_results.csv
Rdomain,Red,Ribo_ND_351124,0,0.07011801,0,True,0,True,0,True,/workspace/cruci-classifier/results/grid_esm35m_corrected_20260614/Rdomain/Red/eval/test_eval_results.csv
Rdomain,Red,Ribo_ND_015997,0,0.17751186,0,True,0,True,0,True,/workspace/cruci-classifier/results/grid_esm35m_corrected_20260614/Rdomain/Red/eval/test_eval_results.csv
Rdomain,Red,Ribo_ND_175762,0,0.053873237,0,True,0,True,0,True,/workspace/cruci-classifier/results/grid_esm35m_corrected_20260614/Rdomain/Red/eval/test_eval_results.csv
Rdomain,Red,Ribo_ND_181970,0,0.24690177,0,True,0,True,0,True,/workspace/cruci-classifier/results/grid_esm35m_corrected_20260614/Rdomain/Red/eval/test_eval_results.csv
Rdomain,Red,Ribo_ND_306667,0,0.020126978,0,True,0,True,0,True,/workspace/cruci-classifier/results/grid_esm35m_corrected_20260614/Rdomain/Red/eval/test_eval_results.csv
Rdomain,Red,Ribo_ND_043264,0,0.1662777,0,True,0,True,0,True,/workspace/cruci-classifier/results/grid_esm35m_corrected_20260614/Rdomain/Red/eval/test_eval_results.csv
Rdomain,Red,Ribo_ND_015807,0,0.03434499,0,True,0,True,0,True,/workspace/cruci-classifier/results/grid_esm35m_corrected_20260614/Rdomain/Red/eval/test_eval_results.csv
Rdomain,Red,Ribo_ND_030353,0,0.10837644,0,True,0,True,0,True,/workspace/cruci-classifier/results/grid_esm35m_corrected_20260614/Rdomain/Red/eval/test_eval_results.csv
Rdomain,Red,Ribo_ND_024662,0,0.11089005,0,True,0,True,0,True,/workspace/cruci-classifier/results/grid_esm35m_corrected_20260614/Rdomain/Red/eval/test_eval_results.csv
Rdomain,Red,Ribo_ND_049257,0,0.15005814,0,True,0,True,0,True,/workspace/cruci-classifier/results/grid_esm35m_corrected_20260614/Rdomain/Red/eval/test_eval_results.csv
Rdomain,Red,Ribo_ND_239648,0,0.16133161,0,True,0,True,0,True,/workspace/cruci-classifier/results/grid_esm35m_corrected_20260614/Rdomain/Red/eval/test_eval_results.csv
Rdomain,Red,Ribo_ND_379330,0,0.265852,0,True,0,True,0,True,/workspace/cruci-classifier/results/grid_esm35m_corrected_20260614/Rdomain/Red/eval/test_eval_results.csv
Rdomain,Red,Ribo_ND_334638,0,0.19751057,0,True,0,True,0,True,/workspace/cruci-classifier/results/grid_esm35m_corrected_20260614/Rdomain/Red/eval/test_eval_results.csv
Rdomain,Red,Ribo_ND_221336,0,0.102648765,0,True,0,True,0,True,/workspace/cruci-classifier/results/grid_esm35m_corrected_20260614/Rdomain/Red/eval/test_eval_results.csv
Rdomain,Red,Ribo_ND_281703,0,0.04311271,0,True,0,True,0,True,/workspace/cruci-classifier/results/grid_esm35m_corrected_20260614/Rdomain/Red/eval/test_eval_results.csv
Rdomain,Red,Ribo_ND_019348,0,0.08414482,0,True,0,True,0,True,/workspace/cruci-classifier/results/grid_esm35m_corrected_20260614/Rdomain/Red/eval/test_eval_results.csv
Rdomain,Red,Ribo_ND_163124,0,0.046095014,0,True,0,True,0,True,/workspace/cruci-classifier/results/grid_esm35m_corrected_20260614/Rdomain/Red/eval/test_eval_results.csv
Rdomain,Red,Ribo_ND_387096,0,0.33055055,0,True,0,True,0,True,/workspace/cruci-classifier/results/grid_esm35m_corrected_20260614/Rdomain/Red/eval/test_eval_results.csv
Rdomain,Red,Ribo_ND_177717,0,0.24448797,0,True,0,True,0,True,/workspace/cruci-classifier/results/grid_esm35m_corrected_20260614/Rdomain/Red/eval/test_eval_results.csv
Rdomain,Red,Ribo_ND_093435,0,0.0690276,0,True,0,True,0,True,/workspace/cruci-classifier/results/grid_esm35m_corrected_20260614/Rdomain/Red/eval/test_eval_results.csv
Rdomain,Red,Ribo_ND_166930,0,0.073078945,0,True,0,True,0,True,/workspace/cruci-classifier/results/grid_esm35m_corrected_20260614/Rdomain/Red/eval/test_eval_results.csv
Rdomain,Red,Ribo_ND_084751,0,0.3387472,0,True,0,True,0,True,/workspace/cruci-classifier/results/grid_esm35m_corrected_20260614/Rdomain/Red/eval/test_eval_results.csv
Rdomain,Red,Ribo_ND_029646,0,0.037813973,0,True,0,True,0,True,/workspace/cruci-classifier/results/grid_esm35m_corrected_20260614/Rdomain/Red/eval/test_eval_results.csv
Rdomain,Red,Ribo_ND_025512,0,0.18094982,0,True,0,True,0,True,/workspace/cruci-classifier/results/grid_esm35m_corrected_20260614/Rdomain/Red/eval/test_eval_results.csv
Rdomain,Red,Ribo_ND_016336,0,0.08568214,0,True,0,True,0,True,/workspace/cruci-classifier/results/grid_esm35m_corrected_20260614/Rdomain/Red/eval/test_eval_results.csv
Rdomain,Red,Ribo_ND_162029,0,0.03507466,0,True,0,True,0,True,/workspace/cruci-classifier/results/grid_esm35m_corrected_20260614/Rdomain/Red/eval/test_eval_results.csv
Rdomain,Red,Ribo_ND_043361,0,0.091246635,0,True,0,True,0,True,/workspace/cruci-classifier/results/grid_esm35m_corrected_20260614/Rdomain/Red/eval/test_eval_results.csv
Rdomain,Red,Ribo_ND_107501,0,0.2097772,0,True,0,True,0,True,/workspace/cruci-classifier/results/grid_esm35m_corrected_20260614/Rdomain/Red/eval/test_eval_results.csv
Rdomain,Red,Ribo_ND_355772,0,0.02853033,0,True,0,True,0,True,/workspace/cruci-classifier/results/grid_esm35m_corrected_20260614/Rdomain/Red/eval/test_eval_results.csv
Rdomain,Red,Ribo_ND_093203,0,0.026712801,0,True,0,True,0,True,/workspace/cruci-classifier/results/grid_esm35m_corrected_20260614/Rdomain/Red/eval/test_eval_results.csv
Rdomain,Red,Ribo_ND_345541,0,0.09480434,0,True,0,True,0,True,/workspace/cruci-classifier/results/grid_esm35m_corrected_20260614/Rdomain/Red/eval/test_eval_results.csv
Rdomain,Red,Ribo_ND_285669,0,0.44688344,0,True,0,True,0,True,/workspace/cruci-classifier/results/grid_esm35m_corrected_20260614/Rdomain/Red/eval/test_eval_results.csv
Rdomain,Red,Ribo_ND_110535,0,0.2371552,0,True,0,True,0,True,/workspace/cruci-classifier/results/grid_esm35m_corrected_20260614/Rdomain/Red/eval/test_eval_results.csv
Rdomain,Red,Ribo_ND_391182,0,0.029403323,0,True,0,True,0,True,/workspace/cruci-classifier/results/grid_esm35m_corrected_20260614/Rdomain/Red/eval/test_eval_results.csv
Rdomain,Red,Ribo_ND_113214,0,0.041460216,0,True,0,True,0,True,/workspace/cruci-classifier/results/grid_esm35m_corrected_20260614/Rdomain/Red/eval/test_eval_results.csv
Rdomain,Red,Ribo_ND_092587,0,0.15608077,0,True,0,True,0,True,/workspace/cruci-classifier/results/grid_esm35m_corrected_20260614/Rdomain/Red/eval/test_eval_results.csv
Rdomain,Red,Ribo_ND_166611,0,0.16278915,0,True,0,True,0,True,/workspace/cruci-classifier/results/grid_esm35m_corrected_20260614/Rdomain/Red/eval/test_eval_results.csv
Rdomain,Red,Ribo_ND_160101,0,0.0845919,0,True,0,True,0,True,/workspace/cruci-classifier/results/grid_esm35m_corrected_20260614/Rdomain/Red/eval/test_eval_results.csv
Rdomain,Red,Ribo_ND_391489,0,0.020246152,0,True,0,True,0,True,/workspace/cruci-classifier/results/grid_esm35m_corrected_20260614/Rdomain/Red/eval/test_eval_results.csv
Rdomain,Red,Ribo_ND_024293,0,0.013273943,0,True,0,True,0,True,/workspace/cruci-classifier/results/grid_esm35m_corrected_20260614/Rdomain/Red/eval/test_eval_results.csv
Rdomain,Red,Ribo_ND_065538,0,0.15242165,0,True,0,True,0,True,/workspace/cruci-classifier/results/grid_esm35m_corrected_20260614/Rdomain/Red/eval/test_eval_results.csv
Rdomain,Red,Ribo_ND_202064,0,0.034378916,0,True,0,True,0,True,/workspace/cruci-classifier/results/grid_esm35m_corrected_20260614/Rdomain/Red/eval/test_eval_results.csv
Rdomain,Red,Ribo_ND_180066,0,0.0211477,0,True,0,True,0,True,/workspace/cruci-classifier/results/grid_esm35m_corrected_20260614/Rdomain/Red/eval/test_eval_results.csv
Rdomain,Red,Ribo_ND_150220,0,0.12960261,0,True,0,True,0,True,/workspace/cruci-classifier/results/grid_esm35m_corrected_20260614/Rdomain/Red/eval/test_eval_results.csv
Rdomain,Red,Ribo_ND_046897,0,0.20308703,0,True,0,True,0,True,/workspace/cruci-classifier/results/grid_esm35m_corrected_20260614/Rdomain/Red/eval/test_eval_results.csv
Rdomain,Red,Ribo_ND_391228,0,0.009784177,0,True,0,True,0,True,/workspace/cruci-classifier/results/grid_esm35m_corrected_20260614/Rdomain/Red/eval/test_eval_results.csv
Rdomain,Red,Ribo_ND_127829,0,0.19840474,0,True,0,True,0,True,/workspace/cruci-classifier/results/grid_esm35m_corrected_20260614/Rdomain/Red/eval/test_eval_results.csv
Rdomain,Red,Ribo_ND_056125,0,0.31411612,0,True,0,True,0,True,/workspace/cruci-classifier/results/grid_esm35m_corrected_20260614/Rdomain/Red/eval/test_eval_results.csv
Rdomain,Red,Ribo_ND_030265,0,0.24719985,0,True,0,True,0,True,/workspace/cruci-classifier/results/grid_esm35m_corrected_20260614/Rdomain/Red/eval/test_eval_results.csv
Rdomain,Red,Ribo_ND_024948,0,0.029336022,0,True,0,True,0,True,/workspace/cruci-classifier/results/grid_esm35m_corrected_20260614/Rdomain/Red/eval/test_eval_results.csv
Rdomain,Red,Ribo_ND_391490,0,0.046170413,0,True,0,True,0,True,/workspace/cruci-classifier/results/grid_esm35m_corrected_20260614/Rdomain/Red/eval/test_eval_results.csv
Rdomain,Red,Ribo_ND_289130,0,0.05806967,0,True,0,True,0,True,/workspace/cruci-classifier/results/grid_esm35m_corrected_20260614/Rdomain/Red/eval/test_eval_results.csv
Rdomain,Red,Ribo_ND_163136,0,0.059744157,0,True,0,True,0,True,/workspace/cruci-classifier/results/grid_esm35m_corrected_20260614/Rdomain/Red/eval/test_eval_results.csv
Rdomain,Red,Ribo_ND_344529,0,0.06224769,0,True,0,True,0,True,/workspace/cruci-classifier/results/grid_esm35m_corrected_20260614/Rdomain/Red/eval/test_eval_results.csv
Rdomain,Red,Ribo_ND_025487,0,0.03850639,0,True,0,True,0,True,/workspace/cruci-classifier/results/grid_esm35m_corrected_20260614/Rdomain/Red/eval/test_eval_results.csv
Rdomain,Red,Ribo_ND_166489,0,0.015266489,0,True,0,True,0,True,/workspace/cruci-classifier/results/grid_esm35m_corrected_20260614/Rdomain/Red/eval/test_eval_results.csv
Rdomain,Red,Ribo_ND_348887,0,0.048762895,0,True,0,True,0,True,/workspace/cruci-classifier/results/grid_esm35m_corrected_20260614/Rdomain/Red/eval/test_eval_results.csv
Rdomain,Red,Ribo_ND_282720,0,0.0061338553,0,True,0,True,0,True,/workspace/cruci-classifier/results/grid_esm35m_corrected_20260614/Rdomain/Red/eval/test_eval_results.csv
Rdomain,Red,Ribo_ND_378986,0,0.14141588,0,True,0,True,0,True,/workspace/cruci-classifier/results/grid_esm35m_corrected_20260614/Rdomain/Red/eval/test_eval_results.csv
Rdomain,Red,Ribo_ND_028526,0,0.014244665,0,True,0,True,0,True,/workspace/cruci-classifier/results/grid_esm35m_corrected_20260614/Rdomain/Red/eval/test_eval_results.csv
Rdomain,Red,Ribo_ND_327359,0,0.26646227,0,True,0,True,0,True,/workspace/cruci-classifier/results/grid_esm35m_corrected_20260614/Rdomain/Red/eval/test_eval_results.csv
Rdomain,Red,Ribo_ND_390206,0,0.0777342,0,True,0,True,0,True,/workspace/cruci-classifier/results/grid_esm35m_corrected_20260614/Rdomain/Red/eval/test_eval_results.csv
Rdomain,Red,Ribo_ND_094183,0,0.046168774,0,True,0,True,0,True,/workspace/cruci-classifier/results/grid_esm35m_corrected_20260614/Rdomain/Red/eval/test_eval_results.csv
Rdomain,Red,Ribo_ND_015690,0,0.007840354,0,True,0,True,0,True,/workspace/cruci-classifier/results/grid_esm35m_corrected_20260614/Rdomain/Red/eval/test_eval_results.csv
Rdomain,Red,Ribo_Galinsoga_Mosaic_Virus,0,0.007840354,0,True,0,True,0,True,/workspace/cruci-classifier/results/grid_esm35m_corrected_20260614/Rdomain/Red/eval/test_eval_results.csv
Rdomain,Red,Ribo_ND_385473,0,0.07301982,0,True,0,True,0,True,/workspace/cruci-classifier/results/grid_esm35m_corrected_20260614/Rdomain/Red/eval/test_eval_results.csv
Rdomain,Red,Ribo_ND_115234,0,0.014718149,0,True,0,True,0,True,/workspace/cruci-classifier/results/grid_esm35m_corrected_20260614/Rdomain/Red/eval/test_eval_results.csv
Rdomain,Red,Ribo_ND_133927,0,0.11555145,0,True,0,True,0,True,/workspace/cruci-classifier/results/grid_esm35m_corrected_20260614/Rdomain/Red/eval/test_eval_results.csv
Rdomain,Red,Ribo_ND_065460,0,0.1276039,0,True,0,True,0,True,/workspace/cruci-classifier/results/grid_esm35m_corrected_20260614/Rdomain/Red/eval/test_eval_results.csv
Rdomain,Red,Ribo_ND_167327,0,0.30365434,0,True,0,True,0,True,/workspace/cruci-classifier/results/grid_esm35m_corrected_20260614/Rdomain/Red/eval/test_eval_results.csv
Rdomain,Red,Ribo_ND_080221,0,0.020726504,0,True,0,True,0,True,/workspace/cruci-classifier/results/grid_esm35m_corrected_20260614/Rdomain/Red/eval/test_eval_results.csv
Rdomain,Red,Ribo_ND_387559,0,0.022675676,0,True,0,True,0,True,/workspace/cruci-classifier/results/grid_esm35m_corrected_20260614/Rdomain/Red/eval/test_eval_results.csv
Rdomain,Red,Ribo_ND_026347,0,0.119077586,0,True,0,True,0,True,/workspace/cruci-classifier/results/grid_esm35m_corrected_20260614/Rdomain/Red/eval/test_eval_results.csv
Rdomain,Red,Ribo_ND_379348,0,0.16279276,0,True,0,True,0,True,/workspace/cruci-classifier/results/grid_esm35m_corrected_20260614/Rdomain/Red/eval/test_eval_results.csv
Rdomain,Red,Ribo_ND_025350,0,0.055276588,0,True,0,True,0,True,/workspace/cruci-classifier/results/grid_esm35m_corrected_20260614/Rdomain/Red/eval/test_eval_results.csv
Rdomain,Red,Ribo_ND_025523,0,0.08932839,0,True,0,True,0,True,/workspace/cruci-classifier/results/grid_esm35m_corrected_20260614/Rdomain/Red/eval/test_eval_results.csv
Rdomain,Red,Ribo_ND_382439,0,0.65697277,1,False,1,False,1,False,/workspace/cruci-classifier/results/grid_esm35m_corrected_20260614/Rdomain/Red/eval/test_eval_results.csv
Rdomain,Red,Ribo_ND_087716,0,0.056609385,0,True,0,True,0,True,/workspace/cruci-classifier/results/grid_esm35m_corrected_20260614/Rdomain/Red/eval/test_eval_results.csv
Rdomain,Red,Ribo_ND_065557,0,0.14420821,0,True,0,True,0,True,/workspace/cruci-classifier/results/grid_esm35m_corrected_20260614/Rdomain/Red/eval/test_eval_results.csv
Rdomain,Red,Ribo_ND_086121,0,0.022573905,0,True,0,True,0,True,/workspace/cruci-classifier/results/grid_esm35m_corrected_20260614/Rdomain/Red/eval/test_eval_results.csv
Rdomain,Red,Ribo_ND_294143,0,0.028406393,0,True,0,True,0,True,/workspace/cruci-classifier/results/grid_esm35m_corrected_20260614/Rdomain/Red/eval/test_eval_results.csv
Rdomain,Red,Ribo_ND_016811,0,0.026947947,0,True,0,True,0,True,/workspace/cruci-classifier/results/grid_esm35m_corrected_20260614/Rdomain/Red/eval/test_eval_results.csv
Rdomain,Red,Ribo_ND_345505,0,0.045179304,0,True,0,True,0,True,/workspace/cruci-classifier/results/grid_esm35m_corrected_20260614/Rdomain/Red/eval/test_eval_results.csv
Rdomain,Red,Ribo_ND_016202,0,0.029130332,0,True,0,True,0,True,/workspace/cruci-classifier/results/grid_esm35m_corrected_20260614/Rdomain/Red/eval/test_eval_results.csv
Rdomain,Red,Ribo_ND_282017,0,0.03552668,0,True,0,True,0,True,/workspace/cruci-classifier/results/grid_esm35m_corrected_20260614/Rdomain/Red/eval/test_eval_results.csv
Rdomain,Red,Ribo_ND_076186,0,0.026871582,0,True,0,True,0,True,/workspace/cruci-classifier/results/grid_esm35m_corrected_20260614/Rdomain/Red/eval/test_eval_results.csv
Rdomain,Red,Ribo_ND_290207,0,0.05422918,0,True,0,True,0,True,/workspace/cruci-classifier/results/grid_esm35m_corrected_20260614/Rdomain/Red/eval/test_eval_results.csv
Rdomain,Red,Ribo_ND_306441,0,0.07392777,0,True,0,True,0,True,/workspace/cruci-classifier/results/grid_esm35m_corrected_20260614/Rdomain/Red/eval/test_eval_results.csv
Rdomain,Red,Ribo_ND_327870,0,0.077701695,0,True,0,True,0,True,/workspace/cruci-classifier/results/grid_esm35m_corrected_20260614/Rdomain/Red/eval/test_eval_results.csv
Rdomain,Red,Ribo_ND_249226,0,0.034720536,0,True,0,True,0,True,/workspace/cruci-classifier/results/grid_esm35m_corrected_20260614/Rdomain/Red/eval/test_eval_results.csv
Rdomain,Red,Ribo_ND_043980,0,0.009661535,0,True,0,True,0,True,/workspace/cruci-classifier/results/grid_esm35m_corrected_20260614/Rdomain/Red/eval/test_eval_results.csv
Rdomain,Red,Ribo_ND_083005,0,0.13165167,0,True,0,True,0,True,/workspace/cruci-classifier/results/grid_esm35m_corrected_20260614/Rdomain/Red/eval/test_eval_results.csv
Rdomain,Red,Ribo_ND_019433,0,0.025440717,0,True,0,True,0,True,/workspace/cruci-classifier/results/grid_esm35m_corrected_20260614/Rdomain/Red/eval/test_eval_results.csv
Rdomain,Red,Ribo_ND_015818,0,0.025853481,0,True,0,True,0,True,/workspace/cruci-classifier/results/grid_esm35m_corrected_20260614/Rdomain/Red/eval/test_eval_results.csv
Rdomain,Red,Ribo_ND_160081,0,0.05473889,0,True,0,True,0,True,/workspace/cruci-classifier/results/grid_esm35m_corrected_20260614/Rdomain/Red/eval/test_eval_results.csv
Rdomain,Red,Ribo_ND_028954,0,0.031328518,0,True,0,True,0,True,/workspace/cruci-classifier/results/grid_esm35m_corrected_20260614/Rdomain/Red/eval/test_eval_results.csv
Rdomain,Red,Ribo_ND_366252,0,0.01781263,0,True,0,True,0,True,/workspace/cruci-classifier/results/grid_esm35m_corrected_20260614/Rdomain/Red/eval/test_eval_results.csv
Rdomain,Red,Ribo_ND_338439,0,0.023757236,0,True,0,True,0,True,/workspace/cruci-classifier/results/grid_esm35m_corrected_20260614/Rdomain/Red/eval/test_eval_results.csv
Rdomain,Red,Ribo_ND_016151,0,0.23433952,0,True,0,True,0,True,/workspace/cruci-classifier/results/grid_esm35m_corrected_20260614/Rdomain/Red/eval/test_eval_results.csv
Rdomain,Red,Ribo_ND_094357,0,0.016185641,0,True,0,True,0,True,/workspace/cruci-classifier/results/grid_esm35m_corrected_20260614/Rdomain/Red/eval/test_eval_results.csv
Rdomain,Red,Ribo_ND_389828,0,0.1405128,0,True,0,True,0,True,/workspace/cruci-classifier/results/grid_esm35m_corrected_20260614/Rdomain/Red/eval/test_eval_results.csv
Rdomain,Red,Ribo_ND_293245,0,0.05677499,0,True,0,True,0,True,/workspace/cruci-classifier/results/grid_esm35m_corrected_20260614/Rdomain/Red/eval/test_eval_results.csv
Rdomain,Red,Ribo_ND_370409,0,0.03640263,0,True,0,True,0,True,/workspace/cruci-classifier/results/grid_esm35m_corrected_20260614/Rdomain/Red/eval/test_eval_results.csv
Rdomain,Red,Ribo_ND_044117,0,0.08340628,0,True,0,True,0,True,/workspace/cruci-classifier/results/grid_esm35m_corrected_20260614/Rdomain/Red/eval/test_eval_results.csv
Rdomain,Red,Ribo_ND_028859,0,0.07862623,0,True,0,True,0,True,/workspace/cruci-classifier/results/grid_esm35m_corrected_20260614/Rdomain/Red/eval/test_eval_results.csv
Rdomain,Red,Ribo_ND_311193,0,0.023089295,0,True,0,True,0,True,/workspace/cruci-classifier/results/grid_esm35m_corrected_20260614/Rdomain/Red/eval/test_eval_results.csv
Rdomain,Red,Ribo_ND_282003,0,0.016765945,0,True,0,True,0,True,/workspace/cruci-classifier/results/grid_esm35m_corrected_20260614/Rdomain/Red/eval/test_eval_results.csv
Rdomain,Red,Ribo_ND_121954,0,0.05966061,0,True,0,True,0,True,/workspace/cruci-classifier/results/grid_esm35m_corrected_20260614/Rdomain/Red/eval/test_eval_results.csv
Rdomain,Red,Ribo_ND_189570,0,0.03650089,0,True,0,True,0,True,/workspace/cruci-classifier/results/grid_esm35m_corrected_20260614/Rdomain/Red/eval/test_eval_results.csv
Rdomain,Red,Ribo_ND_240910,0,0.0678647,0,True,0,True,0,True,/workspace/cruci-classifier/results/grid_esm35m_corrected_20260614/Rdomain/Red/eval/test_eval_results.csv
Rdomain,Red,Ribo_ND_291015,0,0.0125547005,0,True,0,True,0,True,/workspace/cruci-classifier/results/grid_esm35m_corrected_20260614/Rdomain/Red/eval/test_eval_results.csv
Rdomain,Red,Ribo_ND_290178,0,0.06254972,0,True,0,True,0,True,/workspace/cruci-classifier/results/grid_esm35m_corrected_20260614/Rdomain/Red/eval/test_eval_results.csv
Rdomain,Red,Ribo_NC_033187,0,0.04590469,0,True,0,True,0,True,/workspace/cruci-classifier/results/grid_esm35m_corrected_20260614/Rdomain/Red/eval/test_eval_results.csv
Rdomain,Red,Ribo_tomREF_NC_009533,0,0.063326776,0,True,0,True,0,True,/workspace/cruci-classifier/results/grid_esm35m_corrected_20260614/Rdomain/Red/eval/test_eval_results.csv
Rdomain,Red,Ribo_ND_043923,0,0.04156567,0,True,0,True,0,True,/workspace/cruci-classifier/results/grid_esm35m_corrected_20260614/Rdomain/Red/eval/test_eval_results.csv
Rdomain,Red,Ribo_ND_028897,0,0.016556446,0,True,0,True,0,True,/workspace/cruci-classifier/results/grid_esm35m_corrected_20260614/Rdomain/Red/eval/test_eval_results.csv
Rdomain,Red,Ribo_ND_202996,0,0.030709842,0,True,0,True,0,True,/workspace/cruci-classifier/results/grid_esm35m_corrected_20260614/Rdomain/Red/eval/test_eval_results.csv
Rdomain,Red,Ribo_ND_289203,0,0.08005907,0,True,0,True,0,True,/workspace/cruci-classifier/results/grid_esm35m_corrected_20260614/Rdomain/Red/eval/test_eval_results.csv
Rdomain,Red,Ribo_ND_329178,0,0.14185435,0,True,0,True,0,True,/workspace/cruci-classifier/results/grid_esm35m_corrected_20260614/Rdomain/Red/eval/test_eval_results.csv
Rdomain,Red,Ribo_ND_085206,0,0.023660528,0,True,0,True,0,True,/workspace/cruci-classifier/results/grid_esm35m_corrected_20260614/Rdomain/Red/eval/test_eval_results.csv
Rdomain,Red,Ribo_ND_030619,0,0.033976614,0,True,0,True,0,True,/workspace/cruci-classifier/results/grid_esm35m_corrected_20260614/Rdomain/Red/eval/test_eval_results.csv
Rdomain,Red,Ribo_ND_080284,0,0.02153446,0,True,0,True,0,True,/workspace/cruci-classifier/results/grid_esm35m_corrected_20260614/Rdomain/Red/eval/test_eval_results.csv
Rdomain,Red,Ribo_ND_287598,0,0.14902739,0,True,0,True,0,True,/workspace/cruci-classifier/results/grid_esm35m_corrected_20260614/Rdomain/Red/eval/test_eval_results.csv
Rdomain,Red,Ribo_ND_327198,0,0.3404065,0,True,0,True,0,True,/workspace/cruci-classifier/results/grid_esm35m_corrected_20260614/Rdomain/Red/eval/test_eval_results.csv
Rdomain,Red,Ribo_ND_125159,0,0.080894634,0,True,0,True,0,True,/workspace/cruci-classifier/results/grid_esm35m_corrected_20260614/Rdomain/Red/eval/test_eval_results.csv
Rdomain,Red,Ribo_ND_048689,0,0.021031883,0,True,0,True,0,True,/workspace/cruci-classifier/results/grid_esm35m_corrected_20260614/Rdomain/Red/eval/test_eval_results.csv
Rdomain,Red,Ribo_ND_157297,0,0.026269611,0,True,0,True,0,True,/workspace/cruci-classifier/results/grid_esm35m_corrected_20260614/Rdomain/Red/eval/test_eval_results.csv
Rdomain,Red,Ribo_ND_150904,0,0.0139806075,0,True,0,True,0,True,/workspace/cruci-classifier/results/grid_esm35m_corrected_20260614/Rdomain/Red/eval/test_eval_results.csv
Rdomain,Red,Ribo_ND_166523,0,0.04665243,0,True,0,True,0,True,/workspace/cruci-classifier/results/grid_esm35m_corrected_20260614/Rdomain/Red/eval/test_eval_results.csv
Rdomain,Red,Ribo_ND_387581,0,0.02659546,0,True,0,True,0,True,/workspace/cruci-classifier/results/grid_esm35m_corrected_20260614/Rdomain/Red/eval/test_eval_results.csv
Rdomain,Red,Ribo_ND_284233,0,0.12430756,0,True,0,True,0,True,/workspace/cruci-classifier/results/grid_esm35m_corrected_20260614/Rdomain/Red/eval/test_eval_results.csv
Rdomain,Red,Ribo_ND_023567,0,0.008773708,0,True,0,True,0,True,/workspace/cruci-classifier/results/grid_esm35m_corrected_20260614/Rdomain/Red/eval/test_eval_results.csv
Rdomain,Red,Ribo_ND_026280,0,0.024905497,0,True,0,True,0,True,/workspace/cruci-classifier/results/grid_esm35m_corrected_20260614/Rdomain/Red/eval/test_eval_results.csv
Rdomain,Red,Ribo_ND_083710,0,0.038874693,0,True,0,True,0,True,/workspace/cruci-classifier/results/grid_esm35m_corrected_20260614/Rdomain/Red/eval/test_eval_results.csv
Rdomain,Red,Ribo_ND_327996,0,0.09656953,0,True,0,True,0,True,/workspace/cruci-classifier/results/grid_esm35m_corrected_20260614/Rdomain/Red/eval/test_eval_results.csv
Rdomain,Red,Ribo_ND_286599,0,0.031221066,0,True,0,True,0,True,/workspace/cruci-classifier/results/grid_esm35m_corrected_20260614/Rdomain/Red/eval/test_eval_results.csv
Rdomain,Red,Ribo_ND_292487,0,0.07300581,0,True,0,True,0,True,/workspace/cruci-classifier/results/grid_esm35m_corrected_20260614/Rdomain/Red/eval/test_eval_results.csv
Rdomain,Red,Ribo_ND_363042,0,0.050135802,0,True,0,True,0,True,/workspace/cruci-classifier/results/grid_esm35m_corrected_20260614/Rdomain/Red/eval/test_eval_results.csv
Rdomain,Red,Ribo_ND_386299,0,0.06772823,0,True,0,True,0,True,/workspace/cruci-classifier/results/grid_esm35m_corrected_20260614/Rdomain/Red/eval/test_eval_results.csv
Rdomain,Red,Ribo_ND_292524,0,0.07209704,0,True,0,True,0,True,/workspace/cruci-classifier/results/grid_esm35m_corrected_20260614/Rdomain/Red/eval/test_eval_results.csv
Rdomain,Red,Ribo_ND_101574,0,0.36811334,0,True,0,True,0,True,/workspace/cruci-classifier/results/grid_esm35m_corrected_20260614/Rdomain/Red/eval/test_eval_results.csv
Rdomain,Red,Ribo_ND_292516,0,0.084818,0,True,0,True,0,True,/workspace/cruci-classifier/results/grid_esm35m_corrected_20260614/Rdomain/Red/eval/test_eval_results.csv
Rdomain,Red,Ribo_ND_287421,0,0.084818,0,True,0,True,0,True,/workspace/cruci-classifier/results/grid_esm35m_corrected_20260614/Rdomain/Red/eval/test_eval_results.csv
Rdomain,Red,Ribo_ND_284212,0,0.040856704,0,True,0,True,0,True,/workspace/cruci-classifier/results/grid_esm35m_corrected_20260614/Rdomain/Red/eval/test_eval_results.csv
Rdomain,Red,Ribo_ND_057797,0,0.09062691,0,True,0,True,0,True,/workspace/cruci-classifier/results/grid_esm35m_corrected_20260614/Rdomain/Red/eval/test_eval_results.csv
Rdomain,Red,Ribo_ND_391197,0,0.14478351,0,True,0,True,0,True,/workspace/cruci-classifier/results/grid_esm35m_corrected_20260614/Rdomain/Red/eval/test_eval_results.csv
Rdomain,Red,Ribo_ND_029735,0,0.5262803,1,False,1,False,1,False,/workspace/cruci-classifier/results/grid_esm35m_corrected_20260614/Rdomain/Red/eval/test_eval_results.csv
Rdomain,Red,Ribo_ND_203978,0,0.110660665,0,True,0,True,0,True,/workspace/cruci-classifier/results/grid_esm35m_corrected_20260614/Rdomain/Red/eval/test_eval_results.csv
Rdomain,Red,Ribo_ND_165024,0,0.10706378,0,True,0,True,0,True,/workspace/cruci-classifier/results/grid_esm35m_corrected_20260614/Rdomain/Red/eval/test_eval_results.csv
Rdomain,Red,Ribo_ND_306663,0,0.27892,0,True,0,True,0,True,/workspace/cruci-classifier/results/grid_esm35m_corrected_20260614/Rdomain/Red/eval/test_eval_results.csv
Rdomain,Red,Ribo_ND_295007,0,0.61879903,1,False,1,False,1,False,/workspace/cruci-classifier/results/grid_esm35m_corrected_20260614/Rdomain/Red/eval/test_eval_results.csv
Rdomain,Red,Ribo_ND_306487,0,0.59311056,1,False,1,False,1,False,/workspace/cruci-classifier/results/grid_esm35m_corrected_20260614/Rdomain/Red/eval/test_eval_results.csv
Rdomain,Red,Ribo_ND_125556,0,0.639004,1,False,1,False,1,False,/workspace/cruci-classifier/results/grid_esm35m_corrected_20260614/Rdomain/Red/eval/test_eval_results.csv
Rdomain,Red,Ribo_ND_102609,0,0.59956086,1,False,1,False,1,False,/workspace/cruci-classifier/results/grid_esm35m_corrected_20260614/Rdomain/Red/eval/test_eval_results.csv
Rdomain,Red,Cruci_Carp_JAHDYR010000041,1,0.95808357,1,True,1,True,1,True,/workspace/cruci-classifier/results/grid_esm35m_corrected_20260614/Rdomain/Red/eval/test_eval_results.csv
Rdomain,Yellow,Ribo_ND_085676,0,0.07251789,0,True,0,True,0,True,/workspace/cruci-classifier/results/grid_esm35m_corrected_20260614/Rdomain/Yellow/eval/test_eval_results.csv
Rdomain,Yellow,Ribo_ND_053581,0,0.22956246,0,True,0,True,0,True,/workspace/cruci-classifier/results/grid_esm35m_corrected_20260614/Rdomain/Yellow/eval/test_eval_results.csv
Rdomain,Yellow,Ribo_NC_032782,0,0.26038662,0,True,0,True,0,True,/workspace/cruci-classifier/results/grid_esm35m_corrected_20260614/Rdomain/Yellow/eval/test_eval_results.csv
Rdomain,Yellow,Ribo_JAAOEH010002449.1,0,0.45535702,0,True,0,True,0,True,/workspace/cruci-classifier/results/grid_esm35m_corrected_20260614/Rdomain/Yellow/eval/test_eval_results.csv
Rdomain,Yellow,Cruci_CruV-873,1,0.1311414,0,False,0,False,0,False,/workspace/cruci-classifier/results/grid_esm35m_corrected_20260614/Rdomain/Yellow/eval/test_eval_results.csv
Rdomain,Yellow,Ribo_ND_249643,0,0.41332623,0,True,0,True,0,True,/workspace/cruci-classifier/results/grid_esm35m_corrected_20260614/Rdomain/Yellow/eval/test_eval_results.csv
Rdomain,Yellow,Ribo_ND_103002,0,0.33374923,0,True,0,True,0,True,/workspace/cruci-classifier/results/grid_esm35m_corrected_20260614/Rdomain/Yellow/eval/test_eval_results.csv
Rdomain,Yellow,Ribo_ND_176115,0,0.22231172,0,True,0,True,0,True,/workspace/cruci-classifier/results/grid_esm35m_corrected_20260614/Rdomain/Yellow/eval/test_eval_results.csv
Rdomain,Yellow,Ribo_ND_321947,0,0.10098734,0,True,0,True,0,True,/workspace/cruci-classifier/results/grid_esm35m_corrected_20260614/Rdomain/Yellow/eval/test_eval_results.csv
Rdomain,Yellow,Ribo_JAAOEH010003866.1,0,0.57024086,1,False,1,False,1,False,/workspace/cruci-classifier/results/grid_esm35m_corrected_20260614/Rdomain/Yellow/eval/test_eval_results.csv
Rdomain,Yellow,Ribo_JAAOEH010001272.1,0,0.30580813,0,True,0,True,0,True,/workspace/cruci-classifier/results/grid_esm35m_corrected_20260614/Rdomain/Yellow/eval/test_eval_results.csv
Rdomain,Yellow,Cruci_CruV-885,1,0.78974277,1,True,1,True,1,True,/workspace/cruci-classifier/results/grid_esm35m_corrected_20260614/Rdomain/Yellow/eval/test_eval_results.csv
Rdomain,Yellow,Ribo_NC_033426,0,0.3101414,0,True,0,True,0,True,/workspace/cruci-classifier/results/grid_esm35m_corrected_20260614/Rdomain/Yellow/eval/test_eval_results.csv
Rdomain,Yellow,Cruci_CruV_417,1,0.93397117,1,True,1,True,1,True,/workspace/cruci-classifier/results/grid_esm35m_corrected_20260614/Rdomain/Yellow/eval/test_eval_results.csv
Rdomain,Yellow,Ribo_JAAOEH010001942.1,0,0.28258306,0,True,0,True,0,True,/workspace/cruci-classifier/results/grid_esm35m_corrected_20260614/Rdomain/Yellow/eval/test_eval_results.csv
Rdomain,Yellow,Ribo_ND_046858,0,0.1511928,0,True,0,True,0,True,/workspace/cruci-classifier/results/grid_esm35m_corrected_20260614/Rdomain/Yellow/eval/test_eval_results.csv
Rdomain,Yellow,Ribo_ND_037412,0,0.73387665,1,False,1,False,1,False,/workspace/cruci-classifier/results/grid_esm35m_corrected_20260614/Rdomain/Yellow/eval/test_eval_results.csv
Rdomain,Yellow,Ribo_JAAOEH010002410.1,0,0.49974775,0,True,0,True,0,True,/workspace/cruci-classifier/results/grid_esm35m_corrected_20260614/Rdomain/Yellow/eval/test_eval_results.csv
Rdomain,Yellow,Ribo_ND_069154,0,0.21351069,0,True,0,True,0,True,/workspace/cruci-classifier/results/grid_esm35m_corrected_20260614/Rdomain/Yellow/eval/test_eval_results.csv
Rdomain,Yellow,Ribo_ND_100110,0,0.35503188,0,True,0,True,0,True,/workspace/cruci-classifier/results/grid_esm35m_corrected_20260614/Rdomain/Yellow/eval/test_eval_results.csv
Rdomain,Yellow,Ribo_ND_162910,0,0.54305923,1,False,1,False,1,False,/workspace/cruci-classifier/results/grid_esm35m_corrected_20260614/Rdomain/Yellow/eval/test_eval_results.csv
Rdomain,Yellow,Ribo_ND_025226,0,0.45982173,0,True,0,True,0,True,/workspace/cruci-classifier/results/grid_esm35m_corrected_20260614/Rdomain/Yellow/eval/test_eval_results.csv
Rdomain,Yellow,Ribo_ND_025679,0,0.14094019,0,True,0,True,0,True,/workspace/cruci-classifier/results/grid_esm35m_corrected_20260614/Rdomain/Yellow/eval/test_eval_results.csv
Rdomain,Yellow,Ribo_ND_180550,0,0.8576309,1,False,1,False,1,False,/workspace/cruci-classifier/results/grid_esm35m_corrected_20260614/Rdomain/Yellow/eval/test_eval_results.csv
Rdomain,Yellow,Ribo_ND_239879,0,0.70022005,1,False,1,False,1,False,/workspace/cruci-classifier/results/grid_esm35m_corrected_20260614/Rdomain/Yellow/eval/test_eval_results.csv
Rdomain,Yellow,Ribo_ND_064469,0,0.5152173,1,False,1,False,0,True,/workspace/cruci-classifier/results/grid_esm35m_corrected_20260614/Rdomain/Yellow/eval/test_eval_results.csv
Rdomain,Yellow,Ribo_NC_033111,0,0.45447826,0,True,0,True,0,True,/workspace/cruci-classifier/results/grid_esm35m_corrected_20260614/Rdomain/Yellow/eval/test_eval_results.csv
Rdomain,Yellow,Ribo_ND_391165,0,0.87560886,1,False,1,False,1,False,/workspace/cruci-classifier/results/grid_esm35m_corrected_20260614/Rdomain/Yellow/eval/test_eval_results.csv
Rdomain,Yellow,Ribo_ND_114735,0,0.575575,1,False,1,False,1,False,/workspace/cruci-classifier/results/grid_esm35m_corrected_20260614/Rdomain/Yellow/eval/test_eval_results.csv
Rdomain,Yellow,Ribo_ND_159691,0,0.27914584,0,True,0,True,0,True,/workspace/cruci-classifier/results/grid_esm35m_corrected_20260614/Rdomain/Yellow/eval/test_eval_results.csv
Rdomain,Yellow,Ribo_ND_095900,0,0.3937096,0,True,0,True,0,True,/workspace/cruci-classifier/results/grid_esm35m_corrected_20260614/Rdomain/Yellow/eval/test_eval_results.csv
Rdomain,Yellow,Ribo_ND_187985,0,0.11422282,0,True,0,True,0,True,/workspace/cruci-classifier/results/grid_esm35m_corrected_20260614/Rdomain/Yellow/eval/test_eval_results.csv
Rdomain,Yellow,Ribo_ND_236943,0,0.7240319,1,False,1,False,1,False,/workspace/cruci-classifier/results/grid_esm35m_corrected_20260614/Rdomain/Yellow/eval/test_eval_results.csv
Rdomain,Yellow,Ribo_ND_251546,0,0.4376502,0,True,0,True,0,True,/workspace/cruci-classifier/results/grid_esm35m_corrected_20260614/Rdomain/Yellow/eval/test_eval_results.csv
Rdomain,Yellow,Ribo_ND_094808,0,0.4631707,0,True,0,True,0,True,/workspace/cruci-classifier/results/grid_esm35m_corrected_20260614/Rdomain/Yellow/eval/test_eval_results.csv
Rdomain,Yellow,Ribo_ND_067383,0,0.05136788,0,True,0,True,0,True,/workspace/cruci-classifier/results/grid_esm35m_corrected_20260614/Rdomain/Yellow/eval/test_eval_results.csv
Rdomain,Yellow,Ribo_ND_037080,0,0.26547274,0,True,0,True,0,True,/workspace/cruci-classifier/results/grid_esm35m_corrected_20260614/Rdomain/Yellow/eval/test_eval_results.csv
Rdomain,Yellow,Cruci_CruV-771,1,0.9804915,1,True,1,True,1,True,/workspace/cruci-classifier/results/grid_esm35m_corrected_20260614/Rdomain/Yellow/eval/test_eval_results.csv
Rdomain,Yellow,Ribo_Ga0127505_1039318,0,0.48082128,0,True,0,True,0,True,/workspace/cruci-classifier/results/grid_esm35m_corrected_20260614/Rdomain/Yellow/eval/test_eval_results.csv
Rdomain,Yellow,Ribo_ND_152451,0,0.7276949,1,False,1,False,1,False,/workspace/cruci-classifier/results/grid_esm35m_corrected_20260614/Rdomain/Yellow/eval/test_eval_results.csv
Rdomain,Yellow,Ribo_JAAOEH010004812.1,0,0.58756375,1,False,1,False,1,False,/workspace/cruci-classifier/results/grid_esm35m_corrected_20260614/Rdomain/Yellow/eval/test_eval_results.csv
Rdomain,Yellow,Ribo_ND_025095,0,0.09895957,0,True,0,True,0,True,/workspace/cruci-classifier/results/grid_esm35m_corrected_20260614/Rdomain/Yellow/eval/test_eval_results.csv
Rdomain,Yellow,Cruci_CruV_103,1,0.7585916,1,True,1,True,1,True,/workspace/cruci-classifier/results/grid_esm35m_corrected_20260614/Rdomain/Yellow/eval/test_eval_results.csv
Rdomain,Yellow,Ribo_JAAOEH010001932.1,0,0.5753424,1,False,1,False,1,False,/workspace/cruci-classifier/results/grid_esm35m_corrected_20260614/Rdomain/Yellow/eval/test_eval_results.csv
Rdomain,Yellow,Ribo_ND_152263,0,0.5818332,1,False,1,False,1,False,/workspace/cruci-classifier/results/grid_esm35m_corrected_20260614/Rdomain/Yellow/eval/test_eval_results.csv
Rdomain,Yellow,Ribo_ND_299887,0,0.7880393,1,False,1,False,1,False,/workspace/cruci-classifier/results/grid_esm35m_corrected_20260614/Rdomain/Yellow/eval/test_eval_results.csv
Rdomain,Yellow,Ribo_Ga0058858_1169066,0,0.8485329,1,False,1,False,1,False,/workspace/cruci-classifier/results/grid_esm35m_corrected_20260614/Rdomain/Yellow/eval/test_eval_results.csv
Rdomain,Yellow,Ribo_JAAOEH010001260.1,0,0.49698737,0,True,0,True,0,True,/workspace/cruci-classifier/results/grid_esm35m_corrected_20260614/Rdomain/Yellow/eval/test_eval_results.csv
Rdomain,Yellow,Ribo_ND_304381,0,0.23128702,0,True,0,True,0,True,/workspace/cruci-classifier/results/grid_esm35m_corrected_20260614/Rdomain/Yellow/eval/test_eval_results.csv
Rdomain,Yellow,Ribo_ND_071273,0,0.13147117,0,True,0,True,0,True,/workspace/cruci-classifier/results/grid_esm35m_corrected_20260614/Rdomain/Yellow/eval/test_eval_results.csv
Rdomain,Yellow,Ribo_ND_178820,0,0.2986223,0,True,0,True,0,True,/workspace/cruci-classifier/results/grid_esm35m_corrected_20260614/Rdomain/Yellow/eval/test_eval_results.csv
Rdomain,Yellow,Ribo_ND_361344,0,0.3073079,0,True,0,True,0,True,/workspace/cruci-classifier/results/grid_esm35m_corrected_20260614/Rdomain/Yellow/eval/test_eval_results.csv
Rdomain,Yellow,Ribo_ND_209718,0,0.4125594,0,True,0,True,0,True,/workspace/cruci-classifier/results/grid_esm35m_corrected_20260614/Rdomain/Yellow/eval/test_eval_results.csv
Rdomain,Yellow,Cruci_CruV_341,1,0.9986517,1,True,1,True,1,True,/workspace/cruci-classifier/results/grid_esm35m_corrected_20260614/Rdomain/Yellow/eval/test_eval_results.csv
Rdomain,Yellow,Ribo_ND_276168,0,0.37716916,0,True,0,True,0,True,/workspace/cruci-classifier/results/grid_esm35m_corrected_20260614/Rdomain/Yellow/eval/test_eval_results.csv
Rdomain,Yellow,Ribo_ND_062045,0,0.79801923,1,False,1,False,1,False,/workspace/cruci-classifier/results/grid_esm35m_corrected_20260614/Rdomain/Yellow/eval/test_eval_results.csv
Rdomain,Yellow,Ribo_ND_130202,0,0.49473011,0,True,0,True,0,True,/workspace/cruci-classifier/results/grid_esm35m_corrected_20260614/Rdomain/Yellow/eval/test_eval_results.csv
Rdomain,Yellow,Ribo_ND_107245,0,0.35607126,0,True,0,True,0,True,/workspace/cruci-classifier/results/grid_esm35m_corrected_20260614/Rdomain/Yellow/eval/test_eval_results.csv
Rdomain,Yellow,Ribo_ND_126022,0,0.09192826,0,True,0,True,0,True,/workspace/cruci-classifier/results/grid_esm35m_corrected_20260614/Rdomain/Yellow/eval/test_eval_results.csv
Rdomain,Yellow,Ribo_ND_162268,0,0.5140388,1,False,1,False,0,True,/workspace/cruci-classifier/results/grid_esm35m_corrected_20260614/Rdomain/Yellow/eval/test_eval_results.csv
Rdomain,Yellow,Ribo_ND_029688,0,0.45287016,0,True,0,True,0,True,/workspace/cruci-classifier/results/grid_esm35m_corrected_20260614/Rdomain/Yellow/eval/test_eval_results.csv
Rdomain,Yellow,Cruci_CruV_107,1,0.8813279,1,True,1,True,1,True,/workspace/cruci-classifier/results/grid_esm35m_corrected_20260614/Rdomain/Yellow/eval/test_eval_results.csv
Rdomain,Yellow,Cruci_CruV_83,1,0.88496876,1,True,1,True,1,True,/workspace/cruci-classifier/results/grid_esm35m_corrected_20260614/Rdomain/Yellow/eval/test_eval_results.csv
Rdomain,Yellow,Cruci_CruV_84,1,0.88496876,1,True,1,True,1,True,/workspace/cruci-classifier/results/grid_esm35m_corrected_20260614/Rdomain/Yellow/eval/test_eval_results.csv
Rdomain,Yellow,Cruci_CruV_101,1,0.99518037,1,True,1,True,1,True,/workspace/cruci-classifier/results/grid_esm35m_corrected_20260614/Rdomain/Yellow/eval/test_eval_results.csv
Rdomain,Yellow,Cruci_CruV_201,1,0.98847777,1,True,1,True,1,True,/workspace/cruci-classifier/results/grid_esm35m_corrected_20260614/Rdomain/Yellow/eval/test_eval_results.csv
Rdomain,Yellow,Ribo_ND_100007,0,0.41073605,0,True,0,True,0,True,/workspace/cruci-classifier/results/grid_esm35m_corrected_20260614/Rdomain/Yellow/eval/test_eval_results.csv
Rdomain,Yellow,Ribo_ND_289124,0,0.063747056,0,True,0,True,0,True,/workspace/cruci-classifier/results/grid_esm35m_corrected_20260614/Rdomain/Yellow/eval/test_eval_results.csv
Rdomain,Yellow,Ribo_ND_054075,0,0.11423056,0,True,0,True,0,True,/workspace/cruci-classifier/results/grid_esm35m_corrected_20260614/Rdomain/Yellow/eval/test_eval_results.csv
Rdomain,Yellow,Ribo_ND_052487,0,0.17096674,0,True,0,True,0,True,/workspace/cruci-classifier/results/grid_esm35m_corrected_20260614/Rdomain/Yellow/eval/test_eval_results.csv
Rdomain,Yellow,Ribo_Ga0007410J51695_1016678,0,0.7039783,1,False,1,False,1,False,/workspace/cruci-classifier/results/grid_esm35m_corrected_20260614/Rdomain/Yellow/eval/test_eval_results.csv
Rdomain,Yellow,Ribo_ND_246785,0,0.098881796,0,True,0,True,0,True,/workspace/cruci-classifier/results/grid_esm35m_corrected_20260614/Rdomain/Yellow/eval/test_eval_results.csv
Rdomain,Yellow,Ribo_ND_335728,0,0.9185196,1,False,1,False,1,False,/workspace/cruci-classifier/results/grid_esm35m_corrected_20260614/Rdomain/Yellow/eval/test_eval_results.csv
Rdomain,Yellow,Ribo_ND_299879,0,0.8395673,1,False,1,False,1,False,/workspace/cruci-classifier/results/grid_esm35m_corrected_20260614/Rdomain/Yellow/eval/test_eval_results.csv
Rdomain,Yellow,Ribo_ND_141117,0,0.06016896,0,True,0,True,0,True,/workspace/cruci-classifier/results/grid_esm35m_corrected_20260614/Rdomain/Yellow/eval/test_eval_results.csv
Rdomain,Yellow,Cruci_CruV_115,1,0.91758543,1,True,1,True,1,True,/workspace/cruci-classifier/results/grid_esm35m_corrected_20260614/Rdomain/Yellow/eval/test_eval_results.csv
Rdomain,Yellow,Ribo_ND_156561,0,0.3757961,0,True,0,True,0,True,/workspace/cruci-classifier/results/grid_esm35m_corrected_20260614/Rdomain/Yellow/eval/test_eval_results.csv
Rdomain,Yellow,Ribo_ND_109034,0,0.52497387,1,False,1,False,1,False,/workspace/cruci-classifier/results/grid_esm35m_corrected_20260614/Rdomain/Yellow/eval/test_eval_results.csv
Rdomain,Yellow,Cruci_CruV_104,1,0.88175595,1,True,1,True,1,True,/workspace/cruci-classifier/results/grid_esm35m_corrected_20260614/Rdomain/Yellow/eval/test_eval_results.csv
Rdomain,Yellow,Cruci_CruV_105,1,0.90071315,1,True,1,True,1,True,/workspace/cruci-classifier/results/grid_esm35m_corrected_20260614/Rdomain/Yellow/eval/test_eval_results.csv
Rdomain,Yellow,Ribo_ND_293220,0,0.4543291,0,True,0,True,0,True,/workspace/cruci-classifier/results/grid_esm35m_corrected_20260614/Rdomain/Yellow/eval/test_eval_results.csv
Rdomain,Yellow,Ribo_JAAOEH010001771.1,0,0.44175428,0,True,0,True,0,True,/workspace/cruci-classifier/results/grid_esm35m_corrected_20260614/Rdomain/Yellow/eval/test_eval_results.csv
Rdomain,Yellow,Ribo_ND_170524,0,0.37586474,0,True,0,True,0,True,/workspace/cruci-classifier/results/grid_esm35m_corrected_20260614/Rdomain/Yellow/eval/test_eval_results.csv
Rdomain,Yellow,Ribo_ND_161363,0,0.48404956,0,True,0,True,0,True,/workspace/cruci-classifier/results/grid_esm35m_corrected_20260614/Rdomain/Yellow/eval/test_eval_results.csv
Rdomain,Yellow,Ribo_ND_142318,0,0.9136708,1,False,1,False,1,False,/workspace/cruci-classifier/results/grid_esm35m_corrected_20260614/Rdomain/Yellow/eval/test_eval_results.csv
Rdomain,Yellow,Ribo_ND_249488,0,0.631538,1,False,1,False,1,False,/workspace/cruci-classifier/results/grid_esm35m_corrected_20260614/Rdomain/Yellow/eval/test_eval_results.csv
Rdomain,Yellow,Ribo_ND_025597,0,0.61880696,1,False,1,False,1,False,/workspace/cruci-classifier/results/grid_esm35m_corrected_20260614/Rdomain/Yellow/eval/test_eval_results.csv
Rdomain,Yellow,Ribo_tombunoda_KF510030,0,0.49470654,0,True,0,True,0,True,/workspace/cruci-classifier/results/grid_esm35m_corrected_20260614/Rdomain/Yellow/eval/test_eval_results.csv
Rdomain,Yellow,Ribo_ND_281099,0,0.85788965,1,False,1,False,1,False,/workspace/cruci-classifier/results/grid_esm35m_corrected_20260614/Rdomain/Yellow/eval/test_eval_results.csv
Rdomain,Yellow,Ribo_ND_304209,0,0.17777528,0,True,0,True,0,True,/workspace/cruci-classifier/results/grid_esm35m_corrected_20260614/Rdomain/Yellow/eval/test_eval_results.csv
Rdomain,Yellow,Ribo_ND_092889,0,0.12896942,0,True,0,True,0,True,/workspace/cruci-classifier/results/grid_esm35m_corrected_20260614/Rdomain/Yellow/eval/test_eval_results.csv
Rdomain,Yellow,Ribo_Ga0007413J51701_1025822,0,0.107276425,0,True,0,True,0,True,/workspace/cruci-classifier/results/grid_esm35m_corrected_20260614/Rdomain/Yellow/eval/test_eval_results.csv
Rdomain,Yellow,Ribo_ND_048421,0,0.4896409,0,True,0,True,0,True,/workspace/cruci-classifier/results/grid_esm35m_corrected_20260614/Rdomain/Yellow/eval/test_eval_results.csv
Rdomain,Yellow,Cruci_CruV_126,1,0.8165767,1,True,1,True,1,True,/workspace/cruci-classifier/results/grid_esm35m_corrected_20260614/Rdomain/Yellow/eval/test_eval_results.csv
Rdomain,Yellow,Ribo_ND_071032,0,0.048823457,0,True,0,True,0,True,/workspace/cruci-classifier/results/grid_esm35m_corrected_20260614/Rdomain/Yellow/eval/test_eval_results.csv
Rdomain,Yellow,Ribo_ND_203487,0,0.030970562,0,True,0,True,0,True,/workspace/cruci-classifier/results/grid_esm35m_corrected_20260614/Rdomain/Yellow/eval/test_eval_results.csv
Rdomain,Yellow,Cruci_CruV_338,1,0.9949882,1,True,1,True,1,True,/workspace/cruci-classifier/results/grid_esm35m_corrected_20260614/Rdomain/Yellow/eval/test_eval_results.csv
Rdomain,Yellow,Cruci_CruV_263,1,0.88881475,1,True,1,True,1,True,/workspace/cruci-classifier/results/grid_esm35m_corrected_20260614/Rdomain/Yellow/eval/test_eval_results.csv
Rdomain,Yellow,Ribo_ND_044728,0,0.50037634,1,False,1,False,0,True,/workspace/cruci-classifier/results/grid_esm35m_corrected_20260614/Rdomain/Yellow/eval/test_eval_results.csv
Rdomain,Yellow,Ribo_ND_365983,0,0.78944117,1,False,1,False,1,False,/workspace/cruci-classifier/results/grid_esm35m_corrected_20260614/Rdomain/Yellow/eval/test_eval_results.csv
Rdomain,Yellow,Ribo_ND_117610,0,0.49326462,0,True,0,True,0,True,/workspace/cruci-classifier/results/grid_esm35m_corrected_20260614/Rdomain/Yellow/eval/test_eval_results.csv
Rdomain,Yellow,Ribo_ND_228726,0,0.36149707,0,True,0,True,0,True,/workspace/cruci-classifier/results/grid_esm35m_corrected_20260614/Rdomain/Yellow/eval/test_eval_results.csv
Rdomain,Yellow,Ribo_ND_203176,0,0.8216516,1,False,1,False,1,False,/workspace/cruci-classifier/results/grid_esm35m_corrected_20260614/Rdomain/Yellow/eval/test_eval_results.csv
Rdomain,Yellow,Ribo_ND_237007,0,0.82816017,1,False,1,False,1,False,/workspace/cruci-classifier/results/grid_esm35m_corrected_20260614/Rdomain/Yellow/eval/test_eval_results.csv
Rdomain,Yellow,Ribo_NC_032586,0,0.48077896,0,True,0,True,0,True,/workspace/cruci-classifier/results/grid_esm35m_corrected_20260614/Rdomain/Yellow/eval/test_eval_results.csv
Rdomain,Yellow,Ribo_Ga0150984_103896888,0,0.25210717,0,True,0,True,0,True,/workspace/cruci-classifier/results/grid_esm35m_corrected_20260614/Rdomain/Yellow/eval/test_eval_results.csv
Rdomain,Yellow,Cruci_CruV-595,1,0.99111253,1,True,1,True,1,True,/workspace/cruci-classifier/results/grid_esm35m_corrected_20260614/Rdomain/Yellow/eval/test_eval_results.csv
Rdomain,Yellow,Ribo_ND_090497,0,0.54500777,1,False,1,False,1,False,/workspace/cruci-classifier/results/grid_esm35m_corrected_20260614/Rdomain/Yellow/eval/test_eval_results.csv
Rdomain,Yellow,Ribo_ND_166753,0,0.30538353,0,True,0,True,0,True,/workspace/cruci-classifier/results/grid_esm35m_corrected_20260614/Rdomain/Yellow/eval/test_eval_results.csv
Rdomain,Yellow,Ribo_ND_030655,0,0.52087563,1,False,1,False,1,False,/workspace/cruci-classifier/results/grid_esm35m_corrected_20260614/Rdomain/Yellow/eval/test_eval_results.csv
Rdomain,Yellow,Ribo_ND_381661,0,0.43080777,0,True,0,True,0,True,/workspace/cruci-classifier/results/grid_esm35m_corrected_20260614/Rdomain/Yellow/eval/test_eval_results.csv
Rdomain,Yellow,Ribo_Ga0006777J48905_1012910,0,0.4401479,0,True,0,True,0,True,/workspace/cruci-classifier/results/grid_esm35m_corrected_20260614/Rdomain/Yellow/eval/test_eval_results.csv
Rdomain,Yellow,Cruci_CruV_111,1,0.9871935,1,True,1,True,1,True,/workspace/cruci-classifier/results/grid_esm35m_corrected_20260614/Rdomain/Yellow/eval/test_eval_results.csv
Rdomain,Yellow,Cruci_CruV_228,1,0.98402345,1,True,1,True,1,True,/workspace/cruci-classifier/results/grid_esm35m_corrected_20260614/Rdomain/Yellow/eval/test_eval_results.csv
Rdomain,Yellow,Cruci_CruV_447,1,0.9455379,1,True,1,True,1,True,/workspace/cruci-classifier/results/grid_esm35m_corrected_20260614/Rdomain/Yellow/eval/test_eval_results.csv
Rdomain,Yellow,Ribo_Ga0187796_1184497,0,0.75434,1,False,1,False,1,False,/workspace/cruci-classifier/results/grid_esm35m_corrected_20260614/Rdomain/Yellow/eval/test_eval_results.csv
Rdomain,Yellow,Ribo_ND_126855,0,0.4893866,0,True,0,True,0,True,/workspace/cruci-classifier/results/grid_esm35m_corrected_20260614/Rdomain/Yellow/eval/test_eval_results.csv
Rdomain,Yellow,Ribo_ND_313196,0,0.6489465,1,False,1,False,1,False,/workspace/cruci-classifier/results/grid_esm35m_corrected_20260614/Rdomain/Yellow/eval/test_eval_results.csv
Rdomain,Yellow,Ribo_ND_159193,0,0.6529609,1,False,1,False,1,False,/workspace/cruci-classifier/results/grid_esm35m_corrected_20260614/Rdomain/Yellow/eval/test_eval_results.csv
Rdomain,Yellow,Ribo_ND_370416,0,0.4506403,0,True,0,True,0,True,/workspace/cruci-classifier/results/grid_esm35m_corrected_20260614/Rdomain/Yellow/eval/test_eval_results.csv
Rdomain,Yellow,Ribo_ND_029080,0,0.21602285,0,True,0,True,0,True,/workspace/cruci-classifier/results/grid_esm35m_corrected_20260614/Rdomain/Yellow/eval/test_eval_results.csv
Rdomain,Yellow,Ribo_ND_090573,0,0.2941216,0,True,0,True,0,True,/workspace/cruci-classifier/results/grid_esm35m_corrected_20260614/Rdomain/Yellow/eval/test_eval_results.csv
Rdomain,Yellow,Cruci_CruV_109,1,0.96495,1,True,1,True,1,True,/workspace/cruci-classifier/results/grid_esm35m_corrected_20260614/Rdomain/Yellow/eval/test_eval_results.csv
Rdomain,Yellow,Ribo_ND_204147,0,0.39891347,0,True,0,True,0,True,/workspace/cruci-classifier/results/grid_esm35m_corrected_20260614/Rdomain/Yellow/eval/test_eval_results.csv
Rdomain,Yellow,Cruci_CruV_208,1,0.63003564,1,True,1,True,1,True,/workspace/cruci-classifier/results/grid_esm35m_corrected_20260614/Rdomain/Yellow/eval/test_eval_results.csv
Rdomain,Yellow,Cruci_CruV_123,1,0.880177,1,True,1,True,1,True,/workspace/cruci-classifier/results/grid_esm35m_corrected_20260614/Rdomain/Yellow/eval/test_eval_results.csv
Rdomain,Yellow,Cruci_CruV_218,1,0.84878445,1,True,1,True,1,True,/workspace/cruci-classifier/results/grid_esm35m_corrected_20260614/Rdomain/Yellow/eval/test_eval_results.csv
Rdomain,Yellow,Cruci_CruV_238,1,0.67459697,1,True,1,True,1,True,/workspace/cruci-classifier/results/grid_esm35m_corrected_20260614/Rdomain/Yellow/eval/test_eval_results.csv
Rdomain,Yellow,Cruci_CruV_239,1,0.67459697,1,True,1,True,1,True,/workspace/cruci-classifier/results/grid_esm35m_corrected_20260614/Rdomain/Yellow/eval/test_eval_results.csv
Rdomain,Yellow,Ribo_ND_182537,0,0.40247375,0,True,0,True,0,True,/workspace/cruci-classifier/results/grid_esm35m_corrected_20260614/Rdomain/Yellow/eval/test_eval_results.csv
Rdomain,Yellow,Cruci_CruV-659,1,0.9167673,1,True,1,True,1,True,/workspace/cruci-classifier/results/grid_esm35m_corrected_20260614/Rdomain/Yellow/eval/test_eval_results.csv
Rdomain,Yellow,Ribo_ND_158705,0,0.17402454,0,True,0,True,0,True,/workspace/cruci-classifier/results/grid_esm35m_corrected_20260614/Rdomain/Yellow/eval/test_eval_results.csv
Rdomain,Yellow,Cruci_CruV_88,1,0.98498744,1,True,1,True,1,True,/workspace/cruci-classifier/results/grid_esm35m_corrected_20260614/Rdomain/Yellow/eval/test_eval_results.csv
Rdomain,Yellow,Ribo_ND_108514,0,0.44448835,0,True,0,True,0,True,/workspace/cruci-classifier/results/grid_esm35m_corrected_20260614/Rdomain/Yellow/eval/test_eval_results.csv
Rdomain,Yellow,Ribo_ND_179935,0,0.6023572,1,False,1,False,1,False,/workspace/cruci-classifier/results/grid_esm35m_corrected_20260614/Rdomain/Yellow/eval/test_eval_results.csv
Rdomain,Yellow,Ribo_ND_166707,0,0.16917065,0,True,0,True,0,True,/workspace/cruci-classifier/results/grid_esm35m_corrected_20260614/Rdomain/Yellow/eval/test_eval_results.csv
Rdomain,Yellow,Cruci_Tisza_MH617718.1,1,0.98268855,1,True,1,True,1,True,/workspace/cruci-classifier/results/grid_esm35m_corrected_20260614/Rdomain/Yellow/eval/test_eval_results.csv
Rdomain,Yellow,Ribo_ND_025035,0,0.63325197,1,False,1,False,1,False,/workspace/cruci-classifier/results/grid_esm35m_corrected_20260614/Rdomain/Yellow/eval/test_eval_results.csv
Rdomain,Yellow,Ribo_ND_066079,0,0.7261299,1,False,1,False,1,False,/workspace/cruci-classifier/results/grid_esm35m_corrected_20260614/Rdomain/Yellow/eval/test_eval_results.csv
Rdomain,Yellow,Ribo_ND_099810,0,0.46441945,0,True,0,True,0,True,/workspace/cruci-classifier/results/grid_esm35m_corrected_20260614/Rdomain/Yellow/eval/test_eval_results.csv
Rdomain,Yellow,Cruci_CruV_89,1,0.6471711,1,True,1,True,1,True,/workspace/cruci-classifier/results/grid_esm35m_corrected_20260614/Rdomain/Yellow/eval/test_eval_results.csv
Rdomain,Yellow,Ribo_ND_389708,0,0.2672492,0,True,0,True,0,True,/workspace/cruci-classifier/results/grid_esm35m_corrected_20260614/Rdomain/Yellow/eval/test_eval_results.csv
Rdomain,Yellow,Ribo_ND_025414,0,0.16418713,0,True,0,True,0,True,/workspace/cruci-classifier/results/grid_esm35m_corrected_20260614/Rdomain/Yellow/eval/test_eval_results.csv
Rdomain,Yellow,Ribo_ND_059851,0,0.6855325,1,False,1,False,1,False,/workspace/cruci-classifier/results/grid_esm35m_corrected_20260614/Rdomain/Yellow/eval/test_eval_results.csv
Rdomain,Yellow,Ribo_ND_025671,0,0.6412686,1,False,1,False,1,False,/workspace/cruci-classifier/results/grid_esm35m_corrected_20260614/Rdomain/Yellow/eval/test_eval_results.csv
Rdomain,Yellow,Cruci_CruV_255,1,0.9780742,1,True,1,True,1,True,/workspace/cruci-classifier/results/grid_esm35m_corrected_20260614/Rdomain/Yellow/eval/test_eval_results.csv
Rdomain,Yellow,Ribo_ND_025399,0,0.39103144,0,True,0,True,0,True,/workspace/cruci-classifier/results/grid_esm35m_corrected_20260614/Rdomain/Yellow/eval/test_eval_results.csv
Rdomain,Yellow,Ribo_ND_292549,0,0.44067115,0,True,0,True,0,True,/workspace/cruci-classifier/results/grid_esm35m_corrected_20260614/Rdomain/Yellow/eval/test_eval_results.csv
Rdomain,Yellow,Ribo_ND_234623,0,0.5392805,1,False,1,False,1,False,/workspace/cruci-classifier/results/grid_esm35m_corrected_20260614/Rdomain/Yellow/eval/test_eval_results.csv
Rdomain,Yellow,Ribo_Ga0187796_1206930,0,0.35864845,0,True,0,True,0,True,/workspace/cruci-classifier/results/grid_esm35m_corrected_20260614/Rdomain/Yellow/eval/test_eval_results.csv
Rdomain,Yellow,Cruci_CruV_227,1,0.2724739,0,False,0,False,0,False,/workspace/cruci-classifier/results/grid_esm35m_corrected_20260614/Rdomain/Yellow/eval/test_eval_results.csv
Rdomain,Yellow,Ribo_ND_131731,0,0.20991252,0,True,0,True,0,True,/workspace/cruci-classifier/results/grid_esm35m_corrected_20260614/Rdomain/Yellow/eval/test_eval_results.csv
Rdomain,Yellow,Ribo_ND_030167,0,0.4866924,0,True,0,True,0,True,/workspace/cruci-classifier/results/grid_esm35m_corrected_20260614/Rdomain/Yellow/eval/test_eval_results.csv
Rdomain,Yellow,Cruci_PB_KX388514,1,0.97981274,1,True,1,True,1,True,/workspace/cruci-classifier/results/grid_esm35m_corrected_20260614/Rdomain/Yellow/eval/test_eval_results.csv
Rdomain,Yellow,Ribo_ND_358063,0,0.42060634,0,True,0,True,0,True,/workspace/cruci-classifier/results/grid_esm35m_corrected_20260614/Rdomain/Yellow/eval/test_eval_results.csv
Rdomain,Yellow,Ribo_ND_166644,0,0.76398885,1,False,1,False,1,False,/workspace/cruci-classifier/results/grid_esm35m_corrected_20260614/Rdomain/Yellow/eval/test_eval_results.csv
Rdomain,Yellow,Ribo_ND_170543,0,0.5217822,1,False,1,False,1,False,/workspace/cruci-classifier/results/grid_esm35m_corrected_20260614/Rdomain/Yellow/eval/test_eval_results.csv
Rdomain,Yellow,Ribo_ND_187628,0,0.45632476,0,True,0,True,0,True,/workspace/cruci-classifier/results/grid_esm35m_corrected_20260614/Rdomain/Yellow/eval/test_eval_results.csv
Rdomain,Yellow,Ribo_ND_263188,0,0.064072736,0,True,0,True,0,True,/workspace/cruci-classifier/results/grid_esm35m_corrected_20260614/Rdomain/Yellow/eval/test_eval_results.csv
Rdomain,Yellow,Ribo_ND_111053,0,0.80715925,1,False,1,False,1,False,/workspace/cruci-classifier/results/grid_esm35m_corrected_20260614/Rdomain/Yellow/eval/test_eval_results.csv
Rdomain,Yellow,Ribo_ND_155771,0,0.17721589,0,True,0,True,0,True,/workspace/cruci-classifier/results/grid_esm35m_corrected_20260614/Rdomain/Yellow/eval/test_eval_results.csv
Rdomain,Yellow,Cruci_CruV_226,1,0.9082148,1,True,1,True,1,True,/workspace/cruci-classifier/results/grid_esm35m_corrected_20260614/Rdomain/Yellow/eval/test_eval_results.csv
Rdomain,Yellow,Cruci_CruV-667,1,0.94750065,1,True,1,True,1,True,/workspace/cruci-classifier/results/grid_esm35m_corrected_20260614/Rdomain/Yellow/eval/test_eval_results.csv
Rdomain,Yellow,Ribo_ND_104240,0,0.14675844,0,True,0,True,0,True,/workspace/cruci-classifier/results/grid_esm35m_corrected_20260614/Rdomain/Yellow/eval/test_eval_results.csv
Rdomain,Yellow,Cruci_CruV_269,1,0.16016164,0,False,0,False,0,False,/workspace/cruci-classifier/results/grid_esm35m_corrected_20260614/Rdomain/Yellow/eval/test_eval_results.csv
Rdomain,Yellow,Ribo_ND_107675,0,0.31205228,0,True,0,True,0,True,/workspace/cruci-classifier/results/grid_esm35m_corrected_20260614/Rdomain/Yellow/eval/test_eval_results.csv
Rdomain,Yellow,Cruci_CruV-639,1,0.8131529,1,True,1,True,1,True,/workspace/cruci-classifier/results/grid_esm35m_corrected_20260614/Rdomain/Yellow/eval/test_eval_results.csv
Rdomain,Yellow,Ribo_ND_168812,0,0.4502913,0,True,0,True,0,True,/workspace/cruci-classifier/results/grid_esm35m_corrected_20260614/Rdomain/Yellow/eval/test_eval_results.csv
Rdomain,Yellow,Ribo_ND_038050,0,0.07199781,0,True,0,True,0,True,/workspace/cruci-classifier/results/grid_esm35m_corrected_20260614/Rdomain/Yellow/eval/test_eval_results.csv
Rdomain,Yellow,Ribo_ND_113307,0,0.21716808,0,True,0,True,0,True,/workspace/cruci-classifier/results/grid_esm35m_corrected_20260614/Rdomain/Yellow/eval/test_eval_results.csv
Rdomain,Yellow,Ribo_ND_025104,0,0.113919474,0,True,0,True,0,True,/workspace/cruci-classifier/results/grid_esm35m_corrected_20260614/Rdomain/Yellow/eval/test_eval_results.csv
Rdomain,Yellow,Ribo_ND_176106,0,0.32402867,0,True,0,True,0,True,/workspace/cruci-classifier/results/grid_esm35m_corrected_20260614/Rdomain/Yellow/eval/test_eval_results.csv
Rdomain,Yellow,Ribo_ND_179963,0,0.48113024,0,True,0,True,0,True,/workspace/cruci-classifier/results/grid_esm35m_corrected_20260614/Rdomain/Yellow/eval/test_eval_results.csv
Rdomain,Yellow,Ribo_ND_202071,0,0.519006,1,False,1,False,1,False,/workspace/cruci-classifier/results/grid_esm35m_corrected_20260614/Rdomain/Yellow/eval/test_eval_results.csv
Rdomain,Yellow,Ribo_ND_251198,0,0.3256908,0,True,0,True,0,True,/workspace/cruci-classifier/results/grid_esm35m_corrected_20260614/Rdomain/Yellow/eval/test_eval_results.csv
Rdomain,Yellow,Ribo_ND_365818,0,0.26899412,0,True,0,True,0,True,/workspace/cruci-classifier/results/grid_esm35m_corrected_20260614/Rdomain/Yellow/eval/test_eval_results.csv
Rdomain,Yellow,Ribo_ND_067689,0,0.19264995,0,True,0,True,0,True,/workspace/cruci-classifier/results/grid_esm35m_corrected_20260614/Rdomain/Yellow/eval/test_eval_results.csv
Rdomain,Yellow,Ribo_ND_106166,0,0.81092924,1,False,1,False,1,False,/workspace/cruci-classifier/results/grid_esm35m_corrected_20260614/Rdomain/Yellow/eval/test_eval_results.csv
Rdomain,Yellow,Ribo_ND_025705,0,0.27041414,0,True,0,True,0,True,/workspace/cruci-classifier/results/grid_esm35m_corrected_20260614/Rdomain/Yellow/eval/test_eval_results.csv
Rdomain,Yellow,Ribo_ND_180487,0,0.46147478,0,True,0,True,0,True,/workspace/cruci-classifier/results/grid_esm35m_corrected_20260614/Rdomain/Yellow/eval/test_eval_results.csv
Rdomain,Yellow,Ribo_ND_210241,0,0.68738294,1,False,1,False,1,False,/workspace/cruci-classifier/results/grid_esm35m_corrected_20260614/Rdomain/Yellow/eval/test_eval_results.csv
Rdomain,Yellow,Ribo_JAAOEH010004908.1,0,0.31656557,0,True,0,True,0,True,/workspace/cruci-classifier/results/grid_esm35m_corrected_20260614/Rdomain/Yellow/eval/test_eval_results.csv
Rdomain,Yellow,Ribo_ND_082839,0,0.4363108,0,True,0,True,0,True,/workspace/cruci-classifier/results/grid_esm35m_corrected_20260614/Rdomain/Yellow/eval/test_eval_results.csv
Rdomain,Yellow,Ribo_ND_025168,0,0.17509677,0,True,0,True,0,True,/workspace/cruci-classifier/results/grid_esm35m_corrected_20260614/Rdomain/Yellow/eval/test_eval_results.csv
Rdomain,Yellow,Ribo_ND_190377,0,0.3926879,0,True,0,True,0,True,/workspace/cruci-classifier/results/grid_esm35m_corrected_20260614/Rdomain/Yellow/eval/test_eval_results.csv
Rdomain,Yellow,Ribo_ND_029438,0,0.36936468,0,True,0,True,0,True,/workspace/cruci-classifier/results/grid_esm35m_corrected_20260614/Rdomain/Yellow/eval/test_eval_results.csv
Rdomain,Yellow,Ribo_ND_042393,0,0.18796979,0,True,0,True,0,True,/workspace/cruci-classifier/results/grid_esm35m_corrected_20260614/Rdomain/Yellow/eval/test_eval_results.csv
Rdomain,Yellow,Ribo_ND_365844,0,0.17424764,0,True,0,True,0,True,/workspace/cruci-classifier/results/grid_esm35m_corrected_20260614/Rdomain/Yellow/eval/test_eval_results.csv
Rdomain,Yellow,Ribo_ND_047182,0,0.43450072,0,True,0,True,0,True,/workspace/cruci-classifier/results/grid_esm35m_corrected_20260614/Rdomain/Yellow/eval/test_eval_results.csv
Rdomain,Yellow,Ribo_ND_366175,0,0.26203275,0,True,0,True,0,True,/workspace/cruci-classifier/results/grid_esm35m_corrected_20260614/Rdomain/Yellow/eval/test_eval_results.csv
Rdomain,Yellow,Cruci_CruV-591,1,0.93161047,1,True,1,True,1,True,/workspace/cruci-classifier/results/grid_esm35m_corrected_20260614/Rdomain/Yellow/eval/test_eval_results.csv
Rdomain,Yellow,Ribo_ND_274455,0,0.3694264,0,True,0,True,0,True,/workspace/cruci-classifier/results/grid_esm35m_corrected_20260614/Rdomain/Yellow/eval/test_eval_results.csv
Rdomain,Yellow,Ribo_ND_158134,0,0.8312793,1,False,1,False,1,False,/workspace/cruci-classifier/results/grid_esm35m_corrected_20260614/Rdomain/Yellow/eval/test_eval_results.csv
Rdomain,Yellow,Ribo_ND_198694,0,0.38924176,0,True,0,True,0,True,/workspace/cruci-classifier/results/grid_esm35m_corrected_20260614/Rdomain/Yellow/eval/test_eval_results.csv
Rdomain,Yellow,Ribo_ND_066339,0,0.3965329,0,True,0,True,0,True,/workspace/cruci-classifier/results/grid_esm35m_corrected_20260614/Rdomain/Yellow/eval/test_eval_results.csv
Rdomain,Yellow,Ribo_ND_224267,0,0.20082086,0,True,0,True,0,True,/workspace/cruci-classifier/results/grid_esm35m_corrected_20260614/Rdomain/Yellow/eval/test_eval_results.csv
Rdomain,Yellow,Ribo_ND_055001,0,0.7470944,1,False,1,False,1,False,/workspace/cruci-classifier/results/grid_esm35m_corrected_20260614/Rdomain/Yellow/eval/test_eval_results.csv
Rdomain,Yellow,Ribo_ND_106338,0,0.42815998,0,True,0,True,0,True,/workspace/cruci-classifier/results/grid_esm35m_corrected_20260614/Rdomain/Yellow/eval/test_eval_results.csv
Rdomain,Yellow,Ribo_ND_099971,0,0.47799033,0,True,0,True,0,True,/workspace/cruci-classifier/results/grid_esm35m_corrected_20260614/Rdomain/Yellow/eval/test_eval_results.csv
Rdomain,Yellow,Ribo_Ga0184579_111024,0,0.35750738,0,True,0,True,0,True,/workspace/cruci-classifier/results/grid_esm35m_corrected_20260614/Rdomain/Yellow/eval/test_eval_results.csv
Rdomain,Yellow,Ribo_ND_365513,0,0.27204785,0,True,0,True,0,True,/workspace/cruci-classifier/results/grid_esm35m_corrected_20260614/Rdomain/Yellow/eval/test_eval_results.csv
Rdomain,Yellow,Cruci_CruV-709,1,0.85094565,1,True,1,True,1,True,/workspace/cruci-classifier/results/grid_esm35m_corrected_20260614/Rdomain/Yellow/eval/test_eval_results.csv
Rdomain,Yellow,Ribo_ND_019228,0,0.22896355,0,True,0,True,0,True,/workspace/cruci-classifier/results/grid_esm35m_corrected_20260614/Rdomain/Yellow/eval/test_eval_results.csv
Rdomain,Yellow,Ribo_NC_033161,0,0.22896355,0,True,0,True,0,True,/workspace/cruci-classifier/results/grid_esm35m_corrected_20260614/Rdomain/Yellow/eval/test_eval_results.csv
Rdomain,Yellow,Cruci_CruV-581,1,0.9399765,1,True,1,True,1,True,/workspace/cruci-classifier/results/grid_esm35m_corrected_20260614/Rdomain/Yellow/eval/test_eval_results.csv
Rdomain,Yellow,Cruci_CruV_139,1,0.94081324,1,True,1,True,1,True,/workspace/cruci-classifier/results/grid_esm35m_corrected_20260614/Rdomain/Yellow/eval/test_eval_results.csv
Rdomain,Yellow,Ribo_ND_176110,0,0.47827965,0,True,0,True,0,True,/workspace/cruci-classifier/results/grid_esm35m_corrected_20260614/Rdomain/Yellow/eval/test_eval_results.csv
Rdomain,Yellow,Ribo_ND_084065,0,0.34196076,0,True,0,True,0,True,/workspace/cruci-classifier/results/grid_esm35m_corrected_20260614/Rdomain/Yellow/eval/test_eval_results.csv
Rdomain,Yellow,Ribo_ND_192680,0,0.23301417,0,True,0,True,0,True,/workspace/cruci-classifier/results/grid_esm35m_corrected_20260614/Rdomain/Yellow/eval/test_eval_results.csv
Rdomain,Yellow,Ribo_ND_025321,0,0.3434674,0,True,0,True,0,True,/workspace/cruci-classifier/results/grid_esm35m_corrected_20260614/Rdomain/Yellow/eval/test_eval_results.csv
Rdomain,Yellow,Cruci_CruV_124,1,0.9684976,1,True,1,True,1,True,/workspace/cruci-classifier/results/grid_esm35m_corrected_20260614/Rdomain/Yellow/eval/test_eval_results.csv
Rdomain,Yellow,Cruci_CruV-829,1,0.98427963,1,True,1,True,1,True,/workspace/cruci-classifier/results/grid_esm35m_corrected_20260614/Rdomain/Yellow/eval/test_eval_results.csv
Rdomain,Yellow,Ribo_ND_385092,0,0.1297641,0,True,0,True,0,True,/workspace/cruci-classifier/results/grid_esm35m_corrected_20260614/Rdomain/Yellow/eval/test_eval_results.csv
Rdomain,Yellow,Ribo_ND_025989,0,0.48660845,0,True,0,True,0,True,/workspace/cruci-classifier/results/grid_esm35m_corrected_20260614/Rdomain/Yellow/eval/test_eval_results.csv
Rdomain,Yellow,Ribo_ND_025166,0,0.2306621,0,True,0,True,0,True,/workspace/cruci-classifier/results/grid_esm35m_corrected_20260614/Rdomain/Yellow/eval/test_eval_results.csv
Rdomain,Yellow,Ribo_ND_166807,0,0.22859445,0,True,0,True,0,True,/workspace/cruci-classifier/results/grid_esm35m_corrected_20260614/Rdomain/Yellow/eval/test_eval_results.csv
Rdomain,Yellow,Ribo_ND_060927,0,0.341446,0,True,0,True,0,True,/workspace/cruci-classifier/results/grid_esm35m_corrected_20260614/Rdomain/Yellow/eval/test_eval_results.csv
Rdomain,Yellow,Ribo_ND_114758,0,0.24344765,0,True,0,True,0,True,/workspace/cruci-classifier/results/grid_esm35m_corrected_20260614/Rdomain/Yellow/eval/test_eval_results.csv
Rdomain,Yellow,Ribo_ND_363507,0,0.064275056,0,True,0,True,0,True,/workspace/cruci-classifier/results/grid_esm35m_corrected_20260614/Rdomain/Yellow/eval/test_eval_results.csv
Rdomain,Yellow,Ribo_ND_232455,0,0.11919087,0,True,0,True,0,True,/workspace/cruci-classifier/results/grid_esm35m_corrected_20260614/Rdomain/Yellow/eval/test_eval_results.csv
Rdomain,Yellow,Ribo_ND_121570,0,0.17423493,0,True,0,True,0,True,/workspace/cruci-classifier/results/grid_esm35m_corrected_20260614/Rdomain/Yellow/eval/test_eval_results.csv
Rdomain,Yellow,Ribo_ND_032229,0,0.2292495,0,True,0,True,0,True,/workspace/cruci-classifier/results/grid_esm35m_corrected_20260614/Rdomain/Yellow/eval/test_eval_results.csv
Rdomain,Yellow,Ribo_ND_054817,0,0.15401013,0,True,0,True,0,True,/workspace/cruci-classifier/results/grid_esm35m_corrected_20260614/Rdomain/Yellow/eval/test_eval_results.csv
Rdomain,Yellow,Ribo_ND_044240,0,0.21956253,0,True,0,True,0,True,/workspace/cruci-classifier/results/grid_esm35m_corrected_20260614/Rdomain/Yellow/eval/test_eval_results.csv
Rdomain,Yellow,Ribo_ND_106626,0,0.4059575,0,True,0,True,0,True,/workspace/cruci-classifier/results/grid_esm35m_corrected_20260614/Rdomain/Yellow/eval/test_eval_results.csv
Rdomain,Yellow,Ribo_ND_251219,0,0.2428539,0,True,0,True,0,True,/workspace/cruci-classifier/results/grid_esm35m_corrected_20260614/Rdomain/Yellow/eval/test_eval_results.csv
Rdomain,Yellow,Ribo_ND_028817,0,0.2660488,0,True,0,True,0,True,/workspace/cruci-classifier/results/grid_esm35m_corrected_20260614/Rdomain/Yellow/eval/test_eval_results.csv
Rdomain,Yellow,Ribo_ND_030228,0,0.2088796,0,True,0,True,0,True,/workspace/cruci-classifier/results/grid_esm35m_corrected_20260614/Rdomain/Yellow/eval/test_eval_results.csv
Rdomain,Yellow,Ribo_ND_026256,0,0.31369638,0,True,0,True,0,True,/workspace/cruci-classifier/results/grid_esm35m_corrected_20260614/Rdomain/Yellow/eval/test_eval_results.csv
Rdomain,Yellow,Ribo_ND_288149,0,0.6929996,1,False,1,False,1,False,/workspace/cruci-classifier/results/grid_esm35m_corrected_20260614/Rdomain/Yellow/eval/test_eval_results.csv
Rdomain,Yellow,Ribo_ND_162000,0,0.13628446,0,True,0,True,0,True,/workspace/cruci-classifier/results/grid_esm35m_corrected_20260614/Rdomain/Yellow/eval/test_eval_results.csv
Rdomain,Yellow,Ribo_ND_391466,0,0.39969406,0,True,0,True,0,True,/workspace/cruci-classifier/results/grid_esm35m_corrected_20260614/Rdomain/Yellow/eval/test_eval_results.csv
Rdomain,Yellow,Ribo_ND_329481,0,0.5195319,1,False,1,False,1,False,/workspace/cruci-classifier/results/grid_esm35m_corrected_20260614/Rdomain/Yellow/eval/test_eval_results.csv
Rdomain,Yellow,Ribo_ND_299981,0,0.48195142,0,True,0,True,0,True,/workspace/cruci-classifier/results/grid_esm35m_corrected_20260614/Rdomain/Yellow/eval/test_eval_results.csv
Rdomain,Yellow,Ribo_ND_114564,0,0.3118466,0,True,0,True,0,True,/workspace/cruci-classifier/results/grid_esm35m_corrected_20260614/Rdomain/Yellow/eval/test_eval_results.csv
Rdomain,Yellow,Ribo_ND_249710,0,0.3065214,0,True,0,True,0,True,/workspace/cruci-classifier/results/grid_esm35m_corrected_20260614/Rdomain/Yellow/eval/test_eval_results.csv
Rdomain,Yellow,Ribo_ND_025437,0,0.36166692,0,True,0,True,0,True,/workspace/cruci-classifier/results/grid_esm35m_corrected_20260614/Rdomain/Yellow/eval/test_eval_results.csv
Rdomain,Yellow,Ribo_ND_026391,0,0.4481141,0,True,0,True,0,True,/workspace/cruci-classifier/results/grid_esm35m_corrected_20260614/Rdomain/Yellow/eval/test_eval_results.csv
Rdomain,Yellow,Ribo_ND_133651,0,0.02474482,0,True,0,True,0,True,/workspace/cruci-classifier/results/grid_esm35m_corrected_20260614/Rdomain/Yellow/eval/test_eval_results.csv
Rdomain,Yellow,Ribo_ND_162049,0,0.107262544,0,True,0,True,0,True,/workspace/cruci-classifier/results/grid_esm35m_corrected_20260614/Rdomain/Yellow/eval/test_eval_results.csv
Rdomain,Yellow,Ribo_ND_034853,0,0.38531882,0,True,0,True,0,True,/workspace/cruci-classifier/results/grid_esm35m_corrected_20260614/Rdomain/Yellow/eval/test_eval_results.csv
Rdomain,Yellow,Ribo_ND_037368,0,0.14025669,0,True,0,True,0,True,/workspace/cruci-classifier/results/grid_esm35m_corrected_20260614/Rdomain/Yellow/eval/test_eval_results.csv
Rdomain,Yellow,Ribo_ND_073926,0,0.21238823,0,True,0,True,0,True,/workspace/cruci-classifier/results/grid_esm35m_corrected_20260614/Rdomain/Yellow/eval/test_eval_results.csv
Rdomain,Yellow,Ribo_ND_107592,0,0.16192283,0,True,0,True,0,True,/workspace/cruci-classifier/results/grid_esm35m_corrected_20260614/Rdomain/Yellow/eval/test_eval_results.csv
Rdomain,Yellow,Ribo_ND_249711,0,0.53050154,1,False,1,False,1,False,/workspace/cruci-classifier/results/grid_esm35m_corrected_20260614/Rdomain/Yellow/eval/test_eval_results.csv
Rdomain,Yellow,Ribo_ND_166714,0,0.0974136,0,True,0,True,0,True,/workspace/cruci-classifier/results/grid_esm35m_corrected_20260614/Rdomain/Yellow/eval/test_eval_results.csv
Rdomain,Yellow,Ribo_ND_025610,0,0.38296655,0,True,0,True,0,True,/workspace/cruci-classifier/results/grid_esm35m_corrected_20260614/Rdomain/Yellow/eval/test_eval_results.csv
Rdomain,Yellow,Ribo_JAAOEH010004042.1,0,0.37351283,0,True,0,True,0,True,/workspace/cruci-classifier/results/grid_esm35m_corrected_20260614/Rdomain/Yellow/eval/test_eval_results.csv
Rdomain,Yellow,Ribo_ND_028680,0,0.63713,1,False,1,False,1,False,/workspace/cruci-classifier/results/grid_esm35m_corrected_20260614/Rdomain/Yellow/eval/test_eval_results.csv
Rdomain,Yellow,Ribo_ND_172936,0,0.11338406,0,True,0,True,0,True,/workspace/cruci-classifier/results/grid_esm35m_corrected_20260614/Rdomain/Yellow/eval/test_eval_results.csv
Rdomain,Yellow,Ribo_ND_363531,0,0.060258653,0,True,0,True,0,True,/workspace/cruci-classifier/results/grid_esm35m_corrected_20260614/Rdomain/Yellow/eval/test_eval_results.csv
Rdomain,Yellow,Ribo_ND_166450,0,0.07989556,0,True,0,True,0,True,/workspace/cruci-classifier/results/grid_esm35m_corrected_20260614/Rdomain/Yellow/eval/test_eval_results.csv
Rdomain,Yellow,Ribo_ND_329968,0,0.2792112,0,True,0,True,0,True,/workspace/cruci-classifier/results/grid_esm35m_corrected_20260614/Rdomain/Yellow/eval/test_eval_results.csv
Rdomain,Yellow,Ribo_ND_138880,0,0.50958586,1,False,1,False,0,True,/workspace/cruci-classifier/results/grid_esm35m_corrected_20260614/Rdomain/Yellow/eval/test_eval_results.csv
Rdomain,Yellow,Ribo_ND_025329,0,0.38048914,0,True,0,True,0,True,/workspace/cruci-classifier/results/grid_esm35m_corrected_20260614/Rdomain/Yellow/eval/test_eval_results.csv
Rdomain,Yellow,Ribo_ND_148054,0,0.28215778,0,True,0,True,0,True,/workspace/cruci-classifier/results/grid_esm35m_corrected_20260614/Rdomain/Yellow/eval/test_eval_results.csv
Rdomain,Yellow,Ribo_ND_249715,0,0.1186284,0,True,0,True,0,True,/workspace/cruci-classifier/results/grid_esm35m_corrected_20260614/Rdomain/Yellow/eval/test_eval_results.csv
Rdomain,Yellow,Ribo_ND_025196,0,0.52983296,1,False,1,False,1,False,/workspace/cruci-classifier/results/grid_esm35m_corrected_20260614/Rdomain/Yellow/eval/test_eval_results.csv
Rdomain,Yellow,Ribo_JAAOEH010005851.1,0,0.19268434,0,True,0,True,0,True,/workspace/cruci-classifier/results/grid_esm35m_corrected_20260614/Rdomain/Yellow/eval/test_eval_results.csv
Rdomain,Yellow,Ribo_ND_251250,0,0.31786337,0,True,0,True,0,True,/workspace/cruci-classifier/results/grid_esm35m_corrected_20260614/Rdomain/Yellow/eval/test_eval_results.csv
Rdomain,Yellow,Ribo_ND_347447,0,0.62202144,1,False,1,False,1,False,/workspace/cruci-classifier/results/grid_esm35m_corrected_20260614/Rdomain/Yellow/eval/test_eval_results.csv
Rdomain,Yellow,Ribo_ND_347450,0,0.6393112,1,False,1,False,1,False,/workspace/cruci-classifier/results/grid_esm35m_corrected_20260614/Rdomain/Yellow/eval/test_eval_results.csv
Rdomain,Yellow,Ribo_ND_026175,0,0.36311844,0,True,0,True,0,True,/workspace/cruci-classifier/results/grid_esm35m_corrected_20260614/Rdomain/Yellow/eval/test_eval_results.csv
Rdomain,Yellow,Ribo_ND_249717,0,0.108123325,0,True,0,True,0,True,/workspace/cruci-classifier/results/grid_esm35m_corrected_20260614/Rdomain/Yellow/eval/test_eval_results.csv
Rdomain,Yellow,Ribo_ND_147067,0,0.42246228,0,True,0,True,0,True,/workspace/cruci-classifier/results/grid_esm35m_corrected_20260614/Rdomain/Yellow/eval/test_eval_results.csv
Rdomain,Yellow,Ribo_ND_363503,0,0.09132311,0,True,0,True,0,True,/workspace/cruci-classifier/results/grid_esm35m_corrected_20260614/Rdomain/Yellow/eval/test_eval_results.csv
Rdomain,Yellow,Ribo_NC_032866,0,0.5240447,1,False,1,False,1,False,/workspace/cruci-classifier/results/grid_esm35m_corrected_20260614/Rdomain/Yellow/eval/test_eval_results.csv
Rdomain,Yellow,Cruci_CruV_526,1,0.72220045,1,True,1,True,1,True,/workspace/cruci-classifier/results/grid_esm35m_corrected_20260614/Rdomain/Yellow/eval/test_eval_results.csv
Rdomain,Yellow,Ribo_ND_175738,0,0.06787467,0,True,0,True,0,True,/workspace/cruci-classifier/results/grid_esm35m_corrected_20260614/Rdomain/Yellow/eval/test_eval_results.csv
Rdomain,Yellow,Ribo_ND_381174,0,0.4095142,0,True,0,True,0,True,/workspace/cruci-classifier/results/grid_esm35m_corrected_20260614/Rdomain/Yellow/eval/test_eval_results.csv
Rdomain,Yellow,Ribo_ND_144217,0,0.2945994,0,True,0,True,0,True,/workspace/cruci-classifier/results/grid_esm35m_corrected_20260614/Rdomain/Yellow/eval/test_eval_results.csv
Rdomain,Yellow,Cruci_CruV-664,1,0.8818251,1,True,1,True,1,True,/workspace/cruci-classifier/results/grid_esm35m_corrected_20260614/Rdomain/Yellow/eval/test_eval_results.csv
Rdomain,Yellow,Ribo_ND_029515,0,0.20632605,0,True,0,True,0,True,/workspace/cruci-classifier/results/grid_esm35m_corrected_20260614/Rdomain/Yellow/eval/test_eval_results.csv
Rdomain,Yellow,Ribo_JAAOEH010003560.1,0,0.5765396,1,False,1,False,1,False,/workspace/cruci-classifier/results/grid_esm35m_corrected_20260614/Rdomain/Yellow/eval/test_eval_results.csv
Rdomain,Yellow,Ribo_ND_060762,0,0.52937275,1,False,1,False,1,False,/workspace/cruci-classifier/results/grid_esm35m_corrected_20260614/Rdomain/Yellow/eval/test_eval_results.csv
Rdomain,Yellow,Ribo_ND_028768,0,0.31413522,0,True,0,True,0,True,/workspace/cruci-classifier/results/grid_esm35m_corrected_20260614/Rdomain/Yellow/eval/test_eval_results.csv
Rdomain,Yellow,Ribo_ND_081696,0,0.19597925,0,True,0,True,0,True,/workspace/cruci-classifier/results/grid_esm35m_corrected_20260614/Rdomain/Yellow/eval/test_eval_results.csv
Rdomain,Yellow,Ribo_ND_104666,0,0.3205637,0,True,0,True,0,True,/workspace/cruci-classifier/results/grid_esm35m_corrected_20260614/Rdomain/Yellow/eval/test_eval_results.csv
Rdomain,Yellow,Ribo_ND_066931,0,0.3756511,0,True,0,True,0,True,/workspace/cruci-classifier/results/grid_esm35m_corrected_20260614/Rdomain/Yellow/eval/test_eval_results.csv
Rdomain,Yellow,Ribo_ND_188767,0,0.21541229,0,True,0,True,0,True,/workspace/cruci-classifier/results/grid_esm35m_corrected_20260614/Rdomain/Yellow/eval/test_eval_results.csv
Rdomain,Yellow,Ribo_ND_025007,0,0.09906286,0,True,0,True,0,True,/workspace/cruci-classifier/results/grid_esm35m_corrected_20260614/Rdomain/Yellow/eval/test_eval_results.csv
Rdomain,Yellow,Ribo_ND_046761,0,0.28528398,0,True,0,True,0,True,/workspace/cruci-classifier/results/grid_esm35m_corrected_20260614/Rdomain/Yellow/eval/test_eval_results.csv
Rdomain,Yellow,Ribo_ND_221761,0,0.37966284,0,True,0,True,0,True,/workspace/cruci-classifier/results/grid_esm35m_corrected_20260614/Rdomain/Yellow/eval/test_eval_results.csv
Rdomain,Yellow,Cruci_CruV_133,1,0.75388134,1,True,1,True,1,True,/workspace/cruci-classifier/results/grid_esm35m_corrected_20260614/Rdomain/Yellow/eval/test_eval_results.csv
Rdomain,Yellow,Ribo_ND_099728,0,0.45870128,0,True,0,True,0,True,/workspace/cruci-classifier/results/grid_esm35m_corrected_20260614/Rdomain/Yellow/eval/test_eval_results.csv
Rdomain,Yellow,Ribo_ND_025336,0,0.425005,0,True,0,True,0,True,/workspace/cruci-classifier/results/grid_esm35m_corrected_20260614/Rdomain/Yellow/eval/test_eval_results.csv
Rdomain,Yellow,Ribo_ND_026074,0,0.21617995,0,True,0,True,0,True,/workspace/cruci-classifier/results/grid_esm35m_corrected_20260614/Rdomain/Yellow/eval/test_eval_results.csv
Rdomain,Yellow,Ribo_ND_025218,0,0.5657499,1,False,1,False,1,False,/workspace/cruci-classifier/results/grid_esm35m_corrected_20260614/Rdomain/Yellow/eval/test_eval_results.csv
Rdomain,Yellow,Ribo_JAAOEH010001830.1,0,0.54720247,1,False,1,False,1,False,/workspace/cruci-classifier/results/grid_esm35m_corrected_20260614/Rdomain/Yellow/eval/test_eval_results.csv
Rdomain,Yellow,Ribo_tombunoda_MN735451,0,0.49220017,0,True,0,True,0,True,/workspace/cruci-classifier/results/grid_esm35m_corrected_20260614/Rdomain/Yellow/eval/test_eval_results.csv
Rdomain,Yellow,Ribo_ND_025631,0,0.6213087,1,False,1,False,1,False,/workspace/cruci-classifier/results/grid_esm35m_corrected_20260614/Rdomain/Yellow/eval/test_eval_results.csv
Rdomain,Yellow,Ribo_ND_025846,0,0.3488459,0,True,0,True,0,True,/workspace/cruci-classifier/results/grid_esm35m_corrected_20260614/Rdomain/Yellow/eval/test_eval_results.csv
Rdomain,Yellow,Ribo_ND_166803,0,0.3177566,0,True,0,True,0,True,/workspace/cruci-classifier/results/grid_esm35m_corrected_20260614/Rdomain/Yellow/eval/test_eval_results.csv
Rdomain,Yellow,Ribo_ND_097035,0,0.41898116,0,True,0,True,0,True,/workspace/cruci-classifier/results/grid_esm35m_corrected_20260614/Rdomain/Yellow/eval/test_eval_results.csv
Rdomain,Yellow,Ribo_ND_281671,0,0.19298849,0,True,0,True,0,True,/workspace/cruci-classifier/results/grid_esm35m_corrected_20260614/Rdomain/Yellow/eval/test_eval_results.csv
Rdomain,Yellow,Ribo_ND_114875,0,0.17343894,0,True,0,True,0,True,/workspace/cruci-classifier/results/grid_esm35m_corrected_20260614/Rdomain/Yellow/eval/test_eval_results.csv
Rdomain,Yellow,Ribo_ND_232461,0,0.10937417,0,True,0,True,0,True,/workspace/cruci-classifier/results/grid_esm35m_corrected_20260614/Rdomain/Yellow/eval/test_eval_results.csv
Rdomain,Yellow,Ribo_MT138147_clostero-likeRdRp_translation,0,0.36062965,0,True,0,True,0,True,/workspace/cruci-classifier/results/grid_esm35m_corrected_20260614/Rdomain/Yellow/eval/test_eval_results.csv
Rdomain,Yellow,Ribo_ND_301024,0,0.41594175,0,True,0,True,0,True,/workspace/cruci-classifier/results/grid_esm35m_corrected_20260614/Rdomain/Yellow/eval/test_eval_results.csv
Rdomain,Yellow,Ribo_ND_041696,0,0.61222464,1,False,1,False,1,False,/workspace/cruci-classifier/results/grid_esm35m_corrected_20260614/Rdomain/Yellow/eval/test_eval_results.csv
Rdomain,Yellow,Ribo_JAAOEH010004707.1,0,0.3101733,0,True,0,True,0,True,/workspace/cruci-classifier/results/grid_esm35m_corrected_20260614/Rdomain/Yellow/eval/test_eval_results.csv
Rdomain,Yellow,Ribo_ND_162128,0,0.01581025,0,True,0,True,0,True,/workspace/cruci-classifier/results/grid_esm35m_corrected_20260614/Rdomain/Yellow/eval/test_eval_results.csv
Rdomain,Yellow,Ribo_ND_220764,0,0.1759352,0,True,0,True,0,True,/workspace/cruci-classifier/results/grid_esm35m_corrected_20260614/Rdomain/Yellow/eval/test_eval_results.csv
Rdomain,Yellow,Ribo_ND_030540,0,0.48915192,0,True,0,True,0,True,/workspace/cruci-classifier/results/grid_esm35m_corrected_20260614/Rdomain/Yellow/eval/test_eval_results.csv
Rdomain,Yellow,Ribo_ND_026110,0,0.52164125,1,False,1,False,1,False,/workspace/cruci-classifier/results/grid_esm35m_corrected_20260614/Rdomain/Yellow/eval/test_eval_results.csv
Rdomain,Yellow,Ribo_JAAOEH010004401.1,0,0.4685878,0,True,0,True,0,True,/workspace/cruci-classifier/results/grid_esm35m_corrected_20260614/Rdomain/Yellow/eval/test_eval_results.csv
Rdomain,Yellow,Ribo_ND_029661,0,0.7178898,1,False,1,False,1,False,/workspace/cruci-classifier/results/grid_esm35m_corrected_20260614/Rdomain/Yellow/eval/test_eval_results.csv
Rdomain,Yellow,Ribo_ND_101960,0,0.38348758,0,True,0,True,0,True,/workspace/cruci-classifier/results/grid_esm35m_corrected_20260614/Rdomain/Yellow/eval/test_eval_results.csv
Rdomain,Yellow,Ribo_ND_308260,0,0.44046035,0,True,0,True,0,True,/workspace/cruci-classifier/results/grid_esm35m_corrected_20260614/Rdomain/Yellow/eval/test_eval_results.csv
Rdomain,Yellow,Ribo_ND_025116,0,0.38252112,0,True,0,True,0,True,/workspace/cruci-classifier/results/grid_esm35m_corrected_20260614/Rdomain/Yellow/eval/test_eval_results.csv
Rdomain,Yellow,Ribo_ND_025138,0,0.49888656,0,True,0,True,0,True,/workspace/cruci-classifier/results/grid_esm35m_corrected_20260614/Rdomain/Yellow/eval/test_eval_results.csv
Rdomain,Yellow,Ribo_ND_025969,0,0.41752943,0,True,0,True,0,True,/workspace/cruci-classifier/results/grid_esm35m_corrected_20260614/Rdomain/Yellow/eval/test_eval_results.csv
Rdomain,Yellow,Ribo_ND_030209,0,0.40318474,0,True,0,True,0,True,/workspace/cruci-classifier/results/grid_esm35m_corrected_20260614/Rdomain/Yellow/eval/test_eval_results.csv
Rdomain,Yellow,Ribo_ND_284211,0,0.5174638,1,False,1,False,1,False,/workspace/cruci-classifier/results/grid_esm35m_corrected_20260614/Rdomain/Yellow/eval/test_eval_results.csv
Rdomain,Yellow,Ribo_ND_195610,0,0.35378325,0,True,0,True,0,True,/workspace/cruci-classifier/results/grid_esm35m_corrected_20260614/Rdomain/Yellow/eval/test_eval_results.csv
Rdomain,Yellow,Ribo_ND_068189,0,0.057699252,0,True,0,True,0,True,/workspace/cruci-classifier/results/grid_esm35m_corrected_20260614/Rdomain/Yellow/eval/test_eval_results.csv
Rdomain,Yellow,Ribo_ND_164848,0,0.08456076,0,True,0,True,0,True,/workspace/cruci-classifier/results/grid_esm35m_corrected_20260614/Rdomain/Yellow/eval/test_eval_results.csv
Rdomain,Yellow,Ribo_ND_388279,0,0.1487807,0,True,0,True,0,True,/workspace/cruci-classifier/results/grid_esm35m_corrected_20260614/Rdomain/Yellow/eval/test_eval_results.csv
Rdomain,Yellow,Cruci_CruV-897,1,0.41045666,0,False,0,False,0,False,/workspace/cruci-classifier/results/grid_esm35m_corrected_20260614/Rdomain/Yellow/eval/test_eval_results.csv
Rdomain,Yellow,Ribo_ND_028949,0,0.17111796,0,True,0,True,0,True,/workspace/cruci-classifier/results/grid_esm35m_corrected_20260614/Rdomain/Yellow/eval/test_eval_results.csv
Rdomain,Yellow,Ribo_ND_050578,0,0.3267139,0,True,0,True,0,True,/workspace/cruci-classifier/results/grid_esm35m_corrected_20260614/Rdomain/Yellow/eval/test_eval_results.csv
Rdomain,Yellow,Ribo_ND_146063,0,0.058961526,0,True,0,True,0,True,/workspace/cruci-classifier/results/grid_esm35m_corrected_20260614/Rdomain/Yellow/eval/test_eval_results.csv
Rdomain,Yellow,Ribo_ND_130208,0,0.12889037,0,True,0,True,0,True,/workspace/cruci-classifier/results/grid_esm35m_corrected_20260614/Rdomain/Yellow/eval/test_eval_results.csv
Rdomain,Yellow,Cruci_CruV_328,1,0.9533585,1,True,1,True,1,True,/workspace/cruci-classifier/results/grid_esm35m_corrected_20260614/Rdomain/Yellow/eval/test_eval_results.csv
Rdomain,Yellow,Ribo_ND_092447,0,0.27624962,0,True,0,True,0,True,/workspace/cruci-classifier/results/grid_esm35m_corrected_20260614/Rdomain/Yellow/eval/test_eval_results.csv
Rdomain,Yellow,Ribo_ND_046929,0,0.35645655,0,True,0,True,0,True,/workspace/cruci-classifier/results/grid_esm35m_corrected_20260614/Rdomain/Yellow/eval/test_eval_results.csv
Rdomain,Yellow,Ribo_ND_025188,0,0.39833513,0,True,0,True,0,True,/workspace/cruci-classifier/results/grid_esm35m_corrected_20260614/Rdomain/Yellow/eval/test_eval_results.csv
Rdomain,Yellow,Ribo_ND_030149,0,0.64554447,1,False,1,False,1,False,/workspace/cruci-classifier/results/grid_esm35m_corrected_20260614/Rdomain/Yellow/eval/test_eval_results.csv
Rdomain,Yellow,Ribo_ND_029406,0,0.31458768,0,True,0,True,0,True,/workspace/cruci-classifier/results/grid_esm35m_corrected_20260614/Rdomain/Yellow/eval/test_eval_results.csv
Rdomain,Yellow,Ribo_ND_378685,0,0.18191397,0,True,0,True,0,True,/workspace/cruci-classifier/results/grid_esm35m_corrected_20260614/Rdomain/Yellow/eval/test_eval_results.csv
Rdomain,Yellow,Ribo_ND_344454,0,0.34339556,0,True,0,True,0,True,/workspace/cruci-classifier/results/grid_esm35m_corrected_20260614/Rdomain/Yellow/eval/test_eval_results.csv
Rdomain,Yellow,Ribo_ND_249734,0,0.11559659,0,True,0,True,0,True,/workspace/cruci-classifier/results/grid_esm35m_corrected_20260614/Rdomain/Yellow/eval/test_eval_results.csv
Rdomain,Yellow,Ribo_ND_025235,0,0.5254299,1,False,1,False,1,False,/workspace/cruci-classifier/results/grid_esm35m_corrected_20260614/Rdomain/Yellow/eval/test_eval_results.csv
Rdomain,Yellow,Ribo_ND_352102,0,0.21568854,0,True,0,True,0,True,/workspace/cruci-classifier/results/grid_esm35m_corrected_20260614/Rdomain/Yellow/eval/test_eval_results.csv
Rdomain,Yellow,Ribo_ND_292467,0,0.08333056,0,True,0,True,0,True,/workspace/cruci-classifier/results/grid_esm35m_corrected_20260614/Rdomain/Yellow/eval/test_eval_results.csv
Rdomain,Yellow,Ribo_ND_029504,0,0.15570794,0,True,0,True,0,True,/workspace/cruci-classifier/results/grid_esm35m_corrected_20260614/Rdomain/Yellow/eval/test_eval_results.csv
Rdomain,Yellow,Ribo_ND_025389,0,0.14999887,0,True,0,True,0,True,/workspace/cruci-classifier/results/grid_esm35m_corrected_20260614/Rdomain/Yellow/eval/test_eval_results.csv
Rdomain,Yellow,Ribo_ND_096464,0,0.61798525,1,False,1,False,1,False,/workspace/cruci-classifier/results/grid_esm35m_corrected_20260614/Rdomain/Yellow/eval/test_eval_results.csv
Rdomain,Yellow,Ribo_ND_078080,0,0.08447666,0,True,0,True,0,True,/workspace/cruci-classifier/results/grid_esm35m_corrected_20260614/Rdomain/Yellow/eval/test_eval_results.csv
Rdomain,Yellow,Ribo_ND_370430,0,0.13664466,0,True,0,True,0,True,/workspace/cruci-classifier/results/grid_esm35m_corrected_20260614/Rdomain/Yellow/eval/test_eval_results.csv
Rdomain,Yellow,Ribo_ND_253618,0,0.42117,0,True,0,True,0,True,/workspace/cruci-classifier/results/grid_esm35m_corrected_20260614/Rdomain/Yellow/eval/test_eval_results.csv
Rdomain,Yellow,Ribo_ND_107474,0,0.63050187,1,False,1,False,1,False,/workspace/cruci-classifier/results/grid_esm35m_corrected_20260614/Rdomain/Yellow/eval/test_eval_results.csv
Rdomain,Yellow,Ribo_ND_082950,0,0.59360015,1,False,1,False,1,False,/workspace/cruci-classifier/results/grid_esm35m_corrected_20260614/Rdomain/Yellow/eval/test_eval_results.csv
Rdomain,Yellow,Ribo_ND_025513,0,0.29835632,0,True,0,True,0,True,/workspace/cruci-classifier/results/grid_esm35m_corrected_20260614/Rdomain/Yellow/eval/test_eval_results.csv
Rdomain,Yellow,Ribo_JAAOEH010002326.1,0,0.1796257,0,True,0,True,0,True,/workspace/cruci-classifier/results/grid_esm35m_corrected_20260614/Rdomain/Yellow/eval/test_eval_results.csv
Rdomain,Yellow,Ribo_ND_349259,0,0.1796257,0,True,0,True,0,True,/workspace/cruci-classifier/results/grid_esm35m_corrected_20260614/Rdomain/Yellow/eval/test_eval_results.csv
Rdomain,Yellow,Ribo_ND_025421,0,0.20484589,0,True,0,True,0,True,/workspace/cruci-classifier/results/grid_esm35m_corrected_20260614/Rdomain/Yellow/eval/test_eval_results.csv
Rdomain,Yellow,Ribo_ND_365497,0,0.11700206,0,True,0,True,0,True,/workspace/cruci-classifier/results/grid_esm35m_corrected_20260614/Rdomain/Yellow/eval/test_eval_results.csv
Rdomain,Yellow,Ribo_ND_048457,0,0.10739911,0,True,0,True,0,True,/workspace/cruci-classifier/results/grid_esm35m_corrected_20260614/Rdomain/Yellow/eval/test_eval_results.csv
Rdomain,Yellow,Ribo_ND_025129,0,0.66748446,1,False,1,False,1,False,/workspace/cruci-classifier/results/grid_esm35m_corrected_20260614/Rdomain/Yellow/eval/test_eval_results.csv
Rdomain,Yellow,Ribo_ND_025079,0,0.49464953,0,True,0,True,0,True,/workspace/cruci-classifier/results/grid_esm35m_corrected_20260614/Rdomain/Yellow/eval/test_eval_results.csv
Rdomain,Yellow,Ribo_ND_025088,0,0.2589412,0,True,0,True,0,True,/workspace/cruci-classifier/results/grid_esm35m_corrected_20260614/Rdomain/Yellow/eval/test_eval_results.csv
Rdomain,Yellow,Ribo_ND_107694,0,0.27010855,0,True,0,True,0,True,/workspace/cruci-classifier/results/grid_esm35m_corrected_20260614/Rdomain/Yellow/eval/test_eval_results.csv
Rdomain,Yellow,Ribo_ND_030153,0,0.19149974,0,True,0,True,0,True,/workspace/cruci-classifier/results/grid_esm35m_corrected_20260614/Rdomain/Yellow/eval/test_eval_results.csv
Rdomain,Yellow,Ribo_ND_251221,0,0.39161533,0,True,0,True,0,True,/workspace/cruci-classifier/results/grid_esm35m_corrected_20260614/Rdomain/Yellow/eval/test_eval_results.csv
Rdomain,Yellow,Ribo_ND_043246,0,0.5804447,1,False,1,False,1,False,/workspace/cruci-classifier/results/grid_esm35m_corrected_20260614/Rdomain/Yellow/eval/test_eval_results.csv
Rdomain,Yellow,Ribo_ND_025259,0,0.60457045,1,False,1,False,1,False,/workspace/cruci-classifier/results/grid_esm35m_corrected_20260614/Rdomain/Yellow/eval/test_eval_results.csv
Rdomain,Yellow,Ribo_ND_133060,0,0.2629936,0,True,0,True,0,True,/workspace/cruci-classifier/results/grid_esm35m_corrected_20260614/Rdomain/Yellow/eval/test_eval_results.csv
Rdomain,Yellow,Ribo_ND_030257,0,0.33908084,0,True,0,True,0,True,/workspace/cruci-classifier/results/grid_esm35m_corrected_20260614/Rdomain/Yellow/eval/test_eval_results.csv
Rdomain,Yellow,Ribo_ND_161323,0,0.3473444,0,True,0,True,0,True,/workspace/cruci-classifier/results/grid_esm35m_corrected_20260614/Rdomain/Yellow/eval/test_eval_results.csv
Rdomain,Yellow,Ribo_ND_194362,0,0.045563586,0,True,0,True,0,True,/workspace/cruci-classifier/results/grid_esm35m_corrected_20260614/Rdomain/Yellow/eval/test_eval_results.csv
Rdomain,Yellow,Ribo_JAAOEH010003334.1,0,0.6134155,1,False,1,False,1,False,/workspace/cruci-classifier/results/grid_esm35m_corrected_20260614/Rdomain/Yellow/eval/test_eval_results.csv
Rdomain,Yellow,Ribo_ND_067073,0,0.06729521,0,True,0,True,0,True,/workspace/cruci-classifier/results/grid_esm35m_corrected_20260614/Rdomain/Yellow/eval/test_eval_results.csv
Rdomain,Yellow,Ribo_ND_115393,0,0.11614613,0,True,0,True,0,True,/workspace/cruci-classifier/results/grid_esm35m_corrected_20260614/Rdomain/Yellow/eval/test_eval_results.csv
Rdomain,Yellow,Ribo_ND_254815,0,0.057801597,0,True,0,True,0,True,/workspace/cruci-classifier/results/grid_esm35m_corrected_20260614/Rdomain/Yellow/eval/test_eval_results.csv
Rdomain,Yellow,Ribo_ND_163272,0,0.20185493,0,True,0,True,0,True,/workspace/cruci-classifier/results/grid_esm35m_corrected_20260614/Rdomain/Yellow/eval/test_eval_results.csv
Rdomain,Yellow,Ribo_ND_155710,0,0.39667663,0,True,0,True,0,True,/workspace/cruci-classifier/results/grid_esm35m_corrected_20260614/Rdomain/Yellow/eval/test_eval_results.csv
Rdomain,Yellow,Ribo_Ga0187795_1158440,0,0.5622887,1,False,1,False,1,False,/workspace/cruci-classifier/results/grid_esm35m_corrected_20260614/Rdomain/Yellow/eval/test_eval_results.csv
Rdomain,Yellow,Ribo_ND_335472,0,0.33455232,0,True,0,True,0,True,/workspace/cruci-classifier/results/grid_esm35m_corrected_20260614/Rdomain/Yellow/eval/test_eval_results.csv
Rdomain,Yellow,Ribo_ND_025139,0,0.89171135,1,False,1,False,1,False,/workspace/cruci-classifier/results/grid_esm35m_corrected_20260614/Rdomain/Yellow/eval/test_eval_results.csv
Rdomain,Yellow,Ribo_ND_358880,0,0.61575025,1,False,1,False,1,False,/workspace/cruci-classifier/results/grid_esm35m_corrected_20260614/Rdomain/Yellow/eval/test_eval_results.csv
Rdomain,Yellow,Ribo_ND_343304,0,0.4530126,0,True,0,True,0,True,/workspace/cruci-classifier/results/grid_esm35m_corrected_20260614/Rdomain/Yellow/eval/test_eval_results.csv
Rdomain,Yellow,Ribo_ND_282773,0,0.65554386,1,False,1,False,1,False,/workspace/cruci-classifier/results/grid_esm35m_corrected_20260614/Rdomain/Yellow/eval/test_eval_results.csv
Rdomain,Yellow,Ribo_ND_083791,0,0.24921858,0,True,0,True,0,True,/workspace/cruci-classifier/results/grid_esm35m_corrected_20260614/Rdomain/Yellow/eval/test_eval_results.csv
Rdomain,Yellow,Ribo_ND_025238,0,0.52686507,1,False,1,False,1,False,/workspace/cruci-classifier/results/grid_esm35m_corrected_20260614/Rdomain/Yellow/eval/test_eval_results.csv
Rdomain,Yellow,Ribo_ND_026239,0,0.17372823,0,True,0,True,0,True,/workspace/cruci-classifier/results/grid_esm35m_corrected_20260614/Rdomain/Yellow/eval/test_eval_results.csv
Rdomain,Yellow,Ribo_ND_090578,0,0.25403392,0,True,0,True,0,True,/workspace/cruci-classifier/results/grid_esm35m_corrected_20260614/Rdomain/Yellow/eval/test_eval_results.csv
Rdomain,Yellow,Ribo_ND_091396,0,0.6286621,1,False,1,False,1,False,/workspace/cruci-classifier/results/grid_esm35m_corrected_20260614/Rdomain/Yellow/eval/test_eval_results.csv
Rdomain,Yellow,Ribo_ND_025210,0,0.66102695,1,False,1,False,1,False,/workspace/cruci-classifier/results/grid_esm35m_corrected_20260614/Rdomain/Yellow/eval/test_eval_results.csv
Rdomain,Yellow,Ribo_ND_026140,0,0.6217449,1,False,1,False,1,False,/workspace/cruci-classifier/results/grid_esm35m_corrected_20260614/Rdomain/Yellow/eval/test_eval_results.csv
Rdomain,Yellow,Ribo_ND_030162,0,0.1389451,0,True,0,True,0,True,/workspace/cruci-classifier/results/grid_esm35m_corrected_20260614/Rdomain/Yellow/eval/test_eval_results.csv
Rdomain,Yellow,Ribo_ND_025276,0,0.41608325,0,True,0,True,0,True,/workspace/cruci-classifier/results/grid_esm35m_corrected_20260614/Rdomain/Yellow/eval/test_eval_results.csv
Rdomain,Yellow,Ribo_ND_094068,0,0.43248942,0,True,0,True,0,True,/workspace/cruci-classifier/results/grid_esm35m_corrected_20260614/Rdomain/Yellow/eval/test_eval_results.csv
Rdomain,Yellow,Ribo_ND_046952,0,0.64346737,1,False,1,False,1,False,/workspace/cruci-classifier/results/grid_esm35m_corrected_20260614/Rdomain/Yellow/eval/test_eval_results.csv
Rdomain,Yellow,Ribo_ND_042233,0,0.39198944,0,True,0,True,0,True,/workspace/cruci-classifier/results/grid_esm35m_corrected_20260614/Rdomain/Yellow/eval/test_eval_results.csv
Rdomain,Yellow,Ribo_ND_163072,0,0.24485578,0,True,0,True,0,True,/workspace/cruci-classifier/results/grid_esm35m_corrected_20260614/Rdomain/Yellow/eval/test_eval_results.csv
Rdomain,Yellow,Ribo_ND_025465,0,0.3209741,0,True,0,True,0,True,/workspace/cruci-classifier/results/grid_esm35m_corrected_20260614/Rdomain/Yellow/eval/test_eval_results.csv
Rdomain,Yellow,Ribo_ND_025352,0,0.47587308,0,True,0,True,0,True,/workspace/cruci-classifier/results/grid_esm35m_corrected_20260614/Rdomain/Yellow/eval/test_eval_results.csv
Rdomain,Yellow,Ribo_ND_043449,0,0.42609626,0,True,0,True,0,True,/workspace/cruci-classifier/results/grid_esm35m_corrected_20260614/Rdomain/Yellow/eval/test_eval_results.csv
Rdomain,Yellow,Ribo_ND_166810,0,0.2454043,0,True,0,True,0,True,/workspace/cruci-classifier/results/grid_esm35m_corrected_20260614/Rdomain/Yellow/eval/test_eval_results.csv
Rdomain,Yellow,Ribo_ND_112280,0,0.45701137,0,True,0,True,0,True,/workspace/cruci-classifier/results/grid_esm35m_corrected_20260614/Rdomain/Yellow/eval/test_eval_results.csv
Rdomain,Yellow,Ribo_ND_060734,0,0.13996142,0,True,0,True,0,True,/workspace/cruci-classifier/results/grid_esm35m_corrected_20260614/Rdomain/Yellow/eval/test_eval_results.csv
Rdomain,Yellow,Cruci_CruV_260,1,0.37170893,0,False,0,False,0,False,/workspace/cruci-classifier/results/grid_esm35m_corrected_20260614/Rdomain/Yellow/eval/test_eval_results.csv
Rdomain,Yellow,Ribo_ND_284825,0,0.22251748,0,True,0,True,0,True,/workspace/cruci-classifier/results/grid_esm35m_corrected_20260614/Rdomain/Yellow/eval/test_eval_results.csv
Rdomain,Yellow,Ribo_ND_059632,0,0.2596564,0,True,0,True,0,True,/workspace/cruci-classifier/results/grid_esm35m_corrected_20260614/Rdomain/Yellow/eval/test_eval_results.csv
Rdomain,Yellow,Ribo_ND_059615,0,0.115225576,0,True,0,True,0,True,/workspace/cruci-classifier/results/grid_esm35m_corrected_20260614/Rdomain/Yellow/eval/test_eval_results.csv
Rdomain,Yellow,Ribo_ND_356789,0,0.3613341,0,True,0,True,0,True,/workspace/cruci-classifier/results/grid_esm35m_corrected_20260614/Rdomain/Yellow/eval/test_eval_results.csv
Rdomain,Yellow,Ribo_ND_239549,0,0.19606379,0,True,0,True,0,True,/workspace/cruci-classifier/results/grid_esm35m_corrected_20260614/Rdomain/Yellow/eval/test_eval_results.csv
Rdomain,Yellow,Ribo_ND_180510,0,0.49029642,0,True,0,True,0,True,/workspace/cruci-classifier/results/grid_esm35m_corrected_20260614/Rdomain/Yellow/eval/test_eval_results.csv
Rdomain,Yellow,Ribo_ND_046666,0,0.52821344,1,False,1,False,1,False,/workspace/cruci-classifier/results/grid_esm35m_corrected_20260614/Rdomain/Yellow/eval/test_eval_results.csv
Rdomain,Yellow,Ribo_ND_126471,0,0.32116294,0,True,0,True,0,True,/workspace/cruci-classifier/results/grid_esm35m_corrected_20260614/Rdomain/Yellow/eval/test_eval_results.csv
Rdomain,Yellow,Cruci_CruV_164,1,0.5332381,1,True,1,True,1,True,/workspace/cruci-classifier/results/grid_esm35m_corrected_20260614/Rdomain/Yellow/eval/test_eval_results.csv
Rdomain,Yellow,Ribo_ND_362746,0,0.42958903,0,True,0,True,0,True,/workspace/cruci-classifier/results/grid_esm35m_corrected_20260614/Rdomain/Yellow/eval/test_eval_results.csv
Rdomain,Yellow,Ribo_ND_249709,0,0.23334967,0,True,0,True,0,True,/workspace/cruci-classifier/results/grid_esm35m_corrected_20260614/Rdomain/Yellow/eval/test_eval_results.csv
Rdomain,Yellow,Ribo_ND_044149,0,0.8127676,1,False,1,False,1,False,/workspace/cruci-classifier/results/grid_esm35m_corrected_20260614/Rdomain/Yellow/eval/test_eval_results.csv
Rdomain,Yellow,Ribo_ND_046841,0,0.4249604,0,True,0,True,0,True,/workspace/cruci-classifier/results/grid_esm35m_corrected_20260614/Rdomain/Yellow/eval/test_eval_results.csv
Rdomain,Yellow,Ribo_ND_025039,0,0.5294836,1,False,1,False,1,False,/workspace/cruci-classifier/results/grid_esm35m_corrected_20260614/Rdomain/Yellow/eval/test_eval_results.csv
Rdomain,Yellow,Ribo_JAAOEH010002346.1,0,0.17919478,0,True,0,True,0,True,/workspace/cruci-classifier/results/grid_esm35m_corrected_20260614/Rdomain/Yellow/eval/test_eval_results.csv
Rdomain,Yellow,Ribo_ND_028071,0,0.6726562,1,False,1,False,1,False,/workspace/cruci-classifier/results/grid_esm35m_corrected_20260614/Rdomain/Yellow/eval/test_eval_results.csv
Rdomain,Yellow,Ribo_ND_025106,0,0.20048024,0,True,0,True,0,True,/workspace/cruci-classifier/results/grid_esm35m_corrected_20260614/Rdomain/Yellow/eval/test_eval_results.csv
Rdomain,Yellow,Ribo_ND_348190,0,0.2898147,0,True,0,True,0,True,/workspace/cruci-classifier/results/grid_esm35m_corrected_20260614/Rdomain/Yellow/eval/test_eval_results.csv
Rdomain,Yellow,Ribo_JAAOEH010004953.1,0,0.28078616,0,True,0,True,0,True,/workspace/cruci-classifier/results/grid_esm35m_corrected_20260614/Rdomain/Yellow/eval/test_eval_results.csv
Rdomain,Yellow,Ribo_ND_029681,0,0.25758252,0,True,0,True,0,True,/workspace/cruci-classifier/results/grid_esm35m_corrected_20260614/Rdomain/Yellow/eval/test_eval_results.csv
Rdomain,Yellow,Ribo_ND_030491,0,0.21609096,0,True,0,True,0,True,/workspace/cruci-classifier/results/grid_esm35m_corrected_20260614/Rdomain/Yellow/eval/test_eval_results.csv
Rdomain,Yellow,Ribo_ND_025471,0,0.1843005,0,True,0,True,0,True,/workspace/cruci-classifier/results/grid_esm35m_corrected_20260614/Rdomain/Yellow/eval/test_eval_results.csv
Rdomain,Yellow,Ribo_ND_028878,0,0.5430246,1,False,1,False,1,False,/workspace/cruci-classifier/results/grid_esm35m_corrected_20260614/Rdomain/Yellow/eval/test_eval_results.csv
Rdomain,Yellow,Cruci_CruV_370,1,0.5757786,1,True,1,True,1,True,/workspace/cruci-classifier/results/grid_esm35m_corrected_20260614/Rdomain/Yellow/eval/test_eval_results.csv
Rdomain,Yellow,Ribo_ND_282731,0,0.1421309,0,True,0,True,0,True,/workspace/cruci-classifier/results/grid_esm35m_corrected_20260614/Rdomain/Yellow/eval/test_eval_results.csv
Rdomain,Yellow,Ribo_ND_114665,0,0.0619449,0,True,0,True,0,True,/workspace/cruci-classifier/results/grid_esm35m_corrected_20260614/Rdomain/Yellow/eval/test_eval_results.csv
Rdomain,Yellow,Ribo_ND_044597,0,0.18230365,0,True,0,True,0,True,/workspace/cruci-classifier/results/grid_esm35m_corrected_20260614/Rdomain/Yellow/eval/test_eval_results.csv
Rdomain,Yellow,Ribo_ND_330301,0,0.19930358,0,True,0,True,0,True,/workspace/cruci-classifier/results/grid_esm35m_corrected_20260614/Rdomain/Yellow/eval/test_eval_results.csv
Rdomain,Yellow,Ribo_ND_046317,0,0.02584383,0,True,0,True,0,True,/workspace/cruci-classifier/results/grid_esm35m_corrected_20260614/Rdomain/Yellow/eval/test_eval_results.csv
Rdomain,Yellow,Cruci_CruV_162,1,0.501317,1,True,1,True,0,False,/workspace/cruci-classifier/results/grid_esm35m_corrected_20260614/Rdomain/Yellow/eval/test_eval_results.csv
Rdomain,Yellow,Ribo_ND_025275,0,0.40735066,0,True,0,True,0,True,/workspace/cruci-classifier/results/grid_esm35m_corrected_20260614/Rdomain/Yellow/eval/test_eval_results.csv
Rdomain,Yellow,Ribo_ND_340116,0,0.31955972,0,True,0,True,0,True,/workspace/cruci-classifier/results/grid_esm35m_corrected_20260614/Rdomain/Yellow/eval/test_eval_results.csv
Rdomain,Yellow,Ribo_ND_028931,0,0.5133181,1,False,1,False,0,True,/workspace/cruci-classifier/results/grid_esm35m_corrected_20260614/Rdomain/Yellow/eval/test_eval_results.csv
Rdomain,Yellow,Ribo_ND_030312,0,0.5364822,1,False,1,False,1,False,/workspace/cruci-classifier/results/grid_esm35m_corrected_20260614/Rdomain/Yellow/eval/test_eval_results.csv
Rdomain,Yellow,Ribo_ND_028774,0,0.62385076,1,False,1,False,1,False,/workspace/cruci-classifier/results/grid_esm35m_corrected_20260614/Rdomain/Yellow/eval/test_eval_results.csv
Rdomain,Yellow,Ribo_ND_089420,0,0.50232273,1,False,1,False,0,True,/workspace/cruci-classifier/results/grid_esm35m_corrected_20260614/Rdomain/Yellow/eval/test_eval_results.csv
Rdomain,Yellow,Ribo_ND_030302,0,0.6698498,1,False,1,False,1,False,/workspace/cruci-classifier/results/grid_esm35m_corrected_20260614/Rdomain/Yellow/eval/test_eval_results.csv
Rdomain,Yellow,Ribo_ND_025316,0,0.060820665,0,True,0,True,0,True,/workspace/cruci-classifier/results/grid_esm35m_corrected_20260614/Rdomain/Yellow/eval/test_eval_results.csv
Rdomain,Yellow,Ribo_ND_042915,0,0.3554308,0,True,0,True,0,True,/workspace/cruci-classifier/results/grid_esm35m_corrected_20260614/Rdomain/Yellow/eval/test_eval_results.csv
Rdomain,Yellow,Ribo_ND_109190,0,0.17683318,0,True,0,True,0,True,/workspace/cruci-classifier/results/grid_esm35m_corrected_20260614/Rdomain/Yellow/eval/test_eval_results.csv
Rdomain,Yellow,Ribo_ND_028704,0,0.061356187,0,True,0,True,0,True,/workspace/cruci-classifier/results/grid_esm35m_corrected_20260614/Rdomain/Yellow/eval/test_eval_results.csv
Rdomain,Yellow,Ribo_ND_249699,0,0.3159852,0,True,0,True,0,True,/workspace/cruci-classifier/results/grid_esm35m_corrected_20260614/Rdomain/Yellow/eval/test_eval_results.csv
Rdomain,Yellow,Ribo_ND_195592,0,0.14016804,0,True,0,True,0,True,/workspace/cruci-classifier/results/grid_esm35m_corrected_20260614/Rdomain/Yellow/eval/test_eval_results.csv
Rdomain,Yellow,Ribo_ND_251197,0,0.51135373,1,False,1,False,0,True,/workspace/cruci-classifier/results/grid_esm35m_corrected_20260614/Rdomain/Yellow/eval/test_eval_results.csv
Rdomain,Yellow,Ribo_ND_366332,0,0.42076233,0,True,0,True,0,True,/workspace/cruci-classifier/results/grid_esm35m_corrected_20260614/Rdomain/Yellow/eval/test_eval_results.csv
Rdomain,Yellow,Ribo_ND_099921,0,0.24355169,0,True,0,True,0,True,/workspace/cruci-classifier/results/grid_esm35m_corrected_20260614/Rdomain/Yellow/eval/test_eval_results.csv
Rdomain,Yellow,Ribo_ND_025531,0,0.3433486,0,True,0,True,0,True,/workspace/cruci-classifier/results/grid_esm35m_corrected_20260614/Rdomain/Yellow/eval/test_eval_results.csv
Rdomain,Yellow,Ribo_ND_051536,0,0.13996196,0,True,0,True,0,True,/workspace/cruci-classifier/results/grid_esm35m_corrected_20260614/Rdomain/Yellow/eval/test_eval_results.csv
Rdomain,Yellow,Cruci_CruV-633,1,0.66032034,1,True,1,True,1,True,/workspace/cruci-classifier/results/grid_esm35m_corrected_20260614/Rdomain/Yellow/eval/test_eval_results.csv
Rdomain,Yellow,Ribo_ND_309034,0,0.14888541,0,True,0,True,0,True,/workspace/cruci-classifier/results/grid_esm35m_corrected_20260614/Rdomain/Yellow/eval/test_eval_results.csv
Rdomain,Yellow,Ribo_ND_301567,0,0.35414612,0,True,0,True,0,True,/workspace/cruci-classifier/results/grid_esm35m_corrected_20260614/Rdomain/Yellow/eval/test_eval_results.csv
Rdomain,Yellow,Ribo_ND_156799,0,0.39314172,0,True,0,True,0,True,/workspace/cruci-classifier/results/grid_esm35m_corrected_20260614/Rdomain/Yellow/eval/test_eval_results.csv
Rdomain,Yellow,Ribo_ND_379306,0,0.5922168,1,False,1,False,1,False,/workspace/cruci-classifier/results/grid_esm35m_corrected_20260614/Rdomain/Yellow/eval/test_eval_results.csv
Rdomain,Yellow,Ribo_ND_386710,0,0.65906274,1,False,1,False,1,False,/workspace/cruci-classifier/results/grid_esm35m_corrected_20260614/Rdomain/Yellow/eval/test_eval_results.csv
Rdomain,Yellow,Ribo_ND_028066,0,0.16205318,0,True,0,True,0,True,/workspace/cruci-classifier/results/grid_esm35m_corrected_20260614/Rdomain/Yellow/eval/test_eval_results.csv
Rdomain,Yellow,Ribo_JAAOEH010002610.1,0,0.3620328,0,True,0,True,0,True,/workspace/cruci-classifier/results/grid_esm35m_corrected_20260614/Rdomain/Yellow/eval/test_eval_results.csv
Rdomain,Yellow,Ribo_ND_163344,0,0.49516937,0,True,0,True,0,True,/workspace/cruci-classifier/results/grid_esm35m_corrected_20260614/Rdomain/Yellow/eval/test_eval_results.csv
Rdomain,Yellow,Ribo_ND_251266,0,0.38487205,0,True,0,True,0,True,/workspace/cruci-classifier/results/grid_esm35m_corrected_20260614/Rdomain/Yellow/eval/test_eval_results.csv
Rdomain,Yellow,Ribo_ND_025344,0,0.2750788,0,True,0,True,0,True,/workspace/cruci-classifier/results/grid_esm35m_corrected_20260614/Rdomain/Yellow/eval/test_eval_results.csv
Rdomain,Yellow,Ribo_ND_025207,0,0.45542184,0,True,0,True,0,True,/workspace/cruci-classifier/results/grid_esm35m_corrected_20260614/Rdomain/Yellow/eval/test_eval_results.csv
Rdomain,Yellow,Ribo_ND_025076,0,0.83010024,1,False,1,False,1,False,/workspace/cruci-classifier/results/grid_esm35m_corrected_20260614/Rdomain/Yellow/eval/test_eval_results.csv
Rdomain,Yellow,Ribo_ND_025357,0,0.23225656,0,True,0,True,0,True,/workspace/cruci-classifier/results/grid_esm35m_corrected_20260614/Rdomain/Yellow/eval/test_eval_results.csv
Rdomain,Yellow,Ribo_ND_363032,0,0.07559839,0,True,0,True,0,True,/workspace/cruci-classifier/results/grid_esm35m_corrected_20260614/Rdomain/Yellow/eval/test_eval_results.csv
Rdomain,Yellow,Ribo_ND_025249,0,0.2049707,0,True,0,True,0,True,/workspace/cruci-classifier/results/grid_esm35m_corrected_20260614/Rdomain/Yellow/eval/test_eval_results.csv
Rdomain,Yellow,Ribo_ND_029138,0,0.18924701,0,True,0,True,0,True,/workspace/cruci-classifier/results/grid_esm35m_corrected_20260614/Rdomain/Yellow/eval/test_eval_results.csv
Rdomain,Yellow,Ribo_ND_302664,0,0.4181557,0,True,0,True,0,True,/workspace/cruci-classifier/results/grid_esm35m_corrected_20260614/Rdomain/Yellow/eval/test_eval_results.csv
Rdomain,Yellow,Ribo_ND_327873,0,0.093688,0,True,0,True,0,True,/workspace/cruci-classifier/results/grid_esm35m_corrected_20260614/Rdomain/Yellow/eval/test_eval_results.csv
Rdomain,Yellow,Cruci_CruV_491,1,0.9916747,1,True,1,True,1,True,/workspace/cruci-classifier/results/grid_esm35m_corrected_20260614/Rdomain/Yellow/eval/test_eval_results.csv
Rdomain,Yellow,Ribo_ND_248264,0,0.08763979,0,True,0,True,0,True,/workspace/cruci-classifier/results/grid_esm35m_corrected_20260614/Rdomain/Yellow/eval/test_eval_results.csv
Rdomain,Yellow,Ribo_Ga0150984_122810038,0,0.39961684,0,True,0,True,0,True,/workspace/cruci-classifier/results/grid_esm35m_corrected_20260614/Rdomain/Yellow/eval/test_eval_results.csv
Rdomain,Yellow,Ribo_ND_085033,0,0.29895777,0,True,0,True,0,True,/workspace/cruci-classifier/results/grid_esm35m_corrected_20260614/Rdomain/Yellow/eval/test_eval_results.csv
Rdomain,Yellow,Ribo_ND_131961,0,0.8621812,1,False,1,False,1,False,/workspace/cruci-classifier/results/grid_esm35m_corrected_20260614/Rdomain/Yellow/eval/test_eval_results.csv
Rdomain,Yellow,Ribo_ND_163299,0,0.16370128,0,True,0,True,0,True,/workspace/cruci-classifier/results/grid_esm35m_corrected_20260614/Rdomain/Yellow/eval/test_eval_results.csv
Rdomain,Yellow,Ribo_ND_026199,0,0.26008603,0,True,0,True,0,True,/workspace/cruci-classifier/results/grid_esm35m_corrected_20260614/Rdomain/Yellow/eval/test_eval_results.csv
Rdomain,Yellow,Ribo_ND_189516,0,0.29579306,0,True,0,True,0,True,/workspace/cruci-classifier/results/grid_esm35m_corrected_20260614/Rdomain/Yellow/eval/test_eval_results.csv
Rdomain,Yellow,Ribo_ND_048572,0,0.12010223,0,True,0,True,0,True,/workspace/cruci-classifier/results/grid_esm35m_corrected_20260614/Rdomain/Yellow/eval/test_eval_results.csv
Rdomain,Yellow,Ribo_ND_028067,0,0.59039575,1,False,1,False,1,False,/workspace/cruci-classifier/results/grid_esm35m_corrected_20260614/Rdomain/Yellow/eval/test_eval_results.csv
Rdomain,Yellow,Ribo_ND_089790,0,0.5724805,1,False,1,False,1,False,/workspace/cruci-classifier/results/grid_esm35m_corrected_20260614/Rdomain/Yellow/eval/test_eval_results.csv
Rdomain,Yellow,Ribo_ND_025258,0,0.18528154,0,True,0,True,0,True,/workspace/cruci-classifier/results/grid_esm35m_corrected_20260614/Rdomain/Yellow/eval/test_eval_results.csv
Rdomain,Yellow,Ribo_ND_249722,0,0.5864882,1,False,1,False,1,False,/workspace/cruci-classifier/results/grid_esm35m_corrected_20260614/Rdomain/Yellow/eval/test_eval_results.csv
Rdomain,Yellow,Ribo_ND_359430,0,0.13444072,0,True,0,True,0,True,/workspace/cruci-classifier/results/grid_esm35m_corrected_20260614/Rdomain/Yellow/eval/test_eval_results.csv
Rdomain,Yellow,Ribo_ND_050484,0,0.26927128,0,True,0,True,0,True,/workspace/cruci-classifier/results/grid_esm35m_corrected_20260614/Rdomain/Yellow/eval/test_eval_results.csv
Rdomain,Yellow,Ribo_ND_114170,0,0.2504307,0,True,0,True,0,True,/workspace/cruci-classifier/results/grid_esm35m_corrected_20260614/Rdomain/Yellow/eval/test_eval_results.csv
Rdomain,Yellow,Ribo_ND_106677,0,0.17384006,0,True,0,True,0,True,/workspace/cruci-classifier/results/grid_esm35m_corrected_20260614/Rdomain/Yellow/eval/test_eval_results.csv
Rdomain,Yellow,Ribo_ND_097300,0,0.046190422,0,True,0,True,0,True,/workspace/cruci-classifier/results/grid_esm35m_corrected_20260614/Rdomain/Yellow/eval/test_eval_results.csv
Rdomain,Yellow,Ribo_ND_198441,0,0.08645686,0,True,0,True,0,True,/workspace/cruci-classifier/results/grid_esm35m_corrected_20260614/Rdomain/Yellow/eval/test_eval_results.csv
Rdomain,Yellow,Ribo_ND_176763,0,0.14855188,0,True,0,True,0,True,/workspace/cruci-classifier/results/grid_esm35m_corrected_20260614/Rdomain/Yellow/eval/test_eval_results.csv
Rdomain,Yellow,Ribo_ND_028328,0,0.30693373,0,True,0,True,0,True,/workspace/cruci-classifier/results/grid_esm35m_corrected_20260614/Rdomain/Yellow/eval/test_eval_results.csv
Rdomain,Yellow,Ribo_tombunoda_ScMacrV2,0,0.41614485,0,True,0,True,0,True,/workspace/cruci-classifier/results/grid_esm35m_corrected_20260614/Rdomain/Yellow/eval/test_eval_results.csv
Rdomain,Yellow,Ribo_ND_370449,0,0.46505067,0,True,0,True,0,True,/workspace/cruci-classifier/results/grid_esm35m_corrected_20260614/Rdomain/Yellow/eval/test_eval_results.csv
Rdomain,Yellow,Ribo_ND_291673,0,0.16366205,0,True,0,True,0,True,/workspace/cruci-classifier/results/grid_esm35m_corrected_20260614/Rdomain/Yellow/eval/test_eval_results.csv
Rdomain,Yellow,Ribo_ND_030242,0,0.49129996,0,True,0,True,0,True,/workspace/cruci-classifier/results/grid_esm35m_corrected_20260614/Rdomain/Yellow/eval/test_eval_results.csv
Rdomain,Yellow,Ribo_ND_249740,0,0.496129,0,True,0,True,0,True,/workspace/cruci-classifier/results/grid_esm35m_corrected_20260614/Rdomain/Yellow/eval/test_eval_results.csv
Rdomain,Yellow,Ribo_ND_096072,0,0.47897506,0,True,0,True,0,True,/workspace/cruci-classifier/results/grid_esm35m_corrected_20260614/Rdomain/Yellow/eval/test_eval_results.csv
Rdomain,Yellow,Ribo_ND_391725,0,0.14145122,0,True,0,True,0,True,/workspace/cruci-classifier/results/grid_esm35m_corrected_20260614/Rdomain/Yellow/eval/test_eval_results.csv
Rdomain,Yellow,Ribo_ND_145825,0,0.15877852,0,True,0,True,0,True,/workspace/cruci-classifier/results/grid_esm35m_corrected_20260614/Rdomain/Yellow/eval/test_eval_results.csv
Rdomain,Yellow,Ribo_ND_025182,0,0.32386982,0,True,0,True,0,True,/workspace/cruci-classifier/results/grid_esm35m_corrected_20260614/Rdomain/Yellow/eval/test_eval_results.csv
Rdomain,Yellow,Ribo_ND_025263,0,0.32316765,0,True,0,True,0,True,/workspace/cruci-classifier/results/grid_esm35m_corrected_20260614/Rdomain/Yellow/eval/test_eval_results.csv
Rdomain,Yellow,Ribo_ND_025130,0,0.22768492,0,True,0,True,0,True,/workspace/cruci-classifier/results/grid_esm35m_corrected_20260614/Rdomain/Yellow/eval/test_eval_results.csv
Rdomain,Yellow,Ribo_ND_177413,0,0.4419801,0,True,0,True,0,True,/workspace/cruci-classifier/results/grid_esm35m_corrected_20260614/Rdomain/Yellow/eval/test_eval_results.csv
Rdomain,Yellow,Ribo_ND_025482,0,0.29943618,0,True,0,True,0,True,/workspace/cruci-classifier/results/grid_esm35m_corrected_20260614/Rdomain/Yellow/eval/test_eval_results.csv
Rdomain,Yellow,Ribo_ND_185405,0,0.09562321,0,True,0,True,0,True,/workspace/cruci-classifier/results/grid_esm35m_corrected_20260614/Rdomain/Yellow/eval/test_eval_results.csv
Rdomain,Yellow,Ribo_ND_270988,0,0.07718536,0,True,0,True,0,True,/workspace/cruci-classifier/results/grid_esm35m_corrected_20260614/Rdomain/Yellow/eval/test_eval_results.csv
Rdomain,Yellow,Ribo_ND_249650,0,0.07728733,0,True,0,True,0,True,/workspace/cruci-classifier/results/grid_esm35m_corrected_20260614/Rdomain/Yellow/eval/test_eval_results.csv
Rdomain,Yellow,Ribo_ND_069102,0,0.06381759,0,True,0,True,0,True,/workspace/cruci-classifier/results/grid_esm35m_corrected_20260614/Rdomain/Yellow/eval/test_eval_results.csv
Rdomain,Yellow,Ribo_JAAOEH010003587.1,0,0.24862416,0,True,0,True,0,True,/workspace/cruci-classifier/results/grid_esm35m_corrected_20260614/Rdomain/Yellow/eval/test_eval_results.csv
Rdomain,Yellow,Cruci_CruV_271,1,0.7890537,1,True,1,True,1,True,/workspace/cruci-classifier/results/grid_esm35m_corrected_20260614/Rdomain/Yellow/eval/test_eval_results.csv
Rdomain,Yellow,Ribo_ND_187973,0,0.14886555,0,True,0,True,0,True,/workspace/cruci-classifier/results/grid_esm35m_corrected_20260614/Rdomain/Yellow/eval/test_eval_results.csv
Rdomain,Yellow,Ribo_ND_279722,0,0.051979613,0,True,0,True,0,True,/workspace/cruci-classifier/results/grid_esm35m_corrected_20260614/Rdomain/Yellow/eval/test_eval_results.csv
Rdomain,Yellow,Ribo_ND_391022,0,0.08188499,0,True,0,True,0,True,/workspace/cruci-classifier/results/grid_esm35m_corrected_20260614/Rdomain/Yellow/eval/test_eval_results.csv
Rdomain,Yellow,Ribo_ND_100104,0,0.84771174,1,False,1,False,1,False,/workspace/cruci-classifier/results/grid_esm35m_corrected_20260614/Rdomain/Yellow/eval/test_eval_results.csv
Rdomain,Yellow,Ribo_ND_162119,0,0.40515807,0,True,0,True,0,True,/workspace/cruci-classifier/results/grid_esm35m_corrected_20260614/Rdomain/Yellow/eval/test_eval_results.csv
Rdomain,Yellow,Ribo_ND_161999,0,0.3685665,0,True,0,True,0,True,/workspace/cruci-classifier/results/grid_esm35m_corrected_20260614/Rdomain/Yellow/eval/test_eval_results.csv
Rdomain,Yellow,Ribo_ND_137595,0,0.06869301,0,True,0,True,0,True,/workspace/cruci-classifier/results/grid_esm35m_corrected_20260614/Rdomain/Yellow/eval/test_eval_results.csv
Rdomain,Yellow,Ribo_ND_149118,0,0.55734825,1,False,1,False,1,False,/workspace/cruci-classifier/results/grid_esm35m_corrected_20260614/Rdomain/Yellow/eval/test_eval_results.csv
Rdomain,Yellow,Ribo_ND_097599,0,0.63935935,1,False,1,False,1,False,/workspace/cruci-classifier/results/grid_esm35m_corrected_20260614/Rdomain/Yellow/eval/test_eval_results.csv
Rdomain,Yellow,Ribo_ND_304663,0,0.14034131,0,True,0,True,0,True,/workspace/cruci-classifier/results/grid_esm35m_corrected_20260614/Rdomain/Yellow/eval/test_eval_results.csv
Rdomain,Yellow,Ribo_ND_026010,0,0.1458261,0,True,0,True,0,True,/workspace/cruci-classifier/results/grid_esm35m_corrected_20260614/Rdomain/Yellow/eval/test_eval_results.csv
Rdomain,Yellow,Ribo_ND_028069,0,0.11005747,0,True,0,True,0,True,/workspace/cruci-classifier/results/grid_esm35m_corrected_20260614/Rdomain/Yellow/eval/test_eval_results.csv
Rdomain,Yellow,Ribo_ND_251248,0,0.09570165,0,True,0,True,0,True,/workspace/cruci-classifier/results/grid_esm35m_corrected_20260614/Rdomain/Yellow/eval/test_eval_results.csv
Rdomain,Yellow,Ribo_ND_363905,0,0.117157154,0,True,0,True,0,True,/workspace/cruci-classifier/results/grid_esm35m_corrected_20260614/Rdomain/Yellow/eval/test_eval_results.csv
Rdomain,Yellow,Ribo_ND_172983,0,0.54858863,1,False,1,False,1,False,/workspace/cruci-classifier/results/grid_esm35m_corrected_20260614/Rdomain/Yellow/eval/test_eval_results.csv
Rdomain,Yellow,Ribo_ND_030336,0,0.23034826,0,True,0,True,0,True,/workspace/cruci-classifier/results/grid_esm35m_corrected_20260614/Rdomain/Yellow/eval/test_eval_results.csv
Rdomain,Yellow,Ribo_ND_061627,0,0.24600334,0,True,0,True,0,True,/workspace/cruci-classifier/results/grid_esm35m_corrected_20260614/Rdomain/Yellow/eval/test_eval_results.csv
Rdomain,Yellow,Ribo_ND_105163,0,0.11367173,0,True,0,True,0,True,/workspace/cruci-classifier/results/grid_esm35m_corrected_20260614/Rdomain/Yellow/eval/test_eval_results.csv
Rdomain,Yellow,Ribo_ND_379594,0,0.06535485,0,True,0,True,0,True,/workspace/cruci-classifier/results/grid_esm35m_corrected_20260614/Rdomain/Yellow/eval/test_eval_results.csv
Rdomain,Yellow,Ribo_ND_166800,0,0.43302974,0,True,0,True,0,True,/workspace/cruci-classifier/results/grid_esm35m_corrected_20260614/Rdomain/Yellow/eval/test_eval_results.csv
Rdomain,Yellow,Ribo_ND_037792,0,0.5482503,1,False,1,False,1,False,/workspace/cruci-classifier/results/grid_esm35m_corrected_20260614/Rdomain/Yellow/eval/test_eval_results.csv
Rdomain,Yellow,Ribo_ND_036494,0,0.6873821,1,False,1,False,1,False,/workspace/cruci-classifier/results/grid_esm35m_corrected_20260614/Rdomain/Yellow/eval/test_eval_results.csv
Rdomain,Yellow,Ribo_ND_044399,0,0.22451727,0,True,0,True,0,True,/workspace/cruci-classifier/results/grid_esm35m_corrected_20260614/Rdomain/Yellow/eval/test_eval_results.csv
Rdomain,Yellow,Ribo_ND_044336,0,0.09063453,0,True,0,True,0,True,/workspace/cruci-classifier/results/grid_esm35m_corrected_20260614/Rdomain/Yellow/eval/test_eval_results.csv
Rdomain,Yellow,Ribo_ND_113984,0,0.45476234,0,True,0,True,0,True,/workspace/cruci-classifier/results/grid_esm35m_corrected_20260614/Rdomain/Yellow/eval/test_eval_results.csv
Rdomain,Yellow,Ribo_ND_030231,0,0.18605801,0,True,0,True,0,True,/workspace/cruci-classifier/results/grid_esm35m_corrected_20260614/Rdomain/Yellow/eval/test_eval_results.csv
Rdomain,Yellow,Ribo_ND_028884,0,0.0859274,0,True,0,True,0,True,/workspace/cruci-classifier/results/grid_esm35m_corrected_20260614/Rdomain/Yellow/eval/test_eval_results.csv
Rdomain,Yellow,Ribo_ND_147059,0,0.15067554,0,True,0,True,0,True,/workspace/cruci-classifier/results/grid_esm35m_corrected_20260614/Rdomain/Yellow/eval/test_eval_results.csv
Rdomain,Yellow,Ribo_ND_370447,0,0.045795053,0,True,0,True,0,True,/workspace/cruci-classifier/results/grid_esm35m_corrected_20260614/Rdomain/Yellow/eval/test_eval_results.csv
Rdomain,Yellow,Ribo_ND_365502,0,0.3175614,0,True,0,True,0,True,/workspace/cruci-classifier/results/grid_esm35m_corrected_20260614/Rdomain/Yellow/eval/test_eval_results.csv
Rdomain,Yellow,Ribo_ND_059860,0,0.14690271,0,True,0,True,0,True,/workspace/cruci-classifier/results/grid_esm35m_corrected_20260614/Rdomain/Yellow/eval/test_eval_results.csv
Rdomain,Yellow,Ribo_ND_060760,0,0.2229665,0,True,0,True,0,True,/workspace/cruci-classifier/results/grid_esm35m_corrected_20260614/Rdomain/Yellow/eval/test_eval_results.csv
Rdomain,Yellow,Cruci_PSU_CruV-320,1,0.8326195,1,True,1,True,1,True,/workspace/cruci-classifier/results/grid_esm35m_corrected_20260614/Rdomain/Yellow/eval/test_eval_results.csv
Rdomain,Yellow,Cruci_CruV_166,1,0.7436947,1,True,1,True,1,True,/workspace/cruci-classifier/results/grid_esm35m_corrected_20260614/Rdomain/Yellow/eval/test_eval_results.csv
Rdomain,Yellow,Cruci_CruV-822,1,0.21872853,0,False,0,False,0,False,/workspace/cruci-classifier/results/grid_esm35m_corrected_20260614/Rdomain/Yellow/eval/test_eval_results.csv
Rdomain,Yellow,Cruci_CruV_438,1,0.31710628,0,False,0,False,0,False,/workspace/cruci-classifier/results/grid_esm35m_corrected_20260614/Rdomain/Yellow/eval/test_eval_results.csv
Rdomain,Yellow,Cruci_CruV-765,1,0.34291115,0,False,0,False,0,False,/workspace/cruci-classifier/results/grid_esm35m_corrected_20260614/Rdomain/Yellow/eval/test_eval_results.csv
Rdomain,Yellow,Cruci_CruV_319,1,0.49686897,0,False,0,False,0,False,/workspace/cruci-classifier/results/grid_esm35m_corrected_20260614/Rdomain/Yellow/eval/test_eval_results.csv
Rdomain,Yellow,Cruci_CruV_320,1,0.49686897,0,False,0,False,0,False,/workspace/cruci-classifier/results/grid_esm35m_corrected_20260614/Rdomain/Yellow/eval/test_eval_results.csv
Rdomain,Yellow,Cruci_CruV_401,1,0.5136063,1,True,1,True,0,False,/workspace/cruci-classifier/results/grid_esm35m_corrected_20260614/Rdomain/Yellow/eval/test_eval_results.csv
Rdomain,Yellow,Cruci_CruV-870,1,0.2240121,0,False,0,False,0,False,/workspace/cruci-classifier/results/grid_esm35m_corrected_20260614/Rdomain/Yellow/eval/test_eval_results.csv
Rdomain,Yellow,Cruci_PSU_CruV-150,1,0.47215018,0,False,0,False,0,False,/workspace/cruci-classifier/results/grid_esm35m_corrected_20260614/Rdomain/Yellow/eval/test_eval_results.csv
Rdomain,Yellow,Cruci_CruV_442,1,0.5940266,1,True,1,True,1,True,/workspace/cruci-classifier/results/grid_esm35m_corrected_20260614/Rdomain/Yellow/eval/test_eval_results.csv
Rdomain,Yellow,Cruci_Tisza_MK012445.1,1,0.24116985,0,False,0,False,0,False,/workspace/cruci-classifier/results/grid_esm35m_corrected_20260614/Rdomain/Yellow/eval/test_eval_results.csv
Rdomain,Yellow,Cruci_CruV_380,1,0.46171165,0,False,0,False,0,False,/workspace/cruci-classifier/results/grid_esm35m_corrected_20260614/Rdomain/Yellow/eval/test_eval_results.csv
Rdomain,Yellow,Cruci_CruV-911,1,0.61350745,1,True,1,True,1,True,/workspace/cruci-classifier/results/grid_esm35m_corrected_20260614/Rdomain/Yellow/eval/test_eval_results.csv
Rdomain,Yellow,Cruci_Tisza_MH616915.1,1,0.4744575,0,False,0,False,0,False,/workspace/cruci-classifier/results/grid_esm35m_corrected_20260614/Rdomain/Yellow/eval/test_eval_results.csv
Rdomain,Yellow,Cruci_CruV_445,1,0.47478077,0,False,0,False,0,False,/workspace/cruci-classifier/results/grid_esm35m_corrected_20260614/Rdomain/Yellow/eval/test_eval_results.csv
Rdomain,Yellow,Cruci_CruV-971,1,0.82770383,1,True,1,True,1,True,/workspace/cruci-classifier/results/grid_esm35m_corrected_20260614/Rdomain/Yellow/eval/test_eval_results.csv
Rdomain,Yellow,Ribo_ND_025122,0,0.4511717,0,True,0,True,0,True,/workspace/cruci-classifier/results/grid_esm35m_corrected_20260614/Rdomain/Yellow/eval/test_eval_results.csv
Rdomain,Yellow,Cruci_CruV_374,1,0.13930711,0,False,0,False,0,False,/workspace/cruci-classifier/results/grid_esm35m_corrected_20260614/Rdomain/Yellow/eval/test_eval_results.csv
Rdomain,Yellow,Cruci_CruV-766,1,0.2592149,0,False,0,False,0,False,/workspace/cruci-classifier/results/grid_esm35m_corrected_20260614/Rdomain/Yellow/eval/test_eval_results.csv
Rdomain,Yellow,Ribo_ND_025722,0,0.25393745,0,True,0,True,0,True,/workspace/cruci-classifier/results/grid_esm35m_corrected_20260614/Rdomain/Yellow/eval/test_eval_results.csv
Rdomain,Yellow,Ribo_tombunoda_PlhalsV2,0,0.3055876,0,True,0,True,0,True,/workspace/cruci-classifier/results/grid_esm35m_corrected_20260614/Rdomain/Yellow/eval/test_eval_results.csv
Rdomain,Yellow,Ribo_JAAOEH010001208.1,0,0.33522636,0,True,0,True,0,True,/workspace/cruci-classifier/results/grid_esm35m_corrected_20260614/Rdomain/Yellow/eval/test_eval_results.csv
Rdomain,Yellow,Ribo_ND_102429,0,0.45971707,0,True,0,True,0,True,/workspace/cruci-classifier/results/grid_esm35m_corrected_20260614/Rdomain/Yellow/eval/test_eval_results.csv
Rdomain,Yellow,Ribo_Ga0058860_10192148,0,0.35488647,0,True,0,True,0,True,/workspace/cruci-classifier/results/grid_esm35m_corrected_20260614/Rdomain/Yellow/eval/test_eval_results.csv
Rdomain,Yellow,Ribo_ND_181386,0,0.110739715,0,True,0,True,0,True,/workspace/cruci-classifier/results/grid_esm35m_corrected_20260614/Rdomain/Yellow/eval/test_eval_results.csv
Rdomain,Yellow,Cruci_CruV_516,1,0.24042861,0,False,0,False,0,False,/workspace/cruci-classifier/results/grid_esm35m_corrected_20260614/Rdomain/Yellow/eval/test_eval_results.csv
Rdomain,Yellow,Cruci_CruV-900,1,0.2622504,0,False,0,False,0,False,/workspace/cruci-classifier/results/grid_esm35m_corrected_20260614/Rdomain/Yellow/eval/test_eval_results.csv
Rdomain,Yellow,Cruci_PB_KX388513,1,0.41391253,0,False,0,False,0,False,/workspace/cruci-classifier/results/grid_esm35m_corrected_20260614/Rdomain/Yellow/eval/test_eval_results.csv
Rdomain,Yellow,Cruci_PB_KX388515,1,0.5850202,1,True,1,True,1,True,/workspace/cruci-classifier/results/grid_esm35m_corrected_20260614/Rdomain/Yellow/eval/test_eval_results.csv
Rdomain,Yellow,Ribo_JAAOEH010001460.1,0,0.8843155,1,False,1,False,1,False,/workspace/cruci-classifier/results/grid_esm35m_corrected_20260614/Rdomain/Yellow/eval/test_eval_results.csv
Rdomain,Yellow,Cruci_PolBeRBZT01000154.1,1,0.9879461,1,True,1,True,1,True,/workspace/cruci-classifier/results/grid_esm35m_corrected_20260614/Rdomain/Yellow/eval/test_eval_results.csv
fullCP,Green,Cruci_CruCGE-944,1,0.8365973,1,True,1,True,1,True,/workspace/cruci-classifier/results/grid_esm35m_corrected_20260614/fullCP/Green/eval/test_eval_results.csv
fullCP,Green,Cruci_CruV_499,1,0.8466621,1,True,1,True,1,True,/workspace/cruci-classifier/results/grid_esm35m_corrected_20260614/fullCP/Green/eval/test_eval_results.csv
fullCP,Green,Cruci_CruV-961,1,0.9862069,1,True,1,True,1,True,/workspace/cruci-classifier/results/grid_esm35m_corrected_20260614/fullCP/Green/eval/test_eval_results.csv
fullCP,Green,Cruci_CruV_502,1,0.92977124,1,True,1,True,1,True,/workspace/cruci-classifier/results/grid_esm35m_corrected_20260614/fullCP/Green/eval/test_eval_results.csv
fullCP,Green,Cruci_CruV_462,1,0.7599441,1,True,1,True,1,True,/workspace/cruci-classifier/results/grid_esm35m_corrected_20260614/fullCP/Green/eval/test_eval_results.csv
fullCP,Green,Cruci_CruV_457,1,0.80781245,1,True,1,True,1,True,/workspace/cruci-classifier/results/grid_esm35m_corrected_20260614/fullCP/Green/eval/test_eval_results.csv
fullCP,Green,Cruci_CruV-808,1,0.7001133,1,True,1,True,1,True,/workspace/cruci-classifier/results/grid_esm35m_corrected_20260614/fullCP/Green/eval/test_eval_results.csv
fullCP,Green,Cruci_CruV_484,1,0.8132258,1,True,1,True,1,True,/workspace/cruci-classifier/results/grid_esm35m_corrected_20260614/fullCP/Green/eval/test_eval_results.csv
fullCP,Green,Cruci_CruV-794,1,0.9098724,1,True,1,True,1,True,/workspace/cruci-classifier/results/grid_esm35m_corrected_20260614/fullCP/Green/eval/test_eval_results.csv
fullCP,Green,Cruci_CruV_406,1,0.85016805,1,True,1,True,1,True,/workspace/cruci-classifier/results/grid_esm35m_corrected_20260614/fullCP/Green/eval/test_eval_results.csv
fullCP,Green,Cruci_CruV_407,1,0.8483981,1,True,1,True,1,True,/workspace/cruci-classifier/results/grid_esm35m_corrected_20260614/fullCP/Green/eval/test_eval_results.csv
fullCP,Green,Cruci_CruV-893,1,0.4673478,0,False,0,False,0,False,/workspace/cruci-classifier/results/grid_esm35m_corrected_20260614/fullCP/Green/eval/test_eval_results.csv
fullCP,Green,Cruci_CruV_463,1,0.8245722,1,True,1,True,1,True,/workspace/cruci-classifier/results/grid_esm35m_corrected_20260614/fullCP/Green/eval/test_eval_results.csv
fullCP,Green,Cruci_CruV-836,1,0.7872461,1,True,1,True,1,True,/workspace/cruci-classifier/results/grid_esm35m_corrected_20260614/fullCP/Green/eval/test_eval_results.csv
fullCP,Green,Cruci_CruV_412,1,0.65809417,1,True,1,True,1,True,/workspace/cruci-classifier/results/grid_esm35m_corrected_20260614/fullCP/Green/eval/test_eval_results.csv
fullCP,Green,Cruci_CruV-803,1,0.22259834,0,False,0,False,0,False,/workspace/cruci-classifier/results/grid_esm35m_corrected_20260614/fullCP/Green/eval/test_eval_results.csv
fullCP,Green,Cruci_CruV-842,1,0.09154635,0,False,0,False,0,False,/workspace/cruci-classifier/results/grid_esm35m_corrected_20260614/fullCP/Green/eval/test_eval_results.csv
fullCP,Green,Cruci_CruV-946,1,0.85711116,1,True,1,True,1,True,/workspace/cruci-classifier/results/grid_esm35m_corrected_20260614/fullCP/Green/eval/test_eval_results.csv
fullCP,Green,Cruci_CruV-962,1,0.57208717,1,True,1,True,1,True,/workspace/cruci-classifier/results/grid_esm35m_corrected_20260614/fullCP/Green/eval/test_eval_results.csv
fullCP,Green,Cruci_CruV-839,1,0.6685815,1,True,1,True,1,True,/workspace/cruci-classifier/results/grid_esm35m_corrected_20260614/fullCP/Green/eval/test_eval_results.csv
fullCP,Green,Cruci_CruV-781,1,0.7794068,1,True,1,True,1,True,/workspace/cruci-classifier/results/grid_esm35m_corrected_20260614/fullCP/Green/eval/test_eval_results.csv
fullCP,Green,Cruci_CruV-745,1,0.85144764,1,True,1,True,1,True,/workspace/cruci-classifier/results/grid_esm35m_corrected_20260614/fullCP/Green/eval/test_eval_results.csv
fullCP,Green,Cruci_Ariz_MW697732,1,0.51065564,1,True,1,True,1,True,/workspace/cruci-classifier/results/grid_esm35m_corrected_20260614/fullCP/Green/eval/test_eval_results.csv
fullCP,Green,Cruci_CruV-821,1,0.6044078,1,True,1,True,1,True,/workspace/cruci-classifier/results/grid_esm35m_corrected_20260614/fullCP/Green/eval/test_eval_results.csv
fullCP,Green,Cruci_CruV_486,1,0.976086,1,True,1,True,1,True,/workspace/cruci-classifier/results/grid_esm35m_corrected_20260614/fullCP/Green/eval/test_eval_results.csv
fullCP,Green,Cruci_CruV-859,1,0.94387436,1,True,1,True,1,True,/workspace/cruci-classifier/results/grid_esm35m_corrected_20260614/fullCP/Green/eval/test_eval_results.csv
fullCP,Green,Cruci_chiv_Lake_Pavin_contig403,1,0.7671709,1,True,1,True,1,True,/workspace/cruci-classifier/results/grid_esm35m_corrected_20260614/fullCP/Green/eval/test_eval_results.csv
fullCP,Green,Cruci_CruV-921,1,0.8998017,1,True,1,True,1,True,/workspace/cruci-classifier/results/grid_esm35m_corrected_20260614/fullCP/Green/eval/test_eval_results.csv
fullCP,Green,Cruci_CruV-747,1,0.80196935,1,True,1,True,1,True,/workspace/cruci-classifier/results/grid_esm35m_corrected_20260614/fullCP/Green/eval/test_eval_results.csv
fullCP,Green,Cruci_CruV-790,1,0.59762096,1,True,1,True,1,True,/workspace/cruci-classifier/results/grid_esm35m_corrected_20260614/fullCP/Green/eval/test_eval_results.csv
fullCP,Green,Cruci_CruV-890,1,0.98311514,1,True,1,True,1,True,/workspace/cruci-classifier/results/grid_esm35m_corrected_20260614/fullCP/Green/eval/test_eval_results.csv
fullCP,Green,Cruci_CruV_508,1,0.667819,1,True,1,True,1,True,/workspace/cruci-classifier/results/grid_esm35m_corrected_20260614/fullCP/Green/eval/test_eval_results.csv
fullCP,Green,Cruci_CruV_470,1,0.86374444,1,True,1,True,1,True,/workspace/cruci-classifier/results/grid_esm35m_corrected_20260614/fullCP/Green/eval/test_eval_results.csv
fullCP,Green,Cruci_CruV-707,1,0.8260752,1,True,1,True,1,True,/workspace/cruci-classifier/results/grid_esm35m_corrected_20260614/fullCP/Green/eval/test_eval_results.csv
fullCP,Green,Cruci_CruV_433,1,0.8797046,1,True,1,True,1,True,/workspace/cruci-classifier/results/grid_esm35m_corrected_20260614/fullCP/Green/eval/test_eval_results.csv
fullCP,Green,Cruci_CruV-830,1,0.92392653,1,True,1,True,1,True,/workspace/cruci-classifier/results/grid_esm35m_corrected_20260614/fullCP/Green/eval/test_eval_results.csv
fullCP,Green,Cruci_CruV_500,1,0.14215992,0,False,0,False,0,False,/workspace/cruci-classifier/results/grid_esm35m_corrected_20260614/fullCP/Green/eval/test_eval_results.csv
fullCP,Green,Cruci_CruV_392,1,0.85629445,1,True,1,True,1,True,/workspace/cruci-classifier/results/grid_esm35m_corrected_20260614/fullCP/Green/eval/test_eval_results.csv
fullCP,Green,Cruci_CruV_413,1,0.6724455,1,True,1,True,1,True,/workspace/cruci-classifier/results/grid_esm35m_corrected_20260614/fullCP/Green/eval/test_eval_results.csv
fullCP,Green,Cruci_CruV-855,1,0.89218223,1,True,1,True,1,True,/workspace/cruci-classifier/results/grid_esm35m_corrected_20260614/fullCP/Green/eval/test_eval_results.csv
fullCP,Green,Cruci_chiv_Eukaryote_metagenome_T142_contig705,1,0.84844655,1,True,1,True,1,True,/workspace/cruci-classifier/results/grid_esm35m_corrected_20260614/fullCP/Green/eval/test_eval_results.csv
fullCP,Green,Cruci_chiv_Eukaryote_metagenome_T149_contig609,1,0.8384974,1,True,1,True,1,True,/workspace/cruci-classifier/results/grid_esm35m_corrected_20260614/fullCP/Green/eval/test_eval_results.csv
fullCP,Green,Cruci_CruV_402,1,0.8803031,1,True,1,True,1,True,/workspace/cruci-classifier/results/grid_esm35m_corrected_20260614/fullCP/Green/eval/test_eval_results.csv
fullCP,Green,Cruci_CruV_460,1,0.6007385,1,True,1,True,1,True,/workspace/cruci-classifier/results/grid_esm35m_corrected_20260614/fullCP/Green/eval/test_eval_results.csv
fullCP,Green,Cruci_muss_OR270612,1,0.75535524,1,True,1,True,1,True,/workspace/cruci-classifier/results/grid_esm35m_corrected_20260614/fullCP/Green/eval/test_eval_results.csv
fullCP,Green,Cruci_CruV_453,1,0.9357541,1,True,1,True,1,True,/workspace/cruci-classifier/results/grid_esm35m_corrected_20260614/fullCP/Green/eval/test_eval_results.csv
fullCP,Green,Cruci_CruV_454,1,0.93570673,1,True,1,True,1,True,/workspace/cruci-classifier/results/grid_esm35m_corrected_20260614/fullCP/Green/eval/test_eval_results.csv
fullCP,Green,Cruci_CruV_455,1,0.9357541,1,True,1,True,1,True,/workspace/cruci-classifier/results/grid_esm35m_corrected_20260614/fullCP/Green/eval/test_eval_results.csv
fullCP,Green,Cruci_CruV_456,1,0.9357541,1,True,1,True,1,True,/workspace/cruci-classifier/results/grid_esm35m_corrected_20260614/fullCP/Green/eval/test_eval_results.csv
fullCP,Green,Cruci_CruV_541,1,0.9635029,1,True,1,True,1,True,/workspace/cruci-classifier/results/grid_esm35m_corrected_20260614/fullCP/Green/eval/test_eval_results.csv
fullCP,Green,Cruci_chiv_Lake_Pavin_contig15342,1,0.9025611,1,True,1,True,1,True,/workspace/cruci-classifier/results/grid_esm35m_corrected_20260614/fullCP/Green/eval/test_eval_results.csv
fullCP,Green,Cruci_CruV-846,1,0.9381563,1,True,1,True,1,True,/workspace/cruci-classifier/results/grid_esm35m_corrected_20260614/fullCP/Green/eval/test_eval_results.csv
fullCP,Green,Cruci_CruV-872,1,0.9592314,1,True,1,True,1,True,/workspace/cruci-classifier/results/grid_esm35m_corrected_20260614/fullCP/Green/eval/test_eval_results.csv
fullCP,Green,Cruci_CruV-909,1,0.8714192,1,True,1,True,1,True,/workspace/cruci-classifier/results/grid_esm35m_corrected_20260614/fullCP/Green/eval/test_eval_results.csv
fullCP,Green,Cruci_chiv_Eukaryote_metagenome_T149_contig276,1,0.9415534,1,True,1,True,1,True,/workspace/cruci-classifier/results/grid_esm35m_corrected_20260614/fullCP/Green/eval/test_eval_results.csv
fullCP,Green,Cruci_CruV_347,1,0.81830233,1,True,1,True,1,True,/workspace/cruci-classifier/results/grid_esm35m_corrected_20260614/fullCP/Green/eval/test_eval_results.csv
fullCP,Green,Cruci_Oys_GWHBFST00001923_circ,1,0.5065106,1,True,1,True,1,True,/workspace/cruci-classifier/results/grid_esm35m_corrected_20260614/fullCP/Green/eval/test_eval_results.csv
fullCP,Green,Cruci_CruV_287,1,0.8620789,1,True,1,True,1,True,/workspace/cruci-classifier/results/grid_esm35m_corrected_20260614/fullCP/Green/eval/test_eval_results.csv
fullCP,Green,Cruci_CruV_472,1,0.84120524,1,True,1,True,1,True,/workspace/cruci-classifier/results/grid_esm35m_corrected_20260614/fullCP/Green/eval/test_eval_results.csv
fullCP,Green,Cruci_CruV-874,1,0.716175,1,True,1,True,1,True,/workspace/cruci-classifier/results/grid_esm35m_corrected_20260614/fullCP/Green/eval/test_eval_results.csv
fullCP,Green,Cruci_CruV-809,1,0.8452466,1,True,1,True,1,True,/workspace/cruci-classifier/results/grid_esm35m_corrected_20260614/fullCP/Green/eval/test_eval_results.csv
fullCP,Green,Cruci_CruV-858,1,0.7284334,1,True,1,True,1,True,/workspace/cruci-classifier/results/grid_esm35m_corrected_20260614/fullCP/Green/eval/test_eval_results.csv
fullCP,Green,Cruci_CruV_532,1,0.2866819,0,False,0,False,0,False,/workspace/cruci-classifier/results/grid_esm35m_corrected_20260614/fullCP/Green/eval/test_eval_results.csv
fullCP,Green,Cruci_CruV-866,1,0.9111311,1,True,1,True,1,True,/workspace/cruci-classifier/results/grid_esm35m_corrected_20260614/fullCP/Green/eval/test_eval_results.csv
fullCP,Green,Cruci_CruV-795,1,0.83703905,1,True,1,True,1,True,/workspace/cruci-classifier/results/grid_esm35m_corrected_20260614/fullCP/Green/eval/test_eval_results.csv
fullCP,Green,Cruci_Ariz_MW697595,1,0.9824385,1,True,1,True,1,True,/workspace/cruci-classifier/results/grid_esm35m_corrected_20260614/fullCP/Green/eval/test_eval_results.csv
fullCP,Green,Cruci_CruV_450,1,0.82806844,1,True,1,True,1,True,/workspace/cruci-classifier/results/grid_esm35m_corrected_20260614/fullCP/Green/eval/test_eval_results.csv
fullCP,Green,Cruci_CruV-889,1,0.882285,1,True,1,True,1,True,/workspace/cruci-classifier/results/grid_esm35m_corrected_20260614/fullCP/Green/eval/test_eval_results.csv
fullCP,Green,Cruci_CruV-942,1,0.9880078,1,True,1,True,1,True,/workspace/cruci-classifier/results/grid_esm35m_corrected_20260614/fullCP/Green/eval/test_eval_results.csv
fullCP,Green,Cruci_CruV-956,1,0.9896225,1,True,1,True,1,True,/workspace/cruci-classifier/results/grid_esm35m_corrected_20260614/fullCP/Green/eval/test_eval_results.csv
fullCP,Green,Cruci_CruV-920,1,0.97770643,1,True,1,True,1,True,/workspace/cruci-classifier/results/grid_esm35m_corrected_20260614/fullCP/Green/eval/test_eval_results.csv
fullCP,Green,Cruci_Oys_GWHBFST00002020_circ,1,0.73323536,1,True,1,True,1,True,/workspace/cruci-classifier/results/grid_esm35m_corrected_20260614/fullCP/Green/eval/test_eval_results.csv
fullCP,Green,Cruci_Ariz_MW697584,1,0.8272779,1,True,1,True,1,True,/workspace/cruci-classifier/results/grid_esm35m_corrected_20260614/fullCP/Green/eval/test_eval_results.csv
fullCP,Green,Cruci_BSL-RDHV,1,0.7447838,1,True,1,True,1,True,/workspace/cruci-classifier/results/grid_esm35m_corrected_20260614/fullCP/Green/eval/test_eval_results.csv
fullCP,Green,Cruci_CruV-817,1,0.9312951,1,True,1,True,1,True,/workspace/cruci-classifier/results/grid_esm35m_corrected_20260614/fullCP/Green/eval/test_eval_results.csv
fullCP,Green,Cruci_CruV_331,1,0.67409784,1,True,1,True,1,True,/workspace/cruci-classifier/results/grid_esm35m_corrected_20260614/fullCP/Green/eval/test_eval_results.csv
fullCP,Green,Cruci_CruV_345,1,0.57612735,1,True,1,True,1,True,/workspace/cruci-classifier/results/grid_esm35m_corrected_20260614/fullCP/Green/eval/test_eval_results.csv
fullCP,Green,Cruci_CruV-802,1,0.8173043,1,True,1,True,1,True,/workspace/cruci-classifier/results/grid_esm35m_corrected_20260614/fullCP/Green/eval/test_eval_results.csv
fullCP,Green,Cruci_CruV-732,1,0.9795268,1,True,1,True,1,True,/workspace/cruci-classifier/results/grid_esm35m_corrected_20260614/fullCP/Green/eval/test_eval_results.csv
fullCP,Green,Cruci_Ariz_MW697596,1,0.8380268,1,True,1,True,1,True,/workspace/cruci-classifier/results/grid_esm35m_corrected_20260614/fullCP/Green/eval/test_eval_results.csv
fullCP,Green,Cruci_CruV-867,1,0.77126527,1,True,1,True,1,True,/workspace/cruci-classifier/results/grid_esm35m_corrected_20260614/fullCP/Green/eval/test_eval_results.csv
fullCP,Green,Cruci_CruV-840,1,0.8410557,1,True,1,True,1,True,/workspace/cruci-classifier/results/grid_esm35m_corrected_20260614/fullCP/Green/eval/test_eval_results.csv
fullCP,Green,Cruci_CruV_414,1,0.8240007,1,True,1,True,1,True,/workspace/cruci-classifier/results/grid_esm35m_corrected_20260614/fullCP/Green/eval/test_eval_results.csv
fullCP,Green,Cruci_CruV-789,1,0.7767319,1,True,1,True,1,True,/workspace/cruci-classifier/results/grid_esm35m_corrected_20260614/fullCP/Green/eval/test_eval_results.csv
fullCP,Green,Cruci_CruV_336,1,0.9703616,1,True,1,True,1,True,/workspace/cruci-classifier/results/grid_esm35m_corrected_20260614/fullCP/Green/eval/test_eval_results.csv
fullCP,Green,Cruci_Oys_GWHBFST00000019_circ,1,0.8019881,1,True,1,True,1,True,/workspace/cruci-classifier/results/grid_esm35m_corrected_20260614/fullCP/Green/eval/test_eval_results.csv
fullCP,Green,Cruci_CruV-796,1,0.8838636,1,True,1,True,1,True,/workspace/cruci-classifier/results/grid_esm35m_corrected_20260614/fullCP/Green/eval/test_eval_results.csv
fullCP,Green,Cruci_CruV_427,1,0.596537,1,True,1,True,1,True,/workspace/cruci-classifier/results/grid_esm35m_corrected_20260614/fullCP/Green/eval/test_eval_results.csv
fullCP,Green,Cruci_CruV-810,1,0.8255571,1,True,1,True,1,True,/workspace/cruci-classifier/results/grid_esm35m_corrected_20260614/fullCP/Green/eval/test_eval_results.csv
fullCP,Green,Cruci_CruV-826,1,0.7405969,1,True,1,True,1,True,/workspace/cruci-classifier/results/grid_esm35m_corrected_20260614/fullCP/Green/eval/test_eval_results.csv
fullCP,Green,Cruci_CruV-827,1,0.7405969,1,True,1,True,1,True,/workspace/cruci-classifier/results/grid_esm35m_corrected_20260614/fullCP/Green/eval/test_eval_results.csv
fullCP,Green,Cruci_CruV_416,1,0.8023407,1,True,1,True,1,True,/workspace/cruci-classifier/results/grid_esm35m_corrected_20260614/fullCP/Green/eval/test_eval_results.csv
fullCP,Green,Cruci_CruV_459,1,0.5873104,1,True,1,True,1,True,/workspace/cruci-classifier/results/grid_esm35m_corrected_20260614/fullCP/Green/eval/test_eval_results.csv
fullCP,Green,Cruci_CruV_473,1,0.647834,1,True,1,True,1,True,/workspace/cruci-classifier/results/grid_esm35m_corrected_20260614/fullCP/Green/eval/test_eval_results.csv
fullCP,Green,Cruci_CruV_475,1,0.853851,1,True,1,True,1,True,/workspace/cruci-classifier/results/grid_esm35m_corrected_20260614/fullCP/Green/eval/test_eval_results.csv
fullCP,Green,Cruci_CruV-936,1,0.9157681,1,True,1,True,1,True,/workspace/cruci-classifier/results/grid_esm35m_corrected_20260614/fullCP/Green/eval/test_eval_results.csv
fullCP,Green,Cruci_Oys_GWHBFST00003133_circ,1,0.8125383,1,True,1,True,1,True,/workspace/cruci-classifier/results/grid_esm35m_corrected_20260614/fullCP/Green/eval/test_eval_results.csv
fullCP,Green,Cruci_CruV-879,1,0.485655,0,False,0,False,0,False,/workspace/cruci-classifier/results/grid_esm35m_corrected_20260614/fullCP/Green/eval/test_eval_results.csv
fullCP,Green,Cruci_CruV_298,1,0.7699476,1,True,1,True,1,True,/workspace/cruci-classifier/results/grid_esm35m_corrected_20260614/fullCP/Green/eval/test_eval_results.csv
fullCP,Green,Cruci_CruV_397,1,0.6319301,1,True,1,True,1,True,/workspace/cruci-classifier/results/grid_esm35m_corrected_20260614/fullCP/Green/eval/test_eval_results.csv
fullCP,Green,Cruci_Oys_GWHBFST00002740_circ,1,0.5748482,1,True,1,True,1,True,/workspace/cruci-classifier/results/grid_esm35m_corrected_20260614/fullCP/Green/eval/test_eval_results.csv
fullCP,Green,Cruci_CruCGE_436,1,0.9231383,1,True,1,True,1,True,/workspace/cruci-classifier/results/grid_esm35m_corrected_20260614/fullCP/Green/eval/test_eval_results.csv
fullCP,Green,Cruci_Oys_GWHBFST00000015_circ,1,0.875947,1,True,1,True,1,True,/workspace/cruci-classifier/results/grid_esm35m_corrected_20260614/fullCP/Green/eval/test_eval_results.csv
fullCP,Green,Cruci_chiv_35_Marine_contig3,1,0.62790984,1,True,1,True,1,True,/workspace/cruci-classifier/results/grid_esm35m_corrected_20260614/fullCP/Green/eval/test_eval_results.csv
fullCP,Green,Cruci_CruV_434,1,0.9360104,1,True,1,True,1,True,/workspace/cruci-classifier/results/grid_esm35m_corrected_20260614/fullCP/Green/eval/test_eval_results.csv
fullCP,Green,Cruci_CruV_426,1,0.85441214,1,True,1,True,1,True,/workspace/cruci-classifier/results/grid_esm35m_corrected_20260614/fullCP/Green/eval/test_eval_results.csv
fullCP,Green,Cruci_CruV_465,1,0.9545053,1,True,1,True,1,True,/workspace/cruci-classifier/results/grid_esm35m_corrected_20260614/fullCP/Green/eval/test_eval_results.csv
fullCP,Green,Cruci_CruCGE_471,1,0.76441085,1,True,1,True,1,True,/workspace/cruci-classifier/results/grid_esm35m_corrected_20260614/fullCP/Green/eval/test_eval_results.csv
fullCP,Green,Cruci_CruV_396,1,0.6315085,1,True,1,True,1,True,/workspace/cruci-classifier/results/grid_esm35m_corrected_20260614/fullCP/Green/eval/test_eval_results.csv
fullCP,Green,Cruci_CruV_422,1,0.8422408,1,True,1,True,1,True,/workspace/cruci-classifier/results/grid_esm35m_corrected_20260614/fullCP/Green/eval/test_eval_results.csv
fullCP,Green,Cruci_Tisza_MH616643.1,1,0.59588635,1,True,1,True,1,True,/workspace/cruci-classifier/results/grid_esm35m_corrected_20260614/fullCP/Green/eval/test_eval_results.csv
fullCP,Green,Cruci_CruV-778,1,0.45168126,0,False,0,False,0,False,/workspace/cruci-classifier/results/grid_esm35m_corrected_20260614/fullCP/Green/eval/test_eval_results.csv
fullCP,Green,Cruci_CruV-779,1,0.45168126,0,False,0,False,0,False,/workspace/cruci-classifier/results/grid_esm35m_corrected_20260614/fullCP/Green/eval/test_eval_results.csv
fullCP,Green,Cruci_CruV-782,1,0.7859929,1,True,1,True,1,True,/workspace/cruci-classifier/results/grid_esm35m_corrected_20260614/fullCP/Green/eval/test_eval_results.csv
fullCP,Green,Cruci_CruV-864,1,0.91240907,1,True,1,True,1,True,/workspace/cruci-classifier/results/grid_esm35m_corrected_20260614/fullCP/Green/eval/test_eval_results.csv
fullCP,Green,Cruci_CruV-940,1,0.78621006,1,True,1,True,1,True,/workspace/cruci-classifier/results/grid_esm35m_corrected_20260614/fullCP/Green/eval/test_eval_results.csv
fullCP,Green,Cruci_CruV_244,1,0.51170963,1,True,1,True,1,True,/workspace/cruci-classifier/results/grid_esm35m_corrected_20260614/fullCP/Green/eval/test_eval_results.csv
fullCP,Green,Cruci_CruV-772,1,0.8310298,1,True,1,True,1,True,/workspace/cruci-classifier/results/grid_esm35m_corrected_20260614/fullCP/Green/eval/test_eval_results.csv
fullCP,Green,Cruci_Ariz_MW697687,1,0.8766286,1,True,1,True,1,True,/workspace/cruci-classifier/results/grid_esm35m_corrected_20260614/fullCP/Green/eval/test_eval_results.csv
fullCP,Green,Cruci_CruCGE_533,1,0.51386875,1,True,1,True,1,True,/workspace/cruci-classifier/results/grid_esm35m_corrected_20260614/fullCP/Green/eval/test_eval_results.csv
fullCP,Green,Cruci_CruV-910,1,0.9947108,1,True,1,True,1,True,/workspace/cruci-classifier/results/grid_esm35m_corrected_20260614/fullCP/Green/eval/test_eval_results.csv
fullCP,Green,Cruci_CruV_474,1,0.9902734,1,True,1,True,1,True,/workspace/cruci-classifier/results/grid_esm35m_corrected_20260614/fullCP/Green/eval/test_eval_results.csv
fullCP,Green,Cruci_muss_OR270609,1,0.4194903,0,False,0,False,0,False,/workspace/cruci-classifier/results/grid_esm35m_corrected_20260614/fullCP/Green/eval/test_eval_results.csv
fullCP,Green,Cruci_CruV-841,1,0.81686395,1,True,1,True,1,True,/workspace/cruci-classifier/results/grid_esm35m_corrected_20260614/fullCP/Green/eval/test_eval_results.csv
fullCP,Green,Cruci_CruV-854,1,0.78844297,1,True,1,True,1,True,/workspace/cruci-classifier/results/grid_esm35m_corrected_20260614/fullCP/Green/eval/test_eval_results.csv
fullCP,Green,Cruci_CruV-792,1,0.7117583,1,True,1,True,1,True,/workspace/cruci-classifier/results/grid_esm35m_corrected_20260614/fullCP/Green/eval/test_eval_results.csv
fullCP,Green,Cruci_CruV-934,1,0.44409654,0,False,0,False,0,False,/workspace/cruci-classifier/results/grid_esm35m_corrected_20260614/fullCP/Green/eval/test_eval_results.csv
fullCP,Green,Cruci_CruV-734,1,0.5481207,1,True,1,True,1,True,/workspace/cruci-classifier/results/grid_esm35m_corrected_20260614/fullCP/Green/eval/test_eval_results.csv
fullCP,Green,Cruci_CruV_480,1,0.8263498,1,True,1,True,1,True,/workspace/cruci-classifier/results/grid_esm35m_corrected_20260614/fullCP/Green/eval/test_eval_results.csv
fullCP,Green,Cruci_CruV-969,1,0.48473552,0,False,0,False,0,False,/workspace/cruci-classifier/results/grid_esm35m_corrected_20260614/fullCP/Green/eval/test_eval_results.csv
fullCP,Green,Cruci_CruV-801,1,0.32325685,0,False,0,False,0,False,/workspace/cruci-classifier/results/grid_esm35m_corrected_20260614/fullCP/Green/eval/test_eval_results.csv
fullCP,Green,Cruci_CruV-635,1,0.83396494,1,True,1,True,1,True,/workspace/cruci-classifier/results/grid_esm35m_corrected_20260614/fullCP/Green/eval/test_eval_results.csv
fullCP,Green,Cruci_CruV-636,1,0.79204,1,True,1,True,1,True,/workspace/cruci-classifier/results/grid_esm35m_corrected_20260614/fullCP/Green/eval/test_eval_results.csv
fullCP,Green,Cruci_CruV_432,1,0.8619108,1,True,1,True,1,True,/workspace/cruci-classifier/results/grid_esm35m_corrected_20260614/fullCP/Green/eval/test_eval_results.csv
fullCP,Green,Cruci_CruV_482,1,0.8325765,1,True,1,True,1,True,/workspace/cruci-classifier/results/grid_esm35m_corrected_20260614/fullCP/Green/eval/test_eval_results.csv
fullCP,Green,Cruci_IWaV278_CircoRep,1,0.82837147,1,True,1,True,1,True,/workspace/cruci-classifier/results/grid_esm35m_corrected_20260614/fullCP/Green/eval/test_eval_results.csv
fullCP,Green,Cruci_CruV-768,1,0.7716687,1,True,1,True,1,True,/workspace/cruci-classifier/results/grid_esm35m_corrected_20260614/fullCP/Green/eval/test_eval_results.csv
fullCP,Green,Cruci_CruV-786,1,0.88276774,1,True,1,True,1,True,/workspace/cruci-classifier/results/grid_esm35m_corrected_20260614/fullCP/Green/eval/test_eval_results.csv
fullCP,Green,Cruci_CruV_512,1,0.500284,1,True,1,True,1,True,/workspace/cruci-classifier/results/grid_esm35m_corrected_20260614/fullCP/Green/eval/test_eval_results.csv
fullCP,Green,Cruci_CruV_346,1,0.59375566,1,True,1,True,1,True,/workspace/cruci-classifier/results/grid_esm35m_corrected_20260614/fullCP/Green/eval/test_eval_results.csv
fullCP,Green,Cruci_Ariz_MW697694,1,0.87126,1,True,1,True,1,True,/workspace/cruci-classifier/results/grid_esm35m_corrected_20260614/fullCP/Green/eval/test_eval_results.csv
fullCP,Green,Cruci_CruV_440,1,0.9028901,1,True,1,True,1,True,/workspace/cruci-classifier/results/grid_esm35m_corrected_20260614/fullCP/Green/eval/test_eval_results.csv
fullCP,Green,Cruci_CruV_496,1,0.40277034,0,False,0,False,0,False,/workspace/cruci-classifier/results/grid_esm35m_corrected_20260614/fullCP/Green/eval/test_eval_results.csv
fullCP,Green,Cruci_CruV_530,1,0.8962531,1,True,1,True,1,True,/workspace/cruci-classifier/results/grid_esm35m_corrected_20260614/fullCP/Green/eval/test_eval_results.csv
fullCP,Green,Cruci_CruV-783,1,0.9752783,1,True,1,True,1,True,/workspace/cruci-classifier/results/grid_esm35m_corrected_20260614/fullCP/Green/eval/test_eval_results.csv
fullCP,Green,Cruci_CruV-939,1,0.8993853,1,True,1,True,1,True,/workspace/cruci-classifier/results/grid_esm35m_corrected_20260614/fullCP/Green/eval/test_eval_results.csv
fullCP,Green,Cruci_CruV_439,1,0.42707512,0,False,0,False,0,False,/workspace/cruci-classifier/results/grid_esm35m_corrected_20260614/fullCP/Green/eval/test_eval_results.csv
fullCP,Green,Cruci_CruV_446,1,0.42516148,0,False,0,False,0,False,/workspace/cruci-classifier/results/grid_esm35m_corrected_20260614/fullCP/Green/eval/test_eval_results.csv
fullCP,Green,Cruci_CruV-966,1,0.99109143,1,True,1,True,1,True,/workspace/cruci-classifier/results/grid_esm35m_corrected_20260614/fullCP/Green/eval/test_eval_results.csv
fullCP,Green,Cruci_CruV-965,1,0.99109143,1,True,1,True,1,True,/workspace/cruci-classifier/results/grid_esm35m_corrected_20260614/fullCP/Green/eval/test_eval_results.csv
fullCP,Green,Cruci_CruV_489,1,0.09701929,0,False,0,False,0,False,/workspace/cruci-classifier/results/grid_esm35m_corrected_20260614/fullCP/Green/eval/test_eval_results.csv
fullCP,Green,Cruci_CruV_375,1,0.20894186,0,False,0,False,0,False,/workspace/cruci-classifier/results/grid_esm35m_corrected_20260614/fullCP/Green/eval/test_eval_results.csv
fullCP,Green,Cruci_CruV-882,1,0.91155475,1,True,1,True,1,True,/workspace/cruci-classifier/results/grid_esm35m_corrected_20260614/fullCP/Green/eval/test_eval_results.csv
fullCP,Green,Cruci_CruV_458,1,0.62019575,1,True,1,True,1,True,/workspace/cruci-classifier/results/grid_esm35m_corrected_20260614/fullCP/Green/eval/test_eval_results.csv
fullCP,Green,Cruci_chiv_Astrammina_rara_contig97_330847425,1,0.7394436,1,True,1,True,1,True,/workspace/cruci-classifier/results/grid_esm35m_corrected_20260614/fullCP/Green/eval/test_eval_results.csv
fullCP,Green,Cruci_CruV_517,1,0.25747037,0,False,0,False,0,False,/workspace/cruci-classifier/results/grid_esm35m_corrected_20260614/fullCP/Green/eval/test_eval_results.csv
fullCP,Green,Cruci_CruV_515,1,0.32434604,0,False,0,False,0,False,/workspace/cruci-classifier/results/grid_esm35m_corrected_20260614/fullCP/Green/eval/test_eval_results.csv
fullCP,Green,Cruci_CruV_477,1,0.8205216,1,True,1,True,1,True,/workspace/cruci-classifier/results/grid_esm35m_corrected_20260614/fullCP/Green/eval/test_eval_results.csv
fullCP,Green,Cruci_CruV-930,1,0.17151247,0,False,0,False,0,False,/workspace/cruci-classifier/results/grid_esm35m_corrected_20260614/fullCP/Green/eval/test_eval_results.csv
fullCP,Green,Cruci_CruV-852,1,0.457548,0,False,0,False,0,False,/workspace/cruci-classifier/results/grid_esm35m_corrected_20260614/fullCP/Green/eval/test_eval_results.csv
fullCP,Green,Cruci_CruV-955,1,0.9890497,1,True,1,True,1,True,/workspace/cruci-classifier/results/grid_esm35m_corrected_20260614/fullCP/Green/eval/test_eval_results.csv
fullCP,Green,Cruci_CruV_367,1,0.90117776,1,True,1,True,1,True,/workspace/cruci-classifier/results/grid_esm35m_corrected_20260614/fullCP/Green/eval/test_eval_results.csv
fullCP,Green,Cruci_PB_KX388527,1,0.7426934,1,True,1,True,1,True,/workspace/cruci-classifier/results/grid_esm35m_corrected_20260614/fullCP/Green/eval/test_eval_results.csv
fullCP,Green,Cruci_PB_KX388528,1,0.7390534,1,True,1,True,1,True,/workspace/cruci-classifier/results/grid_esm35m_corrected_20260614/fullCP/Green/eval/test_eval_results.csv
fullCP,Green,Cruci_PB_KX388529,1,0.7403775,1,True,1,True,1,True,/workspace/cruci-classifier/results/grid_esm35m_corrected_20260614/fullCP/Green/eval/test_eval_results.csv
fullCP,Green,Cruci_PB_KX388530,1,0.7403775,1,True,1,True,1,True,/workspace/cruci-classifier/results/grid_esm35m_corrected_20260614/fullCP/Green/eval/test_eval_results.csv
fullCP,Green,Cruci_CruV-959,1,0.9552809,1,True,1,True,1,True,/workspace/cruci-classifier/results/grid_esm35m_corrected_20260614/fullCP/Green/eval/test_eval_results.csv
fullCP,Green,Cruci_CruV_503,1,0.509795,1,True,1,True,1,True,/workspace/cruci-classifier/results/grid_esm35m_corrected_20260614/fullCP/Green/eval/test_eval_results.csv
fullCP,Green,Cruci_CruV-947,1,0.78281367,1,True,1,True,1,True,/workspace/cruci-classifier/results/grid_esm35m_corrected_20260614/fullCP/Green/eval/test_eval_results.csv
fullCP,Green,Cruci_CruV-935,1,0.92849565,1,True,1,True,1,True,/workspace/cruci-classifier/results/grid_esm35m_corrected_20260614/fullCP/Green/eval/test_eval_results.csv
fullCP,Green,Cruci_CruV_529,1,0.6884387,1,True,1,True,1,True,/workspace/cruci-classifier/results/grid_esm35m_corrected_20260614/fullCP/Green/eval/test_eval_results.csv
fullCP,Green,Cruci_CruV-938,1,0.32904932,0,False,0,False,0,False,/workspace/cruci-classifier/results/grid_esm35m_corrected_20260614/fullCP/Green/eval/test_eval_results.csv
fullCP,Green,Cruci_CruV-968,1,0.23399144,0,False,0,False,0,False,/workspace/cruci-classifier/results/grid_esm35m_corrected_20260614/fullCP/Green/eval/test_eval_results.csv
fullCP,Green,Cruci_CruV-937,1,0.2872704,0,False,0,False,0,False,/workspace/cruci-classifier/results/grid_esm35m_corrected_20260614/fullCP/Green/eval/test_eval_results.csv
fullCP,Green,Cruci_CruV_514,1,0.79321456,1,True,1,True,1,True,/workspace/cruci-classifier/results/grid_esm35m_corrected_20260614/fullCP/Green/eval/test_eval_results.csv
fullCP,Green,Cruci_CruV-922,1,0.64229727,1,True,1,True,1,True,/workspace/cruci-classifier/results/grid_esm35m_corrected_20260614/fullCP/Green/eval/test_eval_results.csv
fullCP,Green,Cruci_CruV-957,1,0.17620285,0,False,0,False,0,False,/workspace/cruci-classifier/results/grid_esm35m_corrected_20260614/fullCP/Green/eval/test_eval_results.csv
fullCP,Green,Cruci_CruV_497,1,0.273642,0,False,0,False,0,False,/workspace/cruci-classifier/results/grid_esm35m_corrected_20260614/fullCP/Green/eval/test_eval_results.csv
fullCP,Green,Cruci_CruV-883,1,0.94196564,1,True,1,True,1,True,/workspace/cruci-classifier/results/grid_esm35m_corrected_20260614/fullCP/Green/eval/test_eval_results.csv
fullCP,Green,Cruci_CruV-884,1,0.94196564,1,True,1,True,1,True,/workspace/cruci-classifier/results/grid_esm35m_corrected_20260614/fullCP/Green/eval/test_eval_results.csv
fullCP,Green,Cruci_CruV-807,1,0.4394218,0,False,0,False,0,False,/workspace/cruci-classifier/results/grid_esm35m_corrected_20260614/fullCP/Green/eval/test_eval_results.csv
fullCP,Green,Cruci_CruV-943,1,0.53663427,1,True,1,True,1,True,/workspace/cruci-classifier/results/grid_esm35m_corrected_20260614/fullCP/Green/eval/test_eval_results.csv
fullCP,Green,Cruci_CruV-967,1,0.2407898,0,False,0,False,0,False,/workspace/cruci-classifier/results/grid_esm35m_corrected_20260614/fullCP/Green/eval/test_eval_results.csv
fullCP,Green,Cruci_CruV_522,1,0.31587407,0,False,0,False,0,False,/workspace/cruci-classifier/results/grid_esm35m_corrected_20260614/fullCP/Green/eval/test_eval_results.csv
fullCP,Green,Cruci_CruV_538,1,0.20659086,0,False,0,False,0,False,/workspace/cruci-classifier/results/grid_esm35m_corrected_20260614/fullCP/Green/eval/test_eval_results.csv
fullCP,Green,Cruci_CruV-760,1,0.25749242,0,False,0,False,0,False,/workspace/cruci-classifier/results/grid_esm35m_corrected_20260614/fullCP/Green/eval/test_eval_results.csv
fullCP,Green,Cruci_CruV_531,1,0.9268632,1,True,1,True,1,True,/workspace/cruci-classifier/results/grid_esm35m_corrected_20260614/fullCP/Green/eval/test_eval_results.csv
fullCP,Green,Cruci_CruV-932,1,0.5414214,1,True,1,True,1,True,/workspace/cruci-classifier/results/grid_esm35m_corrected_20260614/fullCP/Green/eval/test_eval_results.csv
fullCP,Green,Cruci_CruV-887,1,0.6670055,1,True,1,True,1,True,/workspace/cruci-classifier/results/grid_esm35m_corrected_20260614/fullCP/Green/eval/test_eval_results.csv
fullCP,Green,Cruci_CruV-888,1,0.6670055,1,True,1,True,1,True,/workspace/cruci-classifier/results/grid_esm35m_corrected_20260614/fullCP/Green/eval/test_eval_results.csv
fullCP,Green,Cruci_CruV-958,1,0.31688905,0,False,0,False,0,False,/workspace/cruci-classifier/results/grid_esm35m_corrected_20260614/fullCP/Green/eval/test_eval_results.csv
fullCP,Green,Cruci_CruV-915,1,0.8821118,1,True,1,True,1,True,/workspace/cruci-classifier/results/grid_esm35m_corrected_20260614/fullCP/Green/eval/test_eval_results.csv
fullCP,Green,Cruci_CruV-916,1,0.8821117,1,True,1,True,1,True,/workspace/cruci-classifier/results/grid_esm35m_corrected_20260614/fullCP/Green/eval/test_eval_results.csv
fullCP,Green,Cruci_CruV-970,1,0.31262758,0,False,0,False,0,False,/workspace/cruci-classifier/results/grid_esm35m_corrected_20260614/fullCP/Green/eval/test_eval_results.csv
fullCP,Green,Cruci_CruV_493,1,0.4299641,0,False,0,False,0,False,/workspace/cruci-classifier/results/grid_esm35m_corrected_20260614/fullCP/Green/eval/test_eval_results.csv
fullCP,Green,Cruci_CruV-899,1,0.41283047,0,False,0,False,0,False,/workspace/cruci-classifier/results/grid_esm35m_corrected_20260614/fullCP/Green/eval/test_eval_results.csv
fullCP,Green,Cruci_CruV_483,1,0.33860263,0,False,0,False,0,False,/workspace/cruci-classifier/results/grid_esm35m_corrected_20260614/fullCP/Green/eval/test_eval_results.csv
fullCP,Green,Cruci_CruV-972,1,0.49567854,0,False,0,False,0,False,/workspace/cruci-classifier/results/grid_esm35m_corrected_20260614/fullCP/Green/eval/test_eval_results.csv
fullCP,Green,Cruci_CruV_513,1,0.58530265,1,True,1,True,1,True,/workspace/cruci-classifier/results/grid_esm35m_corrected_20260614/fullCP/Green/eval/test_eval_results.csv
fullCP,Green,Cruci_CruV-945,1,0.31825712,0,False,0,False,0,False,/workspace/cruci-classifier/results/grid_esm35m_corrected_20260614/fullCP/Green/eval/test_eval_results.csv
fullCP,Green,Cruci_CruV_501,1,0.28856894,0,False,0,False,0,False,/workspace/cruci-classifier/results/grid_esm35m_corrected_20260614/fullCP/Green/eval/test_eval_results.csv
fullCP,Green,Cruci_CruV_509,1,0.28856894,0,False,0,False,0,False,/workspace/cruci-classifier/results/grid_esm35m_corrected_20260614/fullCP/Green/eval/test_eval_results.csv
fullCP,Green,Cruci_CruV-925,1,0.37808806,0,False,0,False,0,False,/workspace/cruci-classifier/results/grid_esm35m_corrected_20260614/fullCP/Green/eval/test_eval_results.csv
fullCP,Green,Cruci_CruV-834,1,0.19985338,0,False,0,False,0,False,/workspace/cruci-classifier/results/grid_esm35m_corrected_20260614/fullCP/Green/eval/test_eval_results.csv
fullCP,Green,Cruci_CruV-926,1,0.62486327,1,True,1,True,1,True,/workspace/cruci-classifier/results/grid_esm35m_corrected_20260614/fullCP/Green/eval/test_eval_results.csv
fullCP,Green,Cruci_CruV-931,1,0.24614806,0,False,0,False,0,False,/workspace/cruci-classifier/results/grid_esm35m_corrected_20260614/fullCP/Green/eval/test_eval_results.csv
fullCP,Green,Cruci_CruV_498,1,0.9410593,1,True,1,True,1,True,/workspace/cruci-classifier/results/grid_esm35m_corrected_20260614/fullCP/Green/eval/test_eval_results.csv
fullCP,Green,Cruci_CruV_381,1,0.91194934,1,True,1,True,1,True,/workspace/cruci-classifier/results/grid_esm35m_corrected_20260614/fullCP/Green/eval/test_eval_results.csv
fullCP,Green,Cruci_CruV-970,1,0.4553505,0,False,0,False,0,False,/workspace/cruci-classifier/results/grid_esm35m_corrected_20260614/fullCP/Green/eval/test_eval_results.csv
fullCP,Green,Cruci_CruV-814,1,0.7766522,1,True,1,True,1,True,/workspace/cruci-classifier/results/grid_esm35m_corrected_20260614/fullCP/Green/eval/test_eval_results.csv
fullCP,Green,Cruci_CruV-853,1,0.83282596,1,True,1,True,1,True,/workspace/cruci-classifier/results/grid_esm35m_corrected_20260614/fullCP/Green/eval/test_eval_results.csv
fullCP,Green,Cruci_CruV-933,1,0.4452,0,False,0,False,0,False,/workspace/cruci-classifier/results/grid_esm35m_corrected_20260614/fullCP/Green/eval/test_eval_results.csv
fullCP,Green,Cruci_CruV_430,1,0.53602415,1,True,1,True,1,True,/workspace/cruci-classifier/results/grid_esm35m_corrected_20260614/fullCP/Green/eval/test_eval_results.csv
fullCP,Green,Cruci_CruV_423,1,0.19202556,0,False,0,False,0,False,/workspace/cruci-classifier/results/grid_esm35m_corrected_20260614/fullCP/Green/eval/test_eval_results.csv
fullCP,Green,Cruci_CruV_399,1,0.21222399,0,False,0,False,0,False,/workspace/cruci-classifier/results/grid_esm35m_corrected_20260614/fullCP/Green/eval/test_eval_results.csv
fullCP,Green,Cruci_CruV_377,1,0.40598556,0,False,0,False,0,False,/workspace/cruci-classifier/results/grid_esm35m_corrected_20260614/fullCP/Green/eval/test_eval_results.csv
fullCP,Green,Cruci_CruV_435,1,0.3023077,0,False,0,False,0,False,/workspace/cruci-classifier/results/grid_esm35m_corrected_20260614/fullCP/Green/eval/test_eval_results.csv
fullCP,Green,Cruci_CruV_451,1,0.20137045,0,False,0,False,0,False,/workspace/cruci-classifier/results/grid_esm35m_corrected_20260614/fullCP/Green/eval/test_eval_results.csv
fullCP,Green,Cruci_CruV-972,1,0.48217353,0,False,0,False,0,False,/workspace/cruci-classifier/results/grid_esm35m_corrected_20260614/fullCP/Green/eval/test_eval_results.csv
fullCP,Green,Cruci_CruV-972,1,0.3510343,0,False,0,False,0,False,/workspace/cruci-classifier/results/grid_esm35m_corrected_20260614/fullCP/Green/eval/test_eval_results.csv
fullCP,Green,Cruci_CruV_464,1,0.28756672,0,False,0,False,0,False,/workspace/cruci-classifier/results/grid_esm35m_corrected_20260614/fullCP/Green/eval/test_eval_results.csv
fullCP,Green,Cruci_CruV_421,1,0.4687848,0,False,0,False,0,False,/workspace/cruci-classifier/results/grid_esm35m_corrected_20260614/fullCP/Green/eval/test_eval_results.csv
fullCP,Green,Cruci_CruV_452,1,0.21622065,0,False,0,False,0,False,/workspace/cruci-classifier/results/grid_esm35m_corrected_20260614/fullCP/Green/eval/test_eval_results.csv
fullCP,Green,Cruci_CruV_466,1,0.13097052,0,False,0,False,0,False,/workspace/cruci-classifier/results/grid_esm35m_corrected_20260614/fullCP/Green/eval/test_eval_results.csv
fullCP,Green,Cruci_CruV_539,1,0.25217614,0,False,0,False,0,False,/workspace/cruci-classifier/results/grid_esm35m_corrected_20260614/fullCP/Green/eval/test_eval_results.csv
fullCP,Green,Cruci_CruV-843,1,0.96099657,1,True,1,True,1,True,/workspace/cruci-classifier/results/grid_esm35m_corrected_20260614/fullCP/Green/eval/test_eval_results.csv
fullCP,Green,Cruci_Mire_OM154315,1,0.9910157,1,True,1,True,1,True,/workspace/cruci-classifier/results/grid_esm35m_corrected_20260614/fullCP/Green/eval/test_eval_results.csv
fullCP,Green,Cruci_CruV-949,1,0.93811053,1,True,1,True,1,True,/workspace/cruci-classifier/results/grid_esm35m_corrected_20260614/fullCP/Green/eval/test_eval_results.csv
fullCP,Green,Cruci_CruV_385,1,0.6631819,1,True,1,True,1,True,/workspace/cruci-classifier/results/grid_esm35m_corrected_20260614/fullCP/Green/eval/test_eval_results.csv
fullCP,Green,Cruci_CruV-960,1,0.44284907,0,False,0,False,0,False,/workspace/cruci-classifier/results/grid_esm35m_corrected_20260614/fullCP/Green/eval/test_eval_results.csv
fullCP,Green,Ribo_ND_018898,0,0.13081701,0,True,0,True,0,True,/workspace/cruci-classifier/results/grid_esm35m_corrected_20260614/fullCP/Green/eval/test_eval_results.csv
fullCP,Green,Ribo_ND_019002,0,0.09943078,0,True,0,True,0,True,/workspace/cruci-classifier/results/grid_esm35m_corrected_20260614/fullCP/Green/eval/test_eval_results.csv
fullCP,Green,Ribo_ND_019368,0,0.05153188,0,True,0,True,0,True,/workspace/cruci-classifier/results/grid_esm35m_corrected_20260614/fullCP/Green/eval/test_eval_results.csv
fullCP,Green,Ribo_ND_024645,0,0.23082165,0,True,0,True,0,True,/workspace/cruci-classifier/results/grid_esm35m_corrected_20260614/fullCP/Green/eval/test_eval_results.csv
fullCP,Green,Ribo_ND_229813,0,0.12767276,0,True,0,True,0,True,/workspace/cruci-classifier/results/grid_esm35m_corrected_20260614/fullCP/Green/eval/test_eval_results.csv
fullCP,Green,Ribo_ND_325601,0,0.27285272,0,True,0,True,0,True,/workspace/cruci-classifier/results/grid_esm35m_corrected_20260614/fullCP/Green/eval/test_eval_results.csv
fullCP,Green,Ribo_ND_056260,0,0.4865225,0,True,0,True,0,True,/workspace/cruci-classifier/results/grid_esm35m_corrected_20260614/fullCP/Green/eval/test_eval_results.csv
fullCP,Green,Ribo_ND_343811,0,0.06136745,0,True,0,True,0,True,/workspace/cruci-classifier/results/grid_esm35m_corrected_20260614/fullCP/Green/eval/test_eval_results.csv
fullCP,Green,Ribo_JAAOEH010001851.1,0,0.30936867,0,True,0,True,0,True,/workspace/cruci-classifier/results/grid_esm35m_corrected_20260614/fullCP/Green/eval/test_eval_results.csv
fullCP,Green,Ribo_ND_095983,0,0.70117366,1,False,1,False,1,False,/workspace/cruci-classifier/results/grid_esm35m_corrected_20260614/fullCP/Green/eval/test_eval_results.csv
fullCP,Green,Ribo_ND_347441,0,0.2620595,0,True,0,True,0,True,/workspace/cruci-classifier/results/grid_esm35m_corrected_20260614/fullCP/Green/eval/test_eval_results.csv
fullCP,Green,Ribo_ND_164838,0,0.08550298,0,True,0,True,0,True,/workspace/cruci-classifier/results/grid_esm35m_corrected_20260614/fullCP/Green/eval/test_eval_results.csv
fullCP,Green,Ribo_ND_227326,0,0.6998847,1,False,1,False,1,False,/workspace/cruci-classifier/results/grid_esm35m_corrected_20260614/fullCP/Green/eval/test_eval_results.csv
fullCP,Green,Ribo_ND_386714,0,0.3064551,0,True,0,True,0,True,/workspace/cruci-classifier/results/grid_esm35m_corrected_20260614/fullCP/Green/eval/test_eval_results.csv
fullCP,Green,Ribo_ND_284218,0,0.18043396,0,True,0,True,0,True,/workspace/cruci-classifier/results/grid_esm35m_corrected_20260614/fullCP/Green/eval/test_eval_results.csv
fullCP,Green,Ribo_ND_105225,0,0.56925654,1,False,1,False,1,False,/workspace/cruci-classifier/results/grid_esm35m_corrected_20260614/fullCP/Green/eval/test_eval_results.csv
fullCP,Green,Ribo_ND_056123,0,0.68759847,1,False,1,False,1,False,/workspace/cruci-classifier/results/grid_esm35m_corrected_20260614/fullCP/Green/eval/test_eval_results.csv
fullCP,Green,Ribo_ND_380970,0,0.6992754,1,False,1,False,1,False,/workspace/cruci-classifier/results/grid_esm35m_corrected_20260614/fullCP/Green/eval/test_eval_results.csv
fullCP,Green,Ribo_ND_043423,0,0.28697354,0,True,0,True,0,True,/workspace/cruci-classifier/results/grid_esm35m_corrected_20260614/fullCP/Green/eval/test_eval_results.csv
fullCP,Green,Ribo_ND_366312,0,0.20572284,0,True,0,True,0,True,/workspace/cruci-classifier/results/grid_esm35m_corrected_20260614/fullCP/Green/eval/test_eval_results.csv
fullCP,Green,Ribo_ND_043569,0,0.08694105,0,True,0,True,0,True,/workspace/cruci-classifier/results/grid_esm35m_corrected_20260614/fullCP/Green/eval/test_eval_results.csv
fullCP,Green,Ribo_ND_339599,0,0.36135265,0,True,0,True,0,True,/workspace/cruci-classifier/results/grid_esm35m_corrected_20260614/fullCP/Green/eval/test_eval_results.csv
fullCP,Green,Ribo_ND_294842,0,0.5997181,1,False,1,False,1,False,/workspace/cruci-classifier/results/grid_esm35m_corrected_20260614/fullCP/Green/eval/test_eval_results.csv
fullCP,Green,Ribo_ND_058974,0,0.2784214,0,True,0,True,0,True,/workspace/cruci-classifier/results/grid_esm35m_corrected_20260614/fullCP/Green/eval/test_eval_results.csv
fullCP,Green,Ribo_ND_166797,0,0.12226167,0,True,0,True,0,True,/workspace/cruci-classifier/results/grid_esm35m_corrected_20260614/fullCP/Green/eval/test_eval_results.csv
fullCP,Green,Ribo_ND_179269,0,0.5520338,1,False,1,False,1,False,/workspace/cruci-classifier/results/grid_esm35m_corrected_20260614/fullCP/Green/eval/test_eval_results.csv
fullCP,Green,Ribo_ND_035541,0,0.11576421,0,True,0,True,0,True,/workspace/cruci-classifier/results/grid_esm35m_corrected_20260614/fullCP/Green/eval/test_eval_results.csv
fullCP,Green,Ribo_ND_129947,0,0.47049743,0,True,0,True,0,True,/workspace/cruci-classifier/results/grid_esm35m_corrected_20260614/fullCP/Green/eval/test_eval_results.csv
fullCP,Green,Ribo_ND_028274,0,0.08287358,0,True,0,True,0,True,/workspace/cruci-classifier/results/grid_esm35m_corrected_20260614/fullCP/Green/eval/test_eval_results.csv
fullCP,Green,Ribo_ND_049856,0,0.68605125,1,False,1,False,1,False,/workspace/cruci-classifier/results/grid_esm35m_corrected_20260614/fullCP/Green/eval/test_eval_results.csv
fullCP,Green,Ribo_ND_350470,0,0.1631822,0,True,0,True,0,True,/workspace/cruci-classifier/results/grid_esm35m_corrected_20260614/fullCP/Green/eval/test_eval_results.csv
fullCP,Green,Ribo_ND_103289,0,0.13915454,0,True,0,True,0,True,/workspace/cruci-classifier/results/grid_esm35m_corrected_20260614/fullCP/Green/eval/test_eval_results.csv
fullCP,Green,Ribo_ND_327463,0,0.14060704,0,True,0,True,0,True,/workspace/cruci-classifier/results/grid_esm35m_corrected_20260614/fullCP/Green/eval/test_eval_results.csv
fullCP,Green,Ribo_ND_379577,0,0.109763466,0,True,0,True,0,True,/workspace/cruci-classifier/results/grid_esm35m_corrected_20260614/fullCP/Green/eval/test_eval_results.csv
fullCP,Green,Ribo_ND_114938,0,0.18544933,0,True,0,True,0,True,/workspace/cruci-classifier/results/grid_esm35m_corrected_20260614/fullCP/Green/eval/test_eval_results.csv
fullCP,Green,Ribo_ND_138928,0,0.16473629,0,True,0,True,0,True,/workspace/cruci-classifier/results/grid_esm35m_corrected_20260614/fullCP/Green/eval/test_eval_results.csv
fullCP,Green,Ribo_ND_382437,0,0.3759565,0,True,0,True,0,True,/workspace/cruci-classifier/results/grid_esm35m_corrected_20260614/fullCP/Green/eval/test_eval_results.csv
fullCP,Green,Ribo_ND_276201,0,0.24503423,0,True,0,True,0,True,/workspace/cruci-classifier/results/grid_esm35m_corrected_20260614/fullCP/Green/eval/test_eval_results.csv
fullCP,Green,Ribo_ND_278789,0,0.22257131,0,True,0,True,0,True,/workspace/cruci-classifier/results/grid_esm35m_corrected_20260614/fullCP/Green/eval/test_eval_results.csv
fullCP,Green,Ribo_ND_251186,0,0.23591582,0,True,0,True,0,True,/workspace/cruci-classifier/results/grid_esm35m_corrected_20260614/fullCP/Green/eval/test_eval_results.csv
fullCP,Green,Ribo_ND_133460,0,0.0835368,0,True,0,True,0,True,/workspace/cruci-classifier/results/grid_esm35m_corrected_20260614/fullCP/Green/eval/test_eval_results.csv
fullCP,Green,Ribo_ND_170511,0,0.10366494,0,True,0,True,0,True,/workspace/cruci-classifier/results/grid_esm35m_corrected_20260614/fullCP/Green/eval/test_eval_results.csv
fullCP,Green,Ribo_ND_066836,0,0.2592754,0,True,0,True,0,True,/workspace/cruci-classifier/results/grid_esm35m_corrected_20260614/fullCP/Green/eval/test_eval_results.csv
fullCP,Green,Ribo_ND_291700,0,0.5585383,1,False,1,False,1,False,/workspace/cruci-classifier/results/grid_esm35m_corrected_20260614/fullCP/Green/eval/test_eval_results.csv
fullCP,Green,Ribo_ND_387582,0,0.32380182,0,True,0,True,0,True,/workspace/cruci-classifier/results/grid_esm35m_corrected_20260614/fullCP/Green/eval/test_eval_results.csv
fullCP,Green,Ribo_ND_088082,0,0.22505236,0,True,0,True,0,True,/workspace/cruci-classifier/results/grid_esm35m_corrected_20260614/fullCP/Green/eval/test_eval_results.csv
fullCP,Green,Ribo_ND_177732,0,0.33234543,0,True,0,True,0,True,/workspace/cruci-classifier/results/grid_esm35m_corrected_20260614/fullCP/Green/eval/test_eval_results.csv
fullCP,Green,Ribo_JAAOEH010001482.1,0,0.2001016,0,True,0,True,0,True,/workspace/cruci-classifier/results/grid_esm35m_corrected_20260614/fullCP/Green/eval/test_eval_results.csv
fullCP,Green,Ribo_ND_365659,0,0.1317036,0,True,0,True,0,True,/workspace/cruci-classifier/results/grid_esm35m_corrected_20260614/fullCP/Green/eval/test_eval_results.csv
fullCP,Green,Ribo_ND_028760,0,0.1738883,0,True,0,True,0,True,/workspace/cruci-classifier/results/grid_esm35m_corrected_20260614/fullCP/Green/eval/test_eval_results.csv
fullCP,Green,Ribo_ND_391455,0,0.54441136,1,False,1,False,1,False,/workspace/cruci-classifier/results/grid_esm35m_corrected_20260614/fullCP/Green/eval/test_eval_results.csv
fullCP,Green,Ribo_ND_343394,0,0.21588518,0,True,0,True,0,True,/workspace/cruci-classifier/results/grid_esm35m_corrected_20260614/fullCP/Green/eval/test_eval_results.csv
fullCP,Green,Ribo_ND_146224,0,0.21640216,0,True,0,True,0,True,/workspace/cruci-classifier/results/grid_esm35m_corrected_20260614/fullCP/Green/eval/test_eval_results.csv
fullCP,Green,Ribo_ND_086097,0,0.11172353,0,True,0,True,0,True,/workspace/cruci-classifier/results/grid_esm35m_corrected_20260614/fullCP/Green/eval/test_eval_results.csv
fullCP,Green,Ribo_ND_230736,0,0.14873448,0,True,0,True,0,True,/workspace/cruci-classifier/results/grid_esm35m_corrected_20260614/fullCP/Green/eval/test_eval_results.csv
fullCP,Green,Ribo_ND_345468,0,0.26923686,0,True,0,True,0,True,/workspace/cruci-classifier/results/grid_esm35m_corrected_20260614/fullCP/Green/eval/test_eval_results.csv
fullCP,Green,Ribo_ND_134820,0,0.3576876,0,True,0,True,0,True,/workspace/cruci-classifier/results/grid_esm35m_corrected_20260614/fullCP/Green/eval/test_eval_results.csv
fullCP,Green,Ribo_ND_387994,0,0.3023288,0,True,0,True,0,True,/workspace/cruci-classifier/results/grid_esm35m_corrected_20260614/fullCP/Green/eval/test_eval_results.csv
fullCP,Green,Ribo_ND_299966,0,0.6376358,1,False,1,False,1,False,/workspace/cruci-classifier/results/grid_esm35m_corrected_20260614/fullCP/Green/eval/test_eval_results.csv
fullCP,Green,Ribo_ND_195569,0,0.086102664,0,True,0,True,0,True,/workspace/cruci-classifier/results/grid_esm35m_corrected_20260614/fullCP/Green/eval/test_eval_results.csv
fullCP,Green,Ribo_ND_018979,0,0.0633793,0,True,0,True,0,True,/workspace/cruci-classifier/results/grid_esm35m_corrected_20260614/fullCP/Green/eval/test_eval_results.csv
fullCP,Green,Ribo_ND_382385,0,0.30130398,0,True,0,True,0,True,/workspace/cruci-classifier/results/grid_esm35m_corrected_20260614/fullCP/Green/eval/test_eval_results.csv
fullCP,Green,Ribo_ND_290964,0,0.20012715,0,True,0,True,0,True,/workspace/cruci-classifier/results/grid_esm35m_corrected_20260614/fullCP/Green/eval/test_eval_results.csv
fullCP,Green,Ribo_ND_026643,0,0.34155098,0,True,0,True,0,True,/workspace/cruci-classifier/results/grid_esm35m_corrected_20260614/fullCP/Green/eval/test_eval_results.csv
fullCP,Green,Ribo_ND_066936,0,0.20708205,0,True,0,True,0,True,/workspace/cruci-classifier/results/grid_esm35m_corrected_20260614/fullCP/Green/eval/test_eval_results.csv
fullCP,Green,Ribo_ND_057454,0,0.31274894,0,True,0,True,0,True,/workspace/cruci-classifier/results/grid_esm35m_corrected_20260614/fullCP/Green/eval/test_eval_results.csv
fullCP,Green,Ribo_ND_175769,0,0.0788188,0,True,0,True,0,True,/workspace/cruci-classifier/results/grid_esm35m_corrected_20260614/fullCP/Green/eval/test_eval_results.csv
fullCP,Green,Ribo_ND_057098,0,0.36319578,0,True,0,True,0,True,/workspace/cruci-classifier/results/grid_esm35m_corrected_20260614/fullCP/Green/eval/test_eval_results.csv
fullCP,Green,Ribo_ND_093545,0,0.60698634,1,False,1,False,1,False,/workspace/cruci-classifier/results/grid_esm35m_corrected_20260614/fullCP/Green/eval/test_eval_results.csv
fullCP,Green,Ribo_ND_045405,0,0.3693673,0,True,0,True,0,True,/workspace/cruci-classifier/results/grid_esm35m_corrected_20260614/fullCP/Green/eval/test_eval_results.csv
fullCP,Green,Ribo_ND_043886,0,0.41484207,0,True,0,True,0,True,/workspace/cruci-classifier/results/grid_esm35m_corrected_20260614/fullCP/Green/eval/test_eval_results.csv
fullCP,Green,Ribo_ND_044426,0,0.16556008,0,True,0,True,0,True,/workspace/cruci-classifier/results/grid_esm35m_corrected_20260614/fullCP/Green/eval/test_eval_results.csv
fullCP,Green,Ribo_ND_025469,0,0.2658461,0,True,0,True,0,True,/workspace/cruci-classifier/results/grid_esm35m_corrected_20260614/fullCP/Green/eval/test_eval_results.csv
fullCP,Green,Ribo_ND_345044,0,0.08661681,0,True,0,True,0,True,/workspace/cruci-classifier/results/grid_esm35m_corrected_20260614/fullCP/Green/eval/test_eval_results.csv
fullCP,Green,Ribo_ND_290971,0,0.40616685,0,True,0,True,0,True,/workspace/cruci-classifier/results/grid_esm35m_corrected_20260614/fullCP/Green/eval/test_eval_results.csv
fullCP,Green,Ribo_ND_056137,0,0.37977463,0,True,0,True,0,True,/workspace/cruci-classifier/results/grid_esm35m_corrected_20260614/fullCP/Green/eval/test_eval_results.csv
fullCP,Green,Ribo_ND_184639,0,0.33504346,0,True,0,True,0,True,/workspace/cruci-classifier/results/grid_esm35m_corrected_20260614/fullCP/Green/eval/test_eval_results.csv
fullCP,Green,Ribo_ND_281961,0,0.2029679,0,True,0,True,0,True,/workspace/cruci-classifier/results/grid_esm35m_corrected_20260614/fullCP/Green/eval/test_eval_results.csv
fullCP,Green,Ribo_ND_333280,0,0.4222753,0,True,0,True,0,True,/workspace/cruci-classifier/results/grid_esm35m_corrected_20260614/fullCP/Green/eval/test_eval_results.csv
fullCP,Green,Ribo_ND_018983,0,0.14466201,0,True,0,True,0,True,/workspace/cruci-classifier/results/grid_esm35m_corrected_20260614/fullCP/Green/eval/test_eval_results.csv
fullCP,Green,Ribo_ND_041978,0,0.07639645,0,True,0,True,0,True,/workspace/cruci-classifier/results/grid_esm35m_corrected_20260614/fullCP/Green/eval/test_eval_results.csv
fullCP,Green,Ribo_ND_075631,0,0.13038066,0,True,0,True,0,True,/workspace/cruci-classifier/results/grid_esm35m_corrected_20260614/fullCP/Green/eval/test_eval_results.csv
fullCP,Green,Ribo_ND_156954,0,0.3610999,0,True,0,True,0,True,/workspace/cruci-classifier/results/grid_esm35m_corrected_20260614/fullCP/Green/eval/test_eval_results.csv
fullCP,Green,Ribo_ND_236420,0,0.16037105,0,True,0,True,0,True,/workspace/cruci-classifier/results/grid_esm35m_corrected_20260614/fullCP/Green/eval/test_eval_results.csv
fullCP,Green,Ribo_ND_358846,0,0.16580985,0,True,0,True,0,True,/workspace/cruci-classifier/results/grid_esm35m_corrected_20260614/fullCP/Green/eval/test_eval_results.csv
fullCP,Green,Ribo_JAAOEH010001875.1,0,0.26142955,0,True,0,True,0,True,/workspace/cruci-classifier/results/grid_esm35m_corrected_20260614/fullCP/Green/eval/test_eval_results.csv
fullCP,Green,Ribo_ND_087436,0,0.25324202,0,True,0,True,0,True,/workspace/cruci-classifier/results/grid_esm35m_corrected_20260614/fullCP/Green/eval/test_eval_results.csv
fullCP,Green,Ribo_ND_152036,0,0.14177911,0,True,0,True,0,True,/workspace/cruci-classifier/results/grid_esm35m_corrected_20260614/fullCP/Green/eval/test_eval_results.csv
fullCP,Green,Ribo_ND_026429,0,0.08457904,0,True,0,True,0,True,/workspace/cruci-classifier/results/grid_esm35m_corrected_20260614/fullCP/Green/eval/test_eval_results.csv
fullCP,Green,Ribo_ND_184895,0,0.5918494,1,False,1,False,1,False,/workspace/cruci-classifier/results/grid_esm35m_corrected_20260614/fullCP/Green/eval/test_eval_results.csv
fullCP,Green,Ribo_ND_251071,0,0.2541776,0,True,0,True,0,True,/workspace/cruci-classifier/results/grid_esm35m_corrected_20260614/fullCP/Green/eval/test_eval_results.csv
fullCP,Green,Ribo_ND_064866,0,0.06687776,0,True,0,True,0,True,/workspace/cruci-classifier/results/grid_esm35m_corrected_20260614/fullCP/Green/eval/test_eval_results.csv
fullCP,Green,Ribo_ND_094822,0,0.36663356,0,True,0,True,0,True,/workspace/cruci-classifier/results/grid_esm35m_corrected_20260614/fullCP/Green/eval/test_eval_results.csv
fullCP,Green,Ribo_ND_327002,0,0.11435224,0,True,0,True,0,True,/workspace/cruci-classifier/results/grid_esm35m_corrected_20260614/fullCP/Green/eval/test_eval_results.csv
fullCP,Green,Ribo_ND_290214,0,0.26659635,0,True,0,True,0,True,/workspace/cruci-classifier/results/grid_esm35m_corrected_20260614/fullCP/Green/eval/test_eval_results.csv
fullCP,Green,Ribo_ND_390177,0,0.27870303,0,True,0,True,0,True,/workspace/cruci-classifier/results/grid_esm35m_corrected_20260614/fullCP/Green/eval/test_eval_results.csv
fullCP,Green,Ribo_ND_107344,0,0.03920123,0,True,0,True,0,True,/workspace/cruci-classifier/results/grid_esm35m_corrected_20260614/fullCP/Green/eval/test_eval_results.csv
fullCP,Green,Ribo_ND_288214,0,0.62965536,1,False,1,False,1,False,/workspace/cruci-classifier/results/grid_esm35m_corrected_20260614/fullCP/Green/eval/test_eval_results.csv
fullCP,Green,Ribo_ND_281976,0,0.14427803,0,True,0,True,0,True,/workspace/cruci-classifier/results/grid_esm35m_corrected_20260614/fullCP/Green/eval/test_eval_results.csv
fullCP,Green,Ribo_ND_295394,0,0.2872628,0,True,0,True,0,True,/workspace/cruci-classifier/results/grid_esm35m_corrected_20260614/fullCP/Green/eval/test_eval_results.csv
fullCP,Green,Ribo_ND_166578,0,0.18345946,0,True,0,True,0,True,/workspace/cruci-classifier/results/grid_esm35m_corrected_20260614/fullCP/Green/eval/test_eval_results.csv
fullCP,Green,Ribo_ND_169363,0,0.7360355,1,False,1,False,1,False,/workspace/cruci-classifier/results/grid_esm35m_corrected_20260614/fullCP/Green/eval/test_eval_results.csv
fullCP,Green,Ribo_ND_066589,0,0.18984611,0,True,0,True,0,True,/workspace/cruci-classifier/results/grid_esm35m_corrected_20260614/fullCP/Green/eval/test_eval_results.csv
fullCP,Green,Ribo_ND_025153,0,0.05392562,0,True,0,True,0,True,/workspace/cruci-classifier/results/grid_esm35m_corrected_20260614/fullCP/Green/eval/test_eval_results.csv
fullCP,Green,Ribo_ND_131407,0,0.43913418,0,True,0,True,0,True,/workspace/cruci-classifier/results/grid_esm35m_corrected_20260614/fullCP/Green/eval/test_eval_results.csv
fullCP,Green,Ribo_ND_249733,0,0.70645297,1,False,1,False,1,False,/workspace/cruci-classifier/results/grid_esm35m_corrected_20260614/fullCP/Green/eval/test_eval_results.csv
fullCP,Green,Ribo_ND_363858,0,0.37250245,0,True,0,True,0,True,/workspace/cruci-classifier/results/grid_esm35m_corrected_20260614/fullCP/Green/eval/test_eval_results.csv
fullCP,Green,Ribo_ND_188050,0,0.21595135,0,True,0,True,0,True,/workspace/cruci-classifier/results/grid_esm35m_corrected_20260614/fullCP/Green/eval/test_eval_results.csv
fullCP,Green,Ribo_ND_385927,0,0.29135323,0,True,0,True,0,True,/workspace/cruci-classifier/results/grid_esm35m_corrected_20260614/fullCP/Green/eval/test_eval_results.csv
fullCP,Green,Ribo_ND_209726,0,0.19071954,0,True,0,True,0,True,/workspace/cruci-classifier/results/grid_esm35m_corrected_20260614/fullCP/Green/eval/test_eval_results.csv
fullCP,Green,Ribo_ND_124466,0,0.18197957,0,True,0,True,0,True,/workspace/cruci-classifier/results/grid_esm35m_corrected_20260614/fullCP/Green/eval/test_eval_results.csv
fullCP,Green,Ribo_ND_030535,0,0.13316771,0,True,0,True,0,True,/workspace/cruci-classifier/results/grid_esm35m_corrected_20260614/fullCP/Green/eval/test_eval_results.csv
fullCP,Green,Ribo_ND_365622,0,0.39235222,0,True,0,True,0,True,/workspace/cruci-classifier/results/grid_esm35m_corrected_20260614/fullCP/Green/eval/test_eval_results.csv
fullCP,Green,Ribo_ND_024437,0,0.12953669,0,True,0,True,0,True,/workspace/cruci-classifier/results/grid_esm35m_corrected_20260614/fullCP/Green/eval/test_eval_results.csv
fullCP,Green,Ribo_ND_097677,0,0.16067672,0,True,0,True,0,True,/workspace/cruci-classifier/results/grid_esm35m_corrected_20260614/fullCP/Green/eval/test_eval_results.csv
fullCP,Green,Ribo_ND_100038,0,0.69904125,1,False,1,False,1,False,/workspace/cruci-classifier/results/grid_esm35m_corrected_20260614/fullCP/Green/eval/test_eval_results.csv
fullCP,Green,Ribo_ND_051634,0,0.15221107,0,True,0,True,0,True,/workspace/cruci-classifier/results/grid_esm35m_corrected_20260614/fullCP/Green/eval/test_eval_results.csv
fullCP,Green,Ribo_ND_385286,0,0.61526436,1,False,1,False,1,False,/workspace/cruci-classifier/results/grid_esm35m_corrected_20260614/fullCP/Green/eval/test_eval_results.csv
fullCP,Green,Ribo_ND_156763,0,0.52291214,1,False,1,False,1,False,/workspace/cruci-classifier/results/grid_esm35m_corrected_20260614/fullCP/Green/eval/test_eval_results.csv
fullCP,Green,Ribo_ND_174691,0,0.14060925,0,True,0,True,0,True,/workspace/cruci-classifier/results/grid_esm35m_corrected_20260614/fullCP/Green/eval/test_eval_results.csv
fullCP,Green,Ribo_ND_386284,0,0.14890428,0,True,0,True,0,True,/workspace/cruci-classifier/results/grid_esm35m_corrected_20260614/fullCP/Green/eval/test_eval_results.csv
fullCP,Green,Ribo_ND_134196,0,0.32396647,0,True,0,True,0,True,/workspace/cruci-classifier/results/grid_esm35m_corrected_20260614/fullCP/Green/eval/test_eval_results.csv
fullCP,Green,Ribo_ND_379850,0,0.69834346,1,False,1,False,1,False,/workspace/cruci-classifier/results/grid_esm35m_corrected_20260614/fullCP/Green/eval/test_eval_results.csv
fullCP,Green,Ribo_ND_284204,0,0.21096317,0,True,0,True,0,True,/workspace/cruci-classifier/results/grid_esm35m_corrected_20260614/fullCP/Green/eval/test_eval_results.csv
fullCP,Green,Ribo_ND_087862,0,0.2695386,0,True,0,True,0,True,/workspace/cruci-classifier/results/grid_esm35m_corrected_20260614/fullCP/Green/eval/test_eval_results.csv
fullCP,Green,Ribo_ND_388731,0,0.24845389,0,True,0,True,0,True,/workspace/cruci-classifier/results/grid_esm35m_corrected_20260614/fullCP/Green/eval/test_eval_results.csv
fullCP,Green,Ribo_ND_390432,0,0.1957636,0,True,0,True,0,True,/workspace/cruci-classifier/results/grid_esm35m_corrected_20260614/fullCP/Green/eval/test_eval_results.csv
fullCP,Green,Ribo_ND_390654,0,0.58941627,1,False,1,False,1,False,/workspace/cruci-classifier/results/grid_esm35m_corrected_20260614/fullCP/Green/eval/test_eval_results.csv
fullCP,Green,Ribo_ND_300927,0,0.23684728,0,True,0,True,0,True,/workspace/cruci-classifier/results/grid_esm35m_corrected_20260614/fullCP/Green/eval/test_eval_results.csv
fullCP,Green,Ribo_ND_172611,0,0.345049,0,True,0,True,0,True,/workspace/cruci-classifier/results/grid_esm35m_corrected_20260614/fullCP/Green/eval/test_eval_results.csv
fullCP,Green,Ribo_ND_385876,0,0.08987234,0,True,0,True,0,True,/workspace/cruci-classifier/results/grid_esm35m_corrected_20260614/fullCP/Green/eval/test_eval_results.csv
fullCP,Green,Ribo_ND_130292,0,0.26960886,0,True,0,True,0,True,/workspace/cruci-classifier/results/grid_esm35m_corrected_20260614/fullCP/Green/eval/test_eval_results.csv
fullCP,Green,Ribo_ND_383206,0,0.5005604,1,False,1,False,1,False,/workspace/cruci-classifier/results/grid_esm35m_corrected_20260614/fullCP/Green/eval/test_eval_results.csv
fullCP,Green,Ribo_ND_387689,0,0.05886109,0,True,0,True,0,True,/workspace/cruci-classifier/results/grid_esm35m_corrected_20260614/fullCP/Green/eval/test_eval_results.csv
fullCP,Green,Ribo_ND_041617,0,0.19833651,0,True,0,True,0,True,/workspace/cruci-classifier/results/grid_esm35m_corrected_20260614/fullCP/Green/eval/test_eval_results.csv
fullCP,Green,Ribo_Ga0127507_1003872,0,0.41083395,0,True,0,True,0,True,/workspace/cruci-classifier/results/grid_esm35m_corrected_20260614/fullCP/Green/eval/test_eval_results.csv
fullCP,Green,Ribo_ND_382127,0,0.34268323,0,True,0,True,0,True,/workspace/cruci-classifier/results/grid_esm35m_corrected_20260614/fullCP/Green/eval/test_eval_results.csv
fullCP,Green,Ribo_ND_185431,0,0.05978677,0,True,0,True,0,True,/workspace/cruci-classifier/results/grid_esm35m_corrected_20260614/fullCP/Green/eval/test_eval_results.csv
fullCP,Green,Ribo_ND_126777,0,0.64658177,1,False,1,False,1,False,/workspace/cruci-classifier/results/grid_esm35m_corrected_20260614/fullCP/Green/eval/test_eval_results.csv
fullCP,Green,Ribo_ND_057440,0,0.30144703,0,True,0,True,0,True,/workspace/cruci-classifier/results/grid_esm35m_corrected_20260614/fullCP/Green/eval/test_eval_results.csv
fullCP,Green,Ribo_ND_081504,0,0.743231,1,False,1,False,1,False,/workspace/cruci-classifier/results/grid_esm35m_corrected_20260614/fullCP/Green/eval/test_eval_results.csv
fullCP,Green,Ribo_ND_141237,0,0.20968473,0,True,0,True,0,True,/workspace/cruci-classifier/results/grid_esm35m_corrected_20260614/fullCP/Green/eval/test_eval_results.csv
fullCP,Green,Ribo_ND_056534,0,0.3139766,0,True,0,True,0,True,/workspace/cruci-classifier/results/grid_esm35m_corrected_20260614/fullCP/Green/eval/test_eval_results.csv
fullCP,Green,Ribo_ND_096062,0,0.34901726,0,True,0,True,0,True,/workspace/cruci-classifier/results/grid_esm35m_corrected_20260614/fullCP/Green/eval/test_eval_results.csv
fullCP,Green,Ribo_ND_054423,0,0.708361,1,False,1,False,1,False,/workspace/cruci-classifier/results/grid_esm35m_corrected_20260614/fullCP/Green/eval/test_eval_results.csv
fullCP,Green,Ribo_ND_044943,0,0.12333426,0,True,0,True,0,True,/workspace/cruci-classifier/results/grid_esm35m_corrected_20260614/fullCP/Green/eval/test_eval_results.csv
fullCP,Green,Ribo_ND_112030,0,0.16200182,0,True,0,True,0,True,/workspace/cruci-classifier/results/grid_esm35m_corrected_20260614/fullCP/Green/eval/test_eval_results.csv
fullCP,Green,Ribo_ND_093165,0,0.43237725,0,True,0,True,0,True,/workspace/cruci-classifier/results/grid_esm35m_corrected_20260614/fullCP/Green/eval/test_eval_results.csv
fullCP,Green,Ribo_ND_293168,0,0.14579645,0,True,0,True,0,True,/workspace/cruci-classifier/results/grid_esm35m_corrected_20260614/fullCP/Green/eval/test_eval_results.csv
fullCP,Green,Ribo_ND_151495,0,0.10506684,0,True,0,True,0,True,/workspace/cruci-classifier/results/grid_esm35m_corrected_20260614/fullCP/Green/eval/test_eval_results.csv
fullCP,Green,Ribo_ND_028737,0,0.15194818,0,True,0,True,0,True,/workspace/cruci-classifier/results/grid_esm35m_corrected_20260614/fullCP/Green/eval/test_eval_results.csv
fullCP,Green,Ribo_ND_363188,0,0.59562147,1,False,1,False,1,False,/workspace/cruci-classifier/results/grid_esm35m_corrected_20260614/fullCP/Green/eval/test_eval_results.csv
fullCP,Green,Ribo_ND_210078,0,0.36058962,0,True,0,True,0,True,/workspace/cruci-classifier/results/grid_esm35m_corrected_20260614/fullCP/Green/eval/test_eval_results.csv
fullCP,Green,Ribo_ND_391025,0,0.39170754,0,True,0,True,0,True,/workspace/cruci-classifier/results/grid_esm35m_corrected_20260614/fullCP/Green/eval/test_eval_results.csv
fullCP,Green,Ribo_ND_327282,0,0.29596576,0,True,0,True,0,True,/workspace/cruci-classifier/results/grid_esm35m_corrected_20260614/fullCP/Green/eval/test_eval_results.csv
fullCP,Green,Ribo_ND_187630,0,0.09249155,0,True,0,True,0,True,/workspace/cruci-classifier/results/grid_esm35m_corrected_20260614/fullCP/Green/eval/test_eval_results.csv
fullCP,Green,Ribo_ND_101784,0,0.6681357,1,False,1,False,1,False,/workspace/cruci-classifier/results/grid_esm35m_corrected_20260614/fullCP/Green/eval/test_eval_results.csv
fullCP,Green,Ribo_ND_095482,0,0.30687287,0,True,0,True,0,True,/workspace/cruci-classifier/results/grid_esm35m_corrected_20260614/fullCP/Green/eval/test_eval_results.csv
fullCP,Green,Ribo_ND_092948,0,0.3570794,0,True,0,True,0,True,/workspace/cruci-classifier/results/grid_esm35m_corrected_20260614/fullCP/Green/eval/test_eval_results.csv
fullCP,Green,Ribo_NC_032884,0,0.21814023,0,True,0,True,0,True,/workspace/cruci-classifier/results/grid_esm35m_corrected_20260614/fullCP/Green/eval/test_eval_results.csv
fullCP,Green,Ribo_ND_365732,0,0.13284564,0,True,0,True,0,True,/workspace/cruci-classifier/results/grid_esm35m_corrected_20260614/fullCP/Green/eval/test_eval_results.csv
fullCP,Green,Ribo_ND_149174,0,0.16525891,0,True,0,True,0,True,/workspace/cruci-classifier/results/grid_esm35m_corrected_20260614/fullCP/Green/eval/test_eval_results.csv
fullCP,Green,Ribo_ND_099904,0,0.30499268,0,True,0,True,0,True,/workspace/cruci-classifier/results/grid_esm35m_corrected_20260614/fullCP/Green/eval/test_eval_results.csv
fullCP,Green,Ribo_ND_344864,0,0.25631902,0,True,0,True,0,True,/workspace/cruci-classifier/results/grid_esm35m_corrected_20260614/fullCP/Green/eval/test_eval_results.csv
fullCP,Green,Ribo_ND_281801,0,0.12800263,0,True,0,True,0,True,/workspace/cruci-classifier/results/grid_esm35m_corrected_20260614/fullCP/Green/eval/test_eval_results.csv
fullCP,Green,Ribo_ND_028716,0,0.07190385,0,True,0,True,0,True,/workspace/cruci-classifier/results/grid_esm35m_corrected_20260614/fullCP/Green/eval/test_eval_results.csv
fullCP,Green,Ribo_ND_249827,0,0.061995808,0,True,0,True,0,True,/workspace/cruci-classifier/results/grid_esm35m_corrected_20260614/fullCP/Green/eval/test_eval_results.csv
fullCP,Green,Ribo_ND_278159,0,0.1251719,0,True,0,True,0,True,/workspace/cruci-classifier/results/grid_esm35m_corrected_20260614/fullCP/Green/eval/test_eval_results.csv
fullCP,Green,Ribo_ND_102430,0,0.61132175,1,False,1,False,1,False,/workspace/cruci-classifier/results/grid_esm35m_corrected_20260614/fullCP/Green/eval/test_eval_results.csv
fullCP,Green,Ribo_ND_151413,0,0.08594394,0,True,0,True,0,True,/workspace/cruci-classifier/results/grid_esm35m_corrected_20260614/fullCP/Green/eval/test_eval_results.csv
fullCP,Green,Ribo_ND_127922,0,0.05112561,0,True,0,True,0,True,/workspace/cruci-classifier/results/grid_esm35m_corrected_20260614/fullCP/Green/eval/test_eval_results.csv
fullCP,Green,Ribo_ND_092480,0,0.27593055,0,True,0,True,0,True,/workspace/cruci-classifier/results/grid_esm35m_corrected_20260614/fullCP/Green/eval/test_eval_results.csv
fullCP,Green,Ribo_ND_294841,0,0.39370117,0,True,0,True,0,True,/workspace/cruci-classifier/results/grid_esm35m_corrected_20260614/fullCP/Green/eval/test_eval_results.csv
fullCP,Green,Ribo_ND_057449,0,0.07393152,0,True,0,True,0,True,/workspace/cruci-classifier/results/grid_esm35m_corrected_20260614/fullCP/Green/eval/test_eval_results.csv
fullCP,Green,Ribo_JAAOEH010002127.1,0,0.14959799,0,True,0,True,0,True,/workspace/cruci-classifier/results/grid_esm35m_corrected_20260614/fullCP/Green/eval/test_eval_results.csv
fullCP,Green,Ribo_ND_082062,0,0.2125356,0,True,0,True,0,True,/workspace/cruci-classifier/results/grid_esm35m_corrected_20260614/fullCP/Green/eval/test_eval_results.csv
fullCP,Green,Ribo_ND_249719,0,0.22613132,0,True,0,True,0,True,/workspace/cruci-classifier/results/grid_esm35m_corrected_20260614/fullCP/Green/eval/test_eval_results.csv
fullCP,Green,Ribo_ND_083099,0,0.15723747,0,True,0,True,0,True,/workspace/cruci-classifier/results/grid_esm35m_corrected_20260614/fullCP/Green/eval/test_eval_results.csv
fullCP,Green,Ribo_ND_112591,0,0.104938835,0,True,0,True,0,True,/workspace/cruci-classifier/results/grid_esm35m_corrected_20260614/fullCP/Green/eval/test_eval_results.csv
fullCP,Green,Ribo_ND_190342,0,0.3165821,0,True,0,True,0,True,/workspace/cruci-classifier/results/grid_esm35m_corrected_20260614/fullCP/Green/eval/test_eval_results.csv
fullCP,Green,Ribo_ND_251103,0,0.11750319,0,True,0,True,0,True,/workspace/cruci-classifier/results/grid_esm35m_corrected_20260614/fullCP/Green/eval/test_eval_results.csv
fullCP,Green,Ribo_ND_056464,0,0.46015662,0,True,0,True,0,True,/workspace/cruci-classifier/results/grid_esm35m_corrected_20260614/fullCP/Green/eval/test_eval_results.csv
fullCP,Green,Ribo_ND_132240,0,0.3183066,0,True,0,True,0,True,/workspace/cruci-classifier/results/grid_esm35m_corrected_20260614/fullCP/Green/eval/test_eval_results.csv
fullCP,Green,Ribo_ND_058275,0,0.6803925,1,False,1,False,1,False,/workspace/cruci-classifier/results/grid_esm35m_corrected_20260614/fullCP/Green/eval/test_eval_results.csv
fullCP,Green,Ribo_ND_285201,0,0.38353577,0,True,0,True,0,True,/workspace/cruci-classifier/results/grid_esm35m_corrected_20260614/fullCP/Green/eval/test_eval_results.csv
fullCP,Green,Ribo_ND_179581,0,0.08731584,0,True,0,True,0,True,/workspace/cruci-classifier/results/grid_esm35m_corrected_20260614/fullCP/Green/eval/test_eval_results.csv
fullCP,Green,Ribo_ND_060792,0,0.117172524,0,True,0,True,0,True,/workspace/cruci-classifier/results/grid_esm35m_corrected_20260614/fullCP/Green/eval/test_eval_results.csv
fullCP,Green,Ribo_ND_278441,0,0.18764775,0,True,0,True,0,True,/workspace/cruci-classifier/results/grid_esm35m_corrected_20260614/fullCP/Green/eval/test_eval_results.csv
fullCP,Green,Ribo_ND_158731,0,0.17305644,0,True,0,True,0,True,/workspace/cruci-classifier/results/grid_esm35m_corrected_20260614/fullCP/Green/eval/test_eval_results.csv
fullCP,Green,Ribo_NC_033438,0,0.2606137,0,True,0,True,0,True,/workspace/cruci-classifier/results/grid_esm35m_corrected_20260614/fullCP/Green/eval/test_eval_results.csv
fullCP,Green,Ribo_ND_056608,0,0.19062157,0,True,0,True,0,True,/workspace/cruci-classifier/results/grid_esm35m_corrected_20260614/fullCP/Green/eval/test_eval_results.csv
fullCP,Green,Ribo_ND_024746,0,0.22034815,0,True,0,True,0,True,/workspace/cruci-classifier/results/grid_esm35m_corrected_20260614/fullCP/Green/eval/test_eval_results.csv
fullCP,Green,Ribo_ND_202418,0,0.24471897,0,True,0,True,0,True,/workspace/cruci-classifier/results/grid_esm35m_corrected_20260614/fullCP/Green/eval/test_eval_results.csv
fullCP,Green,Ribo_ND_024730,0,0.18520665,0,True,0,True,0,True,/workspace/cruci-classifier/results/grid_esm35m_corrected_20260614/fullCP/Green/eval/test_eval_results.csv
fullCP,Green,Ribo_ND_336234,0,0.35528296,0,True,0,True,0,True,/workspace/cruci-classifier/results/grid_esm35m_corrected_20260614/fullCP/Green/eval/test_eval_results.csv
fullCP,Green,Ribo_ND_025424,0,0.10710133,0,True,0,True,0,True,/workspace/cruci-classifier/results/grid_esm35m_corrected_20260614/fullCP/Green/eval/test_eval_results.csv
fullCP,Green,Ribo_ND_169315,0,0.6761554,1,False,1,False,1,False,/workspace/cruci-classifier/results/grid_esm35m_corrected_20260614/fullCP/Green/eval/test_eval_results.csv
fullCP,Green,Ribo_ND_091409,0,0.16989976,0,True,0,True,0,True,/workspace/cruci-classifier/results/grid_esm35m_corrected_20260614/fullCP/Green/eval/test_eval_results.csv
fullCP,Green,Ribo_ND_147366,0,0.63960725,1,False,1,False,1,False,/workspace/cruci-classifier/results/grid_esm35m_corrected_20260614/fullCP/Green/eval/test_eval_results.csv
fullCP,Green,Ribo_ND_251120,0,0.09427265,0,True,0,True,0,True,/workspace/cruci-classifier/results/grid_esm35m_corrected_20260614/fullCP/Green/eval/test_eval_results.csv
fullCP,Green,Ribo_ND_094061,0,0.51230234,1,False,1,False,1,False,/workspace/cruci-classifier/results/grid_esm35m_corrected_20260614/fullCP/Green/eval/test_eval_results.csv
fullCP,Green,Ribo_ND_226143,0,0.21114835,0,True,0,True,0,True,/workspace/cruci-classifier/results/grid_esm35m_corrected_20260614/fullCP/Green/eval/test_eval_results.csv
fullCP,Green,Ribo_ND_053539,0,0.116068594,0,True,0,True,0,True,/workspace/cruci-classifier/results/grid_esm35m_corrected_20260614/fullCP/Green/eval/test_eval_results.csv
fullCP,Green,Ribo_ND_266811,0,0.24112363,0,True,0,True,0,True,/workspace/cruci-classifier/results/grid_esm35m_corrected_20260614/fullCP/Green/eval/test_eval_results.csv
fullCP,Green,Ribo_ND_175203,0,0.12611939,0,True,0,True,0,True,/workspace/cruci-classifier/results/grid_esm35m_corrected_20260614/fullCP/Green/eval/test_eval_results.csv
fullCP,Green,Ribo_ND_391046,0,0.25671306,0,True,0,True,0,True,/workspace/cruci-classifier/results/grid_esm35m_corrected_20260614/fullCP/Green/eval/test_eval_results.csv
fullCP,Green,Ribo_ND_337560,0,0.10530758,0,True,0,True,0,True,/workspace/cruci-classifier/results/grid_esm35m_corrected_20260614/fullCP/Green/eval/test_eval_results.csv
fullCP,Green,Ribo_ND_057533,0,0.20072405,0,True,0,True,0,True,/workspace/cruci-classifier/results/grid_esm35m_corrected_20260614/fullCP/Green/eval/test_eval_results.csv
fullCP,Green,Ribo_ND_145828,0,0.12211591,0,True,0,True,0,True,/workspace/cruci-classifier/results/grid_esm35m_corrected_20260614/fullCP/Green/eval/test_eval_results.csv
fullCP,Green,Ribo_ND_366210,0,0.20606638,0,True,0,True,0,True,/workspace/cruci-classifier/results/grid_esm35m_corrected_20260614/fullCP/Green/eval/test_eval_results.csv
fullCP,Green,Ribo_ND_025211,0,0.19677845,0,True,0,True,0,True,/workspace/cruci-classifier/results/grid_esm35m_corrected_20260614/fullCP/Green/eval/test_eval_results.csv
fullCP,Green,Ribo_ND_363181,0,0.22043486,0,True,0,True,0,True,/workspace/cruci-classifier/results/grid_esm35m_corrected_20260614/fullCP/Green/eval/test_eval_results.csv
fullCP,Green,Ribo_ND_048417,0,0.06308566,0,True,0,True,0,True,/workspace/cruci-classifier/results/grid_esm35m_corrected_20260614/fullCP/Green/eval/test_eval_results.csv
fullCP,Green,Ribo_ND_185791,0,0.20840113,0,True,0,True,0,True,/workspace/cruci-classifier/results/grid_esm35m_corrected_20260614/fullCP/Green/eval/test_eval_results.csv
fullCP,Green,Ribo_ND_344308,0,0.22420496,0,True,0,True,0,True,/workspace/cruci-classifier/results/grid_esm35m_corrected_20260614/fullCP/Green/eval/test_eval_results.csv
fullCP,Green,Ribo_ND_350465,0,0.41982004,0,True,0,True,0,True,/workspace/cruci-classifier/results/grid_esm35m_corrected_20260614/fullCP/Green/eval/test_eval_results.csv
fullCP,Green,Ribo_ND_128801,0,0.6296658,1,False,1,False,1,False,/workspace/cruci-classifier/results/grid_esm35m_corrected_20260614/fullCP/Green/eval/test_eval_results.csv
fullCP,Green,Ribo_ND_134792,0,0.06368172,0,True,0,True,0,True,/workspace/cruci-classifier/results/grid_esm35m_corrected_20260614/fullCP/Green/eval/test_eval_results.csv
fullCP,Green,Ribo_ND_095233,0,0.2479686,0,True,0,True,0,True,/workspace/cruci-classifier/results/grid_esm35m_corrected_20260614/fullCP/Green/eval/test_eval_results.csv
fullCP,Green,Ribo_ND_106556,0,0.3939856,0,True,0,True,0,True,/workspace/cruci-classifier/results/grid_esm35m_corrected_20260614/fullCP/Green/eval/test_eval_results.csv
fullCP,Green,Ribo_ND_114322,0,0.3871821,0,True,0,True,0,True,/workspace/cruci-classifier/results/grid_esm35m_corrected_20260614/fullCP/Green/eval/test_eval_results.csv
fullCP,Green,Ribo_ND_279514,0,0.25001872,0,True,0,True,0,True,/workspace/cruci-classifier/results/grid_esm35m_corrected_20260614/fullCP/Green/eval/test_eval_results.csv
fullCP,Green,Ribo_ND_121885,0,0.06891385,0,True,0,True,0,True,/workspace/cruci-classifier/results/grid_esm35m_corrected_20260614/fullCP/Green/eval/test_eval_results.csv
fullCP,Green,Ribo_ND_084466,0,0.13030408,0,True,0,True,0,True,/workspace/cruci-classifier/results/grid_esm35m_corrected_20260614/fullCP/Green/eval/test_eval_results.csv
fullCP,Green,Ribo_ND_024955,0,0.055327274,0,True,0,True,0,True,/workspace/cruci-classifier/results/grid_esm35m_corrected_20260614/fullCP/Green/eval/test_eval_results.csv
fullCP,Green,Ribo_ND_108358,0,0.664149,1,False,1,False,1,False,/workspace/cruci-classifier/results/grid_esm35m_corrected_20260614/fullCP/Green/eval/test_eval_results.csv
fullCP,Green,Ribo_ND_107013,0,0.4101571,0,True,0,True,0,True,/workspace/cruci-classifier/results/grid_esm35m_corrected_20260614/fullCP/Green/eval/test_eval_results.csv
fullCP,Green,Ribo_ND_101584,0,0.67016125,1,False,1,False,1,False,/workspace/cruci-classifier/results/grid_esm35m_corrected_20260614/fullCP/Green/eval/test_eval_results.csv
fullCP,Green,Ribo_ND_341362,0,0.14890644,0,True,0,True,0,True,/workspace/cruci-classifier/results/grid_esm35m_corrected_20260614/fullCP/Green/eval/test_eval_results.csv
fullCP,Green,Ribo_ND_044835,0,0.20018955,0,True,0,True,0,True,/workspace/cruci-classifier/results/grid_esm35m_corrected_20260614/fullCP/Green/eval/test_eval_results.csv
fullCP,Green,Ribo_ND_146036,0,0.26595494,0,True,0,True,0,True,/workspace/cruci-classifier/results/grid_esm35m_corrected_20260614/fullCP/Green/eval/test_eval_results.csv
fullCP,Green,Ribo_ND_385935,0,0.65362394,1,False,1,False,1,False,/workspace/cruci-classifier/results/grid_esm35m_corrected_20260614/fullCP/Green/eval/test_eval_results.csv
fullCP,Green,Ribo_ND_025243,0,0.067529365,0,True,0,True,0,True,/workspace/cruci-classifier/results/grid_esm35m_corrected_20260614/fullCP/Green/eval/test_eval_results.csv
fullCP,Green,Ribo_ND_249837,0,0.5382096,1,False,1,False,1,False,/workspace/cruci-classifier/results/grid_esm35m_corrected_20260614/fullCP/Green/eval/test_eval_results.csv
fullCP,Green,Ribo_ND_184068,0,0.45493567,0,True,0,True,0,True,/workspace/cruci-classifier/results/grid_esm35m_corrected_20260614/fullCP/Green/eval/test_eval_results.csv
fullCP,Green,Ribo_ND_341296,0,0.07198459,0,True,0,True,0,True,/workspace/cruci-classifier/results/grid_esm35m_corrected_20260614/fullCP/Green/eval/test_eval_results.csv
fullCP,Green,Ribo_JAAOEH010002267.1,0,0.20348938,0,True,0,True,0,True,/workspace/cruci-classifier/results/grid_esm35m_corrected_20260614/fullCP/Green/eval/test_eval_results.csv
fullCP,Green,Ribo_ND_090706,0,0.16610786,0,True,0,True,0,True,/workspace/cruci-classifier/results/grid_esm35m_corrected_20260614/fullCP/Green/eval/test_eval_results.csv
fullCP,Green,Ribo_ND_390200,0,0.3411147,0,True,0,True,0,True,/workspace/cruci-classifier/results/grid_esm35m_corrected_20260614/fullCP/Green/eval/test_eval_results.csv
fullCP,Green,Ribo_ND_058928,0,0.41823724,0,True,0,True,0,True,/workspace/cruci-classifier/results/grid_esm35m_corrected_20260614/fullCP/Green/eval/test_eval_results.csv
fullCP,Green,Ribo_ND_024871,0,0.06489474,0,True,0,True,0,True,/workspace/cruci-classifier/results/grid_esm35m_corrected_20260614/fullCP/Green/eval/test_eval_results.csv
fullCP,Green,Ribo_ND_389921,0,0.23702158,0,True,0,True,0,True,/workspace/cruci-classifier/results/grid_esm35m_corrected_20260614/fullCP/Green/eval/test_eval_results.csv
fullCP,Green,Ribo_ND_132724,0,0.5097607,1,False,1,False,1,False,/workspace/cruci-classifier/results/grid_esm35m_corrected_20260614/fullCP/Green/eval/test_eval_results.csv
fullCP,Green,Ribo_ND_055896,0,0.24943325,0,True,0,True,0,True,/workspace/cruci-classifier/results/grid_esm35m_corrected_20260614/fullCP/Green/eval/test_eval_results.csv
fullCP,Green,Ribo_ND_289096,0,0.3319066,0,True,0,True,0,True,/workspace/cruci-classifier/results/grid_esm35m_corrected_20260614/fullCP/Green/eval/test_eval_results.csv
fullCP,Green,Ribo_ND_045947,0,0.16876994,0,True,0,True,0,True,/workspace/cruci-classifier/results/grid_esm35m_corrected_20260614/fullCP/Green/eval/test_eval_results.csv
fullCP,Green,Ribo_ND_030364,0,0.41438672,0,True,0,True,0,True,/workspace/cruci-classifier/results/grid_esm35m_corrected_20260614/fullCP/Green/eval/test_eval_results.csv
fullCP,Green,Ribo_ND_108055,0,0.31166255,0,True,0,True,0,True,/workspace/cruci-classifier/results/grid_esm35m_corrected_20260614/fullCP/Green/eval/test_eval_results.csv
fullCP,Green,Ribo_ND_025792,0,0.4341873,0,True,0,True,0,True,/workspace/cruci-classifier/results/grid_esm35m_corrected_20260614/fullCP/Green/eval/test_eval_results.csv
fullCP,Green,Ribo_ND_092887,0,0.14503935,0,True,0,True,0,True,/workspace/cruci-classifier/results/grid_esm35m_corrected_20260614/fullCP/Green/eval/test_eval_results.csv
fullCP,Green,Ribo_ND_051123,0,0.2137765,0,True,0,True,0,True,/workspace/cruci-classifier/results/grid_esm35m_corrected_20260614/fullCP/Green/eval/test_eval_results.csv
fullCP,Green,Ribo_ND_088149,0,0.24309501,0,True,0,True,0,True,/workspace/cruci-classifier/results/grid_esm35m_corrected_20260614/fullCP/Green/eval/test_eval_results.csv
fullCP,Green,Ribo_ND_151781,0,0.34582245,0,True,0,True,0,True,/workspace/cruci-classifier/results/grid_esm35m_corrected_20260614/fullCP/Green/eval/test_eval_results.csv
fullCP,Green,Ribo_ND_059415,0,0.33554196,0,True,0,True,0,True,/workspace/cruci-classifier/results/grid_esm35m_corrected_20260614/fullCP/Green/eval/test_eval_results.csv
fullCP,Green,Ribo_ND_335948,0,0.18845904,0,True,0,True,0,True,/workspace/cruci-classifier/results/grid_esm35m_corrected_20260614/fullCP/Green/eval/test_eval_results.csv
fullCP,Green,Ribo_ND_288285,0,0.35169607,0,True,0,True,0,True,/workspace/cruci-classifier/results/grid_esm35m_corrected_20260614/fullCP/Green/eval/test_eval_results.csv
fullCP,Green,Ribo_ND_321366,0,0.06911464,0,True,0,True,0,True,/workspace/cruci-classifier/results/grid_esm35m_corrected_20260614/fullCP/Green/eval/test_eval_results.csv
fullCP,Green,Ribo_ND_130501,0,0.238967,0,True,0,True,0,True,/workspace/cruci-classifier/results/grid_esm35m_corrected_20260614/fullCP/Green/eval/test_eval_results.csv
fullCP,Green,Ribo_ND_384169,0,0.53676337,1,False,1,False,1,False,/workspace/cruci-classifier/results/grid_esm35m_corrected_20260614/fullCP/Green/eval/test_eval_results.csv
fullCP,Green,Ribo_ND_168965,0,0.15747987,0,True,0,True,0,True,/workspace/cruci-classifier/results/grid_esm35m_corrected_20260614/fullCP/Green/eval/test_eval_results.csv
fullCP,Green,Ribo_ND_025361,0,0.081566006,0,True,0,True,0,True,/workspace/cruci-classifier/results/grid_esm35m_corrected_20260614/fullCP/Green/eval/test_eval_results.csv
fullCP,Green,Ribo_ND_082876,0,0.47374898,0,True,0,True,0,True,/workspace/cruci-classifier/results/grid_esm35m_corrected_20260614/fullCP/Green/eval/test_eval_results.csv
fullCP,Green,Ribo_ND_286562,0,0.4102899,0,True,0,True,0,True,/workspace/cruci-classifier/results/grid_esm35m_corrected_20260614/fullCP/Green/eval/test_eval_results.csv
fullCP,Green,Ribo_ND_030388,0,0.43870234,0,True,0,True,0,True,/workspace/cruci-classifier/results/grid_esm35m_corrected_20260614/fullCP/Green/eval/test_eval_results.csv
fullCP,Green,Ribo_ND_030557,0,0.32845163,0,True,0,True,0,True,/workspace/cruci-classifier/results/grid_esm35m_corrected_20260614/fullCP/Green/eval/test_eval_results.csv
fullCP,Green,Ribo_JAAOEH010002460.1,0,0.123526126,0,True,0,True,0,True,/workspace/cruci-classifier/results/grid_esm35m_corrected_20260614/fullCP/Green/eval/test_eval_results.csv
fullCP,Green,Ribo_NC_033443,0,0.09837048,0,True,0,True,0,True,/workspace/cruci-classifier/results/grid_esm35m_corrected_20260614/fullCP/Green/eval/test_eval_results.csv
fullCP,Green,Ribo_ND_341308,0,0.50428015,1,False,1,False,1,False,/workspace/cruci-classifier/results/grid_esm35m_corrected_20260614/fullCP/Green/eval/test_eval_results.csv
fullCP,Green,Ribo_ND_287498,0,0.21919262,0,True,0,True,0,True,/workspace/cruci-classifier/results/grid_esm35m_corrected_20260614/fullCP/Green/eval/test_eval_results.csv
fullCP,Green,Ribo_ND_343365,0,0.14103642,0,True,0,True,0,True,/workspace/cruci-classifier/results/grid_esm35m_corrected_20260614/fullCP/Green/eval/test_eval_results.csv
fullCP,Green,Ribo_ND_385031,0,0.19414143,0,True,0,True,0,True,/workspace/cruci-classifier/results/grid_esm35m_corrected_20260614/fullCP/Green/eval/test_eval_results.csv
fullCP,Green,Ribo_ND_114974,0,0.14321476,0,True,0,True,0,True,/workspace/cruci-classifier/results/grid_esm35m_corrected_20260614/fullCP/Green/eval/test_eval_results.csv
fullCP,Green,Ribo_ND_379299,0,0.61128795,1,False,1,False,1,False,/workspace/cruci-classifier/results/grid_esm35m_corrected_20260614/fullCP/Green/eval/test_eval_results.csv
fullCP,Green,Ribo_ND_326772,0,0.24148674,0,True,0,True,0,True,/workspace/cruci-classifier/results/grid_esm35m_corrected_20260614/fullCP/Green/eval/test_eval_results.csv
fullCP,Green,Ribo_ND_381586,0,0.3042312,0,True,0,True,0,True,/workspace/cruci-classifier/results/grid_esm35m_corrected_20260614/fullCP/Green/eval/test_eval_results.csv
fullCP,Green,Ribo_ND_055821,0,0.11438428,0,True,0,True,0,True,/workspace/cruci-classifier/results/grid_esm35m_corrected_20260614/fullCP/Green/eval/test_eval_results.csv
fullCP,Green,Ribo_ND_256267,0,0.19902322,0,True,0,True,0,True,/workspace/cruci-classifier/results/grid_esm35m_corrected_20260614/fullCP/Green/eval/test_eval_results.csv
fullCP,Green,Ribo_ND_082205,0,0.11830129,0,True,0,True,0,True,/workspace/cruci-classifier/results/grid_esm35m_corrected_20260614/fullCP/Green/eval/test_eval_results.csv
fullCP,Green,Ribo_ND_276222,0,0.10866291,0,True,0,True,0,True,/workspace/cruci-classifier/results/grid_esm35m_corrected_20260614/fullCP/Green/eval/test_eval_results.csv
fullCP,Green,Ribo_ND_251123,0,0.10438254,0,True,0,True,0,True,/workspace/cruci-classifier/results/grid_esm35m_corrected_20260614/fullCP/Green/eval/test_eval_results.csv
fullCP,Green,Ribo_ND_066692,0,0.72209996,1,False,1,False,1,False,/workspace/cruci-classifier/results/grid_esm35m_corrected_20260614/fullCP/Green/eval/test_eval_results.csv
fullCP,Green,Ribo_ND_134565,0,0.63926274,1,False,1,False,1,False,/workspace/cruci-classifier/results/grid_esm35m_corrected_20260614/fullCP/Green/eval/test_eval_results.csv
fullCP,Green,Ribo_ND_084066,0,0.17334698,0,True,0,True,0,True,/workspace/cruci-classifier/results/grid_esm35m_corrected_20260614/fullCP/Green/eval/test_eval_results.csv
fullCP,Green,Ribo_ND_043328,0,0.38016945,0,True,0,True,0,True,/workspace/cruci-classifier/results/grid_esm35m_corrected_20260614/fullCP/Green/eval/test_eval_results.csv
fullCP,Green,Ribo_ND_109227,0,0.24777213,0,True,0,True,0,True,/workspace/cruci-classifier/results/grid_esm35m_corrected_20260614/fullCP/Green/eval/test_eval_results.csv
fullCP,Green,Ribo_ND_389837,0,0.16167459,0,True,0,True,0,True,/workspace/cruci-classifier/results/grid_esm35m_corrected_20260614/fullCP/Green/eval/test_eval_results.csv
fullCP,Green,Ribo_ND_276198,0,0.31732827,0,True,0,True,0,True,/workspace/cruci-classifier/results/grid_esm35m_corrected_20260614/fullCP/Green/eval/test_eval_results.csv
fullCP,Green,Ribo_ND_347420,0,0.42600423,0,True,0,True,0,True,/workspace/cruci-classifier/results/grid_esm35m_corrected_20260614/fullCP/Green/eval/test_eval_results.csv
fullCP,Green,Ribo_ND_100474,0,0.32069865,0,True,0,True,0,True,/workspace/cruci-classifier/results/grid_esm35m_corrected_20260614/fullCP/Green/eval/test_eval_results.csv
fullCP,Green,Ribo_ND_327486,0,0.2005832,0,True,0,True,0,True,/workspace/cruci-classifier/results/grid_esm35m_corrected_20260614/fullCP/Green/eval/test_eval_results.csv
fullCP,Green,Ribo_ND_095265,0,0.29794863,0,True,0,True,0,True,/workspace/cruci-classifier/results/grid_esm35m_corrected_20260614/fullCP/Green/eval/test_eval_results.csv
fullCP,Green,Ribo_ND_221227,0,0.18106276,0,True,0,True,0,True,/workspace/cruci-classifier/results/grid_esm35m_corrected_20260614/fullCP/Green/eval/test_eval_results.csv
fullCP,Green,Ribo_ND_230750,0,0.37793168,0,True,0,True,0,True,/workspace/cruci-classifier/results/grid_esm35m_corrected_20260614/fullCP/Green/eval/test_eval_results.csv
fullCP,Green,Ribo_NC_032880,0,0.06337914,0,True,0,True,0,True,/workspace/cruci-classifier/results/grid_esm35m_corrected_20260614/fullCP/Green/eval/test_eval_results.csv
fullCP,Green,Ribo_ND_181904,0,0.23528123,0,True,0,True,0,True,/workspace/cruci-classifier/results/grid_esm35m_corrected_20260614/fullCP/Green/eval/test_eval_results.csv
fullCP,Green,Ribo_ND_070705,0,0.06740834,0,True,0,True,0,True,/workspace/cruci-classifier/results/grid_esm35m_corrected_20260614/fullCP/Green/eval/test_eval_results.csv
fullCP,Green,Ribo_ND_096037,0,0.5668693,1,False,1,False,1,False,/workspace/cruci-classifier/results/grid_esm35m_corrected_20260614/fullCP/Green/eval/test_eval_results.csv
fullCP,Green,Ribo_ND_101966,0,0.23446298,0,True,0,True,0,True,/workspace/cruci-classifier/results/grid_esm35m_corrected_20260614/fullCP/Green/eval/test_eval_results.csv
fullCP,Green,Ribo_ND_095624,0,0.16803358,0,True,0,True,0,True,/workspace/cruci-classifier/results/grid_esm35m_corrected_20260614/fullCP/Green/eval/test_eval_results.csv
fullCP,Green,Ribo_ND_381553,0,0.20215142,0,True,0,True,0,True,/workspace/cruci-classifier/results/grid_esm35m_corrected_20260614/fullCP/Green/eval/test_eval_results.csv
fullCP,Green,Ribo_ND_166650,0,0.37725398,0,True,0,True,0,True,/workspace/cruci-classifier/results/grid_esm35m_corrected_20260614/fullCP/Green/eval/test_eval_results.csv
fullCP,Green,Ribo_ND_108364,0,0.45018303,0,True,0,True,0,True,/workspace/cruci-classifier/results/grid_esm35m_corrected_20260614/fullCP/Green/eval/test_eval_results.csv
fullCP,Green,Ribo_ND_162995,0,0.1987886,0,True,0,True,0,True,/workspace/cruci-classifier/results/grid_esm35m_corrected_20260614/fullCP/Green/eval/test_eval_results.csv
fullCP,Green,Ribo_ND_389147,0,0.36846924,0,True,0,True,0,True,/workspace/cruci-classifier/results/grid_esm35m_corrected_20260614/fullCP/Green/eval/test_eval_results.csv
fullCP,Green,Ribo_ND_165277,0,0.4671665,0,True,0,True,0,True,/workspace/cruci-classifier/results/grid_esm35m_corrected_20260614/fullCP/Green/eval/test_eval_results.csv
fullCP,Green,Ribo_ND_019145,0,0.3154302,0,True,0,True,0,True,/workspace/cruci-classifier/results/grid_esm35m_corrected_20260614/fullCP/Green/eval/test_eval_results.csv
fullCP,Green,Ribo_ND_233410,0,0.5356017,1,False,1,False,1,False,/workspace/cruci-classifier/results/grid_esm35m_corrected_20260614/fullCP/Green/eval/test_eval_results.csv
fullCP,Green,Ribo_ND_120879,0,0.45341593,0,True,0,True,0,True,/workspace/cruci-classifier/results/grid_esm35m_corrected_20260614/fullCP/Green/eval/test_eval_results.csv
fullCP,Green,Ribo_ND_025544,0,0.64864993,1,False,1,False,1,False,/workspace/cruci-classifier/results/grid_esm35m_corrected_20260614/fullCP/Green/eval/test_eval_results.csv
fullCP,Green,Ribo_ND_389814,0,0.10644924,0,True,0,True,0,True,/workspace/cruci-classifier/results/grid_esm35m_corrected_20260614/fullCP/Green/eval/test_eval_results.csv
fullCP,Green,Ribo_ND_290258,0,0.42440215,0,True,0,True,0,True,/workspace/cruci-classifier/results/grid_esm35m_corrected_20260614/fullCP/Green/eval/test_eval_results.csv
fullCP,Green,Ribo_ND_119547,0,0.18105155,0,True,0,True,0,True,/workspace/cruci-classifier/results/grid_esm35m_corrected_20260614/fullCP/Green/eval/test_eval_results.csv
fullCP,Green,Ribo_ND_386283,0,0.402549,0,True,0,True,0,True,/workspace/cruci-classifier/results/grid_esm35m_corrected_20260614/fullCP/Green/eval/test_eval_results.csv
fullCP,Green,Ribo_ND_030196,0,0.0792258,0,True,0,True,0,True,/workspace/cruci-classifier/results/grid_esm35m_corrected_20260614/fullCP/Green/eval/test_eval_results.csv
fullCP,Green,Ribo_ND_122974,0,0.23604296,0,True,0,True,0,True,/workspace/cruci-classifier/results/grid_esm35m_corrected_20260614/fullCP/Green/eval/test_eval_results.csv
fullCP,Green,Ribo_ND_135121,0,0.02198863,0,True,0,True,0,True,/workspace/cruci-classifier/results/grid_esm35m_corrected_20260614/fullCP/Green/eval/test_eval_results.csv
fullCP,Green,Ribo_ND_166745,0,0.72210294,1,False,1,False,1,False,/workspace/cruci-classifier/results/grid_esm35m_corrected_20260614/fullCP/Green/eval/test_eval_results.csv
fullCP,Green,Ribo_ND_114912,0,0.5679137,1,False,1,False,1,False,/workspace/cruci-classifier/results/grid_esm35m_corrected_20260614/fullCP/Green/eval/test_eval_results.csv
fullCP,Green,Ribo_ND_172616,0,0.087202266,0,True,0,True,0,True,/workspace/cruci-classifier/results/grid_esm35m_corrected_20260614/fullCP/Green/eval/test_eval_results.csv
fullCP,Green,Ribo_ND_379831,0,0.096097164,0,True,0,True,0,True,/workspace/cruci-classifier/results/grid_esm35m_corrected_20260614/fullCP/Green/eval/test_eval_results.csv
fullCP,Green,Ribo_ND_203486,0,0.2729822,0,True,0,True,0,True,/workspace/cruci-classifier/results/grid_esm35m_corrected_20260614/fullCP/Green/eval/test_eval_results.csv
fullCP,Green,Ribo_ND_223996,0,0.20599106,0,True,0,True,0,True,/workspace/cruci-classifier/results/grid_esm35m_corrected_20260614/fullCP/Green/eval/test_eval_results.csv
fullCP,Green,Ribo_ND_025262,0,0.74234486,1,False,1,False,1,False,/workspace/cruci-classifier/results/grid_esm35m_corrected_20260614/fullCP/Green/eval/test_eval_results.csv
fullCP,Green,Ribo_ND_183764,0,0.32184538,0,True,0,True,0,True,/workspace/cruci-classifier/results/grid_esm35m_corrected_20260614/fullCP/Green/eval/test_eval_results.csv
fullCP,Green,Ribo_ND_187623,0,0.12429712,0,True,0,True,0,True,/workspace/cruci-classifier/results/grid_esm35m_corrected_20260614/fullCP/Green/eval/test_eval_results.csv
fullCP,Green,Ribo_ND_202743,0,0.155497,0,True,0,True,0,True,/workspace/cruci-classifier/results/grid_esm35m_corrected_20260614/fullCP/Green/eval/test_eval_results.csv
fullCP,Green,Ribo_ND_166391,0,0.2517168,0,True,0,True,0,True,/workspace/cruci-classifier/results/grid_esm35m_corrected_20260614/fullCP/Green/eval/test_eval_results.csv
fullCP,Green,Ribo_ND_370444,0,0.7588534,1,False,1,False,1,False,/workspace/cruci-classifier/results/grid_esm35m_corrected_20260614/fullCP/Green/eval/test_eval_results.csv
fullCP,Green,Ribo_ND_180439,0,0.52734673,1,False,1,False,1,False,/workspace/cruci-classifier/results/grid_esm35m_corrected_20260614/fullCP/Green/eval/test_eval_results.csv
fullCP,Green,Ribo_ND_029528,0,0.11602601,0,True,0,True,0,True,/workspace/cruci-classifier/results/grid_esm35m_corrected_20260614/fullCP/Green/eval/test_eval_results.csv
fullCP,Green,Cruci_Cer_JAGYYM010003673,1,0.9917446,1,True,1,True,1,True,/workspace/cruci-classifier/results/grid_esm35m_corrected_20260614/fullCP/Green/eval/test_eval_results.csv
