domain	fold	id	label	score	prediction	correct	prediction_0_5	correct_0_5	prediction_selected_threshold	correct_selected_threshold	source_eval_results	record_index_within_domain_id	selected_threshold	original_fasta_header	sequence_length	original_length	stops_removed	invalid_replaced	input_type	sequence_id	sequence_record_id	true_label	virus_type	cluster_id	fold_id	classifier_score	prediction_threshold_0_5	prediction_validation_threshold	correct_at_0_5	correct_at_validation_threshold	model_type	train_clusters	test_cluster	score_band	discordant_0_5	high_confidence_discordant	moderate_discordant	discordance_direction	discordance_strength	nearest_train_sequence_id	nearest_train_sequence_identity	notes
Rdomain	Green	Cruci_CruV_500	1	0.023831148	0	False	0	False	0	False	/workspace/cruci-classifier/results/grid_esm35m_e50/Rdomain/Green/eval/test_eval_results.csv	0	0.5166996717453003	Cruci_CruV_500	114	114	0	0	R_domain	Cruci_CruV_500	Cruci_CruV_500|Rdomain|Green|record0	1	crucivirus	Green	Green	0.023831148	0	0	False	False	frozen_esm2_35m_head	Blue,Purple,Red,Yellow	Green	strong_rna_like	True	True	True	crucivirus_scored_rna_like	0.976168852			
Sdomain	Yellow	Ribo_JAAOEH010002449.1	0	0.9740063	1	False	1	False	1	False	/workspace/cruci-classifier/results/grid_esm35m_e50/Sdomain/Yellow/eval/test_eval_results.csv	0	0.5087921023368835	Ribo_JAAOEH010002449.1	184	184	0	0	S_domain	Ribo_JAAOEH010002449.1	Ribo_JAAOEH010002449.1|Sdomain|Yellow|record0	0	rna_virus	Yellow	Yellow	0.9740063	1	1	False	False	frozen_esm2_35m_head	Blue,Green,Purple,Red	Yellow	strong_crucivirus_like	True	True	True	rna_virus_scored_crucivirus_like	0.9740063			
Sdomain	Yellow	Ribo_ND_144217	0	0.96879256	1	False	1	False	1	False	/workspace/cruci-classifier/results/grid_esm35m_e50/Sdomain/Yellow/eval/test_eval_results.csv	0	0.5087921023368835	Ribo_ND_144217	177	177	0	0	S_domain	Ribo_ND_144217	Ribo_ND_144217|Sdomain|Yellow|record0	0	rna_virus	Yellow	Yellow	0.96879256	1	1	False	False	frozen_esm2_35m_head	Blue,Green,Purple,Red	Yellow	strong_crucivirus_like	True	True	True	rna_virus_scored_crucivirus_like	0.96879256			
Rdomain	Purple	Cruci_CruV-692	1	0.03161214	0	False	0	False	0	False	/workspace/cruci-classifier/results/grid_esm35m_e50/Rdomain/Purple/eval/test_eval_results.csv	0	0.5012195110321045	Cruci_CruV-692	154	154	0	0	R_domain	Cruci_CruV-692	Cruci_CruV-692|Rdomain|Purple|record0	1	crucivirus	Purple	Purple	0.03161214	0	0	False	False	frozen_esm2_35m_head	Blue,Green,Red,Yellow	Purple	strong_rna_like	True	True	True	crucivirus_scored_rna_like	0.96838786			
Rdomain	Purple	Cruci_CruV-693	1	0.03161214	0	False	0	False	0	False	/workspace/cruci-classifier/results/grid_esm35m_e50/Rdomain/Purple/eval/test_eval_results.csv	0	0.5012195110321045	Cruci_CruV-693	154	154	0	0	R_domain	Cruci_CruV-693	Cruci_CruV-693|Rdomain|Purple|record0	1	crucivirus	Purple	Purple	0.03161214	0	0	False	False	frozen_esm2_35m_head	Blue,Green,Red,Yellow	Purple	strong_rna_like	True	True	True	crucivirus_scored_rna_like	0.96838786			
Rdomain	Purple	Cruci_CruV-788	1	0.034970835	0	False	0	False	0	False	/workspace/cruci-classifier/results/grid_esm35m_e50/Rdomain/Purple/eval/test_eval_results.csv	0	0.5012195110321045	Cruci_CruV-788	146	146	0	0	R_domain	Cruci_CruV-788	Cruci_CruV-788|Rdomain|Purple|record0	1	crucivirus	Purple	Purple	0.034970835	0	0	False	False	frozen_esm2_35m_head	Blue,Green,Red,Yellow	Purple	strong_rna_like	True	True	True	crucivirus_scored_rna_like	0.965029165			
Rdomain	Green	Cruci_CruV_489	1	0.038481846	0	False	0	False	0	False	/workspace/cruci-classifier/results/grid_esm35m_e50/Rdomain/Green/eval/test_eval_results.csv	0	0.5166996717453003	Cruci_CruV_489	31	31	0	0	R_domain	Cruci_CruV_489	Cruci_CruV_489|Rdomain|Green|record0	1	crucivirus	Green	Green	0.038481846	0	0	False	False	frozen_esm2_35m_head	Blue,Purple,Red,Yellow	Green	strong_rna_like	True	True	True	crucivirus_scored_rna_like	0.961518154			
Rdomain	Blue	Ribo_ND_132327	0	0.9609992	1	False	1	False	1	False	/workspace/cruci-classifier/results/grid_esm35m_e50/Rdomain/Blue/eval/test_eval_results.csv	0	0.4960196018218994	Ribo_ND_132327	1	1	0	0	R_domain	Ribo_ND_132327	Ribo_ND_132327|Rdomain|Blue|record0	0	rna_virus	Blue	Blue	0.9609992	1	1	False	False	frozen_esm2_35m_head	Green,Purple,Red,Yellow	Blue	strong_crucivirus_like	True	True	True	rna_virus_scored_crucivirus_like	0.9609992			known_Rdomain_exact_cross_label_duplicate_pair
Rdomain	Red	Ribo_ND_336310	0	0.9531477	1	False	1	False	1	False	/workspace/cruci-classifier/results/grid_esm35m_e50/Rdomain/Red/eval/test_eval_results.csv	0	0.512529730796814	Ribo_ND_336310	245	245	0	0	R_domain	Ribo_ND_336310	Ribo_ND_336310|Rdomain|Red|record0	0	rna_virus	Red	Red	0.9531477	1	1	False	False	frozen_esm2_35m_head	Blue,Green,Purple,Yellow	Red	strong_crucivirus_like	True	True	True	rna_virus_scored_crucivirus_like	0.9531477			
Rdomain	Green	Cruci_CruV-930	1	0.051139705	0	False	0	False	0	False	/workspace/cruci-classifier/results/grid_esm35m_e50/Rdomain/Green/eval/test_eval_results.csv	0	0.5166996717453003	Cruci_CruV-930	55	55	0	0	R_domain	Cruci_CruV-930	Cruci_CruV-930|Rdomain|Green|record0	1	crucivirus	Green	Green	0.051139705	0	0	False	False	frozen_esm2_35m_head	Blue,Purple,Red,Yellow	Green	strong_rna_like	True	True	True	crucivirus_scored_rna_like	0.948860295			
fullCP	Purple	Cruci_CruV-788	1	0.053224128	0	False	0	False	0	False	/workspace/cruci-classifier/results/grid_esm35m_e50/fullCP/Purple/eval/test_eval_results.csv	0	0.4988135993480682	Cruci_CruV-788	519	520	1	0	full_capsid	Cruci_CruV-788	Cruci_CruV-788|fullCP|Purple|record0	1	crucivirus	Purple	Purple	0.053224128	0	0	False	False	frozen_esm2_35m_head	Blue,Green,Red,Yellow	Purple	strong_rna_like	True	True	True	crucivirus_scored_rna_like	0.946775872			
Rdomain	Green	Cruci_CruV-852	1	0.055755407	0	False	0	False	0	False	/workspace/cruci-classifier/results/grid_esm35m_e50/Rdomain/Green/eval/test_eval_results.csv	0	0.5166996717453003	Cruci_CruV-852	61	61	0	0	R_domain	Cruci_CruV-852	Cruci_CruV-852|Rdomain|Green|record0	1	crucivirus	Green	Green	0.055755407	0	0	False	False	frozen_esm2_35m_head	Blue,Purple,Red,Yellow	Green	strong_rna_like	True	True	True	crucivirus_scored_rna_like	0.944244593			
Rdomain	Green	Cruci_CruV-760	1	0.057462227	0	False	0	False	0	False	/workspace/cruci-classifier/results/grid_esm35m_e50/Rdomain/Green/eval/test_eval_results.csv	0	0.5166996717453003	Cruci_CruV-760	62	62	0	0	R_domain	Cruci_CruV-760	Cruci_CruV-760|Rdomain|Green|record0	1	crucivirus	Green	Green	0.057462227	0	0	False	False	frozen_esm2_35m_head	Blue,Purple,Red,Yellow	Green	strong_rna_like	True	True	True	crucivirus_scored_rna_like	0.942537773			
Rdomain	Blue	Ribo_ND_178256	0	0.9403662	1	False	1	False	1	False	/workspace/cruci-classifier/results/grid_esm35m_e50/Rdomain/Blue/eval/test_eval_results.csv	0	0.4960196018218994	Ribo_ND_178256	109	109	0	0	R_domain	Ribo_ND_178256	Ribo_ND_178256|Rdomain|Blue|record0	0	rna_virus	Blue	Blue	0.9403662	1	1	False	False	frozen_esm2_35m_head	Green,Purple,Red,Yellow	Blue	strong_crucivirus_like	True	True	True	rna_virus_scored_crucivirus_like	0.9403662			
Pdomain	Yellow	Ribo_ND_053581	0	0.935622	1	False	1	False	1	False	/workspace/cruci-classifier/results/grid_esm35m_e50/Pdomain/Yellow/eval/test_eval_results.csv	0	0.4989717900753021	Ribo_ND_053581	190	190	0	0	P_domain	Ribo_ND_053581	Ribo_ND_053581|Pdomain|Yellow|record0	0	rna_virus	Yellow	Yellow	0.935622	1	1	False	False	frozen_esm2_35m_head	Blue,Green,Purple,Red	Yellow	strong_crucivirus_like	True	True	True	rna_virus_scored_crucivirus_like	0.935622			
fullCP	Blue	Ribo_ND_092298	0	0.93354183	1	False	1	False	1	False	/workspace/cruci-classifier/results/grid_esm35m_e50/fullCP/Blue/eval/test_eval_results.csv	0	0.4914703667163849	Ribo_ND_092298	677	678	1	0	full_capsid	Ribo_ND_092298	Ribo_ND_092298|fullCP|Blue|record0	0	rna_virus	Blue	Blue	0.93354183	1	1	False	False	frozen_esm2_35m_head	Green,Purple,Red,Yellow	Blue	strong_crucivirus_like	True	True	True	rna_virus_scored_crucivirus_like	0.93354183			
Rdomain	Yellow	Ribo_ND_142318	0	0.93015486	1	False	1	False	1	False	/workspace/cruci-classifier/results/grid_esm35m_e50/Rdomain/Yellow/eval/test_eval_results.csv	0	0.471052885055542	Ribo_ND_142318	122	122	0	0	R_domain	Ribo_ND_142318	Ribo_ND_142318|Rdomain|Yellow|record0	0	rna_virus	Yellow	Yellow	0.93015486	1	1	False	False	frozen_esm2_35m_head	Blue,Green,Purple,Red	Yellow	strong_crucivirus_like	True	True	True	rna_virus_scored_crucivirus_like	0.93015486			
Rdomain	Blue	Cruci_CruV-856	1	0.07192673	0	False	0	False	0	False	/workspace/cruci-classifier/results/grid_esm35m_e50/Rdomain/Blue/eval/test_eval_results.csv	0	0.4960196018218994	Cruci_CruV-856	51	51	0	0	R_domain	Cruci_CruV-856	Cruci_CruV-856|Rdomain|Blue|record0	1	crucivirus	Blue	Blue	0.07192673	0	0	False	False	frozen_esm2_35m_head	Green,Purple,Red,Yellow	Blue	strong_rna_like	True	True	True	crucivirus_scored_rna_like	0.9280732700000001			
Rdomain	Yellow	Ribo_ND_335728	0	0.92643404	1	False	1	False	1	False	/workspace/cruci-classifier/results/grid_esm35m_e50/Rdomain/Yellow/eval/test_eval_results.csv	0	0.471052885055542	Ribo_ND_335728	124	124	0	0	R_domain	Ribo_ND_335728	Ribo_ND_335728|Rdomain|Yellow|record0	0	rna_virus	Yellow	Yellow	0.92643404	1	1	False	False	frozen_esm2_35m_head	Blue,Green,Purple,Red	Yellow	strong_crucivirus_like	True	True	True	rna_virus_scored_crucivirus_like	0.92643404			
Sdomain	Yellow	Ribo_ND_113307	0	0.925993	1	False	1	False	1	False	/workspace/cruci-classifier/results/grid_esm35m_e50/Sdomain/Yellow/eval/test_eval_results.csv	0	0.5087921023368835	Ribo_ND_113307	181	181	0	0	S_domain	Ribo_ND_113307	Ribo_ND_113307|Sdomain|Yellow|record0	0	rna_virus	Yellow	Yellow	0.925993	1	1	False	False	frozen_esm2_35m_head	Blue,Green,Purple,Red	Yellow	strong_crucivirus_like	True	True	True	rna_virus_scored_crucivirus_like	0.925993			
Sdomain	Yellow	Ribo_ND_366175	0	0.9228897	1	False	1	False	1	False	/workspace/cruci-classifier/results/grid_esm35m_e50/Sdomain/Yellow/eval/test_eval_results.csv	0	0.5087921023368835	Ribo_ND_366175	184	184	0	0	S_domain	Ribo_ND_366175	Ribo_ND_366175|Sdomain|Yellow|record0	0	rna_virus	Yellow	Yellow	0.9228897	1	1	False	False	frozen_esm2_35m_head	Blue,Green,Purple,Red	Yellow	strong_crucivirus_like	True	True	True	rna_virus_scored_crucivirus_like	0.9228897			
Sdomain	Yellow	Ribo_ND_159691	0	0.92147976	1	False	1	False	1	False	/workspace/cruci-classifier/results/grid_esm35m_e50/Sdomain/Yellow/eval/test_eval_results.csv	0	0.5087921023368835	Ribo_ND_159691	179	179	0	0	S_domain	Ribo_ND_159691	Ribo_ND_159691|Sdomain|Yellow|record0	0	rna_virus	Yellow	Yellow	0.92147976	1	1	False	False	frozen_esm2_35m_head	Blue,Green,Purple,Red	Yellow	strong_crucivirus_like	True	True	True	rna_virus_scored_crucivirus_like	0.92147976			
Rdomain	Green	Cruci_CruV_532	1	0.078701586	0	False	0	False	0	False	/workspace/cruci-classifier/results/grid_esm35m_e50/Rdomain/Green/eval/test_eval_results.csv	0	0.5166996717453003	Cruci_CruV_532	184	184	0	0	R_domain	Cruci_CruV_532	Cruci_CruV_532|Rdomain|Green|record0	1	crucivirus	Green	Green	0.078701586	0	0	False	False	frozen_esm2_35m_head	Blue,Purple,Red,Yellow	Green	strong_rna_like	True	True	True	crucivirus_scored_rna_like	0.921298414			
Rdomain	Red	Ribo_ND_030168	0	0.9178825	1	False	1	False	1	False	/workspace/cruci-classifier/results/grid_esm35m_e50/Rdomain/Red/eval/test_eval_results.csv	0	0.512529730796814	Ribo_ND_030168	160	160	0	0	R_domain	Ribo_ND_030168	Ribo_ND_030168|Rdomain|Red|record0	0	rna_virus	Red	Red	0.9178825	1	1	False	False	frozen_esm2_35m_head	Blue,Green,Purple,Yellow	Red	strong_crucivirus_like	True	True	True	rna_virus_scored_crucivirus_like	0.9178825			
fullCP	Purple	Cruci_CruV_265	1	0.083502315	0	False	0	False	0	False	/workspace/cruci-classifier/results/grid_esm35m_e50/fullCP/Purple/eval/test_eval_results.csv	0	0.4988135993480682	Cruci_CruV_265	445	446	1	0	full_capsid	Cruci_CruV_265	Cruci_CruV_265|fullCP|Purple|record0	1	crucivirus	Purple	Purple	0.083502315	0	0	False	False	frozen_esm2_35m_head	Blue,Green,Red,Yellow	Purple	strong_rna_like	True	True	True	crucivirus_scored_rna_like	0.916497685			
Sdomain	Yellow	Ribo_ND_138880	0	0.91313004	1	False	1	False	1	False	/workspace/cruci-classifier/results/grid_esm35m_e50/Sdomain/Yellow/eval/test_eval_results.csv	0	0.5087921023368835	Ribo_ND_138880	177	177	0	0	S_domain	Ribo_ND_138880	Ribo_ND_138880|Sdomain|Yellow|record0	0	rna_virus	Yellow	Yellow	0.91313004	1	1	False	False	frozen_esm2_35m_head	Blue,Green,Purple,Red	Yellow	strong_crucivirus_like	True	True	True	rna_virus_scored_crucivirus_like	0.91313004			
Sdomain	Yellow	Ribo_ND_203487	0	0.91251314	1	False	1	False	1	False	/workspace/cruci-classifier/results/grid_esm35m_e50/Sdomain/Yellow/eval/test_eval_results.csv	0	0.5087921023368835	Ribo_ND_203487	187	187	0	0	S_domain	Ribo_ND_203487	Ribo_ND_203487|Sdomain|Yellow|record0	0	rna_virus	Yellow	Yellow	0.91251314	1	1	False	False	frozen_esm2_35m_head	Blue,Green,Purple,Red	Yellow	strong_crucivirus_like	True	True	True	rna_virus_scored_crucivirus_like	0.91251314			
Sdomain	Yellow	Ribo_ND_054075	0	0.9112026	1	False	1	False	1	False	/workspace/cruci-classifier/results/grid_esm35m_e50/Sdomain/Yellow/eval/test_eval_results.csv	0	0.5087921023368835	Ribo_ND_054075	177	177	0	0	S_domain	Ribo_ND_054075	Ribo_ND_054075|Sdomain|Yellow|record0	0	rna_virus	Yellow	Yellow	0.9112026	1	1	False	False	frozen_esm2_35m_head	Blue,Green,Purple,Red	Yellow	strong_crucivirus_like	True	True	True	rna_virus_scored_crucivirus_like	0.9112026			
Rdomain	Yellow	Ribo_JAAOEH010001460.1	0	0.9092589	1	False	1	False	1	False	/workspace/cruci-classifier/results/grid_esm35m_e50/Rdomain/Yellow/eval/test_eval_results.csv	0	0.471052885055542	Ribo_JAAOEH010001460.1	4	4	0	0	R_domain	Ribo_JAAOEH010001460.1	Ribo_JAAOEH010001460.1|Rdomain|Yellow|record0	0	rna_virus	Yellow	Yellow	0.9092589	1	1	False	False	frozen_esm2_35m_head	Blue,Green,Purple,Red	Yellow	strong_crucivirus_like	True	True	True	rna_virus_scored_crucivirus_like	0.9092589			
Sdomain	Yellow	Ribo_ND_176115	0	0.9086016	1	False	1	False	1	False	/workspace/cruci-classifier/results/grid_esm35m_e50/Sdomain/Yellow/eval/test_eval_results.csv	0	0.5087921023368835	Ribo_ND_176115	177	177	0	0	S_domain	Ribo_ND_176115	Ribo_ND_176115|Sdomain|Yellow|record0	0	rna_virus	Yellow	Yellow	0.9086016	1	1	False	False	frozen_esm2_35m_head	Blue,Green,Purple,Red	Yellow	strong_crucivirus_like	True	True	True	rna_virus_scored_crucivirus_like	0.9086016			
fullCP	Green	Cruci_CruV-842	1	0.09154635	0	False	0	False	0	False	/workspace/cruci-classifier/results/grid_esm35m_e50/fullCP/Green/eval/test_eval_results.csv	0	0.4995022118091583	Cruci_CruV-842	629	629	0	0	full_capsid	Cruci_CruV-842	Cruci_CruV-842|fullCP|Green|record0	1	crucivirus	Green	Green	0.09154635	0	0	False	False	frozen_esm2_35m_head	Blue,Purple,Red,Yellow	Green	strong_rna_like	True	True	True	crucivirus_scored_rna_like	0.90845365			
Rdomain	Blue	Cruci_CruV_158	1	0.091904715	0	False	0	False	0	False	/workspace/cruci-classifier/results/grid_esm35m_e50/Rdomain/Blue/eval/test_eval_results.csv	0	0.4960196018218994	Cruci_CruV_158	101	101	0	0	R_domain	Cruci_CruV_158	Cruci_CruV_158|Rdomain|Blue|record0	1	crucivirus	Blue	Blue	0.091904715	0	0	False	False	frozen_esm2_35m_head	Green,Purple,Red,Yellow	Blue	strong_rna_like	True	True	True	crucivirus_scored_rna_like	0.908095285			
Rdomain	Purple	Cruci_CruV_130	1	0.09312254	0	False	0	False	0	False	/workspace/cruci-classifier/results/grid_esm35m_e50/Rdomain/Purple/eval/test_eval_results.csv	0	0.5012195110321045	Cruci_CruV_130	93	93	0	0	R_domain	Cruci_CruV_130	Cruci_CruV_130|Rdomain|Purple|record0	1	crucivirus	Purple	Purple	0.09312254	0	0	False	False	frozen_esm2_35m_head	Blue,Green,Red,Yellow	Purple	strong_rna_like	True	True	True	crucivirus_scored_rna_like	0.90687746			
Sdomain	Yellow	Ribo_ND_210241	0	0.90614426	1	False	1	False	1	False	/workspace/cruci-classifier/results/grid_esm35m_e50/Sdomain/Yellow/eval/test_eval_results.csv	0	0.5087921023368835	Ribo_ND_210241	196	196	0	0	S_domain	Ribo_ND_210241	Ribo_ND_210241|Sdomain|Yellow|record0	0	rna_virus	Yellow	Yellow	0.90614426	1	1	False	False	frozen_esm2_35m_head	Blue,Green,Purple,Red	Yellow	strong_crucivirus_like	True	True	True	rna_virus_scored_crucivirus_like	0.90614426			
Sdomain	Green	Cruci_CruV_477	1	0.09389433	0	False	0	False	0	False	/workspace/cruci-classifier/results/grid_esm35m_e50/Sdomain/Green/eval/test_eval_results.csv	0	0.5480888485908508	Cruci_CruV_477	198	198	0	0	S_domain	Cruci_CruV_477	Cruci_CruV_477|Sdomain|Green|record0	1	crucivirus	Green	Green	0.09389433	0	0	False	False	frozen_esm2_35m_head	Blue,Purple,Red,Yellow	Green	strong_rna_like	True	True	True	crucivirus_scored_rna_like	0.90610567			
Rdomain	Blue	Ribo_ND_093303	0	0.9056941	1	False	1	False	1	False	/workspace/cruci-classifier/results/grid_esm35m_e50/Rdomain/Blue/eval/test_eval_results.csv	0	0.4960196018218994	Ribo_ND_093303	118	118	0	0	R_domain	Ribo_ND_093303	Ribo_ND_093303|Rdomain|Blue|record0	0	rna_virus	Blue	Blue	0.9056941	1	1	False	False	frozen_esm2_35m_head	Green,Purple,Red,Yellow	Blue	strong_crucivirus_like	True	True	True	rna_virus_scored_crucivirus_like	0.9056941			
Sdomain	Green	Cruci_CruV-933	1	0.094475016	0	False	0	False	0	False	/workspace/cruci-classifier/results/grid_esm35m_e50/Sdomain/Green/eval/test_eval_results.csv	0	0.5480888485908508	Cruci_CruV-933	179	179	0	0	S_domain	Cruci_CruV-933	Cruci_CruV-933|Sdomain|Green|record0	1	crucivirus	Green	Green	0.094475016	0	0	False	False	frozen_esm2_35m_head	Blue,Purple,Red,Yellow	Green	strong_rna_like	True	True	True	crucivirus_scored_rna_like	0.905524984			
Sdomain	Yellow	Ribo_ND_166707	0	0.90510315	1	False	1	False	1	False	/workspace/cruci-classifier/results/grid_esm35m_e50/Sdomain/Yellow/eval/test_eval_results.csv	0	0.5087921023368835	Ribo_ND_166707	179	179	0	0	S_domain	Ribo_ND_166707	Ribo_ND_166707|Sdomain|Yellow|record0	0	rna_virus	Yellow	Yellow	0.90510315	1	1	False	False	frozen_esm2_35m_head	Blue,Green,Purple,Red	Yellow	strong_crucivirus_like	True	True	True	rna_virus_scored_crucivirus_like	0.90510315			
Sdomain	Yellow	Ribo_ND_179935	0	0.9049932	1	False	1	False	1	False	/workspace/cruci-classifier/results/grid_esm35m_e50/Sdomain/Yellow/eval/test_eval_results.csv	0	0.5087921023368835	Ribo_ND_179935	187	187	0	0	S_domain	Ribo_ND_179935	Ribo_ND_179935|Sdomain|Yellow|record0	0	rna_virus	Yellow	Yellow	0.9049932	1	1	False	False	frozen_esm2_35m_head	Blue,Green,Purple,Red	Yellow	strong_crucivirus_like	True	True	True	rna_virus_scored_crucivirus_like	0.9049932			
Rdomain	Yellow	Ribo_ND_025139	0	0.90320224	1	False	1	False	1	False	/workspace/cruci-classifier/results/grid_esm35m_e50/Rdomain/Yellow/eval/test_eval_results.csv	0	0.471052885055542	Ribo_ND_025139	92	92	0	0	R_domain	Ribo_ND_025139	Ribo_ND_025139|Rdomain|Yellow|record0	0	rna_virus	Yellow	Yellow	0.90320224	1	1	False	False	frozen_esm2_35m_head	Blue,Green,Purple,Red	Yellow	strong_crucivirus_like	True	True	True	rna_virus_scored_crucivirus_like	0.90320224			
fullCP	Green	Cruci_CruV_489	1	0.09701929	0	False	0	False	0	False	/workspace/cruci-classifier/results/grid_esm35m_e50/fullCP/Green/eval/test_eval_results.csv	0	0.4995022118091583	Cruci_CruV_489	476	477	1	0	full_capsid	Cruci_CruV_489	Cruci_CruV_489|fullCP|Green|record0	1	crucivirus	Green	Green	0.09701929	0	0	False	False	frozen_esm2_35m_head	Blue,Purple,Red,Yellow	Green	strong_rna_like	True	True	True	crucivirus_scored_rna_like	0.90298071			
Sdomain	Green	Cruci_CruV_377	1	0.09874059	0	False	0	False	0	False	/workspace/cruci-classifier/results/grid_esm35m_e50/Sdomain/Green/eval/test_eval_results.csv	0	0.5480888485908508	Cruci_CruV_377	169	169	0	0	S_domain	Cruci_CruV_377	Cruci_CruV_377|Sdomain|Green|record0	1	crucivirus	Green	Green	0.09874059	0	0	False	False	frozen_esm2_35m_head	Blue,Purple,Red,Yellow	Green	strong_rna_like	True	True	True	crucivirus_scored_rna_like	0.90125941			
Rdomain	Blue	Cruci_CruV-759	1	0.099964745	0	False	0	False	0	False	/workspace/cruci-classifier/results/grid_esm35m_e50/Rdomain/Blue/eval/test_eval_results.csv	0	0.4960196018218994	Cruci_CruV-759	232	232	0	0	R_domain	Cruci_CruV-759	Cruci_CruV-759|Rdomain|Blue|record0	1	crucivirus	Blue	Blue	0.099964745	0	0	False	False	frozen_esm2_35m_head	Green,Purple,Red,Yellow	Blue	strong_rna_like	True	True	True	crucivirus_scored_rna_like	0.900035255			
Sdomain	Green	Cruci_CruV_399	1	0.10004337	0	False	0	False	0	False	/workspace/cruci-classifier/results/grid_esm35m_e50/Sdomain/Green/eval/test_eval_results.csv	0	0.5480888485908508	Cruci_CruV_399	181	181	0	0	S_domain	Cruci_CruV_399	Cruci_CruV_399|Sdomain|Green|record0	1	crucivirus	Green	Green	0.10004337	0	0	False	False	frozen_esm2_35m_head	Blue,Purple,Red,Yellow	Green	strong_rna_like	True	True	True	crucivirus_scored_rna_like	0.89995663			
Rdomain	Blue	Ribo_ND_030566	0	0.8992296	1	False	1	False	1	False	/workspace/cruci-classifier/results/grid_esm35m_e50/Rdomain/Blue/eval/test_eval_results.csv	0	0.4960196018218994	Ribo_ND_030566	106	106	0	0	R_domain	Ribo_ND_030566	Ribo_ND_030566|Rdomain|Blue|record0	0	rna_virus	Blue	Blue	0.8992296	1	1	False	False	frozen_esm2_35m_head	Green,Purple,Red,Yellow	Blue	strong_crucivirus_like	True	True	True	rna_virus_scored_crucivirus_like	0.8992296			
Sdomain	Yellow	Ribo_ND_034853	0	0.8974837	1	False	1	False	1	False	/workspace/cruci-classifier/results/grid_esm35m_e50/Sdomain/Yellow/eval/test_eval_results.csv	0	0.5087921023368835	Ribo_ND_034853	177	177	0	0	S_domain	Ribo_ND_034853	Ribo_ND_034853|Sdomain|Yellow|record0	0	rna_virus	Yellow	Yellow	0.8974837	1	1	False	False	frozen_esm2_35m_head	Blue,Green,Purple,Red	Yellow	strong_crucivirus_like	True	True	True	rna_virus_scored_crucivirus_like	0.8974837			
Sdomain	Yellow	Ribo_ND_249650	0	0.8974721	1	False	1	False	1	False	/workspace/cruci-classifier/results/grid_esm35m_e50/Sdomain/Yellow/eval/test_eval_results.csv	0	0.5087921023368835	Ribo_ND_249650	177	177	0	0	S_domain	Ribo_ND_249650	Ribo_ND_249650|Sdomain|Yellow|record0	0	rna_virus	Yellow	Yellow	0.8974721	1	1	False	False	frozen_esm2_35m_head	Blue,Green,Purple,Red	Yellow	strong_crucivirus_like	True	True	True	rna_virus_scored_crucivirus_like	0.8974721			
Pdomain	Purple	Cruci_CruV-735	1	0.10430058	0	False	0	False	0	False	/workspace/cruci-classifier/results/grid_esm35m_e50/Pdomain/Purple/eval/test_eval_results.csv	0	0.4982953071594238	Cruci_CruV-735	269	269	0	0	P_domain	Cruci_CruV-735	Cruci_CruV-735|Pdomain|Purple|record0	1	crucivirus	Purple	Purple	0.10430058	0	0	False	False	frozen_esm2_35m_head	Blue,Green,Red,Yellow	Purple	strong_rna_like	True	True	True	crucivirus_scored_rna_like	0.89569942			
Pdomain	Purple	Cruci_CruV-785	1	0.10531641	0	False	0	False	0	False	/workspace/cruci-classifier/results/grid_esm35m_e50/Pdomain/Purple/eval/test_eval_results.csv	0	0.4982953071594238	Cruci_CruV-785	8	8	0	0	P_domain	Cruci_CruV-785	Cruci_CruV-785|Pdomain|Purple|record0	1	crucivirus	Purple	Purple	0.10531641	0	0	False	False	frozen_esm2_35m_head	Blue,Green,Red,Yellow	Purple	strong_rna_like	True	True	True	crucivirus_scored_rna_like	0.89468359			
Pdomain	Green	Cruci_CruV-965	1	0.10555115	0	False	0	False	0	False	/workspace/cruci-classifier/results/grid_esm35m_e50/Pdomain/Green/eval/test_eval_results.csv	0	0.5002309083938599	Cruci_CruV-965	131	131	0	0	P_domain	Cruci_CruV-965	Cruci_CruV-965|Pdomain|Green|record0	1	crucivirus	Green	Green	0.10555115	0	0	False	False	frozen_esm2_35m_head	Blue,Purple,Red,Yellow	Green	strong_rna_like	True	True	True	crucivirus_scored_rna_like	0.89444885			
Pdomain	Green	Cruci_CruV-966	1	0.10555115	0	False	0	False	0	False	/workspace/cruci-classifier/results/grid_esm35m_e50/Pdomain/Green/eval/test_eval_results.csv	0	0.5002309083938599	Cruci_CruV-966	131	131	0	0	P_domain	Cruci_CruV-966	Cruci_CruV-966|Pdomain|Green|record0	1	crucivirus	Green	Green	0.10555115	0	0	False	False	frozen_esm2_35m_head	Blue,Purple,Red,Yellow	Green	strong_rna_like	True	True	True	crucivirus_scored_rna_like	0.89444885			
Rdomain	Yellow	Ribo_ND_391165	0	0.89341116	1	False	1	False	1	False	/workspace/cruci-classifier/results/grid_esm35m_e50/Rdomain/Yellow/eval/test_eval_results.csv	0	0.471052885055542	Ribo_ND_391165	139	139	0	0	R_domain	Ribo_ND_391165	Ribo_ND_391165|Rdomain|Yellow|record0	0	rna_virus	Yellow	Yellow	0.89341116	1	1	False	False	frozen_esm2_35m_head	Blue,Green,Purple,Red	Yellow	strong_crucivirus_like	True	True	True	rna_virus_scored_crucivirus_like	0.89341116			
fullCP	Purple	Cruci_CruV_266	1	0.10774815	0	False	0	False	0	False	/workspace/cruci-classifier/results/grid_esm35m_e50/fullCP/Purple/eval/test_eval_results.csv	0	0.4988135993480682	Cruci_CruV_266	510	511	1	0	full_capsid	Cruci_CruV_266	Cruci_CruV_266|fullCP|Purple|record0	1	crucivirus	Purple	Purple	0.10774815	0	0	False	False	frozen_esm2_35m_head	Blue,Green,Red,Yellow	Purple	strong_rna_like	True	True	True	crucivirus_scored_rna_like	0.89225185			
Sdomain	Yellow	Ribo_ND_301024	0	0.8918028	1	False	1	False	1	False	/workspace/cruci-classifier/results/grid_esm35m_e50/Sdomain/Yellow/eval/test_eval_results.csv	0	0.5087921023368835	Ribo_ND_301024	177	177	0	0	S_domain	Ribo_ND_301024	Ribo_ND_301024|Sdomain|Yellow|record0	0	rna_virus	Yellow	Yellow	0.8918028	1	1	False	False	frozen_esm2_35m_head	Blue,Green,Purple,Red	Yellow	strong_crucivirus_like	True	True	True	rna_virus_scored_crucivirus_like	0.8918028			
Rdomain	Blue	Ribo_ND_207626	0	0.8907192	1	False	1	False	1	False	/workspace/cruci-classifier/results/grid_esm35m_e50/Rdomain/Blue/eval/test_eval_results.csv	0	0.4960196018218994	Ribo_ND_207626	104	104	0	0	R_domain	Ribo_ND_207626	Ribo_ND_207626|Rdomain|Blue|record0	0	rna_virus	Blue	Blue	0.8907192	1	1	False	False	frozen_esm2_35m_head	Green,Purple,Red,Yellow	Blue	strong_crucivirus_like	True	True	True	rna_virus_scored_crucivirus_like	0.8907192			
Sdomain	Yellow	Ribo_ND_152263	0	0.8898956	1	False	1	False	1	False	/workspace/cruci-classifier/results/grid_esm35m_e50/Sdomain/Yellow/eval/test_eval_results.csv	0	0.5087921023368835	Ribo_ND_152263	177	177	0	0	S_domain	Ribo_ND_152263	Ribo_ND_152263|Sdomain|Yellow|record0	0	rna_virus	Yellow	Yellow	0.8898956	1	1	False	False	frozen_esm2_35m_head	Blue,Green,Purple,Red	Yellow	strong_crucivirus_like	True	True	True	rna_virus_scored_crucivirus_like	0.8898956			
Pdomain	Yellow	Ribo_ND_155710	0	0.8887205	1	False	1	False	1	False	/workspace/cruci-classifier/results/grid_esm35m_e50/Pdomain/Yellow/eval/test_eval_results.csv	0	0.4989717900753021	Ribo_ND_155710	159	159	0	0	P_domain	Ribo_ND_155710	Ribo_ND_155710|Pdomain|Yellow|record0	0	rna_virus	Yellow	Yellow	0.8887205	1	1	False	False	frozen_esm2_35m_head	Blue,Green,Purple,Red	Yellow	strong_crucivirus_like	True	True	True	rna_virus_scored_crucivirus_like	0.8887205			
Sdomain	Yellow	Ribo_ND_176110	0	0.888494	1	False	1	False	1	False	/workspace/cruci-classifier/results/grid_esm35m_e50/Sdomain/Yellow/eval/test_eval_results.csv	0	0.5087921023368835	Ribo_ND_176110	177	177	0	0	S_domain	Ribo_ND_176110	Ribo_ND_176110|Sdomain|Yellow|record0	0	rna_virus	Yellow	Yellow	0.888494	1	1	False	False	frozen_esm2_35m_head	Blue,Green,Purple,Red	Yellow	strong_crucivirus_like	True	True	True	rna_virus_scored_crucivirus_like	0.888494			
Sdomain	Purple	Ribo_ND_037751	0	0.887739	1	False	1	False	1	False	/workspace/cruci-classifier/results/grid_esm35m_e50/Sdomain/Purple/eval/test_eval_results.csv	0	0.5010125041007996	Ribo_ND_037751	174	174	0	0	S_domain	Ribo_ND_037751	Ribo_ND_037751|Sdomain|Purple|record0	0	rna_virus	Purple	Purple	0.887739	1	1	False	False	frozen_esm2_35m_head	Blue,Green,Red,Yellow	Purple	strong_crucivirus_like	True	True	True	rna_virus_scored_crucivirus_like	0.887739			
Pdomain	Purple	Cruci_CruV_379	1	0.1132826	0	False	0	False	0	False	/workspace/cruci-classifier/results/grid_esm35m_e50/Pdomain/Purple/eval/test_eval_results.csv	0	0.4982953071594238	Cruci_CruV_379	159	159	0	0	P_domain	Cruci_CruV_379	Cruci_CruV_379|Pdomain|Purple|record0	1	crucivirus	Purple	Purple	0.1132826	0	0	False	False	frozen_esm2_35m_head	Blue,Green,Red,Yellow	Purple	strong_rna_like	True	True	True	crucivirus_scored_rna_like	0.8867174			
Rdomain	Yellow	Ribo_ND_281099	0	0.88646054	1	False	1	False	1	False	/workspace/cruci-classifier/results/grid_esm35m_e50/Rdomain/Yellow/eval/test_eval_results.csv	0	0.471052885055542	Ribo_ND_281099	121	121	0	0	R_domain	Ribo_ND_281099	Ribo_ND_281099|Rdomain|Yellow|record0	0	rna_virus	Yellow	Yellow	0.88646054	1	1	False	False	frozen_esm2_35m_head	Blue,Green,Purple,Red	Yellow	strong_crucivirus_like	True	True	True	rna_virus_scored_crucivirus_like	0.88646054			
Sdomain	Yellow	Ribo_ND_084065	0	0.885826	1	False	1	False	1	False	/workspace/cruci-classifier/results/grid_esm35m_e50/Sdomain/Yellow/eval/test_eval_results.csv	0	0.5087921023368835	Ribo_ND_084065	177	177	0	0	S_domain	Ribo_ND_084065	Ribo_ND_084065|Sdomain|Yellow|record0	0	rna_virus	Yellow	Yellow	0.885826	1	1	False	False	frozen_esm2_35m_head	Blue,Green,Purple,Red	Yellow	strong_crucivirus_like	True	True	True	rna_virus_scored_crucivirus_like	0.885826			
Sdomain	Yellow	Ribo_ND_204147	0	0.8853086	1	False	1	False	1	False	/workspace/cruci-classifier/results/grid_esm35m_e50/Sdomain/Yellow/eval/test_eval_results.csv	0	0.5087921023368835	Ribo_ND_204147	177	177	0	0	S_domain	Ribo_ND_204147	Ribo_ND_204147|Sdomain|Yellow|record0	0	rna_virus	Yellow	Yellow	0.8853086	1	1	False	False	frozen_esm2_35m_head	Blue,Green,Purple,Red	Yellow	strong_crucivirus_like	True	True	True	rna_virus_scored_crucivirus_like	0.8853086			
Rdomain	Green	Cruci_CruV-968	1	0.11469395	0	False	0	False	0	False	/workspace/cruci-classifier/results/grid_esm35m_e50/Rdomain/Green/eval/test_eval_results.csv	0	0.5166996717453003	Cruci_CruV-968	29	29	0	0	R_domain	Cruci_CruV-968	Cruci_CruV-968|Rdomain|Green|record0	1	crucivirus	Green	Green	0.11469395	0	0	False	False	frozen_esm2_35m_head	Blue,Purple,Red,Yellow	Green	strong_rna_like	True	True	True	crucivirus_scored_rna_like	0.88530605			
Rdomain	Red	Cruci_CruV_523	1	0.11534906	0	False	0	False	0	False	/workspace/cruci-classifier/results/grid_esm35m_e50/Rdomain/Red/eval/test_eval_results.csv	0	0.512529730796814	Cruci_CruV_523	88	88	0	0	R_domain	Cruci_CruV_523	Cruci_CruV_523|Rdomain|Red|record0	1	crucivirus	Red	Red	0.11534906	0	0	False	False	frozen_esm2_35m_head	Blue,Green,Purple,Yellow	Red	strong_rna_like	True	True	True	crucivirus_scored_rna_like	0.88465094			
fullCP	Blue	Ribo_ND_183795	0	0.8837335	1	False	1	False	1	False	/workspace/cruci-classifier/results/grid_esm35m_e50/fullCP/Blue/eval/test_eval_results.csv	0	0.4914703667163849	Ribo_ND_183795	539	540	1	0	full_capsid	Ribo_ND_183795	Ribo_ND_183795|fullCP|Blue|record0	0	rna_virus	Blue	Blue	0.8837335	1	1	False	False	frozen_esm2_35m_head	Green,Purple,Red,Yellow	Blue	strong_crucivirus_like	True	True	True	rna_virus_scored_crucivirus_like	0.8837335			
Sdomain	Yellow	Ribo_ND_385092	0	0.8833676	1	False	1	False	1	False	/workspace/cruci-classifier/results/grid_esm35m_e50/Sdomain/Yellow/eval/test_eval_results.csv	0	0.5087921023368835	Ribo_ND_385092	202	202	0	0	S_domain	Ribo_ND_385092	Ribo_ND_385092|Sdomain|Yellow|record0	0	rna_virus	Yellow	Yellow	0.8833676	1	1	False	False	frozen_esm2_35m_head	Blue,Green,Purple,Red	Yellow	strong_crucivirus_like	True	True	True	rna_virus_scored_crucivirus_like	0.8833676			
Sdomain	Yellow	Ribo_ND_046666	0	0.8821539	1	False	1	False	1	False	/workspace/cruci-classifier/results/grid_esm35m_e50/Sdomain/Yellow/eval/test_eval_results.csv	0	0.5087921023368835	Ribo_ND_046666	179	179	0	0	S_domain	Ribo_ND_046666	Ribo_ND_046666|Sdomain|Yellow|record0	0	rna_virus	Yellow	Yellow	0.8821539	1	1	False	False	frozen_esm2_35m_head	Blue,Green,Purple,Red	Yellow	strong_crucivirus_like	True	True	True	rna_virus_scored_crucivirus_like	0.8821539			
Rdomain	Purple	Cruci_CruV_86	1	0.11825183	0	False	0	False	0	False	/workspace/cruci-classifier/results/grid_esm35m_e50/Rdomain/Purple/eval/test_eval_results.csv	0	0.5012195110321045	Cruci_CruV_86	92	92	0	0	R_domain	Cruci_CruV_86	Cruci_CruV_86|Rdomain|Purple|record0	1	crucivirus	Purple	Purple	0.11825183	0	0	False	False	frozen_esm2_35m_head	Blue,Green,Red,Yellow	Purple	strong_rna_like	True	True	True	crucivirus_scored_rna_like	0.88174817			
Sdomain	Yellow	Ribo_ND_030231	0	0.881509	1	False	1	False	1	False	/workspace/cruci-classifier/results/grid_esm35m_e50/Sdomain/Yellow/eval/test_eval_results.csv	0	0.5087921023368835	Ribo_ND_030231	177	177	0	0	S_domain	Ribo_ND_030231	Ribo_ND_030231|Sdomain|Yellow|record0	0	rna_virus	Yellow	Yellow	0.881509	1	1	False	False	frozen_esm2_35m_head	Blue,Green,Purple,Red	Yellow	strong_crucivirus_like	True	True	True	rna_virus_scored_crucivirus_like	0.881509			
Rdomain	Yellow	Ribo_Ga0058858_1169066	0	0.8810189	1	False	1	False	1	False	/workspace/cruci-classifier/results/grid_esm35m_e50/Rdomain/Yellow/eval/test_eval_results.csv	0	0.471052885055542	Ribo_Ga0058858_1169066	130	130	0	0	R_domain	Ribo_Ga0058858_1169066	Ribo_Ga0058858_1169066|Rdomain|Yellow|record0	0	rna_virus	Yellow	Yellow	0.8810189	1	1	False	False	frozen_esm2_35m_head	Blue,Green,Purple,Red	Yellow	strong_crucivirus_like	True	True	True	rna_virus_scored_crucivirus_like	0.8810189			
Rdomain	Green	Ribo_ND_363188	0	0.880195	1	False	1	False	1	False	/workspace/cruci-classifier/results/grid_esm35m_e50/Rdomain/Green/eval/test_eval_results.csv	0	0.5166996717453003	Ribo_ND_363188	114	114	0	0	R_domain	Ribo_ND_363188	Ribo_ND_363188|Rdomain|Green|record0	0	rna_virus	Green	Green	0.880195	1	1	False	False	frozen_esm2_35m_head	Blue,Purple,Red,Yellow	Green	strong_crucivirus_like	True	True	True	rna_virus_scored_crucivirus_like	0.880195			
Sdomain	Yellow	Ribo_ND_037368	0	0.87968993	1	False	1	False	1	False	/workspace/cruci-classifier/results/grid_esm35m_e50/Sdomain/Yellow/eval/test_eval_results.csv	0	0.5087921023368835	Ribo_ND_037368	177	177	0	0	S_domain	Ribo_ND_037368	Ribo_ND_037368|Sdomain|Yellow|record0	0	rna_virus	Yellow	Yellow	0.87968993	1	1	False	False	frozen_esm2_35m_head	Blue,Green,Purple,Red	Yellow	strong_crucivirus_like	True	True	True	rna_virus_scored_crucivirus_like	0.87968993			
Pdomain	Blue	Ribo_ND_249648	0	0.8793555	1	False	1	False	1	False	/workspace/cruci-classifier/results/grid_esm35m_e50/Pdomain/Blue/eval/test_eval_results.csv	0	0.4954362213611603	Ribo_ND_249648	160	160	0	0	P_domain	Ribo_ND_249648	Ribo_ND_249648|Pdomain|Blue|record0	0	rna_virus	Blue	Blue	0.8793555	1	1	False	False	frozen_esm2_35m_head	Green,Purple,Red,Yellow	Blue	strong_crucivirus_like	True	True	True	rna_virus_scored_crucivirus_like	0.8793555			
Sdomain	Yellow	Ribo_ND_032229	0	0.87752783	1	False	1	False	1	False	/workspace/cruci-classifier/results/grid_esm35m_e50/Sdomain/Yellow/eval/test_eval_results.csv	0	0.5087921023368835	Ribo_ND_032229	177	177	0	0	S_domain	Ribo_ND_032229	Ribo_ND_032229|Sdomain|Yellow|record0	0	rna_virus	Yellow	Yellow	0.87752783	1	1	False	False	frozen_esm2_35m_head	Blue,Green,Purple,Red	Yellow	strong_crucivirus_like	True	True	True	rna_virus_scored_crucivirus_like	0.87752783			
fullCP	Blue	Ribo_ND_093303	0	0.8770797	1	False	1	False	1	False	/workspace/cruci-classifier/results/grid_esm35m_e50/fullCP/Blue/eval/test_eval_results.csv	0	0.4914703667163849	Ribo_ND_093303	516	517	1	0	full_capsid	Ribo_ND_093303	Ribo_ND_093303|fullCP|Blue|record0	0	rna_virus	Blue	Blue	0.8770797	1	1	False	False	frozen_esm2_35m_head	Green,Purple,Red,Yellow	Blue	strong_crucivirus_like	True	True	True	rna_virus_scored_crucivirus_like	0.8770797			
Rdomain	Yellow	Ribo_ND_180550	0	0.8763269	1	False	1	False	1	False	/workspace/cruci-classifier/results/grid_esm35m_e50/Rdomain/Yellow/eval/test_eval_results.csv	0	0.471052885055542	Ribo_ND_180550	149	149	0	0	R_domain	Ribo_ND_180550	Ribo_ND_180550|Rdomain|Yellow|record0	0	rna_virus	Yellow	Yellow	0.8763269	1	1	False	False	frozen_esm2_35m_head	Blue,Green,Purple,Red	Yellow	strong_crucivirus_like	True	True	True	rna_virus_scored_crucivirus_like	0.8763269			
Pdomain	Purple	Ribo_ND_112738	0	0.8712312	1	False	1	False	1	False	/workspace/cruci-classifier/results/grid_esm35m_e50/Pdomain/Purple/eval/test_eval_results.csv	0	0.4982953071594238	Ribo_ND_112738	177	177	0	0	P_domain	Ribo_ND_112738	Ribo_ND_112738|Pdomain|Purple|record0	0	rna_virus	Purple	Purple	0.8712312	1	1	False	False	frozen_esm2_35m_head	Blue,Green,Red,Yellow	Purple	strong_crucivirus_like	True	True	True	rna_virus_scored_crucivirus_like	0.8712312			
Rdomain	Yellow	Ribo_ND_131961	0	0.8701269	1	False	1	False	1	False	/workspace/cruci-classifier/results/grid_esm35m_e50/Rdomain/Yellow/eval/test_eval_results.csv	0	0.471052885055542	Ribo_ND_131961	88	88	0	0	R_domain	Ribo_ND_131961	Ribo_ND_131961|Rdomain|Yellow|record0	0	rna_virus	Yellow	Yellow	0.8701269	1	1	False	False	frozen_esm2_35m_head	Blue,Green,Purple,Red	Yellow	strong_crucivirus_like	True	True	True	rna_virus_scored_crucivirus_like	0.8701269			
fullCP	Green	Cruci_CruV_466	1	0.13097052	0	False	0	False	0	False	/workspace/cruci-classifier/results/grid_esm35m_e50/fullCP/Green/eval/test_eval_results.csv	0	0.4995022118091583	Cruci_CruV_466	325	326	1	0	full_capsid	Cruci_CruV_466	Cruci_CruV_466|fullCP|Green|record0	1	crucivirus	Green	Green	0.13097052	0	0	False	False	frozen_esm2_35m_head	Blue,Purple,Red,Yellow	Green	strong_rna_like	True	True	True	crucivirus_scored_rna_like	0.86902948			
Rdomain	Blue	Ribo_ND_183795	0	0.8676843	1	False	1	False	1	False	/workspace/cruci-classifier/results/grid_esm35m_e50/Rdomain/Blue/eval/test_eval_results.csv	0	0.4960196018218994	Ribo_ND_183795	104	104	0	0	R_domain	Ribo_ND_183795	Ribo_ND_183795|Rdomain|Blue|record0	0	rna_virus	Blue	Blue	0.8676843	1	1	False	False	frozen_esm2_35m_head	Green,Purple,Red,Yellow	Blue	strong_crucivirus_like	True	True	True	rna_virus_scored_crucivirus_like	0.8676843			
fullCP	Red	Ribo_ND_336310	0	0.867631	1	False	1	False	1	False	/workspace/cruci-classifier/results/grid_esm35m_e50/fullCP/Red/eval/test_eval_results.csv	0	0.4925376772880554	Ribo_ND_336310	598	599	1	0	full_capsid	Ribo_ND_336310	Ribo_ND_336310|fullCP|Red|record0	0	rna_virus	Red	Red	0.867631	1	1	False	False	frozen_esm2_35m_head	Blue,Green,Purple,Yellow	Red	strong_crucivirus_like	True	True	True	rna_virus_scored_crucivirus_like	0.867631			
Sdomain	Red	Cruci_CruV-902	1	0.13261804	0	False	0	False	0	False	/workspace/cruci-classifier/results/grid_esm35m_e50/Sdomain/Red/eval/test_eval_results.csv	0	0.4007981121540069	Cruci_CruV-902	194	194	0	0	S_domain	Cruci_CruV-902	Cruci_CruV-902|Sdomain|Red|record0	1	crucivirus	Red	Red	0.13261804	0	0	False	False	frozen_esm2_35m_head	Blue,Green,Purple,Yellow	Red	strong_rna_like	True	True	True	crucivirus_scored_rna_like	0.86738196			
Pdomain	Yellow	Ribo_ND_187628	0	0.8670475	1	False	1	False	1	False	/workspace/cruci-classifier/results/grid_esm35m_e50/Pdomain/Yellow/eval/test_eval_results.csv	0	0.4989717900753021	Ribo_ND_187628	174	174	0	0	P_domain	Ribo_ND_187628	Ribo_ND_187628|Pdomain|Yellow|record0	0	rna_virus	Yellow	Yellow	0.8670475	1	1	False	False	frozen_esm2_35m_head	Blue,Green,Purple,Red	Yellow	strong_crucivirus_like	True	True	True	rna_virus_scored_crucivirus_like	0.8670475			
Sdomain	Yellow	Ribo_ND_068189	0	0.86658466	1	False	1	False	1	False	/workspace/cruci-classifier/results/grid_esm35m_e50/Sdomain/Yellow/eval/test_eval_results.csv	0	0.5087921023368835	Ribo_ND_068189	175	175	0	0	S_domain	Ribo_ND_068189	Ribo_ND_068189|Sdomain|Yellow|record0	0	rna_virus	Yellow	Yellow	0.86658466	1	1	False	False	frozen_esm2_35m_head	Blue,Green,Purple,Red	Yellow	strong_crucivirus_like	True	True	True	rna_virus_scored_crucivirus_like	0.86658466			
Sdomain	Purple	Cruci_CruV-954	1	0.13511245	0	False	0	False	0	False	/workspace/cruci-classifier/results/grid_esm35m_e50/Sdomain/Purple/eval/test_eval_results.csv	0	0.5010125041007996	Cruci_CruV-954	201	201	0	0	S_domain	Cruci_CruV-954	Cruci_CruV-954|Sdomain|Purple|record0	1	crucivirus	Purple	Purple	0.13511245	0	0	False	False	frozen_esm2_35m_head	Blue,Green,Red,Yellow	Purple	strong_rna_like	True	True	True	crucivirus_scored_rna_like	0.86488755			
fullCP	Purple	Cruci_CruV_130	1	0.13542771	0	False	0	False	0	False	/workspace/cruci-classifier/results/grid_esm35m_e50/fullCP/Purple/eval/test_eval_results.csv	0	0.4988135993480682	Cruci_CruV_130	431	432	1	0	full_capsid	Cruci_CruV_130	Cruci_CruV_130|fullCP|Purple|record0	1	crucivirus	Purple	Purple	0.13542771	0	0	False	False	frozen_esm2_35m_head	Blue,Green,Red,Yellow	Purple	strong_rna_like	True	True	True	crucivirus_scored_rna_like	0.86457229			
Sdomain	Yellow	Ribo_ND_253618	0	0.8639658	1	False	1	False	1	False	/workspace/cruci-classifier/results/grid_esm35m_e50/Sdomain/Yellow/eval/test_eval_results.csv	0	0.5087921023368835	Ribo_ND_253618	177	177	0	0	S_domain	Ribo_ND_253618	Ribo_ND_253618|Sdomain|Yellow|record0	0	rna_virus	Yellow	Yellow	0.8639658	1	1	False	False	frozen_esm2_35m_head	Blue,Green,Purple,Red	Yellow	strong_crucivirus_like	True	True	True	rna_virus_scored_crucivirus_like	0.8639658			
Rdomain	Blue	Ribo_ND_028934	0	0.863863	1	False	1	False	1	False	/workspace/cruci-classifier/results/grid_esm35m_e50/Rdomain/Blue/eval/test_eval_results.csv	0	0.4960196018218994	Ribo_ND_028934	92	92	0	0	R_domain	Ribo_ND_028934	Ribo_ND_028934|Rdomain|Blue|record0	0	rna_virus	Blue	Blue	0.863863	1	1	False	False	frozen_esm2_35m_head	Green,Purple,Red,Yellow	Blue	strong_crucivirus_like	True	True	True	rna_virus_scored_crucivirus_like	0.863863			
Pdomain	Yellow	Ribo_ND_366332	0	0.8637606	1	False	1	False	1	False	/workspace/cruci-classifier/results/grid_esm35m_e50/Pdomain/Yellow/eval/test_eval_results.csv	0	0.4989717900753021	Ribo_ND_366332	185	185	0	0	P_domain	Ribo_ND_366332	Ribo_ND_366332|Pdomain|Yellow|record0	0	rna_virus	Yellow	Yellow	0.8637606	1	1	False	False	frozen_esm2_35m_head	Blue,Green,Purple,Red	Yellow	strong_crucivirus_like	True	True	True	rna_virus_scored_crucivirus_like	0.8637606			
Sdomain	Yellow	Ribo_ND_106166	0	0.86300653	1	False	1	False	1	False	/workspace/cruci-classifier/results/grid_esm35m_e50/Sdomain/Yellow/eval/test_eval_results.csv	0	0.5087921023368835	Ribo_ND_106166	178	178	0	0	S_domain	Ribo_ND_106166	Ribo_ND_106166|Sdomain|Yellow|record0	0	rna_virus	Yellow	Yellow	0.86300653	1	1	False	False	frozen_esm2_35m_head	Blue,Green,Purple,Red	Yellow	strong_crucivirus_like	True	True	True	rna_virus_scored_crucivirus_like	0.86300653			
Rdomain	Yellow	Ribo_ND_237007	0	0.8618039	1	False	1	False	1	False	/workspace/cruci-classifier/results/grid_esm35m_e50/Rdomain/Yellow/eval/test_eval_results.csv	0	0.471052885055542	Ribo_ND_237007	119	119	0	0	R_domain	Ribo_ND_237007	Ribo_ND_237007|Rdomain|Yellow|record0	0	rna_virus	Yellow	Yellow	0.8618039	1	1	False	False	frozen_esm2_35m_head	Blue,Green,Purple,Red	Yellow	strong_crucivirus_like	True	True	True	rna_virus_scored_crucivirus_like	0.8618039			
Rdomain	Yellow	Ribo_ND_299879	0	0.8613461	1	False	1	False	1	False	/workspace/cruci-classifier/results/grid_esm35m_e50/Rdomain/Yellow/eval/test_eval_results.csv	0	0.471052885055542	Ribo_ND_299879	124	124	0	0	R_domain	Ribo_ND_299879	Ribo_ND_299879|Rdomain|Yellow|record0	0	rna_virus	Yellow	Yellow	0.8613461	1	1	False	False	frozen_esm2_35m_head	Blue,Green,Purple,Red	Yellow	strong_crucivirus_like	True	True	True	rna_virus_scored_crucivirus_like	0.8613461			
Sdomain	Yellow	Ribo_ND_162910	0	0.86112106	1	False	1	False	1	False	/workspace/cruci-classifier/results/grid_esm35m_e50/Sdomain/Yellow/eval/test_eval_results.csv	0	0.5087921023368835	Ribo_ND_162910	178	178	0	0	S_domain	Ribo_ND_162910	Ribo_ND_162910|Sdomain|Yellow|record0	0	rna_virus	Yellow	Yellow	0.86112106	1	1	False	False	frozen_esm2_35m_head	Blue,Green,Purple,Red	Yellow	strong_crucivirus_like	True	True	True	rna_virus_scored_crucivirus_like	0.86112106			
Sdomain	Yellow	Ribo_ND_330301	0	0.86060476	1	False	1	False	1	False	/workspace/cruci-classifier/results/grid_esm35m_e50/Sdomain/Yellow/eval/test_eval_results.csv	0	0.5087921023368835	Ribo_ND_330301	179	179	0	0	S_domain	Ribo_ND_330301	Ribo_ND_330301|Sdomain|Yellow|record0	0	rna_virus	Yellow	Yellow	0.86060476	1	1	False	False	frozen_esm2_35m_head	Blue,Green,Purple,Red	Yellow	strong_crucivirus_like	True	True	True	rna_virus_scored_crucivirus_like	0.86060476			
Pdomain	Blue	Cruci_CruV_330	1	0.1394944	0	False	0	False	0	False	/workspace/cruci-classifier/results/grid_esm35m_e50/Pdomain/Blue/eval/test_eval_results.csv	0	0.4954362213611603	Cruci_CruV_330	167	167	0	0	P_domain	Cruci_CruV_330	Cruci_CruV_330|Pdomain|Blue|record0	1	crucivirus	Blue	Blue	0.1394944	0	0	False	False	frozen_esm2_35m_head	Green,Purple,Red,Yellow	Blue	strong_rna_like	True	True	True	crucivirus_scored_rna_like	0.8605056			
Rdomain	Yellow	Ribo_ND_203176	0	0.86004853	1	False	1	False	1	False	/workspace/cruci-classifier/results/grid_esm35m_e50/Rdomain/Yellow/eval/test_eval_results.csv	0	0.471052885055542	Ribo_ND_203176	119	119	0	0	R_domain	Ribo_ND_203176	Ribo_ND_203176|Rdomain|Yellow|record0	0	rna_virus	Yellow	Yellow	0.86004853	1	1	False	False	frozen_esm2_35m_head	Blue,Green,Purple,Red	Yellow	strong_crucivirus_like	True	True	True	rna_virus_scored_crucivirus_like	0.86004853			
fullCP	Green	Cruci_CruV_500	1	0.14215992	0	False	0	False	0	False	/workspace/cruci-classifier/results/grid_esm35m_e50/fullCP/Green/eval/test_eval_results.csv	0	0.4995022118091583	Cruci_CruV_500	580	581	1	0	full_capsid	Cruci_CruV_500	Cruci_CruV_500|fullCP|Green|record0	1	crucivirus	Green	Green	0.14215992	0	0	False	False	frozen_esm2_35m_head	Blue,Purple,Red,Yellow	Green	strong_rna_like	True	True	True	crucivirus_scored_rna_like	0.85784008			
Pdomain	Purple	Cruci_CruV_183	1	0.14493233	0	False	0	False	0	False	/workspace/cruci-classifier/results/grid_esm35m_e50/Pdomain/Purple/eval/test_eval_results.csv	0	0.4982953071594238	Cruci_CruV_183	237	237	0	0	P_domain	Cruci_CruV_183	Cruci_CruV_183|Pdomain|Purple|record0	1	crucivirus	Purple	Purple	0.14493233	0	0	False	False	frozen_esm2_35m_head	Blue,Green,Red,Yellow	Purple	strong_rna_like	True	True	True	crucivirus_scored_rna_like	0.85506767			
Pdomain	Yellow	Ribo_JAAOEH010001932.1	0	0.8546685	1	False	1	False	1	False	/workspace/cruci-classifier/results/grid_esm35m_e50/Pdomain/Yellow/eval/test_eval_results.csv	0	0.4989717900753021	Ribo_JAAOEH010001932.1	160	160	0	0	P_domain	Ribo_JAAOEH010001932.1	Ribo_JAAOEH010001932.1|Pdomain|Yellow|record0	0	rna_virus	Yellow	Yellow	0.8546685	1	1	False	False	frozen_esm2_35m_head	Blue,Green,Purple,Red	Yellow	strong_crucivirus_like	True	True	True	rna_virus_scored_crucivirus_like	0.8546685			
Pdomain	Yellow	Ribo_ND_025226	0	0.8546685	1	False	1	False	1	False	/workspace/cruci-classifier/results/grid_esm35m_e50/Pdomain/Yellow/eval/test_eval_results.csv	0	0.4989717900753021	Ribo_ND_025226	160	160	0	0	P_domain	Ribo_ND_025226	Ribo_ND_025226|Pdomain|Yellow|record0	0	rna_virus	Yellow	Yellow	0.8546685	1	1	False	False	frozen_esm2_35m_head	Blue,Green,Purple,Red	Yellow	strong_crucivirus_like	True	True	True	rna_virus_scored_crucivirus_like	0.8546685			
Sdomain	Yellow	Ribo_ND_100110	0	0.85423976	1	False	1	False	1	False	/workspace/cruci-classifier/results/grid_esm35m_e50/Sdomain/Yellow/eval/test_eval_results.csv	0	0.5087921023368835	Ribo_ND_100110	178	178	0	0	S_domain	Ribo_ND_100110	Ribo_ND_100110|Sdomain|Yellow|record0	0	rna_virus	Yellow	Yellow	0.85423976	1	1	False	False	frozen_esm2_35m_head	Blue,Green,Purple,Red	Yellow	strong_crucivirus_like	True	True	True	rna_virus_scored_crucivirus_like	0.85423976			
fullCP	Purple	Cruci_CruV_537	1	0.145897	0	False	0	False	0	False	/workspace/cruci-classifier/results/grid_esm35m_e50/fullCP/Purple/eval/test_eval_results.csv	0	0.4988135993480682	Cruci_CruV_537	481	482	1	0	full_capsid	Cruci_CruV_537	Cruci_CruV_537|fullCP|Purple|record0	1	crucivirus	Purple	Purple	0.145897	0	0	False	False	frozen_esm2_35m_head	Blue,Green,Red,Yellow	Purple	strong_rna_like	True	True	True	crucivirus_scored_rna_like	0.8541030000000001			
Rdomain	Yellow	Ribo_ND_100104	0	0.85402894	1	False	1	False	1	False	/workspace/cruci-classifier/results/grid_esm35m_e50/Rdomain/Yellow/eval/test_eval_results.csv	0	0.471052885055542	Ribo_ND_100104	84	84	0	0	R_domain	Ribo_ND_100104	Ribo_ND_100104|Rdomain|Yellow|record0	0	rna_virus	Yellow	Yellow	0.85402894	1	1	False	False	frozen_esm2_35m_head	Blue,Green,Purple,Red	Yellow	strong_crucivirus_like	True	True	True	rna_virus_scored_crucivirus_like	0.85402894			
Rdomain	Yellow	Ribo_ND_158134	0	0.8537017	1	False	1	False	1	False	/workspace/cruci-classifier/results/grid_esm35m_e50/Rdomain/Yellow/eval/test_eval_results.csv	0	0.471052885055542	Ribo_ND_158134	104	104	0	0	R_domain	Ribo_ND_158134	Ribo_ND_158134|Rdomain|Yellow|record0	0	rna_virus	Yellow	Yellow	0.8537017	1	1	False	False	frozen_esm2_35m_head	Blue,Green,Purple,Red	Yellow	strong_crucivirus_like	True	True	True	rna_virus_scored_crucivirus_like	0.8537017			
Sdomain	Yellow	Ribo_ND_092889	0	0.85312706	1	False	1	False	1	False	/workspace/cruci-classifier/results/grid_esm35m_e50/Sdomain/Yellow/eval/test_eval_results.csv	0	0.5087921023368835	Ribo_ND_092889	177	177	0	0	S_domain	Ribo_ND_092889	Ribo_ND_092889|Sdomain|Yellow|record0	0	rna_virus	Yellow	Yellow	0.85312706	1	1	False	False	frozen_esm2_35m_head	Blue,Green,Purple,Red	Yellow	strong_crucivirus_like	True	True	True	rna_virus_scored_crucivirus_like	0.85312706			
Rdomain	Purple	Cruci_CruV-847	1	0.14736277	0	False	0	False	0	False	/workspace/cruci-classifier/results/grid_esm35m_e50/Rdomain/Purple/eval/test_eval_results.csv	0	0.5012195110321045	Cruci_CruV-847	55	55	0	0	R_domain	Cruci_CruV-847	Cruci_CruV-847|Rdomain|Purple|record0	1	crucivirus	Purple	Purple	0.14736277	0	0	False	False	frozen_esm2_35m_head	Blue,Green,Red,Yellow	Purple	strong_rna_like	True	True	True	crucivirus_scored_rna_like	0.85263723			
Rdomain	Green	Cruci_CruV-932	1	0.1479839	0	False	0	False	0	False	/workspace/cruci-classifier/results/grid_esm35m_e50/Rdomain/Green/eval/test_eval_results.csv	0	0.5166996717453003	Cruci_CruV-932	28	28	0	0	R_domain	Cruci_CruV-932	Cruci_CruV-932|Rdomain|Green|record0	1	crucivirus	Green	Green	0.1479839	0	0	False	False	frozen_esm2_35m_head	Blue,Purple,Red,Yellow	Green	strong_rna_like	True	True	True	crucivirus_scored_rna_like	0.8520160999999999			
Sdomain	Green	Cruci_CruV-783	1	0.14834508	0	False	0	False	0	False	/workspace/cruci-classifier/results/grid_esm35m_e50/Sdomain/Green/eval/test_eval_results.csv	0	0.5480888485908508	Cruci_CruV-783	184	184	0	0	S_domain	Cruci_CruV-783	Cruci_CruV-783|Sdomain|Green|record0	1	crucivirus	Green	Green	0.14834508	0	0	False	False	frozen_esm2_35m_head	Blue,Purple,Red,Yellow	Green	strong_rna_like	True	True	True	crucivirus_scored_rna_like	0.85165492			
Sdomain	Yellow	Ribo_ND_155771	0	0.8512124	1	False	1	False	1	False	/workspace/cruci-classifier/results/grid_esm35m_e50/Sdomain/Yellow/eval/test_eval_results.csv	0	0.5087921023368835	Ribo_ND_155771	177	177	0	0	S_domain	Ribo_ND_155771	Ribo_ND_155771|Sdomain|Yellow|record0	0	rna_virus	Yellow	Yellow	0.8512124	1	1	False	False	frozen_esm2_35m_head	Blue,Green,Purple,Red	Yellow	strong_crucivirus_like	True	True	True	rna_virus_scored_crucivirus_like	0.8512124			
Rdomain	Green	Cruci_CruV_375	1	0.14971225	0	False	0	False	0	False	/workspace/cruci-classifier/results/grid_esm35m_e50/Rdomain/Green/eval/test_eval_results.csv	0	0.5166996717453003	Cruci_CruV_375	104	104	0	0	R_domain	Cruci_CruV_375	Cruci_CruV_375|Rdomain|Green|record0	1	crucivirus	Green	Green	0.14971225	0	0	False	False	frozen_esm2_35m_head	Blue,Purple,Red,Yellow	Green	strong_rna_like	True	True	True	crucivirus_scored_rna_like	0.85028775			
Pdomain	Purple	Cruci_CruV-589	1	0.14984798	0	False	0	False	0	False	/workspace/cruci-classifier/results/grid_esm35m_e50/Pdomain/Purple/eval/test_eval_results.csv	0	0.4982953071594238	Cruci_CruV-589	147	147	0	0	P_domain	Cruci_CruV-589	Cruci_CruV-589|Pdomain|Purple|record0	1	crucivirus	Purple	Purple	0.14984798	0	0	False	False	frozen_esm2_35m_head	Blue,Green,Red,Yellow	Purple	strong_rna_like	True	True	True	crucivirus_scored_rna_like	0.85015202			
Sdomain	Green	Cruci_CruV-970_2	1	0.1499191	0	False	0	False	0	False	/workspace/cruci-classifier/results/grid_esm35m_e50/Sdomain/Green/eval/test_eval_results.csv	0	0.5480888485908508	Cruci_CruV-970_2	189	189	0	0	S_domain	Cruci_CruV-970_2	Cruci_CruV-970_2|Sdomain|Green|record0	1	crucivirus	Green	Green	0.1499191	0	0	False	False	frozen_esm2_35m_head	Blue,Purple,Red,Yellow	Green	strong_rna_like	True	True	True	crucivirus_scored_rna_like	0.8500809			
Pdomain	Purple	Cruci_CruV-819	1	0.1499936	0	False	0	False	0	False	/workspace/cruci-classifier/results/grid_esm35m_e50/Pdomain/Purple/eval/test_eval_results.csv	0	0.4982953071594238	Cruci_CruV-819	304	304	0	0	P_domain	Cruci_CruV-819	Cruci_CruV-819|Pdomain|Purple|record0	1	crucivirus	Purple	Purple	0.1499936	0	0	False	False	frozen_esm2_35m_head	Blue,Green,Red,Yellow	Purple	strong_rna_like	True	True	True	crucivirus_scored_rna_like	0.8500064			
Pdomain	Green	Cruci_CruV-807	1	0.15012524	0	False	0	False	0	False	/workspace/cruci-classifier/results/grid_esm35m_e50/Pdomain/Green/eval/test_eval_results.csv	0	0.5002309083938599	Cruci_CruV-807	132	132	0	0	P_domain	Cruci_CruV-807	Cruci_CruV-807|Pdomain|Green|record0	1	crucivirus	Green	Green	0.15012524	0	0	False	False	frozen_esm2_35m_head	Blue,Purple,Red,Yellow	Green	strong_rna_like	True	True	True	crucivirus_scored_rna_like	0.8498747600000001			
fullCP	Blue	Ribo_ND_207626	0	0.8493606	1	False	1	False	1	False	/workspace/cruci-classifier/results/grid_esm35m_e50/fullCP/Blue/eval/test_eval_results.csv	0	0.4914703667163849	Ribo_ND_207626	586	587	1	0	full_capsid	Ribo_ND_207626	Ribo_ND_207626|fullCP|Blue|record0	0	rna_virus	Blue	Blue	0.8493606	1	1	False	False	frozen_esm2_35m_head	Green,Purple,Red,Yellow	Blue	strong_crucivirus_like	True	True	True	rna_virus_scored_crucivirus_like	0.8493606			
Sdomain	Yellow	Ribo_ND_044149	0	0.845934	1	False	1	False	1	False	/workspace/cruci-classifier/results/grid_esm35m_e50/Sdomain/Yellow/eval/test_eval_results.csv	0	0.5087921023368835	Ribo_ND_044149	182	182	0	0	S_domain	Ribo_ND_044149	Ribo_ND_044149|Sdomain|Yellow|record0	0	rna_virus	Yellow	Yellow	0.845934	1	1	False	False	frozen_esm2_35m_head	Blue,Green,Purple,Red	Yellow	strong_crucivirus_like	True	True	True	rna_virus_scored_crucivirus_like	0.845934			
Sdomain	Blue	Ribo_ND_132327	0	0.8458893	1	False	1	False	1	False	/workspace/cruci-classifier/results/grid_esm35m_e50/Sdomain/Blue/eval/test_eval_results.csv	0	0.3950238227844238	Ribo_ND_132327	182	182	0	0	S_domain	Ribo_ND_132327	Ribo_ND_132327|Sdomain|Blue|record0	0	rna_virus	Blue	Blue	0.8458893	1	1	False	False	frozen_esm2_35m_head	Green,Purple,Red,Yellow	Blue	strong_crucivirus_like	True	True	True	rna_virus_scored_crucivirus_like	0.8458893			
Sdomain	Yellow	Ribo_ND_085676	0	0.8452257	1	False	1	False	1	False	/workspace/cruci-classifier/results/grid_esm35m_e50/Sdomain/Yellow/eval/test_eval_results.csv	0	0.5087921023368835	Ribo_ND_085676	181	181	0	0	S_domain	Ribo_ND_085676	Ribo_ND_085676|Sdomain|Yellow|record0	0	rna_virus	Yellow	Yellow	0.8452257	1	1	False	False	frozen_esm2_35m_head	Blue,Green,Purple,Red	Yellow	strong_crucivirus_like	True	True	True	rna_virus_scored_crucivirus_like	0.8452257			
Sdomain	Yellow	Ribo_ND_179963	0	0.8451774	1	False	1	False	1	False	/workspace/cruci-classifier/results/grid_esm35m_e50/Sdomain/Yellow/eval/test_eval_results.csv	0	0.5087921023368835	Ribo_ND_179963	200	200	0	0	S_domain	Ribo_ND_179963	Ribo_ND_179963|Sdomain|Yellow|record0	0	rna_virus	Yellow	Yellow	0.8451774	1	1	False	False	frozen_esm2_35m_head	Blue,Green,Purple,Red	Yellow	strong_crucivirus_like	True	True	True	rna_virus_scored_crucivirus_like	0.8451774			
Pdomain	Yellow	Ribo_ND_044399	0	0.8450671	1	False	1	False	1	False	/workspace/cruci-classifier/results/grid_esm35m_e50/Pdomain/Yellow/eval/test_eval_results.csv	0	0.4989717900753021	Ribo_ND_044399	159	159	0	0	P_domain	Ribo_ND_044399	Ribo_ND_044399|Pdomain|Yellow|record0	0	rna_virus	Yellow	Yellow	0.8450671	1	1	False	False	frozen_esm2_35m_head	Blue,Green,Purple,Red	Yellow	strong_crucivirus_like	True	True	True	rna_virus_scored_crucivirus_like	0.8450671			
Rdomain	Purple	Ribo_ND_097088	0	0.8449701	1	False	1	False	1	False	/workspace/cruci-classifier/results/grid_esm35m_e50/Rdomain/Purple/eval/test_eval_results.csv	0	0.5012195110321045	Ribo_ND_097088	95	95	0	0	R_domain	Ribo_ND_097088	Ribo_ND_097088|Rdomain|Purple|record0	0	rna_virus	Purple	Purple	0.8449701	1	1	False	False	frozen_esm2_35m_head	Blue,Green,Red,Yellow	Purple	strong_crucivirus_like	True	True	True	rna_virus_scored_crucivirus_like	0.8449701			
Pdomain	Blue	Ribo_ND_166546	0	0.84424746	1	False	1	False	1	False	/workspace/cruci-classifier/results/grid_esm35m_e50/Pdomain/Blue/eval/test_eval_results.csv	0	0.4954362213611603	Ribo_ND_166546	148	148	0	0	P_domain	Ribo_ND_166546	Ribo_ND_166546|Pdomain|Blue|record0	0	rna_virus	Blue	Blue	0.84424746	1	1	False	False	frozen_esm2_35m_head	Green,Purple,Red,Yellow	Blue	strong_crucivirus_like	True	True	True	rna_virus_scored_crucivirus_like	0.84424746			
fullCP	Blue	Ribo_ND_030566	0	0.84377605	1	False	1	False	1	False	/workspace/cruci-classifier/results/grid_esm35m_e50/fullCP/Blue/eval/test_eval_results.csv	0	0.4914703667163849	Ribo_ND_030566	527	528	1	0	full_capsid	Ribo_ND_030566	Ribo_ND_030566|fullCP|Blue|record0	0	rna_virus	Blue	Blue	0.84377605	1	1	False	False	frozen_esm2_35m_head	Green,Purple,Red,Yellow	Blue	strong_crucivirus_like	True	True	True	rna_virus_scored_crucivirus_like	0.84377605			
Pdomain	Yellow	Ribo_ND_060762	0	0.8437074	1	False	1	False	1	False	/workspace/cruci-classifier/results/grid_esm35m_e50/Pdomain/Yellow/eval/test_eval_results.csv	0	0.4989717900753021	Ribo_ND_060762	150	150	0	0	P_domain	Ribo_ND_060762	Ribo_ND_060762|Pdomain|Yellow|record0	0	rna_virus	Yellow	Yellow	0.8437074	1	1	False	False	frozen_esm2_35m_head	Blue,Green,Purple,Red	Yellow	strong_crucivirus_like	True	True	True	rna_virus_scored_crucivirus_like	0.8437074			
Sdomain	Yellow	Ribo_ND_370430	0	0.8435486	1	False	1	False	1	False	/workspace/cruci-classifier/results/grid_esm35m_e50/Sdomain/Yellow/eval/test_eval_results.csv	0	0.5087921023368835	Ribo_ND_370430	177	177	0	0	S_domain	Ribo_ND_370430	Ribo_ND_370430|Sdomain|Yellow|record0	0	rna_virus	Yellow	Yellow	0.8435486	1	1	False	False	frozen_esm2_35m_head	Blue,Green,Purple,Red	Yellow	strong_crucivirus_like	True	True	True	rna_virus_scored_crucivirus_like	0.8435486			
Rdomain	Yellow	Ribo_ND_111053	0	0.8419202	1	False	1	False	1	False	/workspace/cruci-classifier/results/grid_esm35m_e50/Rdomain/Yellow/eval/test_eval_results.csv	0	0.471052885055542	Ribo_ND_111053	108	108	0	0	R_domain	Ribo_ND_111053	Ribo_ND_111053|Rdomain|Yellow|record0	0	rna_virus	Yellow	Yellow	0.8419202	1	1	False	False	frozen_esm2_35m_head	Blue,Green,Purple,Red	Yellow	strong_crucivirus_like	True	True	True	rna_virus_scored_crucivirus_like	0.8419202			
Sdomain	Purple	Ribo_ND_249653	0	0.841229	1	False	1	False	1	False	/workspace/cruci-classifier/results/grid_esm35m_e50/Sdomain/Purple/eval/test_eval_results.csv	0	0.5010125041007996	Ribo_ND_249653	181	181	0	0	S_domain	Ribo_ND_249653	Ribo_ND_249653|Sdomain|Purple|record0	0	rna_virus	Purple	Purple	0.841229	1	1	False	False	frozen_esm2_35m_head	Blue,Green,Red,Yellow	Purple	strong_crucivirus_like	True	True	True	rna_virus_scored_crucivirus_like	0.841229			
Sdomain	Yellow	Ribo_ND_028884	0	0.84016883	1	False	1	False	1	False	/workspace/cruci-classifier/results/grid_esm35m_e50/Sdomain/Yellow/eval/test_eval_results.csv	0	0.5087921023368835	Ribo_ND_028884	177	177	0	0	S_domain	Ribo_ND_028884	Ribo_ND_028884|Sdomain|Yellow|record0	0	rna_virus	Yellow	Yellow	0.84016883	1	1	False	False	frozen_esm2_35m_head	Blue,Green,Purple,Red	Yellow	strong_crucivirus_like	True	True	True	rna_virus_scored_crucivirus_like	0.84016883			
Rdomain	Yellow	Ribo_ND_025076	0	0.8400845	1	False	1	False	1	False	/workspace/cruci-classifier/results/grid_esm35m_e50/Rdomain/Yellow/eval/test_eval_results.csv	0	0.471052885055542	Ribo_ND_025076	89	89	0	0	R_domain	Ribo_ND_025076	Ribo_ND_025076|Rdomain|Yellow|record0	0	rna_virus	Yellow	Yellow	0.8400845	1	1	False	False	frozen_esm2_35m_head	Blue,Green,Purple,Red	Yellow	strong_crucivirus_like	True	True	True	rna_virus_scored_crucivirus_like	0.8400845			
Rdomain	Blue	Ribo_ND_046601	0	0.8389691	1	False	1	False	1	False	/workspace/cruci-classifier/results/grid_esm35m_e50/Rdomain/Blue/eval/test_eval_results.csv	0	0.4960196018218994	Ribo_ND_046601	115	115	0	0	R_domain	Ribo_ND_046601	Ribo_ND_046601|Rdomain|Blue|record0	0	rna_virus	Blue	Blue	0.8389691	1	1	False	False	frozen_esm2_35m_head	Green,Purple,Red,Yellow	Blue	strong_crucivirus_like	True	True	True	rna_virus_scored_crucivirus_like	0.8389691			
Sdomain	Blue	Ribo_ND_046668	0	0.8379703	1	False	1	False	1	False	/workspace/cruci-classifier/results/grid_esm35m_e50/Sdomain/Blue/eval/test_eval_results.csv	0	0.3950238227844238	Ribo_ND_046668	183	183	0	0	S_domain	Ribo_ND_046668	Ribo_ND_046668|Sdomain|Blue|record0	0	rna_virus	Blue	Blue	0.8379703	1	1	False	False	frozen_esm2_35m_head	Green,Purple,Red,Yellow	Blue	strong_crucivirus_like	True	True	True	rna_virus_scored_crucivirus_like	0.8379703			
Sdomain	Green	Cruci_CruV_538	1	0.16328752	0	False	0	False	0	False	/workspace/cruci-classifier/results/grid_esm35m_e50/Sdomain/Green/eval/test_eval_results.csv	0	0.5480888485908508	Cruci_CruV_538	186	186	0	0	S_domain	Cruci_CruV_538	Cruci_CruV_538|Sdomain|Green|record0	1	crucivirus	Green	Green	0.16328752	0	0	False	False	frozen_esm2_35m_head	Blue,Purple,Red,Yellow	Green	strong_rna_like	True	True	True	crucivirus_scored_rna_like	0.83671248			
Sdomain	Yellow	Ribo_ND_148054	0	0.8357185	1	False	1	False	1	False	/workspace/cruci-classifier/results/grid_esm35m_e50/Sdomain/Yellow/eval/test_eval_results.csv	0	0.5087921023368835	Ribo_ND_148054	177	177	0	0	S_domain	Ribo_ND_148054	Ribo_ND_148054|Sdomain|Yellow|record0	0	rna_virus	Yellow	Yellow	0.8357185	1	1	False	False	frozen_esm2_35m_head	Blue,Green,Purple,Red	Yellow	strong_crucivirus_like	True	True	True	rna_virus_scored_crucivirus_like	0.8357185			
Rdomain	Yellow	Ribo_ND_062045	0	0.83562434	1	False	1	False	1	False	/workspace/cruci-classifier/results/grid_esm35m_e50/Rdomain/Yellow/eval/test_eval_results.csv	0	0.471052885055542	Ribo_ND_062045	127	127	0	0	R_domain	Ribo_ND_062045	Ribo_ND_062045|Rdomain|Yellow|record0	0	rna_virus	Yellow	Yellow	0.83562434	1	1	False	False	frozen_esm2_35m_head	Blue,Green,Purple,Red	Yellow	strong_crucivirus_like	True	True	True	rna_virus_scored_crucivirus_like	0.83562434			
fullCP	Blue	Ribo_ND_178256	0	0.83553636	1	False	1	False	1	False	/workspace/cruci-classifier/results/grid_esm35m_e50/fullCP/Blue/eval/test_eval_results.csv	0	0.4914703667163849	Ribo_ND_178256	561	562	1	0	full_capsid	Ribo_ND_178256	Ribo_ND_178256|fullCP|Blue|record0	0	rna_virus	Blue	Blue	0.83553636	1	1	False	False	frozen_esm2_35m_head	Green,Purple,Red,Yellow	Blue	strong_crucivirus_like	True	True	True	rna_virus_scored_crucivirus_like	0.83553636			
Pdomain	Yellow	Ribo_ND_029681	0	0.8347859	1	False	1	False	1	False	/workspace/cruci-classifier/results/grid_esm35m_e50/Pdomain/Yellow/eval/test_eval_results.csv	0	0.4989717900753021	Ribo_ND_029681	158	158	0	0	P_domain	Ribo_ND_029681	Ribo_ND_029681|Pdomain|Yellow|record0	0	rna_virus	Yellow	Yellow	0.8347859	1	1	False	False	frozen_esm2_35m_head	Blue,Green,Purple,Red	Yellow	strong_crucivirus_like	True	True	True	rna_virus_scored_crucivirus_like	0.8347859			
Sdomain	Yellow	Ribo_ND_025336	0	0.8342203	1	False	1	False	1	False	/workspace/cruci-classifier/results/grid_esm35m_e50/Sdomain/Yellow/eval/test_eval_results.csv	0	0.5087921023368835	Ribo_ND_025336	182	182	0	0	S_domain	Ribo_ND_025336	Ribo_ND_025336|Sdomain|Yellow|record0	0	rna_virus	Yellow	Yellow	0.8342203	1	1	False	False	frozen_esm2_35m_head	Blue,Green,Purple,Red	Yellow	strong_crucivirus_like	True	True	True	rna_virus_scored_crucivirus_like	0.8342203			
Sdomain	Green	Cruci_CruV-937	1	0.16586854	0	False	0	False	0	False	/workspace/cruci-classifier/results/grid_esm35m_e50/Sdomain/Green/eval/test_eval_results.csv	0	0.5480888485908508	Cruci_CruV-937	185	185	0	0	S_domain	Cruci_CruV-937	Cruci_CruV-937|Sdomain|Green|record0	1	crucivirus	Green	Green	0.16586854	0	0	False	False	frozen_esm2_35m_head	Blue,Purple,Red,Yellow	Green	strong_rna_like	True	True	True	crucivirus_scored_rna_like	0.83413146			
Sdomain	Yellow	Ribo_ND_050578	0	0.83363104	1	False	1	False	1	False	/workspace/cruci-classifier/results/grid_esm35m_e50/Sdomain/Yellow/eval/test_eval_results.csv	0	0.5087921023368835	Ribo_ND_050578	177	177	0	0	S_domain	Ribo_ND_050578	Ribo_ND_050578|Sdomain|Yellow|record0	0	rna_virus	Yellow	Yellow	0.83363104	1	1	False	False	frozen_esm2_35m_head	Blue,Green,Purple,Red	Yellow	strong_crucivirus_like	True	True	True	rna_virus_scored_crucivirus_like	0.83363104			
Sdomain	Yellow	Ribo_Ga0058858_1169066	0	0.8334782	1	False	1	False	1	False	/workspace/cruci-classifier/results/grid_esm35m_e50/Sdomain/Yellow/eval/test_eval_results.csv	0	0.5087921023368835	Ribo_Ga0058858_1169066	181	181	0	0	S_domain	Ribo_Ga0058858_1169066	Ribo_Ga0058858_1169066|Sdomain|Yellow|record0	0	rna_virus	Yellow	Yellow	0.8334782	1	1	False	False	frozen_esm2_35m_head	Blue,Green,Purple,Red	Yellow	strong_crucivirus_like	True	True	True	rna_virus_scored_crucivirus_like	0.8334782			
Sdomain	Green	Cruci_CruV-962	1	0.167644	0	False	0	False	0	False	/workspace/cruci-classifier/results/grid_esm35m_e50/Sdomain/Green/eval/test_eval_results.csv	0	0.5480888485908508	Cruci_CruV-962	200	200	0	0	S_domain	Cruci_CruV-962	Cruci_CruV-962|Sdomain|Green|record0	1	crucivirus	Green	Green	0.167644	0	0	False	False	frozen_esm2_35m_head	Blue,Purple,Red,Yellow	Green	strong_rna_like	True	True	True	crucivirus_scored_rna_like	0.832356			
Rdomain	Yellow	Ribo_ND_044149	0	0.8322025	1	False	1	False	1	False	/workspace/cruci-classifier/results/grid_esm35m_e50/Rdomain/Yellow/eval/test_eval_results.csv	0	0.471052885055542	Ribo_ND_044149	91	91	0	0	R_domain	Ribo_ND_044149	Ribo_ND_044149|Rdomain|Yellow|record0	0	rna_virus	Yellow	Yellow	0.8322025	1	1	False	False	frozen_esm2_35m_head	Blue,Green,Purple,Red	Yellow	strong_crucivirus_like	True	True	True	rna_virus_scored_crucivirus_like	0.8322025			
fullCP	Red	Ribo_ND_190494	0	0.8313836	1	False	1	False	1	False	/workspace/cruci-classifier/results/grid_esm35m_e50/fullCP/Red/eval/test_eval_results.csv	0	0.4925376772880554	Ribo_ND_190494	407	408	1	0	full_capsid	Ribo_ND_190494	Ribo_ND_190494|fullCP|Red|record0	0	rna_virus	Red	Red	0.8313836	1	1	False	False	frozen_esm2_35m_head	Blue,Green,Purple,Yellow	Red	strong_crucivirus_like	True	True	True	rna_virus_scored_crucivirus_like	0.8313836			
Sdomain	Yellow	Ribo_ND_365818	0	0.83109444	1	False	1	False	1	False	/workspace/cruci-classifier/results/grid_esm35m_e50/Sdomain/Yellow/eval/test_eval_results.csv	0	0.5087921023368835	Ribo_ND_365818	177	177	0	0	S_domain	Ribo_ND_365818	Ribo_ND_365818|Sdomain|Yellow|record0	0	rna_virus	Yellow	Yellow	0.83109444	1	1	False	False	frozen_esm2_35m_head	Blue,Green,Purple,Red	Yellow	strong_crucivirus_like	True	True	True	rna_virus_scored_crucivirus_like	0.83109444			
Sdomain	Blue	Ribo_ND_029416	0	0.8304481	1	False	1	False	1	False	/workspace/cruci-classifier/results/grid_esm35m_e50/Sdomain/Blue/eval/test_eval_results.csv	0	0.3950238227844238	Ribo_ND_029416	185	185	0	0	S_domain	Ribo_ND_029416	Ribo_ND_029416|Sdomain|Blue|record0	0	rna_virus	Blue	Blue	0.8304481	1	1	False	False	frozen_esm2_35m_head	Green,Purple,Red,Yellow	Blue	strong_crucivirus_like	True	True	True	rna_virus_scored_crucivirus_like	0.8304481			
fullCP	Purple	Ribo_ND_112738	0	0.82896847	1	False	1	False	1	False	/workspace/cruci-classifier/results/grid_esm35m_e50/fullCP/Purple/eval/test_eval_results.csv	0	0.4988135993480682	Ribo_ND_112738	450	451	1	0	full_capsid	Ribo_ND_112738	Ribo_ND_112738|fullCP|Purple|record0	0	rna_virus	Purple	Purple	0.82896847	1	1	False	False	frozen_esm2_35m_head	Blue,Green,Red,Yellow	Purple	strong_crucivirus_like	True	True	True	rna_virus_scored_crucivirus_like	0.82896847			
Rdomain	Yellow	Cruci_CruV-873	1	0.17151098	0	False	0	False	0	False	/workspace/cruci-classifier/results/grid_esm35m_e50/Rdomain/Yellow/eval/test_eval_results.csv	0	0.471052885055542	Cruci_CruV-873	237	237	0	0	R_domain	Cruci_CruV-873	Cruci_CruV-873|Rdomain|Yellow|record0	1	crucivirus	Yellow	Yellow	0.17151098	0	0	False	False	frozen_esm2_35m_head	Blue,Green,Purple,Red	Yellow	strong_rna_like	True	True	True	crucivirus_scored_rna_like	0.82848902			
fullCP	Green	Cruci_CruV-930	1	0.17151247	0	False	0	False	0	False	/workspace/cruci-classifier/results/grid_esm35m_e50/fullCP/Green/eval/test_eval_results.csv	0	0.4995022118091583	Cruci_CruV-930	457	457	0	0	full_capsid	Cruci_CruV-930	Cruci_CruV-930|fullCP|Green|record0	1	crucivirus	Green	Green	0.17151247	0	0	False	False	frozen_esm2_35m_head	Blue,Purple,Red,Yellow	Green	strong_rna_like	True	True	True	crucivirus_scored_rna_like	0.82848753			
Sdomain	Yellow	Ribo_ND_304381	0	0.8279507	1	False	1	False	1	False	/workspace/cruci-classifier/results/grid_esm35m_e50/Sdomain/Yellow/eval/test_eval_results.csv	0	0.5087921023368835	Ribo_ND_304381	182	182	0	0	S_domain	Ribo_ND_304381	Ribo_ND_304381|Sdomain|Yellow|record0	0	rna_virus	Yellow	Yellow	0.8279507	1	1	False	False	frozen_esm2_35m_head	Blue,Green,Purple,Red	Yellow	strong_crucivirus_like	True	True	True	rna_virus_scored_crucivirus_like	0.8279507			
Rdomain	Purple	Ribo_ND_095931	0	0.82763755	1	False	1	False	1	False	/workspace/cruci-classifier/results/grid_esm35m_e50/Rdomain/Purple/eval/test_eval_results.csv	0	0.5012195110321045	Ribo_ND_095931	95	95	0	0	R_domain	Ribo_ND_095931	Ribo_ND_095931|Rdomain|Purple|record0	0	rna_virus	Purple	Purple	0.82763755	1	1	False	False	frozen_esm2_35m_head	Blue,Green,Red,Yellow	Purple	strong_crucivirus_like	True	True	True	rna_virus_scored_crucivirus_like	0.82763755			
Rdomain	Yellow	Ribo_ND_106166	0	0.8268926	1	False	1	False	1	False	/workspace/cruci-classifier/results/grid_esm35m_e50/Rdomain/Yellow/eval/test_eval_results.csv	0	0.471052885055542	Ribo_ND_106166	105	105	0	0	R_domain	Ribo_ND_106166	Ribo_ND_106166|Rdomain|Yellow|record0	0	rna_virus	Yellow	Yellow	0.8268926	1	1	False	False	frozen_esm2_35m_head	Blue,Green,Purple,Red	Yellow	strong_crucivirus_like	True	True	True	rna_virus_scored_crucivirus_like	0.8268926			
Pdomain	Green	Ribo_ND_056608	0	0.8266825	1	False	1	False	1	False	/workspace/cruci-classifier/results/grid_esm35m_e50/Pdomain/Green/eval/test_eval_results.csv	0	0.5002309083938599	Ribo_ND_056608	198	198	0	0	P_domain	Ribo_ND_056608	Ribo_ND_056608|Pdomain|Green|record0	0	rna_virus	Green	Green	0.8266825	1	1	False	False	frozen_esm2_35m_head	Blue,Purple,Red,Yellow	Green	strong_crucivirus_like	True	True	True	rna_virus_scored_crucivirus_like	0.8266825			
Pdomain	Red	Ribo_ND_202996	0	0.8264144	1	False	1	False	1	False	/workspace/cruci-classifier/results/grid_esm35m_e50/Pdomain/Red/eval/test_eval_results.csv	0	0.4583896696567535	Ribo_ND_202996	231	231	0	0	P_domain	Ribo_ND_202996	Ribo_ND_202996|Pdomain|Red|record0	0	rna_virus	Red	Red	0.8264144	1	1	False	False	frozen_esm2_35m_head	Blue,Green,Purple,Yellow	Red	strong_crucivirus_like	True	True	True	rna_virus_scored_crucivirus_like	0.8264144			
Pdomain	Purple	Cruci_CruV-964	1	0.17427309	0	False	0	False	0	False	/workspace/cruci-classifier/results/grid_esm35m_e50/Pdomain/Purple/eval/test_eval_results.csv	0	0.4982953071594238	Cruci_CruV-964	119	119	0	0	P_domain	Cruci_CruV-964	Cruci_CruV-964|Pdomain|Purple|record0	1	crucivirus	Purple	Purple	0.17427309	0	0	False	False	frozen_esm2_35m_head	Blue,Green,Red,Yellow	Purple	strong_rna_like	True	True	True	crucivirus_scored_rna_like	0.82572691			
fullCP	Blue	Cruci_CruV_158	1	0.175059	0	False	0	False	0	False	/workspace/cruci-classifier/results/grid_esm35m_e50/fullCP/Blue/eval/test_eval_results.csv	0	0.4914703667163849	Cruci_CruV_158	439	440	1	0	full_capsid	Cruci_CruV_158	Cruci_CruV_158|fullCP|Blue|record0	1	crucivirus	Blue	Blue	0.175059	0	0	False	False	frozen_esm2_35m_head	Green,Purple,Red,Yellow	Blue	strong_rna_like	True	True	True	crucivirus_scored_rna_like	0.824941			
Rdomain	Yellow	Ribo_ND_365983	0	0.82471627	1	False	1	False	1	False	/workspace/cruci-classifier/results/grid_esm35m_e50/Rdomain/Yellow/eval/test_eval_results.csv	0	0.471052885055542	Ribo_ND_365983	119	119	0	0	R_domain	Ribo_ND_365983	Ribo_ND_365983|Rdomain|Yellow|record0	0	rna_virus	Yellow	Yellow	0.82471627	1	1	False	False	frozen_esm2_35m_head	Blue,Green,Purple,Red	Yellow	strong_crucivirus_like	True	True	True	rna_virus_scored_crucivirus_like	0.82471627			
fullCP	Yellow	Ribo_ND_106166	0	0.82425815	1	False	1	False	1	False	/workspace/cruci-classifier/results/grid_esm35m_e50/fullCP/Yellow/eval/test_eval_results.csv	0	0.4986207485198974	Ribo_ND_106166	433	434	1	0	full_capsid	Ribo_ND_106166	Ribo_ND_106166|fullCP|Yellow|record0	0	rna_virus	Yellow	Yellow	0.82425815	1	1	False	False	frozen_esm2_35m_head	Blue,Green,Purple,Red	Yellow	strong_crucivirus_like	True	True	True	rna_virus_scored_crucivirus_like	0.82425815			
Sdomain	Green	Cruci_CruV_530	1	0.17586255	0	False	0	False	0	False	/workspace/cruci-classifier/results/grid_esm35m_e50/Sdomain/Green/eval/test_eval_results.csv	0	0.5480888485908508	Cruci_CruV_530	196	196	0	0	S_domain	Cruci_CruV_530	Cruci_CruV_530|Sdomain|Green|record0	1	crucivirus	Green	Green	0.17586255	0	0	False	False	frozen_esm2_35m_head	Blue,Purple,Red,Yellow	Green	strong_rna_like	True	True	True	crucivirus_scored_rna_like	0.82413745			
fullCP	Green	Cruci_CruV-957	1	0.17620285	0	False	0	False	0	False	/workspace/cruci-classifier/results/grid_esm35m_e50/fullCP/Green/eval/test_eval_results.csv	0	0.4995022118091583	Cruci_CruV-957	422	422	0	0	full_capsid	Cruci_CruV-957	Cruci_CruV-957|fullCP|Green|record0	1	crucivirus	Green	Green	0.17620285	0	0	False	False	frozen_esm2_35m_head	Blue,Purple,Red,Yellow	Green	strong_rna_like	True	True	True	crucivirus_scored_rna_like	0.82379715			
Sdomain	Yellow	Ribo_Ga0007413J51701_1025822	0	0.8235714	1	False	1	False	1	False	/workspace/cruci-classifier/results/grid_esm35m_e50/Sdomain/Yellow/eval/test_eval_results.csv	0	0.5087921023368835	Ribo_Ga0007413J51701_1025822	177	177	0	0	S_domain	Ribo_Ga0007413J51701_1025822	Ribo_Ga0007413J51701_1025822|Sdomain|Yellow|record0	0	rna_virus	Yellow	Yellow	0.8235714	1	1	False	False	frozen_esm2_35m_head	Blue,Green,Purple,Red	Yellow	strong_crucivirus_like	True	True	True	rna_virus_scored_crucivirus_like	0.8235714			
Sdomain	Yellow	Ribo_ND_038050	0	0.8235714	1	False	1	False	1	False	/workspace/cruci-classifier/results/grid_esm35m_e50/Sdomain/Yellow/eval/test_eval_results.csv	0	0.5087921023368835	Ribo_ND_038050	177	177	0	0	S_domain	Ribo_ND_038050	Ribo_ND_038050|Sdomain|Yellow|record0	0	rna_virus	Yellow	Yellow	0.8235714	1	1	False	False	frozen_esm2_35m_head	Blue,Green,Purple,Red	Yellow	strong_crucivirus_like	True	True	True	rna_virus_scored_crucivirus_like	0.8235714			
Sdomain	Yellow	Ribo_ND_028680	0	0.8234517	1	False	1	False	1	False	/workspace/cruci-classifier/results/grid_esm35m_e50/Sdomain/Yellow/eval/test_eval_results.csv	0	0.5087921023368835	Ribo_ND_028680	186	186	0	0	S_domain	Ribo_ND_028680	Ribo_ND_028680|Sdomain|Yellow|record0	0	rna_virus	Yellow	Yellow	0.8234517	1	1	False	False	frozen_esm2_35m_head	Blue,Green,Purple,Red	Yellow	strong_crucivirus_like	True	True	True	rna_virus_scored_crucivirus_like	0.8234517			
Sdomain	Yellow	Ribo_Ga0187796_1206930	0	0.8230587	1	False	1	False	1	False	/workspace/cruci-classifier/results/grid_esm35m_e50/Sdomain/Yellow/eval/test_eval_results.csv	0	0.5087921023368835	Ribo_Ga0187796_1206930	185	185	0	0	S_domain	Ribo_Ga0187796_1206930	Ribo_Ga0187796_1206930|Sdomain|Yellow|record0	0	rna_virus	Yellow	Yellow	0.8230587	1	1	False	False	frozen_esm2_35m_head	Blue,Green,Purple,Red	Yellow	strong_crucivirus_like	True	True	True	rna_virus_scored_crucivirus_like	0.8230587			
Sdomain	Yellow	Ribo_ND_130208	0	0.8230587	1	False	1	False	1	False	/workspace/cruci-classifier/results/grid_esm35m_e50/Sdomain/Yellow/eval/test_eval_results.csv	0	0.5087921023368835	Ribo_ND_130208	185	185	0	0	S_domain	Ribo_ND_130208	Ribo_ND_130208|Sdomain|Yellow|record0	0	rna_virus	Yellow	Yellow	0.8230587	1	1	False	False	frozen_esm2_35m_head	Blue,Green,Purple,Red	Yellow	strong_crucivirus_like	True	True	True	rna_virus_scored_crucivirus_like	0.8230587			
Sdomain	Blue	Ribo_ND_388274	0	0.8227799	1	False	1	False	1	False	/workspace/cruci-classifier/results/grid_esm35m_e50/Sdomain/Blue/eval/test_eval_results.csv	0	0.3950238227844238	Ribo_ND_388274	183	183	0	0	S_domain	Ribo_ND_388274	Ribo_ND_388274|Sdomain|Blue|record0	0	rna_virus	Blue	Blue	0.8227799	1	1	False	False	frozen_esm2_35m_head	Green,Purple,Red,Yellow	Blue	strong_crucivirus_like	True	True	True	rna_virus_scored_crucivirus_like	0.8227799			
Sdomain	Yellow	Cruci_Tisza_MK012445.1	1	0.17802465	0	False	0	False	0	False	/workspace/cruci-classifier/results/grid_esm35m_e50/Sdomain/Yellow/eval/test_eval_results.csv	0	0.5087921023368835	Cruci_Tisza_MK012445.1	183	183	0	0	S_domain	Cruci_Tisza_MK012445.1	Cruci_Tisza_MK012445.1|Sdomain|Yellow|record0	1	crucivirus	Yellow	Yellow	0.17802465	0	0	False	False	frozen_esm2_35m_head	Blue,Green,Purple,Red	Yellow	strong_rna_like	True	True	True	crucivirus_scored_rna_like	0.82197535			
Pdomain	Purple	Cruci_CruV-653	1	0.17828086	0	False	0	False	0	False	/workspace/cruci-classifier/results/grid_esm35m_e50/Pdomain/Purple/eval/test_eval_results.csv	0	0.4982953071594238	Cruci_CruV-653	223	223	0	0	P_domain	Cruci_CruV-653	Cruci_CruV-653|Pdomain|Purple|record0	1	crucivirus	Purple	Purple	0.17828086	0	0	False	False	frozen_esm2_35m_head	Blue,Green,Red,Yellow	Purple	strong_rna_like	True	True	True	crucivirus_scored_rna_like	0.82171914			
Pdomain	Yellow	Ribo_ND_203487	0	0.82171136	1	False	1	False	1	False	/workspace/cruci-classifier/results/grid_esm35m_e50/Pdomain/Yellow/eval/test_eval_results.csv	0	0.4989717900753021	Ribo_ND_203487	190	190	0	0	P_domain	Ribo_ND_203487	Ribo_ND_203487|Pdomain|Yellow|record0	0	rna_virus	Yellow	Yellow	0.82171136	1	1	False	False	frozen_esm2_35m_head	Blue,Green,Purple,Red	Yellow	strong_crucivirus_like	True	True	True	rna_virus_scored_crucivirus_like	0.82171136			
Rdomain	Blue	Ribo_ND_081500	0	0.82159096	1	False	1	False	1	False	/workspace/cruci-classifier/results/grid_esm35m_e50/Rdomain/Blue/eval/test_eval_results.csv	0	0.4960196018218994	Ribo_ND_081500	97	97	0	0	R_domain	Ribo_ND_081500	Ribo_ND_081500|Rdomain|Blue|record0	0	rna_virus	Blue	Blue	0.82159096	1	1	False	False	frozen_esm2_35m_head	Green,Purple,Red,Yellow	Blue	strong_crucivirus_like	True	True	True	rna_virus_scored_crucivirus_like	0.82159096			
Pdomain	Yellow	Ribo_ND_071273	0	0.8209135	1	False	1	False	1	False	/workspace/cruci-classifier/results/grid_esm35m_e50/Pdomain/Yellow/eval/test_eval_results.csv	0	0.4989717900753021	Ribo_ND_071273	153	153	0	0	P_domain	Ribo_ND_071273	Ribo_ND_071273|Pdomain|Yellow|record0	0	rna_virus	Yellow	Yellow	0.8209135	1	1	False	False	frozen_esm2_35m_head	Blue,Green,Purple,Red	Yellow	strong_crucivirus_like	True	True	True	rna_virus_scored_crucivirus_like	0.8209135			
Sdomain	Yellow	Ribo_ND_147067	0	0.8208354	1	False	1	False	1	False	/workspace/cruci-classifier/results/grid_esm35m_e50/Sdomain/Yellow/eval/test_eval_results.csv	0	0.5087921023368835	Ribo_ND_147067	185	185	0	0	S_domain	Ribo_ND_147067	Ribo_ND_147067|Sdomain|Yellow|record0	0	rna_virus	Yellow	Yellow	0.8208354	1	1	False	False	frozen_esm2_35m_head	Blue,Green,Purple,Red	Yellow	strong_crucivirus_like	True	True	True	rna_virus_scored_crucivirus_like	0.8208354			
fullCP	Purple	Cruci_CruV-785	1	0.1798863	0	False	0	False	0	False	/workspace/cruci-classifier/results/grid_esm35m_e50/fullCP/Purple/eval/test_eval_results.csv	0	0.4988135993480682	Cruci_CruV-785	392	392	0	0	full_capsid	Cruci_CruV-785	Cruci_CruV-785|fullCP|Purple|record0	1	crucivirus	Purple	Purple	0.1798863	0	0	False	False	frozen_esm2_35m_head	Blue,Green,Red,Yellow	Purple	strong_rna_like	True	True	True	crucivirus_scored_rna_like	0.8201137000000001			
fullCP	Blue	Ribo_ND_305901	0	0.81986606	1	False	1	False	1	False	/workspace/cruci-classifier/results/grid_esm35m_e50/fullCP/Blue/eval/test_eval_results.csv	0	0.4914703667163849	Ribo_ND_305901	614	615	1	0	full_capsid	Ribo_ND_305901	Ribo_ND_305901|fullCP|Blue|record0	0	rna_virus	Blue	Blue	0.81986606	1	1	False	False	frozen_esm2_35m_head	Green,Purple,Red,Yellow	Blue	strong_crucivirus_like	True	True	True	rna_virus_scored_crucivirus_like	0.81986606			
Pdomain	Red	Ribo_tomREF_NC_035452	0	0.8195269	1	False	1	False	1	False	/workspace/cruci-classifier/results/grid_esm35m_e50/Pdomain/Red/eval/test_eval_results.csv	0	0.4583896696567535	Ribo_tomREF_NC_035452	155	155	0	0	P_domain	Ribo_tomREF_NC_035452	Ribo_tomREF_NC_035452|Pdomain|Red|record0	0	rna_virus	Red	Red	0.8195269	1	1	False	False	frozen_esm2_35m_head	Blue,Green,Purple,Yellow	Red	strong_crucivirus_like	True	True	True	rna_virus_scored_crucivirus_like	0.8195269			
Sdomain	Yellow	Ribo_ND_025007	0	0.81868106	1	False	1	False	1	False	/workspace/cruci-classifier/results/grid_esm35m_e50/Sdomain/Yellow/eval/test_eval_results.csv	0	0.5087921023368835	Ribo_ND_025007	177	177	0	0	S_domain	Ribo_ND_025007	Ribo_ND_025007|Sdomain|Yellow|record0	0	rna_virus	Yellow	Yellow	0.81868106	1	1	False	False	frozen_esm2_35m_head	Blue,Green,Purple,Red	Yellow	strong_crucivirus_like	True	True	True	rna_virus_scored_crucivirus_like	0.81868106			
fullCP	Blue	Ribo_ND_125752	0	0.8183072	1	False	1	False	1	False	/workspace/cruci-classifier/results/grid_esm35m_e50/fullCP/Blue/eval/test_eval_results.csv	0	0.4914703667163849	Ribo_ND_125752	559	560	1	0	full_capsid	Ribo_ND_125752	Ribo_ND_125752|fullCP|Blue|record0	0	rna_virus	Blue	Blue	0.8183072	1	1	False	False	frozen_esm2_35m_head	Green,Purple,Red,Yellow	Blue	strong_crucivirus_like	True	True	True	rna_virus_scored_crucivirus_like	0.8183072			
fullCP	Purple	Cruci_CruV-678	1	0.18222764	0	False	0	False	0	False	/workspace/cruci-classifier/results/grid_esm35m_e50/fullCP/Purple/eval/test_eval_results.csv	0	0.4988135993480682	Cruci_CruV-678	422	422	0	0	full_capsid	Cruci_CruV-678	Cruci_CruV-678|fullCP|Purple|record0	1	crucivirus	Purple	Purple	0.18222764	0	0	False	False	frozen_esm2_35m_head	Blue,Green,Red,Yellow	Purple	strong_rna_like	True	True	True	crucivirus_scored_rna_like	0.81777236			
Sdomain	Yellow	Ribo_ND_025705	0	0.8170443	1	False	1	False	1	False	/workspace/cruci-classifier/results/grid_esm35m_e50/Sdomain/Yellow/eval/test_eval_results.csv	0	0.5087921023368835	Ribo_ND_025705	176	176	0	0	S_domain	Ribo_ND_025705	Ribo_ND_025705|Sdomain|Yellow|record0	0	rna_virus	Yellow	Yellow	0.8170443	1	1	False	False	frozen_esm2_35m_head	Blue,Green,Purple,Red	Yellow	strong_crucivirus_like	True	True	True	rna_virus_scored_crucivirus_like	0.8170443			
Pdomain	Green	Cruci_CruV_466	1	0.18508458	0	False	0	False	0	False	/workspace/cruci-classifier/results/grid_esm35m_e50/Pdomain/Green/eval/test_eval_results.csv	0	0.5002309083938599	Cruci_CruV_466	150	150	0	0	P_domain	Cruci_CruV_466	Cruci_CruV_466|Pdomain|Green|record0	1	crucivirus	Green	Green	0.18508458	0	0	False	False	frozen_esm2_35m_head	Blue,Purple,Red,Yellow	Green	strong_rna_like	True	True	True	crucivirus_scored_rna_like	0.81491542			
Pdomain	Blue	Cruci_CruV-905	1	0.18530047	0	False	0	False	0	False	/workspace/cruci-classifier/results/grid_esm35m_e50/Pdomain/Blue/eval/test_eval_results.csv	0	0.4954362213611603	Cruci_CruV-905	139	139	0	0	P_domain	Cruci_CruV-905	Cruci_CruV-905|Pdomain|Blue|record0	1	crucivirus	Blue	Blue	0.18530047	0	0	False	False	frozen_esm2_35m_head	Green,Purple,Red,Yellow	Blue	strong_rna_like	True	True	True	crucivirus_scored_rna_like	0.81469953			
Sdomain	Blue	Ribo_ND_215889	0	0.8145136	1	False	1	False	1	False	/workspace/cruci-classifier/results/grid_esm35m_e50/Sdomain/Blue/eval/test_eval_results.csv	0	0.3950238227844238	Ribo_ND_215889	177	177	0	0	S_domain	Ribo_ND_215889	Ribo_ND_215889|Sdomain|Blue|record0	0	rna_virus	Blue	Blue	0.8145136	1	1	False	False	frozen_esm2_35m_head	Green,Purple,Red,Yellow	Blue	strong_crucivirus_like	True	True	True	rna_virus_scored_crucivirus_like	0.8145136			
Sdomain	Yellow	Ribo_ND_239549	0	0.8144972	1	False	1	False	1	False	/workspace/cruci-classifier/results/grid_esm35m_e50/Sdomain/Yellow/eval/test_eval_results.csv	0	0.5087921023368835	Ribo_ND_239549	177	177	0	0	S_domain	Ribo_ND_239549	Ribo_ND_239549|Sdomain|Yellow|record0	0	rna_virus	Yellow	Yellow	0.8144972	1	1	False	False	frozen_esm2_35m_head	Blue,Green,Purple,Red	Yellow	strong_crucivirus_like	True	True	True	rna_virus_scored_crucivirus_like	0.8144972			
Pdomain	Purple	Cruci_CruV_384	1	0.18597142	0	False	0	False	0	False	/workspace/cruci-classifier/results/grid_esm35m_e50/Pdomain/Purple/eval/test_eval_results.csv	0	0.4982953071594238	Cruci_CruV_384	153	153	0	0	P_domain	Cruci_CruV_384	Cruci_CruV_384|Pdomain|Purple|record0	1	crucivirus	Purple	Purple	0.18597142	0	0	False	False	frozen_esm2_35m_head	Blue,Green,Red,Yellow	Purple	strong_rna_like	True	True	True	crucivirus_scored_rna_like	0.81402858			
Sdomain	Yellow	Ribo_ND_059632	0	0.8140133	1	False	1	False	1	False	/workspace/cruci-classifier/results/grid_esm35m_e50/Sdomain/Yellow/eval/test_eval_results.csv	0	0.5087921023368835	Ribo_ND_059632	185	185	0	0	S_domain	Ribo_ND_059632	Ribo_ND_059632|Sdomain|Yellow|record0	0	rna_virus	Yellow	Yellow	0.8140133	1	1	False	False	frozen_esm2_35m_head	Blue,Green,Purple,Red	Yellow	strong_crucivirus_like	True	True	True	rna_virus_scored_crucivirus_like	0.8140133			
fullCP	Red	Ribo_ND_025042	0	0.81346226	1	False	1	False	1	False	/workspace/cruci-classifier/results/grid_esm35m_e50/fullCP/Red/eval/test_eval_results.csv	0	0.4925376772880554	Ribo_ND_025042	477	478	1	0	full_capsid	Ribo_ND_025042	Ribo_ND_025042|fullCP|Red|record0	0	rna_virus	Red	Red	0.81346226	1	1	False	False	frozen_esm2_35m_head	Blue,Green,Purple,Yellow	Red	strong_crucivirus_like	True	True	True	rna_virus_scored_crucivirus_like	0.81346226			
Rdomain	Yellow	Ribo_ND_299887	0	0.81315005	1	False	1	False	1	False	/workspace/cruci-classifier/results/grid_esm35m_e50/Rdomain/Yellow/eval/test_eval_results.csv	0	0.471052885055542	Ribo_ND_299887	131	131	0	0	R_domain	Ribo_ND_299887	Ribo_ND_299887|Rdomain|Yellow|record0	0	rna_virus	Yellow	Yellow	0.81315005	1	1	False	False	frozen_esm2_35m_head	Blue,Green,Purple,Red	Yellow	strong_crucivirus_like	True	True	True	rna_virus_scored_crucivirus_like	0.81315005			
Sdomain	Yellow	Ribo_ND_037792	0	0.81262577	1	False	1	False	1	False	/workspace/cruci-classifier/results/grid_esm35m_e50/Sdomain/Yellow/eval/test_eval_results.csv	0	0.5087921023368835	Ribo_ND_037792	177	177	0	0	S_domain	Ribo_ND_037792	Ribo_ND_037792|Sdomain|Yellow|record0	0	rna_virus	Yellow	Yellow	0.81262577	1	1	False	False	frozen_esm2_35m_head	Blue,Green,Purple,Red	Yellow	strong_crucivirus_like	True	True	True	rna_virus_scored_crucivirus_like	0.81262577			
Rdomain	Green	Ribo_ND_054423	0	0.81102836	1	False	1	False	1	False	/workspace/cruci-classifier/results/grid_esm35m_e50/Rdomain/Green/eval/test_eval_results.csv	0	0.5166996717453003	Ribo_ND_054423	135	135	0	0	R_domain	Ribo_ND_054423	Ribo_ND_054423|Rdomain|Green|record0	0	rna_virus	Green	Green	0.81102836	1	1	False	False	frozen_esm2_35m_head	Blue,Purple,Red,Yellow	Green	strong_crucivirus_like	True	True	True	rna_virus_scored_crucivirus_like	0.81102836			
fullCP	Yellow	Cruci_CruV-873	1	0.18939757	0	False	0	False	0	False	/workspace/cruci-classifier/results/grid_esm35m_e50/fullCP/Yellow/eval/test_eval_results.csv	0	0.4986207485198974	Cruci_CruV-873	631	631	0	0	full_capsid	Cruci_CruV-873	Cruci_CruV-873|fullCP|Yellow|record0	1	crucivirus	Yellow	Yellow	0.18939757	0	0	False	False	frozen_esm2_35m_head	Blue,Green,Purple,Red	Yellow	strong_rna_like	True	True	True	crucivirus_scored_rna_like	0.81060243			
Sdomain	Yellow	Ribo_ND_365513	0	0.810296	1	False	1	False	1	False	/workspace/cruci-classifier/results/grid_esm35m_e50/Sdomain/Yellow/eval/test_eval_results.csv	0	0.5087921023368835	Ribo_ND_365513	177	177	0	0	S_domain	Ribo_ND_365513	Ribo_ND_365513|Sdomain|Yellow|record0	0	rna_virus	Yellow	Yellow	0.810296	1	1	False	False	frozen_esm2_35m_head	Blue,Green,Purple,Red	Yellow	strong_crucivirus_like	True	True	True	rna_virus_scored_crucivirus_like	0.810296			
Sdomain	Yellow	Ribo_ND_133651	0	0.80888367	1	False	1	False	1	False	/workspace/cruci-classifier/results/grid_esm35m_e50/Sdomain/Yellow/eval/test_eval_results.csv	0	0.5087921023368835	Ribo_ND_133651	180	180	0	0	S_domain	Ribo_ND_133651	Ribo_ND_133651|Sdomain|Yellow|record0	0	rna_virus	Yellow	Yellow	0.80888367	1	1	False	False	frozen_esm2_35m_head	Blue,Green,Purple,Red	Yellow	strong_crucivirus_like	True	True	True	rna_virus_scored_crucivirus_like	0.80888367			
Sdomain	Purple	Ribo_ND_388118	0	0.80852926	1	False	1	False	1	False	/workspace/cruci-classifier/results/grid_esm35m_e50/Sdomain/Purple/eval/test_eval_results.csv	0	0.5010125041007996	Ribo_ND_388118	185	185	0	0	S_domain	Ribo_ND_388118	Ribo_ND_388118|Sdomain|Purple|record0	0	rna_virus	Purple	Purple	0.80852926	1	1	False	False	frozen_esm2_35m_head	Blue,Green,Red,Yellow	Purple	strong_crucivirus_like	True	True	True	rna_virus_scored_crucivirus_like	0.80852926			
Pdomain	Blue	Cruci_CruV_161	1	0.19167665	0	False	0	False	0	False	/workspace/cruci-classifier/results/grid_esm35m_e50/Pdomain/Blue/eval/test_eval_results.csv	0	0.4954362213611603	Cruci_CruV_161	144	144	0	0	P_domain	Cruci_CruV_161	Cruci_CruV_161|Pdomain|Blue|record0	1	crucivirus	Blue	Blue	0.19167665	0	0	False	False	frozen_esm2_35m_head	Green,Purple,Red,Yellow	Blue	strong_rna_like	True	True	True	crucivirus_scored_rna_like	0.80832335			
fullCP	Green	Cruci_CruV_423	1	0.19202556	0	False	0	False	0	False	/workspace/cruci-classifier/results/grid_esm35m_e50/fullCP/Green/eval/test_eval_results.csv	0	0.4995022118091583	Cruci_CruV_423	346	347	1	0	full_capsid	Cruci_CruV_423	Cruci_CruV_423|fullCP|Green|record0	1	crucivirus	Green	Green	0.19202556	0	0	False	False	frozen_esm2_35m_head	Blue,Purple,Red,Yellow	Green	strong_rna_like	True	True	True	crucivirus_scored_rna_like	0.80797444			
fullCP	Purple	Cruci_CruV_202	1	0.19244336	0	False	0	False	0	False	/workspace/cruci-classifier/results/grid_esm35m_e50/fullCP/Purple/eval/test_eval_results.csv	0	0.4988135993480682	Cruci_CruV_202	451	452	1	0	full_capsid	Cruci_CruV_202	Cruci_CruV_202|fullCP|Purple|record0	1	crucivirus	Purple	Purple	0.19244336	0	0	False	False	frozen_esm2_35m_head	Blue,Green,Red,Yellow	Purple	strong_rna_like	True	True	True	crucivirus_scored_rna_like	0.80755664			
Sdomain	Yellow	Ribo_ND_365497	0	0.8075304	1	False	1	False	1	False	/workspace/cruci-classifier/results/grid_esm35m_e50/Sdomain/Yellow/eval/test_eval_results.csv	0	0.5087921023368835	Ribo_ND_365497	187	187	0	0	S_domain	Ribo_ND_365497	Ribo_ND_365497|Sdomain|Yellow|record0	0	rna_virus	Yellow	Yellow	0.8075304	1	1	False	False	frozen_esm2_35m_head	Blue,Green,Purple,Red	Yellow	strong_crucivirus_like	True	True	True	rna_virus_scored_crucivirus_like	0.8075304			
Pdomain	Blue	Ribo_ND_386266	0	0.8070817	1	False	1	False	1	False	/workspace/cruci-classifier/results/grid_esm35m_e50/Pdomain/Blue/eval/test_eval_results.csv	0	0.4954362213611603	Ribo_ND_386266	217	217	0	0	P_domain	Ribo_ND_386266	Ribo_ND_386266|Pdomain|Blue|record0	0	rna_virus	Blue	Blue	0.8070817	1	1	False	False	frozen_esm2_35m_head	Green,Purple,Red,Yellow	Blue	strong_crucivirus_like	True	True	True	rna_virus_scored_crucivirus_like	0.8070817			
Pdomain	Purple	Cruci_CruV-656	1	0.19304948	0	False	0	False	0	False	/workspace/cruci-classifier/results/grid_esm35m_e50/Pdomain/Purple/eval/test_eval_results.csv	0	0.4982953071594238	Cruci_CruV-656	149	149	0	0	P_domain	Cruci_CruV-656	Cruci_CruV-656|Pdomain|Purple|record0	1	crucivirus	Purple	Purple	0.19304948	0	0	False	False	frozen_esm2_35m_head	Blue,Green,Red,Yellow	Purple	strong_rna_like	True	True	True	crucivirus_scored_rna_like	0.80695052			
Sdomain	Yellow	Ribo_ND_224267	0	0.8061609	1	False	1	False	1	False	/workspace/cruci-classifier/results/grid_esm35m_e50/Sdomain/Yellow/eval/test_eval_results.csv	0	0.5087921023368835	Ribo_ND_224267	185	185	0	0	S_domain	Ribo_ND_224267	Ribo_ND_224267|Sdomain|Yellow|record0	0	rna_virus	Yellow	Yellow	0.8061609	1	1	False	False	frozen_esm2_35m_head	Blue,Green,Purple,Red	Yellow	strong_crucivirus_like	True	True	True	rna_virus_scored_crucivirus_like	0.8061609			
Rdomain	Blue	Ribo_ND_190317	0	0.80589825	1	False	1	False	1	False	/workspace/cruci-classifier/results/grid_esm35m_e50/Rdomain/Blue/eval/test_eval_results.csv	0	0.4960196018218994	Ribo_ND_190317	111	111	0	0	R_domain	Ribo_ND_190317	Ribo_ND_190317|Rdomain|Blue|record0	0	rna_virus	Blue	Blue	0.80589825	1	1	False	False	frozen_esm2_35m_head	Green,Purple,Red,Yellow	Blue	strong_crucivirus_like	True	True	True	rna_virus_scored_crucivirus_like	0.80589825			
Pdomain	Purple	Ribo_ND_095194	0	0.8058879	1	False	1	False	1	False	/workspace/cruci-classifier/results/grid_esm35m_e50/Pdomain/Purple/eval/test_eval_results.csv	0	0.4982953071594238	Ribo_ND_095194	146	146	0	0	P_domain	Ribo_ND_095194	Ribo_ND_095194|Pdomain|Purple|record0	0	rna_virus	Purple	Purple	0.8058879	1	1	False	False	frozen_esm2_35m_head	Blue,Green,Red,Yellow	Purple	strong_crucivirus_like	True	True	True	rna_virus_scored_crucivirus_like	0.8058879			
fullCP	Purple	Cruci_CruV-564	1	0.1951905	0	False	0	False	0	False	/workspace/cruci-classifier/results/grid_esm35m_e50/fullCP/Purple/eval/test_eval_results.csv	0	0.4988135993480682	Cruci_CruV-564	441	441	0	0	full_capsid	Cruci_CruV-564	Cruci_CruV-564|fullCP|Purple|record0	1	crucivirus	Purple	Purple	0.1951905	0	0	False	False	frozen_esm2_35m_head	Blue,Green,Red,Yellow	Purple	strong_rna_like	True	True	True	crucivirus_scored_rna_like	0.8048095			
fullCP	Purple	Cruci_CruV-565	1	0.1951905	0	False	0	False	0	False	/workspace/cruci-classifier/results/grid_esm35m_e50/fullCP/Purple/eval/test_eval_results.csv	0	0.4988135993480682	Cruci_CruV-565	441	441	0	0	full_capsid	Cruci_CruV-565	Cruci_CruV-565|fullCP|Purple|record0	1	crucivirus	Purple	Purple	0.1951905	0	0	False	False	frozen_esm2_35m_head	Blue,Green,Red,Yellow	Purple	strong_rna_like	True	True	True	crucivirus_scored_rna_like	0.8048095			
fullCP	Purple	Cruci_CruV-953	1	0.19562922	0	False	0	False	0	False	/workspace/cruci-classifier/results/grid_esm35m_e50/fullCP/Purple/eval/test_eval_results.csv	0	0.4988135993480682	Cruci_CruV-953	363	363	0	0	full_capsid	Cruci_CruV-953	Cruci_CruV-953|fullCP|Purple|record0	1	crucivirus	Purple	Purple	0.19562922	0	0	False	False	frozen_esm2_35m_head	Blue,Green,Red,Yellow	Purple	strong_rna_like	True	True	True	crucivirus_scored_rna_like	0.80437078			
Sdomain	Yellow	Ribo_ND_145825	0	0.80345875	1	False	1	False	1	False	/workspace/cruci-classifier/results/grid_esm35m_e50/Sdomain/Yellow/eval/test_eval_results.csv	0	0.5087921023368835	Ribo_ND_145825	184	184	0	0	S_domain	Ribo_ND_145825	Ribo_ND_145825|Sdomain|Yellow|record0	0	rna_virus	Yellow	Yellow	0.80345875	1	1	False	False	frozen_esm2_35m_head	Blue,Green,Purple,Red	Yellow	strong_crucivirus_like	True	True	True	rna_virus_scored_crucivirus_like	0.80345875			
Rdomain	Yellow	Cruci_CruV_374	1	0.19656815	0	False	0	False	0	False	/workspace/cruci-classifier/results/grid_esm35m_e50/Rdomain/Yellow/eval/test_eval_results.csv	0	0.471052885055542	Cruci_CruV_374	57	57	0	0	R_domain	Cruci_CruV_374	Cruci_CruV_374|Rdomain|Yellow|record0	1	crucivirus	Yellow	Yellow	0.19656815	0	0	False	False	frozen_esm2_35m_head	Blue,Green,Purple,Red	Yellow	strong_rna_like	True	True	True	crucivirus_scored_rna_like	0.80343185			
Pdomain	Yellow	Ribo_ND_046858	0	0.80141073	1	False	1	False	1	False	/workspace/cruci-classifier/results/grid_esm35m_e50/Pdomain/Yellow/eval/test_eval_results.csv	0	0.4989717900753021	Ribo_ND_046858	150	150	0	0	P_domain	Ribo_ND_046858	Ribo_ND_046858|Pdomain|Yellow|record0	0	rna_virus	Yellow	Yellow	0.80141073	1	1	False	False	frozen_esm2_35m_head	Blue,Green,Purple,Red	Yellow	strong_crucivirus_like	True	True	True	rna_virus_scored_crucivirus_like	0.80141073			
Sdomain	Yellow	Ribo_ND_073926	0	0.80125105	1	False	1	False	1	False	/workspace/cruci-classifier/results/grid_esm35m_e50/Sdomain/Yellow/eval/test_eval_results.csv	0	0.5087921023368835	Ribo_ND_073926	178	178	0	0	S_domain	Ribo_ND_073926	Ribo_ND_073926|Sdomain|Yellow|record0	0	rna_virus	Yellow	Yellow	0.80125105	1	1	False	False	frozen_esm2_35m_head	Blue,Green,Purple,Red	Yellow	strong_crucivirus_like	True	True	True	rna_virus_scored_crucivirus_like	0.80125105			
Sdomain	Yellow	Ribo_Ga0184579_111024	0	0.80105054	1	False	1	False	1	False	/workspace/cruci-classifier/results/grid_esm35m_e50/Sdomain/Yellow/eval/test_eval_results.csv	0	0.5087921023368835	Ribo_Ga0184579_111024	177	177	0	0	S_domain	Ribo_Ga0184579_111024	Ribo_Ga0184579_111024|Sdomain|Yellow|record0	0	rna_virus	Yellow	Yellow	0.80105054	1	1	False	False	frozen_esm2_35m_head	Blue,Green,Purple,Red	Yellow	strong_crucivirus_like	True	True	True	rna_virus_scored_crucivirus_like	0.80105054			
Sdomain	Green	Cruci_CruV-931	1	0.19966152	0	False	0	False	0	False	/workspace/cruci-classifier/results/grid_esm35m_e50/Sdomain/Green/eval/test_eval_results.csv	0	0.5480888485908508	Cruci_CruV-931	185	185	0	0	S_domain	Cruci_CruV-931	Cruci_CruV-931|Sdomain|Green|record0	1	crucivirus	Green	Green	0.19966152	0	0	False	False	frozen_esm2_35m_head	Blue,Purple,Red,Yellow	Green	strong_rna_like	True	True	True	crucivirus_scored_rna_like	0.80033848			
Rdomain	Yellow	Cruci_CruV_269	1	0.19984257	0	False	0	False	0	False	/workspace/cruci-classifier/results/grid_esm35m_e50/Rdomain/Yellow/eval/test_eval_results.csv	0	0.471052885055542	Cruci_CruV_269	107	107	0	0	R_domain	Cruci_CruV_269	Cruci_CruV_269|Rdomain|Yellow|record0	1	crucivirus	Yellow	Yellow	0.19984257	0	0	False	False	frozen_esm2_35m_head	Blue,Green,Purple,Red	Yellow	strong_rna_like	True	True	True	crucivirus_scored_rna_like	0.8001574300000001			
fullCP	Green	Cruci_CruV-834	1	0.19985338	0	False	0	False	0	False	/workspace/cruci-classifier/results/grid_esm35m_e50/fullCP/Green/eval/test_eval_results.csv	0	0.4995022118091583	Cruci_CruV-834	383	383	0	0	full_capsid	Cruci_CruV-834	Cruci_CruV-834|fullCP|Green|record0	1	crucivirus	Green	Green	0.19985338	0	0	False	False	frozen_esm2_35m_head	Blue,Purple,Red,Yellow	Green	strong_rna_like	True	True	True	crucivirus_scored_rna_like	0.80014662			
Sdomain	Yellow	Ribo_ND_044240	0	0.7999682	1	False	1	False	1	False	/workspace/cruci-classifier/results/grid_esm35m_e50/Sdomain/Yellow/eval/test_eval_results.csv	0	0.5087921023368835	Ribo_ND_044240	177	177	0	0	S_domain	Ribo_ND_044240	Ribo_ND_044240|Sdomain|Yellow|record0	0	rna_virus	Yellow	Yellow	0.7999682	1	1	False	False	frozen_esm2_35m_head	Blue,Green,Purple,Red	Yellow	moderate_crucivirus_like	True	False	True	rna_virus_scored_crucivirus_like	0.7999682			
Sdomain	Yellow	Ribo_ND_048572	0	0.799642	1	False	1	False	1	False	/workspace/cruci-classifier/results/grid_esm35m_e50/Sdomain/Yellow/eval/test_eval_results.csv	0	0.5087921023368835	Ribo_ND_048572	181	181	0	0	S_domain	Ribo_ND_048572	Ribo_ND_048572|Sdomain|Yellow|record0	0	rna_virus	Yellow	Yellow	0.799642	1	1	False	False	frozen_esm2_35m_head	Blue,Green,Purple,Red	Yellow	moderate_crucivirus_like	True	False	True	rna_virus_scored_crucivirus_like	0.799642			
Sdomain	Yellow	Ribo_ND_251248	0	0.7993746	1	False	1	False	1	False	/workspace/cruci-classifier/results/grid_esm35m_e50/Sdomain/Yellow/eval/test_eval_results.csv	0	0.5087921023368835	Ribo_ND_251248	177	177	0	0	S_domain	Ribo_ND_251248	Ribo_ND_251248|Sdomain|Yellow|record0	0	rna_virus	Yellow	Yellow	0.7993746	1	1	False	False	frozen_esm2_35m_head	Blue,Green,Purple,Red	Yellow	moderate_crucivirus_like	True	False	True	rna_virus_scored_crucivirus_like	0.7993746			
Pdomain	Yellow	Ribo_ND_166807	0	0.7991356	1	False	1	False	1	False	/workspace/cruci-classifier/results/grid_esm35m_e50/Pdomain/Yellow/eval/test_eval_results.csv	0	0.4989717900753021	Ribo_ND_166807	147	147	0	0	P_domain	Ribo_ND_166807	Ribo_ND_166807|Pdomain|Yellow|record0	0	rna_virus	Yellow	Yellow	0.7991356	1	1	False	False	frozen_esm2_35m_head	Blue,Green,Purple,Red	Yellow	moderate_crucivirus_like	True	False	True	rna_virus_scored_crucivirus_like	0.7991356			
fullCP	Blue	Cruci_CruV-711	1	0.20126677	0	False	0	False	0	False	/workspace/cruci-classifier/results/grid_esm35m_e50/fullCP/Blue/eval/test_eval_results.csv	0	0.4914703667163849	Cruci_CruV-711	492	492	0	0	full_capsid	Cruci_CruV-711	Cruci_CruV-711|fullCP|Blue|record0	1	crucivirus	Blue	Blue	0.20126677	0	0	False	False	frozen_esm2_35m_head	Green,Purple,Red,Yellow	Blue	moderate_rna_like	True	False	True	crucivirus_scored_rna_like	0.79873323			
fullCP	Green	Cruci_CruV_451	1	0.20137045	0	False	0	False	0	False	/workspace/cruci-classifier/results/grid_esm35m_e50/fullCP/Green/eval/test_eval_results.csv	0	0.4995022118091583	Cruci_CruV_451	336	337	1	0	full_capsid	Cruci_CruV_451	Cruci_CruV_451|fullCP|Green|record0	1	crucivirus	Green	Green	0.20137045	0	0	False	False	frozen_esm2_35m_head	Blue,Purple,Red,Yellow	Green	moderate_rna_like	True	False	True	crucivirus_scored_rna_like	0.79862955			
Rdomain	Purple	Cruci_CruV-573	1	0.20234159	0	False	0	False	0	False	/workspace/cruci-classifier/results/grid_esm35m_e50/Rdomain/Purple/eval/test_eval_results.csv	0	0.5012195110321045	Cruci_CruV-573	104	104	0	0	R_domain	Cruci_CruV-573	Cruci_CruV-573|Rdomain|Purple|record0	1	crucivirus	Purple	Purple	0.20234159	0	0	False	False	frozen_esm2_35m_head	Blue,Green,Red,Yellow	Purple	moderate_rna_like	True	False	True	crucivirus_scored_rna_like	0.79765841			
Sdomain	Yellow	Cruci_CruV-765	1	0.20239712	0	False	0	False	0	False	/workspace/cruci-classifier/results/grid_esm35m_e50/Sdomain/Yellow/eval/test_eval_results.csv	0	0.5087921023368835	Cruci_CruV-765	184	184	0	0	S_domain	Cruci_CruV-765	Cruci_CruV-765|Sdomain|Yellow|record0	1	crucivirus	Yellow	Yellow	0.20239712	0	0	False	False	frozen_esm2_35m_head	Blue,Green,Purple,Red	Yellow	moderate_rna_like	True	False	True	crucivirus_scored_rna_like	0.79760288			
fullCP	Purple	Cruci_CruV-847	1	0.20302278	0	False	0	False	0	False	/workspace/cruci-classifier/results/grid_esm35m_e50/fullCP/Purple/eval/test_eval_results.csv	0	0.4988135993480682	Cruci_CruV-847	407	408	1	0	full_capsid	Cruci_CruV-847	Cruci_CruV-847|fullCP|Purple|record0	1	crucivirus	Purple	Purple	0.20302278	0	0	False	False	frozen_esm2_35m_head	Blue,Green,Red,Yellow	Purple	moderate_rna_like	True	False	True	crucivirus_scored_rna_like	0.79697722			
Sdomain	Yellow	Ribo_ND_108514	0	0.7967382	1	False	1	False	1	False	/workspace/cruci-classifier/results/grid_esm35m_e50/Sdomain/Yellow/eval/test_eval_results.csv	0	0.5087921023368835	Ribo_ND_108514	180	180	0	0	S_domain	Ribo_ND_108514	Ribo_ND_108514|Sdomain|Yellow|record0	0	rna_virus	Yellow	Yellow	0.7967382	1	1	False	False	frozen_esm2_35m_head	Blue,Green,Purple,Red	Yellow	moderate_crucivirus_like	True	False	True	rna_virus_scored_crucivirus_like	0.7967382			
Rdomain	Blue	Ribo_ND_030247	0	0.7961516	1	False	1	False	1	False	/workspace/cruci-classifier/results/grid_esm35m_e50/Rdomain/Blue/eval/test_eval_results.csv	0	0.4960196018218994	Ribo_ND_030247	116	116	0	0	R_domain	Ribo_ND_030247	Ribo_ND_030247|Rdomain|Blue|record0	0	rna_virus	Blue	Blue	0.7961516	1	1	False	False	frozen_esm2_35m_head	Green,Purple,Red,Yellow	Blue	moderate_crucivirus_like	True	False	True	rna_virus_scored_crucivirus_like	0.7961516			
fullCP	Purple	Ribo_ND_095931	0	0.79508185	1	False	1	False	1	False	/workspace/cruci-classifier/results/grid_esm35m_e50/fullCP/Purple/eval/test_eval_results.csv	0	0.4988135993480682	Ribo_ND_095931	505	506	1	0	full_capsid	Ribo_ND_095931	Ribo_ND_095931|fullCP|Purple|record0	0	rna_virus	Purple	Purple	0.79508185	1	1	False	False	frozen_esm2_35m_head	Blue,Green,Red,Yellow	Purple	moderate_crucivirus_like	True	False	True	rna_virus_scored_crucivirus_like	0.79508185			
fullCP	Red	Ribo_ND_024984	0	0.7950614	1	False	1	False	1	False	/workspace/cruci-classifier/results/grid_esm35m_e50/fullCP/Red/eval/test_eval_results.csv	0	0.4925376772880554	Ribo_ND_024984	476	477	1	0	full_capsid	Ribo_ND_024984	Ribo_ND_024984|fullCP|Red|record0	0	rna_virus	Red	Red	0.7950614	1	1	False	False	frozen_esm2_35m_head	Blue,Green,Purple,Yellow	Red	moderate_crucivirus_like	True	False	True	rna_virus_scored_crucivirus_like	0.7950614			
Sdomain	Green	Cruci_CruV_451	1	0.20495854	0	False	0	False	0	False	/workspace/cruci-classifier/results/grid_esm35m_e50/Sdomain/Green/eval/test_eval_results.csv	0	0.5480888485908508	Cruci_CruV_451	173	173	0	0	S_domain	Cruci_CruV_451	Cruci_CruV_451|Sdomain|Green|record0	1	crucivirus	Green	Green	0.20495854	0	0	False	False	frozen_esm2_35m_head	Blue,Purple,Red,Yellow	Green	moderate_rna_like	True	False	True	crucivirus_scored_rna_like	0.79504146			
Rdomain	Yellow	Ribo_Ga0187796_1184497	0	0.79451215	1	False	1	False	1	False	/workspace/cruci-classifier/results/grid_esm35m_e50/Rdomain/Yellow/eval/test_eval_results.csv	0	0.471052885055542	Ribo_Ga0187796_1184497	116	116	0	0	R_domain	Ribo_Ga0187796_1184497	Ribo_Ga0187796_1184497|Rdomain|Yellow|record0	0	rna_virus	Yellow	Yellow	0.79451215	1	1	False	False	frozen_esm2_35m_head	Blue,Green,Purple,Red	Yellow	moderate_crucivirus_like	True	False	True	rna_virus_scored_crucivirus_like	0.79451215			
Pdomain	Blue	Ribo_ND_092298	0	0.7944212	1	False	1	False	1	False	/workspace/cruci-classifier/results/grid_esm35m_e50/Pdomain/Blue/eval/test_eval_results.csv	0	0.4954362213611603	Ribo_ND_092298	247	247	0	0	P_domain	Ribo_ND_092298	Ribo_ND_092298|Pdomain|Blue|record0	0	rna_virus	Blue	Blue	0.7944212	1	1	False	False	frozen_esm2_35m_head	Green,Purple,Red,Yellow	Blue	moderate_crucivirus_like	True	False	True	rna_virus_scored_crucivirus_like	0.7944212			
Pdomain	Yellow	Ribo_ND_391022	0	0.7939821	1	False	1	False	1	False	/workspace/cruci-classifier/results/grid_esm35m_e50/Pdomain/Yellow/eval/test_eval_results.csv	0	0.4989717900753021	Ribo_ND_391022	153	153	0	0	P_domain	Ribo_ND_391022	Ribo_ND_391022|Pdomain|Yellow|record0	0	rna_virus	Yellow	Yellow	0.7939821	1	1	False	False	frozen_esm2_35m_head	Blue,Green,Purple,Red	Yellow	moderate_crucivirus_like	True	False	True	rna_virus_scored_crucivirus_like	0.7939821			
Sdomain	Yellow	Ribo_Ga0150984_103896888	0	0.7939755	1	False	1	False	1	False	/workspace/cruci-classifier/results/grid_esm35m_e50/Sdomain/Yellow/eval/test_eval_results.csv	0	0.5087921023368835	Ribo_Ga0150984_103896888	177	177	0	0	S_domain	Ribo_Ga0150984_103896888	Ribo_Ga0150984_103896888|Sdomain|Yellow|record0	0	rna_virus	Yellow	Yellow	0.7939755	1	1	False	False	frozen_esm2_35m_head	Blue,Green,Purple,Red	Yellow	moderate_crucivirus_like	True	False	True	rna_virus_scored_crucivirus_like	0.7939755			
Pdomain	Purple	Cruci_CruV_428	1	0.20604743	0	False	0	False	0	False	/workspace/cruci-classifier/results/grid_esm35m_e50/Pdomain/Purple/eval/test_eval_results.csv	0	0.4982953071594238	Cruci_CruV_428	155	155	0	0	P_domain	Cruci_CruV_428	Cruci_CruV_428|Pdomain|Purple|record0	1	crucivirus	Purple	Purple	0.20604743	0	0	False	False	frozen_esm2_35m_head	Blue,Green,Red,Yellow	Purple	moderate_rna_like	True	False	True	crucivirus_scored_rna_like	0.79395257			
Rdomain	Green	Ribo_ND_095265	0	0.793526	1	False	1	False	1	False	/workspace/cruci-classifier/results/grid_esm35m_e50/Rdomain/Green/eval/test_eval_results.csv	0	0.5166996717453003	Ribo_ND_095265	9	9	0	0	R_domain	Ribo_ND_095265	Ribo_ND_095265|Rdomain|Green|record0	0	rna_virus	Green	Green	0.793526	1	1	False	False	frozen_esm2_35m_head	Blue,Purple,Red,Yellow	Green	moderate_crucivirus_like	True	False	True	rna_virus_scored_crucivirus_like	0.793526			
fullCP	Green	Cruci_CruV_538	1	0.20659086	0	False	0	False	0	False	/workspace/cruci-classifier/results/grid_esm35m_e50/fullCP/Green/eval/test_eval_results.csv	0	0.4995022118091583	Cruci_CruV_538	407	408	1	0	full_capsid	Cruci_CruV_538	Cruci_CruV_538|fullCP|Green|record0	1	crucivirus	Green	Green	0.20659086	0	0	False	False	frozen_esm2_35m_head	Blue,Purple,Red,Yellow	Green	moderate_rna_like	True	False	True	crucivirus_scored_rna_like	0.7934091400000001			
Rdomain	Blue	Ribo_ND_166424	0	0.79280967	1	False	1	False	1	False	/workspace/cruci-classifier/results/grid_esm35m_e50/Rdomain/Blue/eval/test_eval_results.csv	0	0.4960196018218994	Ribo_ND_166424	135	135	0	0	R_domain	Ribo_ND_166424	Ribo_ND_166424|Rdomain|Blue|record0	0	rna_virus	Blue	Blue	0.79280967	1	1	False	False	frozen_esm2_35m_head	Green,Purple,Red,Yellow	Blue	moderate_crucivirus_like	True	False	True	rna_virus_scored_crucivirus_like	0.79280967			
Sdomain	Purple	Cruci_CruV-941	1	0.20726463	0	False	0	False	0	False	/workspace/cruci-classifier/results/grid_esm35m_e50/Sdomain/Purple/eval/test_eval_results.csv	0	0.5010125041007996	Cruci_CruV-941	202	202	0	0	S_domain	Cruci_CruV-941	Cruci_CruV-941|Sdomain|Purple|record0	1	crucivirus	Purple	Purple	0.20726463	0	0	False	False	frozen_esm2_35m_head	Blue,Green,Red,Yellow	Purple	moderate_rna_like	True	False	True	crucivirus_scored_rna_like	0.7927353699999999			
fullCP	Blue	Cruci_CruV_519	1	0.2073309	0	False	0	False	0	False	/workspace/cruci-classifier/results/grid_esm35m_e50/fullCP/Blue/eval/test_eval_results.csv	0	0.4914703667163849	Cruci_CruV_519	487	488	1	0	full_capsid	Cruci_CruV_519	Cruci_CruV_519|fullCP|Blue|record0	1	crucivirus	Blue	Blue	0.2073309	0	0	False	False	frozen_esm2_35m_head	Green,Purple,Red,Yellow	Blue	moderate_rna_like	True	False	True	crucivirus_scored_rna_like	0.7926691			
Sdomain	Yellow	Ribo_ND_147059	0	0.7925418	1	False	1	False	1	False	/workspace/cruci-classifier/results/grid_esm35m_e50/Sdomain/Yellow/eval/test_eval_results.csv	0	0.5087921023368835	Ribo_ND_147059	177	177	0	0	S_domain	Ribo_ND_147059	Ribo_ND_147059|Sdomain|Yellow|record0	0	rna_virus	Yellow	Yellow	0.7925418	1	1	False	False	frozen_esm2_35m_head	Blue,Green,Purple,Red	Yellow	moderate_crucivirus_like	True	False	True	rna_virus_scored_crucivirus_like	0.7925418			
Sdomain	Yellow	Ribo_ND_030302	0	0.7922723	1	False	1	False	1	False	/workspace/cruci-classifier/results/grid_esm35m_e50/Sdomain/Yellow/eval/test_eval_results.csv	0	0.5087921023368835	Ribo_ND_030302	182	182	0	0	S_domain	Ribo_ND_030302	Ribo_ND_030302|Sdomain|Yellow|record0	0	rna_virus	Yellow	Yellow	0.7922723	1	1	False	False	frozen_esm2_35m_head	Blue,Green,Purple,Red	Yellow	moderate_crucivirus_like	True	False	True	rna_virus_scored_crucivirus_like	0.7922723			
Sdomain	Purple	Cruci_CruV-564	1	0.2077386	0	False	0	False	0	False	/workspace/cruci-classifier/results/grid_esm35m_e50/Sdomain/Purple/eval/test_eval_results.csv	0	0.5010125041007996	Cruci_CruV-564	184	184	0	0	S_domain	Cruci_CruV-564	Cruci_CruV-564|Sdomain|Purple|record0	1	crucivirus	Purple	Purple	0.2077386	0	0	False	False	frozen_esm2_35m_head	Blue,Green,Red,Yellow	Purple	moderate_rna_like	True	False	True	crucivirus_scored_rna_like	0.7922614			
Sdomain	Purple	Cruci_CruV-565	1	0.2077386	0	False	0	False	0	False	/workspace/cruci-classifier/results/grid_esm35m_e50/Sdomain/Purple/eval/test_eval_results.csv	0	0.5010125041007996	Cruci_CruV-565	184	184	0	0	S_domain	Cruci_CruV-565	Cruci_CruV-565|Sdomain|Purple|record0	1	crucivirus	Purple	Purple	0.2077386	0	0	False	False	frozen_esm2_35m_head	Blue,Green,Red,Yellow	Purple	moderate_rna_like	True	False	True	crucivirus_scored_rna_like	0.7922614			
Pdomain	Yellow	Ribo_ND_126855	0	0.7917111	1	False	1	False	1	False	/workspace/cruci-classifier/results/grid_esm35m_e50/Pdomain/Yellow/eval/test_eval_results.csv	0	0.4989717900753021	Ribo_ND_126855	147	147	0	0	P_domain	Ribo_ND_126855	Ribo_ND_126855|Pdomain|Yellow|record0	0	rna_virus	Yellow	Yellow	0.7917111	1	1	False	False	frozen_esm2_35m_head	Blue,Green,Purple,Red	Yellow	moderate_crucivirus_like	True	False	True	rna_virus_scored_crucivirus_like	0.7917111			
Pdomain	Yellow	Ribo_ND_025259	0	0.79162043	1	False	1	False	1	False	/workspace/cruci-classifier/results/grid_esm35m_e50/Pdomain/Yellow/eval/test_eval_results.csv	0	0.4989717900753021	Ribo_ND_025259	145	145	0	0	P_domain	Ribo_ND_025259	Ribo_ND_025259|Pdomain|Yellow|record0	0	rna_virus	Yellow	Yellow	0.79162043	1	1	False	False	frozen_esm2_35m_head	Blue,Green,Purple,Red	Yellow	moderate_crucivirus_like	True	False	True	rna_virus_scored_crucivirus_like	0.79162043			
fullCP	Red	Ribo_ND_030168	0	0.7915315	1	False	1	False	1	False	/workspace/cruci-classifier/results/grid_esm35m_e50/fullCP/Red/eval/test_eval_results.csv	0	0.4925376772880554	Ribo_ND_030168	471	472	1	0	full_capsid	Ribo_ND_030168	Ribo_ND_030168|fullCP|Red|record0	0	rna_virus	Red	Red	0.7915315	1	1	False	False	frozen_esm2_35m_head	Blue,Green,Purple,Yellow	Red	moderate_crucivirus_like	True	False	True	rna_virus_scored_crucivirus_like	0.7915315			
Pdomain	Purple	Cruci_CruV_232	1	0.2089393	0	False	0	False	0	False	/workspace/cruci-classifier/results/grid_esm35m_e50/Pdomain/Purple/eval/test_eval_results.csv	0	0.4982953071594238	Cruci_CruV_232	283	283	0	0	P_domain	Cruci_CruV_232	Cruci_CruV_232|Pdomain|Purple|record0	1	crucivirus	Purple	Purple	0.2089393	0	0	False	False	frozen_esm2_35m_head	Blue,Green,Red,Yellow	Purple	moderate_rna_like	True	False	True	crucivirus_scored_rna_like	0.7910607000000001			
fullCP	Green	Cruci_CruV_375	1	0.20894186	0	False	0	False	0	False	/workspace/cruci-classifier/results/grid_esm35m_e50/fullCP/Green/eval/test_eval_results.csv	0	0.4995022118091583	Cruci_CruV_375	475	476	1	0	full_capsid	Cruci_CruV_375	Cruci_CruV_375|fullCP|Green|record0	1	crucivirus	Green	Green	0.20894186	0	0	False	False	frozen_esm2_35m_head	Blue,Purple,Red,Yellow	Green	moderate_rna_like	True	False	True	crucivirus_scored_rna_like	0.79105814			
Rdomain	Purple	Cruci_CruV_490	1	0.20992689	0	False	0	False	0	False	/workspace/cruci-classifier/results/grid_esm35m_e50/Rdomain/Purple/eval/test_eval_results.csv	0	0.5012195110321045	Cruci_CruV_490	23	23	0	0	R_domain	Cruci_CruV_490	Cruci_CruV_490|Rdomain|Purple|record0	1	crucivirus	Purple	Purple	0.20992689	0	0	False	False	frozen_esm2_35m_head	Blue,Green,Red,Yellow	Purple	moderate_rna_like	True	False	True	crucivirus_scored_rna_like	0.79007311			
Pdomain	Yellow	Ribo_ND_365844	0	0.78981525	1	False	1	False	1	False	/workspace/cruci-classifier/results/grid_esm35m_e50/Pdomain/Yellow/eval/test_eval_results.csv	0	0.4989717900753021	Ribo_ND_365844	150	150	0	0	P_domain	Ribo_ND_365844	Ribo_ND_365844|Pdomain|Yellow|record0	0	rna_virus	Yellow	Yellow	0.78981525	1	1	False	False	frozen_esm2_35m_head	Blue,Green,Purple,Red	Yellow	moderate_crucivirus_like	True	False	True	rna_virus_scored_crucivirus_like	0.78981525			
Pdomain	Yellow	Ribo_ND_025421	0	0.7897518	1	False	1	False	1	False	/workspace/cruci-classifier/results/grid_esm35m_e50/Pdomain/Yellow/eval/test_eval_results.csv	0	0.4989717900753021	Ribo_ND_025421	150	150	0	0	P_domain	Ribo_ND_025421	Ribo_ND_025421|Pdomain|Yellow|record0	0	rna_virus	Yellow	Yellow	0.7897518	1	1	False	False	frozen_esm2_35m_head	Blue,Green,Purple,Red	Yellow	moderate_crucivirus_like	True	False	True	rna_virus_scored_crucivirus_like	0.7897518			
Sdomain	Green	Cruci_CruV-972_3	1	0.21067846	0	False	0	False	0	False	/workspace/cruci-classifier/results/grid_esm35m_e50/Sdomain/Green/eval/test_eval_results.csv	0	0.5480888485908508	Cruci_CruV-972_3	177	177	0	0	S_domain	Cruci_CruV-972_3	Cruci_CruV-972_3|Sdomain|Green|record0	1	crucivirus	Green	Green	0.21067846	0	0	False	False	frozen_esm2_35m_head	Blue,Purple,Red,Yellow	Green	moderate_rna_like	True	False	True	crucivirus_scored_rna_like	0.78932154			
fullCP	Red	Ribo_ND_163158	0	0.78929245	1	False	1	False	1	False	/workspace/cruci-classifier/results/grid_esm35m_e50/fullCP/Red/eval/test_eval_results.csv	0	0.4925376772880554	Ribo_ND_163158	430	431	1	0	full_capsid	Ribo_ND_163158	Ribo_ND_163158|fullCP|Red|record0	0	rna_virus	Red	Red	0.78929245	1	1	False	False	frozen_esm2_35m_head	Blue,Green,Purple,Yellow	Red	moderate_crucivirus_like	True	False	True	rna_virus_scored_crucivirus_like	0.78929245			
Sdomain	Yellow	Ribo_ND_059615	0	0.78896534	1	False	1	False	1	False	/workspace/cruci-classifier/results/grid_esm35m_e50/Sdomain/Yellow/eval/test_eval_results.csv	0	0.5087921023368835	Ribo_ND_059615	185	185	0	0	S_domain	Ribo_ND_059615	Ribo_ND_059615|Sdomain|Yellow|record0	0	rna_virus	Yellow	Yellow	0.78896534	1	1	False	False	frozen_esm2_35m_head	Blue,Green,Purple,Red	Yellow	moderate_crucivirus_like	True	False	True	rna_virus_scored_crucivirus_like	0.78896534			
Pdomain	Yellow	Ribo_ND_172936	0	0.78886926	1	False	1	False	1	False	/workspace/cruci-classifier/results/grid_esm35m_e50/Pdomain/Yellow/eval/test_eval_results.csv	0	0.4989717900753021	Ribo_ND_172936	172	172	0	0	P_domain	Ribo_ND_172936	Ribo_ND_172936|Pdomain|Yellow|record0	0	rna_virus	Yellow	Yellow	0.78886926	1	1	False	False	frozen_esm2_35m_head	Blue,Green,Purple,Red	Yellow	moderate_crucivirus_like	True	False	True	rna_virus_scored_crucivirus_like	0.78886926			
Pdomain	Green	Cruci_CruV_470	1	0.21142781	0	False	0	False	0	False	/workspace/cruci-classifier/results/grid_esm35m_e50/Pdomain/Green/eval/test_eval_results.csv	0	0.5002309083938599	Cruci_CruV_470	155	155	0	0	P_domain	Cruci_CruV_470	Cruci_CruV_470|Pdomain|Green|record0	1	crucivirus	Green	Green	0.21142781	0	0	False	False	frozen_esm2_35m_head	Blue,Purple,Red,Yellow	Green	moderate_rna_like	True	False	True	crucivirus_scored_rna_like	0.78857219			
fullCP	Purple	Cruci_CruV_290	1	0.21157917	0	False	0	False	0	False	/workspace/cruci-classifier/results/grid_esm35m_e50/fullCP/Purple/eval/test_eval_results.csv	0	0.4988135993480682	Cruci_CruV_290	465	466	1	0	full_capsid	Cruci_CruV_290	Cruci_CruV_290|fullCP|Purple|record0	1	crucivirus	Purple	Purple	0.21157917	0	0	False	False	frozen_esm2_35m_head	Blue,Green,Red,Yellow	Purple	moderate_rna_like	True	False	True	crucivirus_scored_rna_like	0.78842083			
Pdomain	Blue	Cruci_CruV_354	1	0.21201959	0	False	0	False	0	False	/workspace/cruci-classifier/results/grid_esm35m_e50/Pdomain/Blue/eval/test_eval_results.csv	0	0.4954362213611603	Cruci_CruV_354	203	203	0	0	P_domain	Cruci_CruV_354	Cruci_CruV_354|Pdomain|Blue|record0	1	crucivirus	Blue	Blue	0.21201959	0	0	False	False	frozen_esm2_35m_head	Green,Purple,Red,Yellow	Blue	moderate_rna_like	True	False	True	crucivirus_scored_rna_like	0.78798041			
Rdomain	Green	Ribo_ND_096062	0	0.7879449	1	False	1	False	1	False	/workspace/cruci-classifier/results/grid_esm35m_e50/Rdomain/Green/eval/test_eval_results.csv	0	0.5166996717453003	Ribo_ND_096062	9	9	0	0	R_domain	Ribo_ND_096062	Ribo_ND_096062|Rdomain|Green|record0	0	rna_virus	Green	Green	0.7879449	1	1	False	False	frozen_esm2_35m_head	Blue,Purple,Red,Yellow	Green	moderate_crucivirus_like	True	False	True	rna_virus_scored_crucivirus_like	0.7879449			
fullCP	Green	Cruci_CruV_399	1	0.21222399	0	False	0	False	0	False	/workspace/cruci-classifier/results/grid_esm35m_e50/fullCP/Green/eval/test_eval_results.csv	0	0.4995022118091583	Cruci_CruV_399	343	344	1	0	full_capsid	Cruci_CruV_399	Cruci_CruV_399|fullCP|Green|record0	1	crucivirus	Green	Green	0.21222399	0	0	False	False	frozen_esm2_35m_head	Blue,Purple,Red,Yellow	Green	moderate_rna_like	True	False	True	crucivirus_scored_rna_like	0.78777601			
fullCP	Purple	Cruci_CruV-800	1	0.21267875	0	False	0	False	0	False	/workspace/cruci-classifier/results/grid_esm35m_e50/fullCP/Purple/eval/test_eval_results.csv	0	0.4988135993480682	Cruci_CruV-800	493	493	0	0	full_capsid	Cruci_CruV-800	Cruci_CruV-800|fullCP|Purple|record0	1	crucivirus	Purple	Purple	0.21267875	0	0	False	False	frozen_esm2_35m_head	Blue,Green,Red,Yellow	Purple	moderate_rna_like	True	False	True	crucivirus_scored_rna_like	0.78732125			
Sdomain	Blue	Ribo_ND_305901	0	0.7872439	1	False	1	False	1	False	/workspace/cruci-classifier/results/grid_esm35m_e50/Sdomain/Blue/eval/test_eval_results.csv	0	0.3950238227844238	Ribo_ND_305901	178	178	0	0	S_domain	Ribo_ND_305901	Ribo_ND_305901|Sdomain|Blue|record0	0	rna_virus	Blue	Blue	0.7872439	1	1	False	False	frozen_esm2_35m_head	Green,Purple,Red,Yellow	Blue	moderate_crucivirus_like	True	False	True	rna_virus_scored_crucivirus_like	0.7872439			
Sdomain	Yellow	Ribo_ND_025259	0	0.78719896	1	False	1	False	1	False	/workspace/cruci-classifier/results/grid_esm35m_e50/Sdomain/Yellow/eval/test_eval_results.csv	0	0.5087921023368835	Ribo_ND_025259	182	182	0	0	S_domain	Ribo_ND_025259	Ribo_ND_025259|Sdomain|Yellow|record0	0	rna_virus	Yellow	Yellow	0.78719896	1	1	False	False	frozen_esm2_35m_head	Blue,Green,Purple,Red	Yellow	moderate_crucivirus_like	True	False	True	rna_virus_scored_crucivirus_like	0.78719896			
fullCP	Yellow	Ribo_ND_281099	0	0.78695166	1	False	1	False	1	False	/workspace/cruci-classifier/results/grid_esm35m_e50/fullCP/Yellow/eval/test_eval_results.csv	0	0.4986207485198974	Ribo_ND_281099	582	583	1	0	full_capsid	Ribo_ND_281099	Ribo_ND_281099|fullCP|Yellow|record0	0	rna_virus	Yellow	Yellow	0.78695166	1	1	False	False	frozen_esm2_35m_head	Blue,Green,Purple,Red	Yellow	moderate_crucivirus_like	True	False	True	rna_virus_scored_crucivirus_like	0.78695166			
Sdomain	Yellow	Ribo_NC_032866	0	0.78654605	1	False	1	False	1	False	/workspace/cruci-classifier/results/grid_esm35m_e50/Sdomain/Yellow/eval/test_eval_results.csv	0	0.5087921023368835	Ribo_NC_032866	180	180	0	0	S_domain	Ribo_NC_032866	Ribo_NC_032866|Sdomain|Yellow|record0	0	rna_virus	Yellow	Yellow	0.78654605	1	1	False	False	frozen_esm2_35m_head	Blue,Green,Purple,Red	Yellow	moderate_crucivirus_like	True	False	True	rna_virus_scored_crucivirus_like	0.78654605			
Sdomain	Yellow	Ribo_JAAOEH010001208.1	0	0.78634197	1	False	1	False	1	False	/workspace/cruci-classifier/results/grid_esm35m_e50/Sdomain/Yellow/eval/test_eval_results.csv	0	0.5087921023368835	Ribo_JAAOEH010001208.1	180	180	0	0	S_domain	Ribo_JAAOEH010001208.1	Ribo_JAAOEH010001208.1|Sdomain|Yellow|record0	0	rna_virus	Yellow	Yellow	0.78634197	1	1	False	False	frozen_esm2_35m_head	Blue,Green,Purple,Red	Yellow	moderate_crucivirus_like	True	False	True	rna_virus_scored_crucivirus_like	0.78634197			
Rdomain	Green	Ribo_ND_382385	0	0.785942	1	False	1	False	1	False	/workspace/cruci-classifier/results/grid_esm35m_e50/Rdomain/Green/eval/test_eval_results.csv	0	0.5166996717453003	Ribo_ND_382385	3	3	0	0	R_domain	Ribo_ND_382385	Ribo_ND_382385|Rdomain|Green|record0	0	rna_virus	Green	Green	0.785942	1	1	False	False	frozen_esm2_35m_head	Blue,Purple,Red,Yellow	Green	moderate_crucivirus_like	True	False	True	rna_virus_scored_crucivirus_like	0.785942			
Sdomain	Yellow	Ribo_ND_198694	0	0.785384	1	False	1	False	1	False	/workspace/cruci-classifier/results/grid_esm35m_e50/Sdomain/Yellow/eval/test_eval_results.csv	0	0.5087921023368835	Ribo_ND_198694	183	183	0	0	S_domain	Ribo_ND_198694	Ribo_ND_198694|Sdomain|Yellow|record0	0	rna_virus	Yellow	Yellow	0.785384	1	1	False	False	frozen_esm2_35m_head	Blue,Green,Purple,Red	Yellow	moderate_crucivirus_like	True	False	True	rna_virus_scored_crucivirus_like	0.785384			
Sdomain	Green	Cruci_CruV-935	1	0.21492666	0	False	0	False	0	False	/workspace/cruci-classifier/results/grid_esm35m_e50/Sdomain/Green/eval/test_eval_results.csv	0	0.5480888485908508	Cruci_CruV-935	188	188	0	0	S_domain	Cruci_CruV-935	Cruci_CruV-935|Sdomain|Green|record0	1	crucivirus	Green	Green	0.21492666	0	0	False	False	frozen_esm2_35m_head	Blue,Purple,Red,Yellow	Green	moderate_rna_like	True	False	True	crucivirus_scored_rna_like	0.7850733400000001			
Pdomain	Yellow	Ribo_ND_168812	0	0.78458303	1	False	1	False	1	False	/workspace/cruci-classifier/results/grid_esm35m_e50/Pdomain/Yellow/eval/test_eval_results.csv	0	0.4989717900753021	Ribo_ND_168812	143	143	0	0	P_domain	Ribo_ND_168812	Ribo_ND_168812|Pdomain|Yellow|record0	0	rna_virus	Yellow	Yellow	0.78458303	1	1	False	False	frozen_esm2_35m_head	Blue,Green,Purple,Red	Yellow	moderate_crucivirus_like	True	False	True	rna_virus_scored_crucivirus_like	0.78458303			
Sdomain	Yellow	Ribo_ND_025321	0	0.7843143	1	False	1	False	1	False	/workspace/cruci-classifier/results/grid_esm35m_e50/Sdomain/Yellow/eval/test_eval_results.csv	0	0.5087921023368835	Ribo_ND_025321	176	176	0	0	S_domain	Ribo_ND_025321	Ribo_ND_025321|Sdomain|Yellow|record0	0	rna_virus	Yellow	Yellow	0.7843143	1	1	False	False	frozen_esm2_35m_head	Blue,Green,Purple,Red	Yellow	moderate_crucivirus_like	True	False	True	rna_virus_scored_crucivirus_like	0.7843143			
fullCP	Purple	Cruci_CruV-692	1	0.21602735	0	False	0	False	0	False	/workspace/cruci-classifier/results/grid_esm35m_e50/fullCP/Purple/eval/test_eval_results.csv	0	0.4988135993480682	Cruci_CruV-692	542	542	0	0	full_capsid	Cruci_CruV-692	Cruci_CruV-692|fullCP|Purple|record0	1	crucivirus	Purple	Purple	0.21602735	0	0	False	False	frozen_esm2_35m_head	Blue,Green,Red,Yellow	Purple	moderate_rna_like	True	False	True	crucivirus_scored_rna_like	0.7839726499999999			
fullCP	Purple	Cruci_CruV-693	1	0.21602735	0	False	0	False	0	False	/workspace/cruci-classifier/results/grid_esm35m_e50/fullCP/Purple/eval/test_eval_results.csv	0	0.4988135993480682	Cruci_CruV-693	542	542	0	0	full_capsid	Cruci_CruV-693	Cruci_CruV-693|fullCP|Purple|record0	1	crucivirus	Purple	Purple	0.21602735	0	0	False	False	frozen_esm2_35m_head	Blue,Green,Red,Yellow	Purple	moderate_rna_like	True	False	True	crucivirus_scored_rna_like	0.7839726499999999			
fullCP	Green	Cruci_CruV_452	1	0.21622065	0	False	0	False	0	False	/workspace/cruci-classifier/results/grid_esm35m_e50/fullCP/Green/eval/test_eval_results.csv	0	0.4995022118091583	Cruci_CruV_452	330	331	1	0	full_capsid	Cruci_CruV_452	Cruci_CruV_452|fullCP|Green|record0	1	crucivirus	Green	Green	0.21622065	0	0	False	False	frozen_esm2_35m_head	Blue,Purple,Red,Yellow	Green	moderate_rna_like	True	False	True	crucivirus_scored_rna_like	0.78377935			
Rdomain	Purple	Cruci_CruV-799	1	0.2167733	0	False	0	False	0	False	/workspace/cruci-classifier/results/grid_esm35m_e50/Rdomain/Purple/eval/test_eval_results.csv	0	0.5012195110321045	Cruci_CruV-799	92	92	0	0	R_domain	Cruci_CruV-799	Cruci_CruV-799|Rdomain|Purple|record0	1	crucivirus	Purple	Purple	0.2167733	0	0	False	False	frozen_esm2_35m_head	Blue,Green,Red,Yellow	Purple	moderate_rna_like	True	False	True	crucivirus_scored_rna_like	0.7832266999999999			
Sdomain	Yellow	Ribo_ND_185405	0	0.7830751	1	False	1	False	1	False	/workspace/cruci-classifier/results/grid_esm35m_e50/Sdomain/Yellow/eval/test_eval_results.csv	0	0.5087921023368835	Ribo_ND_185405	198	198	0	0	S_domain	Ribo_ND_185405	Ribo_ND_185405|Sdomain|Yellow|record0	0	rna_virus	Yellow	Yellow	0.7830751	1	1	False	False	frozen_esm2_35m_head	Blue,Green,Purple,Red	Yellow	moderate_crucivirus_like	True	False	True	rna_virus_scored_crucivirus_like	0.7830751			
Pdomain	Blue	Cruci_CruV_212	1	0.2172516	0	False	0	False	0	False	/workspace/cruci-classifier/results/grid_esm35m_e50/Pdomain/Blue/eval/test_eval_results.csv	0	0.4954362213611603	Cruci_CruV_212	158	158	0	0	P_domain	Cruci_CruV_212	Cruci_CruV_212|Pdomain|Blue|record0	1	crucivirus	Blue	Blue	0.2172516	0	0	False	False	frozen_esm2_35m_head	Green,Purple,Red,Yellow	Blue	moderate_rna_like	True	False	True	crucivirus_scored_rna_like	0.7827484			
Sdomain	Purple	Cruci_CruV_365	1	0.21739633	0	False	0	False	0	False	/workspace/cruci-classifier/results/grid_esm35m_e50/Sdomain/Purple/eval/test_eval_results.csv	0	0.5010125041007996	Cruci_CruV_365	183	183	0	0	S_domain	Cruci_CruV_365	Cruci_CruV_365|Sdomain|Purple|record0	1	crucivirus	Purple	Purple	0.21739633	0	0	False	False	frozen_esm2_35m_head	Blue,Green,Red,Yellow	Purple	moderate_rna_like	True	False	True	crucivirus_scored_rna_like	0.78260367			
Sdomain	Yellow	Ribo_ND_251198	0	0.78252	1	False	1	False	1	False	/workspace/cruci-classifier/results/grid_esm35m_e50/Sdomain/Yellow/eval/test_eval_results.csv	0	0.5087921023368835	Ribo_ND_251198	177	177	0	0	S_domain	Ribo_ND_251198	Ribo_ND_251198|Sdomain|Yellow|record0	0	rna_virus	Yellow	Yellow	0.78252	1	1	False	False	frozen_esm2_35m_head	Blue,Green,Purple,Red	Yellow	moderate_crucivirus_like	True	False	True	rna_virus_scored_crucivirus_like	0.78252			
Sdomain	Green	Cruci_CruV_435	1	0.21790455	0	False	0	False	0	False	/workspace/cruci-classifier/results/grid_esm35m_e50/Sdomain/Green/eval/test_eval_results.csv	0	0.5480888485908508	Cruci_CruV_435	174	174	0	0	S_domain	Cruci_CruV_435	Cruci_CruV_435|Sdomain|Green|record0	1	crucivirus	Green	Green	0.21790455	0	0	False	False	frozen_esm2_35m_head	Blue,Purple,Red,Yellow	Green	moderate_rna_like	True	False	True	crucivirus_scored_rna_like	0.78209545			
Pdomain	Yellow	Ribo_ND_363032	0	0.78207994	1	False	1	False	1	False	/workspace/cruci-classifier/results/grid_esm35m_e50/Pdomain/Yellow/eval/test_eval_results.csv	0	0.4989717900753021	Ribo_ND_363032	149	149	0	0	P_domain	Ribo_ND_363032	Ribo_ND_363032|Pdomain|Yellow|record0	0	rna_virus	Yellow	Yellow	0.78207994	1	1	False	False	frozen_esm2_35m_head	Blue,Green,Purple,Red	Yellow	moderate_crucivirus_like	True	False	True	rna_virus_scored_crucivirus_like	0.78207994			
Pdomain	Purple	Cruci_CruV_408	1	0.21802768	0	False	0	False	0	False	/workspace/cruci-classifier/results/grid_esm35m_e50/Pdomain/Purple/eval/test_eval_results.csv	0	0.4982953071594238	Cruci_CruV_408	244	244	0	0	P_domain	Cruci_CruV_408	Cruci_CruV_408|Pdomain|Purple|record0	1	crucivirus	Purple	Purple	0.21802768	0	0	False	False	frozen_esm2_35m_head	Blue,Green,Red,Yellow	Purple	moderate_rna_like	True	False	True	crucivirus_scored_rna_like	0.7819723199999999			
Pdomain	Yellow	Ribo_ND_099971	0	0.7817591	1	False	1	False	1	False	/workspace/cruci-classifier/results/grid_esm35m_e50/Pdomain/Yellow/eval/test_eval_results.csv	0	0.4989717900753021	Ribo_ND_099971	144	144	0	0	P_domain	Ribo_ND_099971	Ribo_ND_099971|Pdomain|Yellow|record0	0	rna_virus	Yellow	Yellow	0.7817591	1	1	False	False	frozen_esm2_35m_head	Blue,Green,Purple,Red	Yellow	moderate_crucivirus_like	True	False	True	rna_virus_scored_crucivirus_like	0.7817591			
Pdomain	Yellow	Ribo_ND_180487	0	0.78119165	1	False	1	False	1	False	/workspace/cruci-classifier/results/grid_esm35m_e50/Pdomain/Yellow/eval/test_eval_results.csv	0	0.4989717900753021	Ribo_ND_180487	155	155	0	0	P_domain	Ribo_ND_180487	Ribo_ND_180487|Pdomain|Yellow|record0	0	rna_virus	Yellow	Yellow	0.78119165	1	1	False	False	frozen_esm2_35m_head	Blue,Green,Purple,Red	Yellow	moderate_crucivirus_like	True	False	True	rna_virus_scored_crucivirus_like	0.78119165			
Pdomain	Red	Cruci_CruV-869	1	0.21903203	0	False	0	False	0	False	/workspace/cruci-classifier/results/grid_esm35m_e50/Pdomain/Red/eval/test_eval_results.csv	0	0.4583896696567535	Cruci_CruV-869	153	153	0	0	P_domain	Cruci_CruV-869	Cruci_CruV-869|Pdomain|Red|record0	1	crucivirus	Red	Red	0.21903203	0	0	False	False	frozen_esm2_35m_head	Blue,Green,Purple,Yellow	Red	moderate_rna_like	True	False	True	crucivirus_scored_rna_like	0.7809679700000001			
Sdomain	Yellow	Ribo_ND_025722	0	0.78047115	1	False	1	False	1	False	/workspace/cruci-classifier/results/grid_esm35m_e50/Sdomain/Yellow/eval/test_eval_results.csv	0	0.5087921023368835	Ribo_ND_025722	180	180	0	0	S_domain	Ribo_ND_025722	Ribo_ND_025722|Sdomain|Yellow|record0	0	rna_virus	Yellow	Yellow	0.78047115	1	1	False	False	frozen_esm2_35m_head	Blue,Green,Purple,Red	Yellow	moderate_crucivirus_like	True	False	True	rna_virus_scored_crucivirus_like	0.78047115			
Rdomain	Yellow	Ribo_ND_166644	0	0.7793833	1	False	1	False	1	False	/workspace/cruci-classifier/results/grid_esm35m_e50/Rdomain/Yellow/eval/test_eval_results.csv	0	0.471052885055542	Ribo_ND_166644	108	108	0	0	R_domain	Ribo_ND_166644	Ribo_ND_166644|Rdomain|Yellow|record0	0	rna_virus	Yellow	Yellow	0.7793833	1	1	False	False	frozen_esm2_35m_head	Blue,Green,Purple,Red	Yellow	moderate_crucivirus_like	True	False	True	rna_virus_scored_crucivirus_like	0.7793833			
Rdomain	Yellow	Ribo_ND_066079	0	0.7793249	1	False	1	False	1	False	/workspace/cruci-classifier/results/grid_esm35m_e50/Rdomain/Yellow/eval/test_eval_results.csv	0	0.471052885055542	Ribo_ND_066079	112	112	0	0	R_domain	Ribo_ND_066079	Ribo_ND_066079|Rdomain|Yellow|record0	0	rna_virus	Yellow	Yellow	0.7793249	1	1	False	False	frozen_esm2_35m_head	Blue,Green,Purple,Red	Yellow	moderate_crucivirus_like	True	False	True	rna_virus_scored_crucivirus_like	0.7793249			
Sdomain	Blue	Ribo_ND_112677	0	0.7791898	1	False	1	False	1	False	/workspace/cruci-classifier/results/grid_esm35m_e50/Sdomain/Blue/eval/test_eval_results.csv	0	0.3950238227844238	Ribo_ND_112677	184	184	0	0	S_domain	Ribo_ND_112677	Ribo_ND_112677|Sdomain|Blue|record0	0	rna_virus	Blue	Blue	0.7791898	1	1	False	False	frozen_esm2_35m_head	Green,Purple,Red,Yellow	Blue	moderate_crucivirus_like	True	False	True	rna_virus_scored_crucivirus_like	0.7791898			
Sdomain	Yellow	Ribo_ND_329481	0	0.7782289	1	False	1	False	1	False	/workspace/cruci-classifier/results/grid_esm35m_e50/Sdomain/Yellow/eval/test_eval_results.csv	0	0.5087921023368835	Ribo_ND_329481	177	177	0	0	S_domain	Ribo_ND_329481	Ribo_ND_329481|Sdomain|Yellow|record0	0	rna_virus	Yellow	Yellow	0.7782289	1	1	False	False	frozen_esm2_35m_head	Blue,Green,Purple,Red	Yellow	moderate_crucivirus_like	True	False	True	rna_virus_scored_crucivirus_like	0.7782289			
Pdomain	Yellow	Ribo_ND_055001	0	0.7775211	1	False	1	False	1	False	/workspace/cruci-classifier/results/grid_esm35m_e50/Pdomain/Yellow/eval/test_eval_results.csv	0	0.4989717900753021	Ribo_ND_055001	214	214	0	0	P_domain	Ribo_ND_055001	Ribo_ND_055001|Pdomain|Yellow|record0	0	rna_virus	Yellow	Yellow	0.7775211	1	1	False	False	frozen_esm2_35m_head	Blue,Green,Purple,Red	Yellow	moderate_crucivirus_like	True	False	True	rna_virus_scored_crucivirus_like	0.7775211			
fullCP	Green	Cruci_CruV-803	1	0.22259834	0	False	0	False	0	False	/workspace/cruci-classifier/results/grid_esm35m_e50/fullCP/Green/eval/test_eval_results.csv	0	0.4995022118091583	Cruci_CruV-803	630	630	0	0	full_capsid	Cruci_CruV-803	Cruci_CruV-803|fullCP|Green|record0	1	crucivirus	Green	Green	0.22259834	0	0	False	False	frozen_esm2_35m_head	Blue,Purple,Red,Yellow	Green	moderate_rna_like	True	False	True	crucivirus_scored_rna_like	0.77740166			
Sdomain	Purple	Cruci_CruV-708	1	0.22300455	0	False	0	False	0	False	/workspace/cruci-classifier/results/grid_esm35m_e50/Sdomain/Purple/eval/test_eval_results.csv	0	0.5010125041007996	Cruci_CruV-708	185	185	0	0	S_domain	Cruci_CruV-708	Cruci_CruV-708|Sdomain|Purple|record0	1	crucivirus	Purple	Purple	0.22300455	0	0	False	False	frozen_esm2_35m_head	Blue,Green,Red,Yellow	Purple	moderate_rna_like	True	False	True	crucivirus_scored_rna_like	0.77699545			
Pdomain	Blue	Cruci_CruV_231	1	0.22336408	0	False	0	False	0	False	/workspace/cruci-classifier/results/grid_esm35m_e50/Pdomain/Blue/eval/test_eval_results.csv	0	0.4954362213611603	Cruci_CruV_231	156	156	0	0	P_domain	Cruci_CruV_231	Cruci_CruV_231|Pdomain|Blue|record0	1	crucivirus	Blue	Blue	0.22336408	0	0	False	False	frozen_esm2_35m_head	Green,Purple,Red,Yellow	Blue	moderate_rna_like	True	False	True	crucivirus_scored_rna_like	0.77663592			
Sdomain	Purple	Ribo_ND_210459	0	0.7763007	1	False	1	False	1	False	/workspace/cruci-classifier/results/grid_esm35m_e50/Sdomain/Purple/eval/test_eval_results.csv	0	0.5010125041007996	Ribo_ND_210459	181	181	0	0	S_domain	Ribo_ND_210459	Ribo_ND_210459|Sdomain|Purple|record0	0	rna_virus	Purple	Purple	0.7763007	1	1	False	False	frozen_esm2_35m_head	Blue,Green,Red,Yellow	Purple	moderate_crucivirus_like	True	False	True	rna_virus_scored_crucivirus_like	0.7763007			
Rdomain	Blue	Cruci_CruV-751	1	0.22403288	0	False	0	False	0	False	/workspace/cruci-classifier/results/grid_esm35m_e50/Rdomain/Blue/eval/test_eval_results.csv	0	0.4960196018218994	Cruci_CruV-751	26	26	0	0	R_domain	Cruci_CruV-751	Cruci_CruV-751|Rdomain|Blue|record0	1	crucivirus	Blue	Blue	0.22403288	0	0	False	False	frozen_esm2_35m_head	Green,Purple,Red,Yellow	Blue	moderate_rna_like	True	False	True	crucivirus_scored_rna_like	0.77596712			
Sdomain	Green	Cruci_CruV_541	1	0.22463767	0	False	0	False	0	False	/workspace/cruci-classifier/results/grid_esm35m_e50/Sdomain/Green/eval/test_eval_results.csv	0	0.5480888485908508	Cruci_CruV_541	210	210	0	0	S_domain	Cruci_CruV_541	Cruci_CruV_541|Sdomain|Green|record0	1	crucivirus	Green	Green	0.22463767	0	0	False	False	frozen_esm2_35m_head	Blue,Purple,Red,Yellow	Green	moderate_rna_like	True	False	True	crucivirus_scored_rna_like	0.77536233			
Sdomain	Yellow	Ribo_ND_270988	0	0.7746721	1	False	1	False	1	False	/workspace/cruci-classifier/results/grid_esm35m_e50/Sdomain/Yellow/eval/test_eval_results.csv	0	0.5087921023368835	Ribo_ND_270988	177	177	0	0	S_domain	Ribo_ND_270988	Ribo_ND_270988|Sdomain|Yellow|record0	0	rna_virus	Yellow	Yellow	0.7746721	1	1	False	False	frozen_esm2_35m_head	Blue,Green,Purple,Red	Yellow	moderate_crucivirus_like	True	False	True	rna_virus_scored_crucivirus_like	0.7746721			
Pdomain	Yellow	Ribo_ND_106166	0	0.7741592	1	False	1	False	1	False	/workspace/cruci-classifier/results/grid_esm35m_e50/Pdomain/Yellow/eval/test_eval_results.csv	0	0.4989717900753021	Ribo_ND_106166	150	150	0	0	P_domain	Ribo_ND_106166	Ribo_ND_106166|Pdomain|Yellow|record0	0	rna_virus	Yellow	Yellow	0.7741592	1	1	False	False	frozen_esm2_35m_head	Blue,Green,Purple,Red	Yellow	moderate_crucivirus_like	True	False	True	rna_virus_scored_crucivirus_like	0.7741592			
Sdomain	Yellow	Ribo_ND_299981	0	0.77413654	1	False	1	False	1	False	/workspace/cruci-classifier/results/grid_esm35m_e50/Sdomain/Yellow/eval/test_eval_results.csv	0	0.5087921023368835	Ribo_ND_299981	177	177	0	0	S_domain	Ribo_ND_299981	Ribo_ND_299981|Sdomain|Yellow|record0	0	rna_virus	Yellow	Yellow	0.77413654	1	1	False	False	frozen_esm2_35m_head	Blue,Green,Purple,Red	Yellow	moderate_crucivirus_like	True	False	True	rna_virus_scored_crucivirus_like	0.77413654			
Sdomain	Yellow	Ribo_MT138147_clostero-likeRdRp_translation	0	0.77397686	1	False	1	False	1	False	/workspace/cruci-classifier/results/grid_esm35m_e50/Sdomain/Yellow/eval/test_eval_results.csv	0	0.5087921023368835	Ribo_MT138147_clostero-likeRdRp_translation	179	179	0	0	S_domain	Ribo_MT138147_clostero-likeRdRp_translation	Ribo_MT138147_clostero-likeRdRp_translation|Sdomain|Yellow|record0	0	rna_virus	Yellow	Yellow	0.77397686	1	1	False	False	frozen_esm2_35m_head	Blue,Green,Purple,Red	Yellow	moderate_crucivirus_like	True	False	True	rna_virus_scored_crucivirus_like	0.77397686			
Sdomain	Blue	Ribo_ND_132246	0	0.77377474	1	False	1	False	1	False	/workspace/cruci-classifier/results/grid_esm35m_e50/Sdomain/Blue/eval/test_eval_results.csv	0	0.3950238227844238	Ribo_ND_132246	180	180	0	0	S_domain	Ribo_ND_132246	Ribo_ND_132246|Sdomain|Blue|record0	0	rna_virus	Blue	Blue	0.77377474	1	1	False	False	frozen_esm2_35m_head	Green,Purple,Red,Yellow	Blue	moderate_crucivirus_like	True	False	True	rna_virus_scored_crucivirus_like	0.77377474			
Rdomain	Green	Ribo_ND_327463	0	0.7737534	1	False	1	False	1	False	/workspace/cruci-classifier/results/grid_esm35m_e50/Rdomain/Green/eval/test_eval_results.csv	0	0.5166996717453003	Ribo_ND_327463	7	7	0	0	R_domain	Ribo_ND_327463	Ribo_ND_327463|Rdomain|Green|record0	0	rna_virus	Green	Green	0.7737534	1	1	False	False	frozen_esm2_35m_head	Blue,Purple,Red,Yellow	Green	moderate_crucivirus_like	True	False	True	rna_virus_scored_crucivirus_like	0.7737534			
Rdomain	Green	Ribo_ND_385927	0	0.7737534	1	False	1	False	1	False	/workspace/cruci-classifier/results/grid_esm35m_e50/Rdomain/Green/eval/test_eval_results.csv	0	0.5166996717453003	Ribo_ND_385927	7	7	0	0	R_domain	Ribo_ND_385927	Ribo_ND_385927|Rdomain|Green|record0	0	rna_virus	Green	Green	0.7737534	1	1	False	False	frozen_esm2_35m_head	Blue,Purple,Red,Yellow	Green	moderate_crucivirus_like	True	False	True	rna_virus_scored_crucivirus_like	0.7737534			
fullCP	Red	Ribo_ND_081873	0	0.77355224	1	False	1	False	1	False	/workspace/cruci-classifier/results/grid_esm35m_e50/fullCP/Red/eval/test_eval_results.csv	0	0.4925376772880554	Ribo_ND_081873	618	619	1	0	full_capsid	Ribo_ND_081873	Ribo_ND_081873|fullCP|Red|record0	0	rna_virus	Red	Red	0.77355224	1	1	False	False	frozen_esm2_35m_head	Blue,Green,Purple,Yellow	Red	moderate_crucivirus_like	True	False	True	rna_virus_scored_crucivirus_like	0.77355224			
Rdomain	Yellow	Ribo_ND_055001	0	0.77326477	1	False	1	False	1	False	/workspace/cruci-classifier/results/grid_esm35m_e50/Rdomain/Yellow/eval/test_eval_results.csv	0	0.471052885055542	Ribo_ND_055001	104	104	0	0	R_domain	Ribo_ND_055001	Ribo_ND_055001|Rdomain|Yellow|record0	0	rna_virus	Yellow	Yellow	0.77326477	1	1	False	False	frozen_esm2_35m_head	Blue,Green,Purple,Red	Yellow	moderate_crucivirus_like	True	False	True	rna_virus_scored_crucivirus_like	0.77326477			
Pdomain	Purple	Cruci_Ariz_MW697623	1	0.22719927	0	False	0	False	0	False	/workspace/cruci-classifier/results/grid_esm35m_e50/Pdomain/Purple/eval/test_eval_results.csv	0	0.4982953071594238	Cruci_Ariz_MW697623	152	152	0	0	P_domain	Cruci_Ariz_MW697623	Cruci_Ariz_MW697623|Pdomain|Purple|record0	1	crucivirus	Purple	Purple	0.22719927	0	0	False	False	frozen_esm2_35m_head	Blue,Green,Red,Yellow	Purple	moderate_rna_like	True	False	True	crucivirus_scored_rna_like	0.7728007299999999			
Sdomain	Yellow	Ribo_ND_099810	0	0.772722	1	False	1	False	1	False	/workspace/cruci-classifier/results/grid_esm35m_e50/Sdomain/Yellow/eval/test_eval_results.csv	0	0.5087921023368835	Ribo_ND_099810	177	177	0	0	S_domain	Ribo_ND_099810	Ribo_ND_099810|Sdomain|Yellow|record0	0	rna_virus	Yellow	Yellow	0.772722	1	1	False	False	frozen_esm2_35m_head	Blue,Green,Purple,Red	Yellow	moderate_crucivirus_like	True	False	True	rna_virus_scored_crucivirus_like	0.772722			
Sdomain	Green	Ribo_ND_026429	0	0.7724574	1	False	1	False	1	False	/workspace/cruci-classifier/results/grid_esm35m_e50/Sdomain/Green/eval/test_eval_results.csv	0	0.5480888485908508	Ribo_ND_026429	179	179	0	0	S_domain	Ribo_ND_026429	Ribo_ND_026429|Sdomain|Green|record0	0	rna_virus	Green	Green	0.7724574	1	1	False	False	frozen_esm2_35m_head	Blue,Purple,Red,Yellow	Green	moderate_crucivirus_like	True	False	True	rna_virus_scored_crucivirus_like	0.7724574			
Pdomain	Green	Ribo_ND_249719	0	0.7721889	1	False	1	False	1	False	/workspace/cruci-classifier/results/grid_esm35m_e50/Pdomain/Green/eval/test_eval_results.csv	0	0.5002309083938599	Ribo_ND_249719	227	227	0	0	P_domain	Ribo_ND_249719	Ribo_ND_249719|Pdomain|Green|record0	0	rna_virus	Green	Green	0.7721889	1	1	False	False	frozen_esm2_35m_head	Blue,Purple,Red,Yellow	Green	moderate_crucivirus_like	True	False	True	rna_virus_scored_crucivirus_like	0.7721889			
Sdomain	Purple	Cruci_CruV-714	1	0.2279248	0	False	0	False	0	False	/workspace/cruci-classifier/results/grid_esm35m_e50/Sdomain/Purple/eval/test_eval_results.csv	0	0.5010125041007996	Cruci_CruV-714	180	180	0	0	S_domain	Cruci_CruV-714	Cruci_CruV-714|Sdomain|Purple|record0	1	crucivirus	Purple	Purple	0.2279248	0	0	False	False	frozen_esm2_35m_head	Blue,Green,Red,Yellow	Purple	moderate_rna_like	True	False	True	crucivirus_scored_rna_like	0.7720752			
Pdomain	Yellow	Ribo_ND_025188	0	0.7719733	1	False	1	False	1	False	/workspace/cruci-classifier/results/grid_esm35m_e50/Pdomain/Yellow/eval/test_eval_results.csv	0	0.4989717900753021	Ribo_ND_025188	156	156	0	0	P_domain	Ribo_ND_025188	Ribo_ND_025188|Pdomain|Yellow|record0	0	rna_virus	Yellow	Yellow	0.7719733	1	1	False	False	frozen_esm2_35m_head	Blue,Green,Purple,Red	Yellow	moderate_crucivirus_like	True	False	True	rna_virus_scored_crucivirus_like	0.7719733			
Pdomain	Blue	Ribo_ND_090381	0	0.7718155	1	False	1	False	1	False	/workspace/cruci-classifier/results/grid_esm35m_e50/Pdomain/Blue/eval/test_eval_results.csv	0	0.4954362213611603	Ribo_ND_090381	152	152	0	0	P_domain	Ribo_ND_090381	Ribo_ND_090381|Pdomain|Blue|record0	0	rna_virus	Blue	Blue	0.7718155	1	1	False	False	frozen_esm2_35m_head	Green,Purple,Red,Yellow	Blue	moderate_crucivirus_like	True	False	True	rna_virus_scored_crucivirus_like	0.7718155			
fullCP	Purple	Cruci_CruV-632	1	0.22826423	0	False	0	False	0	False	/workspace/cruci-classifier/results/grid_esm35m_e50/fullCP/Purple/eval/test_eval_results.csv	0	0.4988135993480682	Cruci_CruV-632	493	493	0	0	full_capsid	Cruci_CruV-632	Cruci_CruV-632|fullCP|Purple|record0	1	crucivirus	Purple	Purple	0.22826423	0	0	False	False	frozen_esm2_35m_head	Blue,Green,Red,Yellow	Purple	moderate_rna_like	True	False	True	crucivirus_scored_rna_like	0.77173577			
fullCP	Blue	Ribo_ND_028934	0	0.77163714	1	False	1	False	1	False	/workspace/cruci-classifier/results/grid_esm35m_e50/fullCP/Blue/eval/test_eval_results.csv	0	0.4914703667163849	Ribo_ND_028934	466	467	1	0	full_capsid	Ribo_ND_028934	Ribo_ND_028934|fullCP|Blue|record0	0	rna_virus	Blue	Blue	0.77163714	1	1	False	False	frozen_esm2_35m_head	Green,Purple,Red,Yellow	Blue	moderate_crucivirus_like	True	False	True	rna_virus_scored_crucivirus_like	0.77163714			
Pdomain	Red	Ribo_ND_107386	0	0.77100116	1	False	1	False	1	False	/workspace/cruci-classifier/results/grid_esm35m_e50/Pdomain/Red/eval/test_eval_results.csv	0	0.4583896696567535	Ribo_ND_107386	159	159	0	0	P_domain	Ribo_ND_107386	Ribo_ND_107386|Pdomain|Red|record0	0	rna_virus	Red	Red	0.77100116	1	1	False	False	frozen_esm2_35m_head	Blue,Green,Purple,Yellow	Red	moderate_crucivirus_like	True	False	True	rna_virus_scored_crucivirus_like	0.77100116			
Pdomain	Yellow	Ribo_ND_025130	0	0.77089214	1	False	1	False	1	False	/workspace/cruci-classifier/results/grid_esm35m_e50/Pdomain/Yellow/eval/test_eval_results.csv	0	0.4989717900753021	Ribo_ND_025130	165	165	0	0	P_domain	Ribo_ND_025130	Ribo_ND_025130|Pdomain|Yellow|record0	0	rna_virus	Yellow	Yellow	0.77089214	1	1	False	False	frozen_esm2_35m_head	Blue,Green,Purple,Red	Yellow	moderate_crucivirus_like	True	False	True	rna_virus_scored_crucivirus_like	0.77089214			
Sdomain	Purple	Cruci_CruV_449	1	0.22987476	0	False	0	False	0	False	/workspace/cruci-classifier/results/grid_esm35m_e50/Sdomain/Purple/eval/test_eval_results.csv	0	0.5010125041007996	Cruci_CruV_449	188	188	0	0	S_domain	Cruci_CruV_449	Cruci_CruV_449|Sdomain|Purple|record0	1	crucivirus	Purple	Purple	0.22987476	0	0	False	False	frozen_esm2_35m_head	Blue,Green,Red,Yellow	Purple	moderate_rna_like	True	False	True	crucivirus_scored_rna_like	0.77012524			
Sdomain	Red	Ribo_ND_306667	0	0.7692246	1	False	1	False	1	False	/workspace/cruci-classifier/results/grid_esm35m_e50/Sdomain/Red/eval/test_eval_results.csv	0	0.4007981121540069	Ribo_ND_306667	174	174	0	0	S_domain	Ribo_ND_306667	Ribo_ND_306667|Sdomain|Red|record0	0	rna_virus	Red	Red	0.7692246	1	1	False	False	frozen_esm2_35m_head	Blue,Green,Purple,Yellow	Red	moderate_crucivirus_like	True	False	True	rna_virus_scored_crucivirus_like	0.7692246			
Rdomain	Yellow	Ribo_ND_152451	0	0.76886994	1	False	1	False	1	False	/workspace/cruci-classifier/results/grid_esm35m_e50/Rdomain/Yellow/eval/test_eval_results.csv	0	0.471052885055542	Ribo_ND_152451	134	134	0	0	R_domain	Ribo_ND_152451	Ribo_ND_152451|Rdomain|Yellow|record0	0	rna_virus	Yellow	Yellow	0.76886994	1	1	False	False	frozen_esm2_35m_head	Blue,Green,Purple,Red	Yellow	moderate_crucivirus_like	True	False	True	rna_virus_scored_crucivirus_like	0.76886994			
Pdomain	Yellow	Ribo_ND_348190	0	0.76879627	1	False	1	False	1	False	/workspace/cruci-classifier/results/grid_esm35m_e50/Pdomain/Yellow/eval/test_eval_results.csv	0	0.4989717900753021	Ribo_ND_348190	147	147	0	0	P_domain	Ribo_ND_348190	Ribo_ND_348190|Pdomain|Yellow|record0	0	rna_virus	Yellow	Yellow	0.76879627	1	1	False	False	frozen_esm2_35m_head	Blue,Green,Purple,Red	Yellow	moderate_crucivirus_like	True	False	True	rna_virus_scored_crucivirus_like	0.76879627			
Rdomain	Green	Ribo_ND_100038	0	0.7684744	1	False	1	False	1	False	/workspace/cruci-classifier/results/grid_esm35m_e50/Rdomain/Green/eval/test_eval_results.csv	0	0.5166996717453003	Ribo_ND_100038	132	132	0	0	R_domain	Ribo_ND_100038	Ribo_ND_100038|Rdomain|Green|record0	0	rna_virus	Green	Green	0.7684744	1	1	False	False	frozen_esm2_35m_head	Blue,Purple,Red,Yellow	Green	moderate_crucivirus_like	True	False	True	rna_virus_scored_crucivirus_like	0.7684744			
Pdomain	Purple	Cruci_CruV_153	1	0.23172687	0	False	0	False	0	False	/workspace/cruci-classifier/results/grid_esm35m_e50/Pdomain/Purple/eval/test_eval_results.csv	0	0.4982953071594238	Cruci_CruV_153	153	153	0	0	P_domain	Cruci_CruV_153	Cruci_CruV_153|Pdomain|Purple|record0	1	crucivirus	Purple	Purple	0.23172687	0	0	False	False	frozen_esm2_35m_head	Blue,Green,Red,Yellow	Purple	moderate_rna_like	True	False	True	crucivirus_scored_rna_like	0.76827313			
Rdomain	Purple	Cruci_CruV-923	1	0.23175101	0	False	0	False	0	False	/workspace/cruci-classifier/results/grid_esm35m_e50/Rdomain/Purple/eval/test_eval_results.csv	0	0.5012195110321045	Cruci_CruV-923	28	28	0	0	R_domain	Cruci_CruV-923	Cruci_CruV-923|Rdomain|Purple|record0	1	crucivirus	Purple	Purple	0.23175101	0	0	False	False	frozen_esm2_35m_head	Blue,Green,Red,Yellow	Purple	moderate_rna_like	True	False	True	crucivirus_scored_rna_like	0.76824899			
Pdomain	Blue	Cruci_CruV-725	1	0.23199734	0	False	0	False	0	False	/workspace/cruci-classifier/results/grid_esm35m_e50/Pdomain/Blue/eval/test_eval_results.csv	0	0.4954362213611603	Cruci_CruV-725	167	167	0	0	P_domain	Cruci_CruV-725	Cruci_CruV-725|Pdomain|Blue|record0	1	crucivirus	Blue	Blue	0.23199734	0	0	False	False	frozen_esm2_35m_head	Green,Purple,Red,Yellow	Blue	moderate_rna_like	True	False	True	crucivirus_scored_rna_like	0.7680026600000001			
Pdomain	Yellow	Ribo_ND_358063	0	0.76792437	1	False	1	False	1	False	/workspace/cruci-classifier/results/grid_esm35m_e50/Pdomain/Yellow/eval/test_eval_results.csv	0	0.4989717900753021	Ribo_ND_358063	159	159	0	0	P_domain	Ribo_ND_358063	Ribo_ND_358063|Pdomain|Yellow|record0	0	rna_virus	Yellow	Yellow	0.76792437	1	1	False	False	frozen_esm2_35m_head	Blue,Green,Purple,Red	Yellow	moderate_crucivirus_like	True	False	True	rna_virus_scored_crucivirus_like	0.76792437			
Sdomain	Yellow	Ribo_ND_248264	0	0.76781076	1	False	1	False	1	False	/workspace/cruci-classifier/results/grid_esm35m_e50/Sdomain/Yellow/eval/test_eval_results.csv	0	0.5087921023368835	Ribo_ND_248264	177	177	0	0	S_domain	Ribo_ND_248264	Ribo_ND_248264|Sdomain|Yellow|record0	0	rna_virus	Yellow	Yellow	0.76781076	1	1	False	False	frozen_esm2_35m_head	Blue,Green,Purple,Red	Yellow	moderate_crucivirus_like	True	False	True	rna_virus_scored_crucivirus_like	0.76781076			
Pdomain	Yellow	Ribo_ND_352102	0	0.7675359	1	False	1	False	1	False	/workspace/cruci-classifier/results/grid_esm35m_e50/Pdomain/Yellow/eval/test_eval_results.csv	0	0.4989717900753021	Ribo_ND_352102	170	170	0	0	P_domain	Ribo_ND_352102	Ribo_ND_352102|Pdomain|Yellow|record0	0	rna_virus	Yellow	Yellow	0.7675359	1	1	False	False	frozen_esm2_35m_head	Blue,Green,Purple,Red	Yellow	moderate_crucivirus_like	True	False	True	rna_virus_scored_crucivirus_like	0.7675359			
Sdomain	Yellow	Ribo_JAAOEH010001260.1	0	0.7670263	1	False	1	False	1	False	/workspace/cruci-classifier/results/grid_esm35m_e50/Sdomain/Yellow/eval/test_eval_results.csv	0	0.5087921023368835	Ribo_JAAOEH010001260.1	183	183	0	0	S_domain	Ribo_JAAOEH010001260.1	Ribo_JAAOEH010001260.1|Sdomain|Yellow|record0	0	rna_virus	Yellow	Yellow	0.7670263	1	1	False	False	frozen_esm2_35m_head	Blue,Green,Purple,Red	Yellow	moderate_crucivirus_like	True	False	True	rna_virus_scored_crucivirus_like	0.7670263			
Sdomain	Yellow	Ribo_ND_163344	0	0.76686096	1	False	1	False	1	False	/workspace/cruci-classifier/results/grid_esm35m_e50/Sdomain/Yellow/eval/test_eval_results.csv	0	0.5087921023368835	Ribo_ND_163344	182	182	0	0	S_domain	Ribo_ND_163344	Ribo_ND_163344|Sdomain|Yellow|record0	0	rna_virus	Yellow	Yellow	0.76686096	1	1	False	False	frozen_esm2_35m_head	Blue,Green,Purple,Red	Yellow	moderate_crucivirus_like	True	False	True	rna_virus_scored_crucivirus_like	0.76686096			
Sdomain	Blue	Ribo_ND_105005	0	0.7660545	1	False	1	False	1	False	/workspace/cruci-classifier/results/grid_esm35m_e50/Sdomain/Blue/eval/test_eval_results.csv	0	0.3950238227844238	Ribo_ND_105005	179	179	0	0	S_domain	Ribo_ND_105005	Ribo_ND_105005|Sdomain|Blue|record0	0	rna_virus	Blue	Blue	0.7660545	1	1	False	False	frozen_esm2_35m_head	Green,Purple,Red,Yellow	Blue	moderate_crucivirus_like	True	False	True	rna_virus_scored_crucivirus_like	0.7660545			
fullCP	Green	Cruci_CruV-968	1	0.23399144	0	False	0	False	0	False	/workspace/cruci-classifier/results/grid_esm35m_e50/fullCP/Green/eval/test_eval_results.csv	0	0.4995022118091583	Cruci_CruV-968	432	432	0	0	full_capsid	Cruci_CruV-968	Cruci_CruV-968|fullCP|Green|record0	1	crucivirus	Green	Green	0.23399144	0	0	False	False	frozen_esm2_35m_head	Blue,Purple,Red,Yellow	Green	moderate_rna_like	True	False	True	crucivirus_scored_rna_like	0.76600856			
Pdomain	Yellow	Ribo_ND_029688	0	0.76593304	1	False	1	False	1	False	/workspace/cruci-classifier/results/grid_esm35m_e50/Pdomain/Yellow/eval/test_eval_results.csv	0	0.4989717900753021	Ribo_ND_029688	149	149	0	0	P_domain	Ribo_ND_029688	Ribo_ND_029688|Pdomain|Yellow|record0	0	rna_virus	Yellow	Yellow	0.76593304	1	1	False	False	frozen_esm2_35m_head	Blue,Green,Purple,Red	Yellow	moderate_crucivirus_like	True	False	True	rna_virus_scored_crucivirus_like	0.76593304			
Pdomain	Red	Ribo_ND_294143	0	0.7657356	1	False	1	False	1	False	/workspace/cruci-classifier/results/grid_esm35m_e50/Pdomain/Red/eval/test_eval_results.csv	0	0.4583896696567535	Ribo_ND_294143	256	256	0	0	P_domain	Ribo_ND_294143	Ribo_ND_294143|Pdomain|Red|record0	0	rna_virus	Red	Red	0.7657356	1	1	False	False	frozen_esm2_35m_head	Blue,Green,Purple,Yellow	Red	moderate_crucivirus_like	True	False	True	rna_virus_scored_crucivirus_like	0.7657356			
Rdomain	Yellow	Ribo_ND_239879	0	0.76562726	1	False	1	False	1	False	/workspace/cruci-classifier/results/grid_esm35m_e50/Rdomain/Yellow/eval/test_eval_results.csv	0	0.471052885055542	Ribo_ND_239879	147	147	0	0	R_domain	Ribo_ND_239879	Ribo_ND_239879|Rdomain|Yellow|record0	0	rna_virus	Yellow	Yellow	0.76562726	1	1	False	False	frozen_esm2_35m_head	Blue,Green,Purple,Red	Yellow	moderate_crucivirus_like	True	False	True	rna_virus_scored_crucivirus_like	0.76562726			
Sdomain	Blue	Ribo_ND_239075	0	0.76501	1	False	1	False	1	False	/workspace/cruci-classifier/results/grid_esm35m_e50/Sdomain/Blue/eval/test_eval_results.csv	0	0.3950238227844238	Ribo_ND_239075	192	192	0	0	S_domain	Ribo_ND_239075	Ribo_ND_239075|Sdomain|Blue|record0	0	rna_virus	Blue	Blue	0.76501	1	1	False	False	frozen_esm2_35m_head	Green,Purple,Red,Yellow	Blue	moderate_crucivirus_like	True	False	True	rna_virus_scored_crucivirus_like	0.76501			
Sdomain	Yellow	Ribo_ND_085033	0	0.76462	1	False	1	False	1	False	/workspace/cruci-classifier/results/grid_esm35m_e50/Sdomain/Yellow/eval/test_eval_results.csv	0	0.5087921023368835	Ribo_ND_085033	180	180	0	0	S_domain	Ribo_ND_085033	Ribo_ND_085033|Sdomain|Yellow|record0	0	rna_virus	Yellow	Yellow	0.76462	1	1	False	False	frozen_esm2_35m_head	Blue,Green,Purple,Red	Yellow	moderate_crucivirus_like	True	False	True	rna_virus_scored_crucivirus_like	0.76462			
Sdomain	Green	Cruci_CruV_539	1	0.23575196	0	False	0	False	0	False	/workspace/cruci-classifier/results/grid_esm35m_e50/Sdomain/Green/eval/test_eval_results.csv	0	0.5480888485908508	Cruci_CruV_539	168	168	0	0	S_domain	Cruci_CruV_539	Cruci_CruV_539|Sdomain|Green|record0	1	crucivirus	Green	Green	0.23575196	0	0	False	False	frozen_esm2_35m_head	Blue,Purple,Red,Yellow	Green	moderate_rna_like	True	False	True	crucivirus_scored_rna_like	0.76424804			
Pdomain	Blue	Ribo_ND_025223	0	0.76418346	1	False	1	False	1	False	/workspace/cruci-classifier/results/grid_esm35m_e50/Pdomain/Blue/eval/test_eval_results.csv	0	0.4954362213611603	Ribo_ND_025223	157	157	0	0	P_domain	Ribo_ND_025223	Ribo_ND_025223|Pdomain|Blue|record0	0	rna_virus	Blue	Blue	0.76418346	1	1	False	False	frozen_esm2_35m_head	Green,Purple,Red,Yellow	Blue	moderate_crucivirus_like	True	False	True	rna_virus_scored_crucivirus_like	0.76418346			
Pdomain	Yellow	Ribo_ND_304381	0	0.7637983	1	False	1	False	1	False	/workspace/cruci-classifier/results/grid_esm35m_e50/Pdomain/Yellow/eval/test_eval_results.csv	0	0.4989717900753021	Ribo_ND_304381	172	172	0	0	P_domain	Ribo_ND_304381	Ribo_ND_304381|Pdomain|Yellow|record0	0	rna_virus	Yellow	Yellow	0.7637983	1	1	False	False	frozen_esm2_35m_head	Blue,Green,Purple,Red	Yellow	moderate_crucivirus_like	True	False	True	rna_virus_scored_crucivirus_like	0.7637983			
Sdomain	Yellow	Ribo_ND_304209	0	0.7637803	1	False	1	False	1	False	/workspace/cruci-classifier/results/grid_esm35m_e50/Sdomain/Yellow/eval/test_eval_results.csv	0	0.5087921023368835	Ribo_ND_304209	177	177	0	0	S_domain	Ribo_ND_304209	Ribo_ND_304209|Sdomain|Yellow|record0	0	rna_virus	Yellow	Yellow	0.7637803	1	1	False	False	frozen_esm2_35m_head	Blue,Green,Purple,Red	Yellow	moderate_crucivirus_like	True	False	True	rna_virus_scored_crucivirus_like	0.7637803			
Pdomain	Yellow	Ribo_ND_046761	0	0.7637549	1	False	1	False	1	False	/workspace/cruci-classifier/results/grid_esm35m_e50/Pdomain/Yellow/eval/test_eval_results.csv	0	0.4989717900753021	Ribo_ND_046761	148	148	0	0	P_domain	Ribo_ND_046761	Ribo_ND_046761|Pdomain|Yellow|record0	0	rna_virus	Yellow	Yellow	0.7637549	1	1	False	False	frozen_esm2_35m_head	Blue,Green,Purple,Red	Yellow	moderate_crucivirus_like	True	False	True	rna_virus_scored_crucivirus_like	0.7637549			
Sdomain	Yellow	Ribo_ND_042393	0	0.76341635	1	False	1	False	1	False	/workspace/cruci-classifier/results/grid_esm35m_e50/Sdomain/Yellow/eval/test_eval_results.csv	0	0.5087921023368835	Ribo_ND_042393	177	177	0	0	S_domain	Ribo_ND_042393	Ribo_ND_042393|Sdomain|Yellow|record0	0	rna_virus	Yellow	Yellow	0.76341635	1	1	False	False	frozen_esm2_35m_head	Blue,Green,Purple,Red	Yellow	moderate_crucivirus_like	True	False	True	rna_virus_scored_crucivirus_like	0.76341635			
Rdomain	Yellow	Ribo_ND_037412	0	0.7630798	1	False	1	False	1	False	/workspace/cruci-classifier/results/grid_esm35m_e50/Rdomain/Yellow/eval/test_eval_results.csv	0	0.471052885055542	Ribo_ND_037412	163	163	0	0	R_domain	Ribo_ND_037412	Ribo_ND_037412|Rdomain|Yellow|record0	0	rna_virus	Yellow	Yellow	0.7630798	1	1	False	False	frozen_esm2_35m_head	Blue,Green,Purple,Red	Yellow	moderate_crucivirus_like	True	False	True	rna_virus_scored_crucivirus_like	0.7630798			
Pdomain	Yellow	Ribo_ND_133060	0	0.76297903	1	False	1	False	1	False	/workspace/cruci-classifier/results/grid_esm35m_e50/Pdomain/Yellow/eval/test_eval_results.csv	0	0.4989717900753021	Ribo_ND_133060	156	156	0	0	P_domain	Ribo_ND_133060	Ribo_ND_133060|Pdomain|Yellow|record0	0	rna_virus	Yellow	Yellow	0.76297903	1	1	False	False	frozen_esm2_35m_head	Blue,Green,Purple,Red	Yellow	moderate_crucivirus_like	True	False	True	rna_virus_scored_crucivirus_like	0.76297903			
Sdomain	Red	Ribo_ND_327870	0	0.7628808	1	False	1	False	1	False	/workspace/cruci-classifier/results/grid_esm35m_e50/Sdomain/Red/eval/test_eval_results.csv	0	0.4007981121540069	Ribo_ND_327870	174	174	0	0	S_domain	Ribo_ND_327870	Ribo_ND_327870|Sdomain|Red|record0	0	rna_virus	Red	Red	0.7628808	1	1	False	False	frozen_esm2_35m_head	Blue,Green,Purple,Yellow	Red	moderate_crucivirus_like	True	False	True	rna_virus_scored_crucivirus_like	0.7628808			
Pdomain	Purple	Cruci_CruV_368	1	0.2373358	0	False	0	False	0	False	/workspace/cruci-classifier/results/grid_esm35m_e50/Pdomain/Purple/eval/test_eval_results.csv	0	0.4982953071594238	Cruci_CruV_368	265	265	0	0	P_domain	Cruci_CruV_368	Cruci_CruV_368|Pdomain|Purple|record0	1	crucivirus	Purple	Purple	0.2373358	0	0	False	False	frozen_esm2_35m_head	Blue,Green,Red,Yellow	Purple	moderate_rna_like	True	False	True	crucivirus_scored_rna_like	0.7626642			
Sdomain	Purple	Cruci_CruV-763	1	0.23735532	0	False	0	False	0	False	/workspace/cruci-classifier/results/grid_esm35m_e50/Sdomain/Purple/eval/test_eval_results.csv	0	0.5010125041007996	Cruci_CruV-763	185	185	0	0	S_domain	Cruci_CruV-763	Cruci_CruV-763|Sdomain|Purple|record0	1	crucivirus	Purple	Purple	0.23735532	0	0	False	False	frozen_esm2_35m_head	Blue,Green,Red,Yellow	Purple	moderate_rna_like	True	False	True	crucivirus_scored_rna_like	0.76264468			
fullCP	Purple	Ribo_ND_114032	0	0.7626412	1	False	1	False	1	False	/workspace/cruci-classifier/results/grid_esm35m_e50/fullCP/Purple/eval/test_eval_results.csv	0	0.4988135993480682	Ribo_ND_114032	453	454	1	0	full_capsid	Ribo_ND_114032	Ribo_ND_114032|fullCP|Purple|record0	0	rna_virus	Purple	Purple	0.7626412	1	1	False	False	frozen_esm2_35m_head	Blue,Green,Red,Yellow	Purple	moderate_crucivirus_like	True	False	True	rna_virus_scored_crucivirus_like	0.7626412			
Sdomain	Blue	Ribo_ND_030247	0	0.76254016	1	False	1	False	1	False	/workspace/cruci-classifier/results/grid_esm35m_e50/Sdomain/Blue/eval/test_eval_results.csv	0	0.3950238227844238	Ribo_ND_030247	180	180	0	0	S_domain	Ribo_ND_030247	Ribo_ND_030247|Sdomain|Blue|record0	0	rna_virus	Blue	Blue	0.76254016	1	1	False	False	frozen_esm2_35m_head	Green,Purple,Red,Yellow	Blue	moderate_crucivirus_like	True	False	True	rna_virus_scored_crucivirus_like	0.76254016			
Sdomain	Blue	Ribo_ND_388266	0	0.7625148	1	False	1	False	1	False	/workspace/cruci-classifier/results/grid_esm35m_e50/Sdomain/Blue/eval/test_eval_results.csv	0	0.3950238227844238	Ribo_ND_388266	182	182	0	0	S_domain	Ribo_ND_388266	Ribo_ND_388266|Sdomain|Blue|record0	0	rna_virus	Blue	Blue	0.7625148	1	1	False	False	frozen_esm2_35m_head	Green,Purple,Red,Yellow	Blue	moderate_crucivirus_like	True	False	True	rna_virus_scored_crucivirus_like	0.7625148			
Pdomain	Green	Ribo_ND_128801	0	0.76228637	1	False	1	False	1	False	/workspace/cruci-classifier/results/grid_esm35m_e50/Pdomain/Green/eval/test_eval_results.csv	0	0.5002309083938599	Ribo_ND_128801	169	169	0	0	P_domain	Ribo_ND_128801	Ribo_ND_128801|Pdomain|Green|record0	0	rna_virus	Green	Green	0.76228637	1	1	False	False	frozen_esm2_35m_head	Blue,Purple,Red,Yellow	Green	moderate_crucivirus_like	True	False	True	rna_virus_scored_crucivirus_like	0.76228637			
Rdomain	Yellow	Ribo_Ga0007410J51695_1016678	0	0.76213	1	False	1	False	1	False	/workspace/cruci-classifier/results/grid_esm35m_e50/Rdomain/Yellow/eval/test_eval_results.csv	0	0.471052885055542	Ribo_Ga0007410J51695_1016678	124	124	0	0	R_domain	Ribo_Ga0007410J51695_1016678	Ribo_Ga0007410J51695_1016678|Rdomain|Yellow|record0	0	rna_virus	Yellow	Yellow	0.76213	1	1	False	False	frozen_esm2_35m_head	Blue,Green,Purple,Red	Yellow	moderate_crucivirus_like	True	False	True	rna_virus_scored_crucivirus_like	0.76213			
Sdomain	Yellow	Ribo_ND_159193	0	0.76211864	1	False	1	False	1	False	/workspace/cruci-classifier/results/grid_esm35m_e50/Sdomain/Yellow/eval/test_eval_results.csv	0	0.5087921023368835	Ribo_ND_159193	177	177	0	0	S_domain	Ribo_ND_159193	Ribo_ND_159193|Sdomain|Yellow|record0	0	rna_virus	Yellow	Yellow	0.76211864	1	1	False	False	frozen_esm2_35m_head	Blue,Green,Purple,Red	Yellow	moderate_crucivirus_like	True	False	True	rna_virus_scored_crucivirus_like	0.76211864			
fullCP	Purple	Cruci_Tisza_MH617557.1	1	0.23796757	0	False	0	False	0	False	/workspace/cruci-classifier/results/grid_esm35m_e50/fullCP/Purple/eval/test_eval_results.csv	0	0.4988135993480682	Cruci_Tisza_MH617557.1	507	508	1	0	full_capsid	Cruci_Tisza_MH617557.1	Cruci_Tisza_MH617557.1|fullCP|Purple|record0	1	crucivirus	Purple	Purple	0.23796757	0	0	False	False	frozen_esm2_35m_head	Blue,Green,Red,Yellow	Purple	moderate_rna_like	True	False	True	crucivirus_scored_rna_like	0.76203243			
Sdomain	Green	Cruci_CruV_423	1	0.23841953	0	False	0	False	0	False	/workspace/cruci-classifier/results/grid_esm35m_e50/Sdomain/Green/eval/test_eval_results.csv	0	0.5480888485908508	Cruci_CruV_423	173	173	0	0	S_domain	Cruci_CruV_423	Cruci_CruV_423|Sdomain|Green|record0	1	crucivirus	Green	Green	0.23841953	0	0	False	False	frozen_esm2_35m_head	Blue,Purple,Red,Yellow	Green	moderate_rna_like	True	False	True	crucivirus_scored_rna_like	0.76158047			
Pdomain	Yellow	Ribo_ND_204147	0	0.760762	1	False	1	False	1	False	/workspace/cruci-classifier/results/grid_esm35m_e50/Pdomain/Yellow/eval/test_eval_results.csv	0	0.4989717900753021	Ribo_ND_204147	151	151	0	0	P_domain	Ribo_ND_204147	Ribo_ND_204147|Pdomain|Yellow|record0	0	rna_virus	Yellow	Yellow	0.760762	1	1	False	False	frozen_esm2_35m_head	Blue,Green,Purple,Red	Yellow	moderate_crucivirus_like	True	False	True	rna_virus_scored_crucivirus_like	0.760762			
Sdomain	Yellow	Ribo_ND_347450	0	0.76045984	1	False	1	False	1	False	/workspace/cruci-classifier/results/grid_esm35m_e50/Sdomain/Yellow/eval/test_eval_results.csv	0	0.5087921023368835	Ribo_ND_347450	182	182	0	0	S_domain	Ribo_ND_347450	Ribo_ND_347450|Sdomain|Yellow|record0	0	rna_virus	Yellow	Yellow	0.76045984	1	1	False	False	frozen_esm2_35m_head	Blue,Green,Purple,Red	Yellow	moderate_crucivirus_like	True	False	True	rna_virus_scored_crucivirus_like	0.76045984			
Pdomain	Yellow	Ribo_ND_176106	0	0.76041555	1	False	1	False	1	False	/workspace/cruci-classifier/results/grid_esm35m_e50/Pdomain/Yellow/eval/test_eval_results.csv	0	0.4989717900753021	Ribo_ND_176106	158	158	0	0	P_domain	Ribo_ND_176106	Ribo_ND_176106|Pdomain|Yellow|record0	0	rna_virus	Yellow	Yellow	0.76041555	1	1	False	False	frozen_esm2_35m_head	Blue,Green,Purple,Red	Yellow	moderate_crucivirus_like	True	False	True	rna_virus_scored_crucivirus_like	0.76041555			
Pdomain	Green	Cruci_CruV-853	1	0.23974526	0	False	0	False	0	False	/workspace/cruci-classifier/results/grid_esm35m_e50/Pdomain/Green/eval/test_eval_results.csv	0	0.5002309083938599	Cruci_CruV-853	6	6	0	0	P_domain	Cruci_CruV-853	Cruci_CruV-853|Pdomain|Green|record0	1	crucivirus	Green	Green	0.23974526	0	0	False	False	frozen_esm2_35m_head	Blue,Purple,Red,Yellow	Green	moderate_rna_like	True	False	True	crucivirus_scored_rna_like	0.76025474			
Pdomain	Purple	Cruci_CruV_373	1	0.2398888	0	False	0	False	0	False	/workspace/cruci-classifier/results/grid_esm35m_e50/Pdomain/Purple/eval/test_eval_results.csv	0	0.4982953071594238	Cruci_CruV_373	140	140	0	0	P_domain	Cruci_CruV_373	Cruci_CruV_373|Pdomain|Purple|record0	1	crucivirus	Purple	Purple	0.2398888	0	0	False	False	frozen_esm2_35m_head	Blue,Green,Red,Yellow	Purple	moderate_rna_like	True	False	True	crucivirus_scored_rna_like	0.7601112			
Pdomain	Red	Ribo_ND_378405	0	0.76007026	1	False	1	False	1	False	/workspace/cruci-classifier/results/grid_esm35m_e50/Pdomain/Red/eval/test_eval_results.csv	0	0.4583896696567535	Ribo_ND_378405	176	176	0	0	P_domain	Ribo_ND_378405	Ribo_ND_378405|Pdomain|Red|record0	0	rna_virus	Red	Red	0.76007026	1	1	False	False	frozen_esm2_35m_head	Blue,Green,Purple,Yellow	Red	moderate_crucivirus_like	True	False	True	rna_virus_scored_crucivirus_like	0.76007026			
Pdomain	Blue	Cruci_CruV_145	1	0.24022605	0	False	0	False	0	False	/workspace/cruci-classifier/results/grid_esm35m_e50/Pdomain/Blue/eval/test_eval_results.csv	0	0.4954362213611603	Cruci_CruV_145	149	149	0	0	P_domain	Cruci_CruV_145	Cruci_CruV_145|Pdomain|Blue|record0	1	crucivirus	Blue	Blue	0.24022605	0	0	False	False	frozen_esm2_35m_head	Green,Purple,Red,Yellow	Blue	moderate_rna_like	True	False	True	crucivirus_scored_rna_like	0.75977395			
Sdomain	Blue	Ribo_ND_164988	0	0.7597349	1	False	1	False	1	False	/workspace/cruci-classifier/results/grid_esm35m_e50/Sdomain/Blue/eval/test_eval_results.csv	0	0.3950238227844238	Ribo_ND_164988	180	180	0	0	S_domain	Ribo_ND_164988	Ribo_ND_164988|Sdomain|Blue|record0	0	rna_virus	Blue	Blue	0.7597349	1	1	False	False	frozen_esm2_35m_head	Green,Purple,Red,Yellow	Blue	moderate_crucivirus_like	True	False	True	rna_virus_scored_crucivirus_like	0.7597349			
Pdomain	Yellow	Ribo_ND_162049	0	0.7592514	1	False	1	False	1	False	/workspace/cruci-classifier/results/grid_esm35m_e50/Pdomain/Yellow/eval/test_eval_results.csv	0	0.4989717900753021	Ribo_ND_162049	167	167	0	0	P_domain	Ribo_ND_162049	Ribo_ND_162049|Pdomain|Yellow|record0	0	rna_virus	Yellow	Yellow	0.7592514	1	1	False	False	frozen_esm2_35m_head	Blue,Green,Purple,Red	Yellow	moderate_crucivirus_like	True	False	True	rna_virus_scored_crucivirus_like	0.7592514			
fullCP	Green	Cruci_CruV-967	1	0.2407898	0	False	0	False	0	False	/workspace/cruci-classifier/results/grid_esm35m_e50/fullCP/Green/eval/test_eval_results.csv	0	0.4995022118091583	Cruci_CruV-967	411	411	0	0	full_capsid	Cruci_CruV-967	Cruci_CruV-967|fullCP|Green|record0	1	crucivirus	Green	Green	0.2407898	0	0	False	False	frozen_esm2_35m_head	Blue,Purple,Red,Yellow	Green	moderate_rna_like	True	False	True	crucivirus_scored_rna_like	0.7592102000000001			
fullCP	Purple	Ribo_ND_097088	0	0.75910705	1	False	1	False	1	False	/workspace/cruci-classifier/results/grid_esm35m_e50/fullCP/Purple/eval/test_eval_results.csv	0	0.4988135993480682	Ribo_ND_097088	492	493	1	0	full_capsid	Ribo_ND_097088	Ribo_ND_097088|fullCP|Purple|record0	0	rna_virus	Purple	Purple	0.75910705	1	1	False	False	frozen_esm2_35m_head	Blue,Green,Red,Yellow	Purple	moderate_crucivirus_like	True	False	True	rna_virus_scored_crucivirus_like	0.75910705			
fullCP	Green	Ribo_ND_370444	0	0.7588531	1	False	1	False	1	False	/workspace/cruci-classifier/results/grid_esm35m_e50/fullCP/Green/eval/test_eval_results.csv	0	0.4995022118091583	Ribo_ND_370444	478	479	1	0	full_capsid	Ribo_ND_370444	Ribo_ND_370444|fullCP|Green|record0	0	rna_virus	Green	Green	0.7588531	1	1	False	False	frozen_esm2_35m_head	Blue,Purple,Red,Yellow	Green	moderate_crucivirus_like	True	False	True	rna_virus_scored_crucivirus_like	0.7588531			
Pdomain	Purple	Cruci_CruV_419	1	0.24151155	0	False	0	False	0	False	/workspace/cruci-classifier/results/grid_esm35m_e50/Pdomain/Purple/eval/test_eval_results.csv	0	0.4982953071594238	Cruci_CruV_419	166	166	0	0	P_domain	Cruci_CruV_419	Cruci_CruV_419|Pdomain|Purple|record0	1	crucivirus	Purple	Purple	0.24151155	0	0	False	False	frozen_esm2_35m_head	Blue,Green,Red,Yellow	Purple	moderate_rna_like	True	False	True	crucivirus_scored_rna_like	0.75848845			
Pdomain	Blue	Cruci_CruV-663	1	0.24161157	0	False	0	False	0	False	/workspace/cruci-classifier/results/grid_esm35m_e50/Pdomain/Blue/eval/test_eval_results.csv	0	0.4954362213611603	Cruci_CruV-663	158	158	0	0	P_domain	Cruci_CruV-663	Cruci_CruV-663|Pdomain|Blue|record0	1	crucivirus	Blue	Blue	0.24161157	0	0	False	False	frozen_esm2_35m_head	Green,Purple,Red,Yellow	Blue	moderate_rna_like	True	False	True	crucivirus_scored_rna_like	0.75838843			
Pdomain	Blue	Ribo_ND_091979	0	0.75836295	1	False	1	False	1	False	/workspace/cruci-classifier/results/grid_esm35m_e50/Pdomain/Blue/eval/test_eval_results.csv	0	0.4954362213611603	Ribo_ND_091979	163	163	0	0	P_domain	Ribo_ND_091979	Ribo_ND_091979|Pdomain|Blue|record0	0	rna_virus	Blue	Blue	0.75836295	1	1	False	False	frozen_esm2_35m_head	Green,Purple,Red,Yellow	Blue	moderate_crucivirus_like	True	False	True	rna_virus_scored_crucivirus_like	0.75836295			
Sdomain	Yellow	Ribo_ND_071273	0	0.7583072	1	False	1	False	1	False	/workspace/cruci-classifier/results/grid_esm35m_e50/Sdomain/Yellow/eval/test_eval_results.csv	0	0.5087921023368835	Ribo_ND_071273	179	179	0	0	S_domain	Ribo_ND_071273	Ribo_ND_071273|Sdomain|Yellow|record0	0	rna_virus	Yellow	Yellow	0.7583072	1	1	False	False	frozen_esm2_35m_head	Blue,Green,Purple,Red	Yellow	moderate_crucivirus_like	True	False	True	rna_virus_scored_crucivirus_like	0.7583072			
Sdomain	Green	Cruci_Ariz_MW697584	1	0.24186155	0	False	0	False	0	False	/workspace/cruci-classifier/results/grid_esm35m_e50/Sdomain/Green/eval/test_eval_results.csv	0	0.5480888485908508	Cruci_Ariz_MW697584	184	184	0	0	S_domain	Cruci_Ariz_MW697584	Cruci_Ariz_MW697584|Sdomain|Green|record0	1	crucivirus	Green	Green	0.24186155	0	0	False	False	frozen_esm2_35m_head	Blue,Purple,Red,Yellow	Green	moderate_rna_like	True	False	True	crucivirus_scored_rna_like	0.75813845			
Sdomain	Purple	Cruci_CruV-901	1	0.2420645	0	False	0	False	0	False	/workspace/cruci-classifier/results/grid_esm35m_e50/Sdomain/Purple/eval/test_eval_results.csv	0	0.5010125041007996	Cruci_CruV-901	184	184	0	0	S_domain	Cruci_CruV-901	Cruci_CruV-901|Sdomain|Purple|record0	1	crucivirus	Purple	Purple	0.2420645	0	0	False	False	frozen_esm2_35m_head	Blue,Green,Red,Yellow	Purple	moderate_rna_like	True	False	True	crucivirus_scored_rna_like	0.7579355			
Pdomain	Yellow	Ribo_ND_112280	0	0.7573707	1	False	1	False	1	False	/workspace/cruci-classifier/results/grid_esm35m_e50/Pdomain/Yellow/eval/test_eval_results.csv	0	0.4989717900753021	Ribo_ND_112280	175	175	0	0	P_domain	Ribo_ND_112280	Ribo_ND_112280|Pdomain|Yellow|record0	0	rna_virus	Yellow	Yellow	0.7573707	1	1	False	False	frozen_esm2_35m_head	Blue,Green,Purple,Red	Yellow	moderate_crucivirus_like	True	False	True	rna_virus_scored_crucivirus_like	0.7573707			
Rdomain	Yellow	Ribo_ND_029661	0	0.75708896	1	False	1	False	1	False	/workspace/cruci-classifier/results/grid_esm35m_e50/Rdomain/Yellow/eval/test_eval_results.csv	0	0.471052885055542	Ribo_ND_029661	95	95	0	0	R_domain	Ribo_ND_029661	Ribo_ND_029661|Rdomain|Yellow|record0	0	rna_virus	Yellow	Yellow	0.75708896	1	1	False	False	frozen_esm2_35m_head	Blue,Green,Purple,Red	Yellow	moderate_crucivirus_like	True	False	True	rna_virus_scored_crucivirus_like	0.75708896			
Sdomain	Yellow	Ribo_ND_046761	0	0.7570733	1	False	1	False	1	False	/workspace/cruci-classifier/results/grid_esm35m_e50/Sdomain/Yellow/eval/test_eval_results.csv	0	0.5087921023368835	Ribo_ND_046761	178	178	0	0	S_domain	Ribo_ND_046761	Ribo_ND_046761|Sdomain|Yellow|record0	0	rna_virus	Yellow	Yellow	0.7570733	1	1	False	False	frozen_esm2_35m_head	Blue,Green,Purple,Red	Yellow	moderate_crucivirus_like	True	False	True	rna_virus_scored_crucivirus_like	0.7570733			
Pdomain	Blue	Ribo_ND_046601	0	0.7567293	1	False	1	False	1	False	/workspace/cruci-classifier/results/grid_esm35m_e50/Pdomain/Blue/eval/test_eval_results.csv	0	0.4954362213611603	Ribo_ND_046601	155	155	0	0	P_domain	Ribo_ND_046601	Ribo_ND_046601|Pdomain|Blue|record0	0	rna_virus	Blue	Blue	0.7567293	1	1	False	False	frozen_esm2_35m_head	Green,Purple,Red,Yellow	Blue	moderate_crucivirus_like	True	False	True	rna_virus_scored_crucivirus_like	0.7567293			
fullCP	Yellow	Ribo_ND_162910	0	0.75617236	1	False	1	False	1	False	/workspace/cruci-classifier/results/grid_esm35m_e50/fullCP/Yellow/eval/test_eval_results.csv	0	0.4986207485198974	Ribo_ND_162910	530	531	1	0	full_capsid	Ribo_ND_162910	Ribo_ND_162910|fullCP|Yellow|record0	0	rna_virus	Yellow	Yellow	0.75617236	1	1	False	False	frozen_esm2_35m_head	Blue,Green,Purple,Red	Yellow	moderate_crucivirus_like	True	False	True	rna_virus_scored_crucivirus_like	0.75617236			
fullCP	Purple	Cruci_CruV_144	1	0.24401781	0	False	0	False	0	False	/workspace/cruci-classifier/results/grid_esm35m_e50/fullCP/Purple/eval/test_eval_results.csv	0	0.4988135993480682	Cruci_CruV_144	355	356	1	0	full_capsid	Cruci_CruV_144	Cruci_CruV_144|fullCP|Purple|record0	1	crucivirus	Purple	Purple	0.24401781	0	0	False	False	frozen_esm2_35m_head	Blue,Green,Red,Yellow	Purple	moderate_rna_like	True	False	True	crucivirus_scored_rna_like	0.75598219			
Pdomain	Yellow	Ribo_Ga0187795_1158440	0	0.7557772	1	False	1	False	1	False	/workspace/cruci-classifier/results/grid_esm35m_e50/Pdomain/Yellow/eval/test_eval_results.csv	0	0.4989717900753021	Ribo_Ga0187795_1158440	151	151	0	0	P_domain	Ribo_Ga0187795_1158440	Ribo_Ga0187795_1158440|Pdomain|Yellow|record0	0	rna_virus	Yellow	Yellow	0.7557772	1	1	False	False	frozen_esm2_35m_head	Blue,Green,Purple,Red	Yellow	moderate_crucivirus_like	True	False	True	rna_virus_scored_crucivirus_like	0.7557772			
Pdomain	Yellow	Ribo_ND_029406	0	0.75547844	1	False	1	False	1	False	/workspace/cruci-classifier/results/grid_esm35m_e50/Pdomain/Yellow/eval/test_eval_results.csv	0	0.4989717900753021	Ribo_ND_029406	149	149	0	0	P_domain	Ribo_ND_029406	Ribo_ND_029406|Pdomain|Yellow|record0	0	rna_virus	Yellow	Yellow	0.75547844	1	1	False	False	frozen_esm2_35m_head	Blue,Green,Purple,Red	Yellow	moderate_crucivirus_like	True	False	True	rna_virus_scored_crucivirus_like	0.75547844			
Pdomain	Blue	Cruci_CruV_165	1	0.24465553	0	False	0	False	0	False	/workspace/cruci-classifier/results/grid_esm35m_e50/Pdomain/Blue/eval/test_eval_results.csv	0	0.4954362213611603	Cruci_CruV_165	167	167	0	0	P_domain	Cruci_CruV_165	Cruci_CruV_165|Pdomain|Blue|record0	1	crucivirus	Blue	Blue	0.24465553	0	0	False	False	frozen_esm2_35m_head	Green,Purple,Red,Yellow	Blue	moderate_rna_like	True	False	True	crucivirus_scored_rna_like	0.75534447			
Pdomain	Yellow	Ribo_ND_030491	0	0.7552706	1	False	1	False	1	False	/workspace/cruci-classifier/results/grid_esm35m_e50/Pdomain/Yellow/eval/test_eval_results.csv	0	0.4989717900753021	Ribo_ND_030491	164	164	0	0	P_domain	Ribo_ND_030491	Ribo_ND_030491|Pdomain|Yellow|record0	0	rna_virus	Yellow	Yellow	0.7552706	1	1	False	False	frozen_esm2_35m_head	Blue,Green,Purple,Red	Yellow	moderate_crucivirus_like	True	False	True	rna_virus_scored_crucivirus_like	0.7552706			
Sdomain	Yellow	Cruci_CruV_205	1	0.24491668	0	False	0	False	0	False	/workspace/cruci-classifier/results/grid_esm35m_e50/Sdomain/Yellow/eval/test_eval_results.csv	0	0.5087921023368835	Cruci_CruV_205	169	169	0	0	S_domain	Cruci_CruV_205	Cruci_CruV_205|Sdomain|Yellow|record0	1	crucivirus	Yellow	Yellow	0.24491668	0	0	False	False	frozen_esm2_35m_head	Blue,Green,Purple,Red	Yellow	moderate_rna_like	True	False	True	crucivirus_scored_rna_like	0.75508332			
fullCP	Red	Ribo_ND_015955	0	0.75496775	1	False	1	False	1	False	/workspace/cruci-classifier/results/grid_esm35m_e50/fullCP/Red/eval/test_eval_results.csv	0	0.4925376772880554	Ribo_ND_015955	380	381	1	0	full_capsid	Ribo_ND_015955	Ribo_ND_015955|fullCP|Red|record0	0	rna_virus	Red	Red	0.75496775	1	1	False	False	frozen_esm2_35m_head	Blue,Green,Purple,Yellow	Red	moderate_crucivirus_like	True	False	True	rna_virus_scored_crucivirus_like	0.75496775			
Rdomain	Yellow	Ribo_ND_236943	0	0.7549438	1	False	1	False	1	False	/workspace/cruci-classifier/results/grid_esm35m_e50/Rdomain/Yellow/eval/test_eval_results.csv	0	0.471052885055542	Ribo_ND_236943	136	136	0	0	R_domain	Ribo_ND_236943	Ribo_ND_236943|Rdomain|Yellow|record0	0	rna_virus	Yellow	Yellow	0.7549438	1	1	False	False	frozen_esm2_35m_head	Blue,Green,Purple,Red	Yellow	moderate_crucivirus_like	True	False	True	rna_virus_scored_crucivirus_like	0.7549438			
Sdomain	Yellow	Ribo_ND_046841	0	0.75473845	1	False	1	False	1	False	/workspace/cruci-classifier/results/grid_esm35m_e50/Sdomain/Yellow/eval/test_eval_results.csv	0	0.5087921023368835	Ribo_ND_046841	182	182	0	0	S_domain	Ribo_ND_046841	Ribo_ND_046841|Sdomain|Yellow|record0	0	rna_virus	Yellow	Yellow	0.75473845	1	1	False	False	frozen_esm2_35m_head	Blue,Green,Purple,Red	Yellow	moderate_crucivirus_like	True	False	True	rna_virus_scored_crucivirus_like	0.75473845			
Rdomain	Red	Ribo_ND_030439	0	0.7546149	1	False	1	False	1	False	/workspace/cruci-classifier/results/grid_esm35m_e50/Rdomain/Red/eval/test_eval_results.csv	0	0.512529730796814	Ribo_ND_030439	201	201	0	0	R_domain	Ribo_ND_030439	Ribo_ND_030439|Rdomain|Red|record0	0	rna_virus	Red	Red	0.7546149	1	1	False	False	frozen_esm2_35m_head	Blue,Green,Purple,Yellow	Red	moderate_crucivirus_like	True	False	True	rna_virus_scored_crucivirus_like	0.7546149			
fullCP	Blue	Ribo_ND_081500	0	0.75456613	1	False	1	False	1	False	/workspace/cruci-classifier/results/grid_esm35m_e50/fullCP/Blue/eval/test_eval_results.csv	0	0.4914703667163849	Ribo_ND_081500	545	546	1	0	full_capsid	Ribo_ND_081500	Ribo_ND_081500|fullCP|Blue|record0	0	rna_virus	Blue	Blue	0.75456613	1	1	False	False	frozen_esm2_35m_head	Green,Purple,Red,Yellow	Blue	moderate_crucivirus_like	True	False	True	rna_virus_scored_crucivirus_like	0.75456613			
Sdomain	Yellow	Ribo_ND_036494	0	0.75456005	1	False	1	False	1	False	/workspace/cruci-classifier/results/grid_esm35m_e50/Sdomain/Yellow/eval/test_eval_results.csv	0	0.5087921023368835	Ribo_ND_036494	177	177	0	0	S_domain	Ribo_ND_036494	Ribo_ND_036494|Sdomain|Yellow|record0	0	rna_virus	Yellow	Yellow	0.75456005	1	1	False	False	frozen_esm2_35m_head	Blue,Green,Purple,Red	Yellow	moderate_crucivirus_like	True	False	True	rna_virus_scored_crucivirus_like	0.75456005			
Pdomain	Red	Ribo_ND_370409	0	0.7544103	1	False	1	False	1	False	/workspace/cruci-classifier/results/grid_esm35m_e50/Pdomain/Red/eval/test_eval_results.csv	0	0.4583896696567535	Ribo_ND_370409	151	151	0	0	P_domain	Ribo_ND_370409	Ribo_ND_370409|Pdomain|Red|record0	0	rna_virus	Red	Red	0.7544103	1	1	False	False	frozen_esm2_35m_head	Blue,Green,Purple,Yellow	Red	moderate_crucivirus_like	True	False	True	rna_virus_scored_crucivirus_like	0.7544103			
Sdomain	Green	Cruci_CruV_532	1	0.24570343	0	False	0	False	0	False	/workspace/cruci-classifier/results/grid_esm35m_e50/Sdomain/Green/eval/test_eval_results.csv	0	0.5480888485908508	Cruci_CruV_532	182	182	0	0	S_domain	Cruci_CruV_532	Cruci_CruV_532|Sdomain|Green|record0	1	crucivirus	Green	Green	0.24570343	0	0	False	False	frozen_esm2_35m_head	Blue,Purple,Red,Yellow	Green	moderate_rna_like	True	False	True	crucivirus_scored_rna_like	0.7542965699999999			
fullCP	Purple	Cruci_CruV-604	1	0.24589945	0	False	0	False	0	False	/workspace/cruci-classifier/results/grid_esm35m_e50/fullCP/Purple/eval/test_eval_results.csv	0	0.4988135993480682	Cruci_CruV-604	485	485	0	0	full_capsid	Cruci_CruV-604	Cruci_CruV-604|fullCP|Purple|record0	1	crucivirus	Purple	Purple	0.24589945	0	0	False	False	frozen_esm2_35m_head	Blue,Green,Red,Yellow	Purple	moderate_rna_like	True	False	True	crucivirus_scored_rna_like	0.75410055			
fullCP	Green	Cruci_CruV-931	1	0.24614806	0	False	0	False	0	False	/workspace/cruci-classifier/results/grid_esm35m_e50/fullCP/Green/eval/test_eval_results.csv	0	0.4995022118091583	Cruci_CruV-931	375	375	0	0	full_capsid	Cruci_CruV-931	Cruci_CruV-931|fullCP|Green|record0	1	crucivirus	Green	Green	0.24614806	0	0	False	False	frozen_esm2_35m_head	Blue,Purple,Red,Yellow	Green	moderate_rna_like	True	False	True	crucivirus_scored_rna_like	0.75385194			
Sdomain	Yellow	Ribo_ND_102429	0	0.75341827	1	False	1	False	1	False	/workspace/cruci-classifier/results/grid_esm35m_e50/Sdomain/Yellow/eval/test_eval_results.csv	0	0.5087921023368835	Ribo_ND_102429	180	180	0	0	S_domain	Ribo_ND_102429	Ribo_ND_102429|Sdomain|Yellow|record0	0	rna_virus	Yellow	Yellow	0.75341827	1	1	False	False	frozen_esm2_35m_head	Blue,Green,Purple,Red	Yellow	moderate_crucivirus_like	True	False	True	rna_virus_scored_crucivirus_like	0.75341827			
fullCP	Blue	Cruci_CruV-856	1	0.24671392	0	False	0	False	0	False	/workspace/cruci-classifier/results/grid_esm35m_e50/fullCP/Blue/eval/test_eval_results.csv	0	0.4914703667163849	Cruci_CruV-856	437	437	0	0	full_capsid	Cruci_CruV-856	Cruci_CruV-856|fullCP|Blue|record0	1	crucivirus	Blue	Blue	0.24671392	0	0	False	False	frozen_esm2_35m_head	Green,Purple,Red,Yellow	Blue	moderate_rna_like	True	False	True	crucivirus_scored_rna_like	0.75328608			
Sdomain	Blue	Ribo_ND_321729	0	0.7529441	1	False	1	False	1	False	/workspace/cruci-classifier/results/grid_esm35m_e50/Sdomain/Blue/eval/test_eval_results.csv	0	0.3950238227844238	Ribo_ND_321729	185	185	0	0	S_domain	Ribo_ND_321729	Ribo_ND_321729|Sdomain|Blue|record0	0	rna_virus	Blue	Blue	0.7529441	1	1	False	False	frozen_esm2_35m_head	Green,Purple,Red,Yellow	Blue	moderate_crucivirus_like	True	False	True	rna_virus_scored_crucivirus_like	0.7529441			
Pdomain	Yellow	Ribo_ND_304209	0	0.7527956	1	False	1	False	1	False	/workspace/cruci-classifier/results/grid_esm35m_e50/Pdomain/Yellow/eval/test_eval_results.csv	0	0.4989717900753021	Ribo_ND_304209	150	150	0	0	P_domain	Ribo_ND_304209	Ribo_ND_304209|Pdomain|Yellow|record0	0	rna_virus	Yellow	Yellow	0.7527956	1	1	False	False	frozen_esm2_35m_head	Blue,Green,Purple,Red	Yellow	moderate_crucivirus_like	True	False	True	rna_virus_scored_crucivirus_like	0.7527956			
Pdomain	Blue	Ribo_ND_306739	0	0.75272685	1	False	1	False	1	False	/workspace/cruci-classifier/results/grid_esm35m_e50/Pdomain/Blue/eval/test_eval_results.csv	0	0.4954362213611603	Ribo_ND_306739	146	146	0	0	P_domain	Ribo_ND_306739	Ribo_ND_306739|Pdomain|Blue|record0	0	rna_virus	Blue	Blue	0.75272685	1	1	False	False	frozen_esm2_35m_head	Green,Purple,Red,Yellow	Blue	moderate_crucivirus_like	True	False	True	rna_virus_scored_crucivirus_like	0.75272685			
Pdomain	Blue	Ribo_ND_319688	0	0.75172627	1	False	1	False	1	False	/workspace/cruci-classifier/results/grid_esm35m_e50/Pdomain/Blue/eval/test_eval_results.csv	0	0.4954362213611603	Ribo_ND_319688	155	155	0	0	P_domain	Ribo_ND_319688	Ribo_ND_319688|Pdomain|Blue|record0	0	rna_virus	Blue	Blue	0.75172627	1	1	False	False	frozen_esm2_35m_head	Green,Purple,Red,Yellow	Blue	moderate_crucivirus_like	True	False	True	rna_virus_scored_crucivirus_like	0.75172627			
Rdomain	Red	Ribo_ND_082351	0	0.75151056	1	False	1	False	1	False	/workspace/cruci-classifier/results/grid_esm35m_e50/Rdomain/Red/eval/test_eval_results.csv	0	0.512529730796814	Ribo_ND_082351	152	152	0	0	R_domain	Ribo_ND_082351	Ribo_ND_082351|Rdomain|Red|record0	0	rna_virus	Red	Red	0.75151056	1	1	False	False	frozen_esm2_35m_head	Blue,Green,Purple,Yellow	Red	moderate_crucivirus_like	True	False	True	rna_virus_scored_crucivirus_like	0.75151056			
Pdomain	Blue	Ribo_ND_108971	0	0.7512314	1	False	1	False	1	False	/workspace/cruci-classifier/results/grid_esm35m_e50/Pdomain/Blue/eval/test_eval_results.csv	0	0.4954362213611603	Ribo_ND_108971	147	147	0	0	P_domain	Ribo_ND_108971	Ribo_ND_108971|Pdomain|Blue|record0	0	rna_virus	Blue	Blue	0.7512314	1	1	False	False	frozen_esm2_35m_head	Green,Purple,Red,Yellow	Blue	moderate_crucivirus_like	True	False	True	rna_virus_scored_crucivirus_like	0.7512314			
Sdomain	Yellow	Ribo_ND_162128	0	0.75120664	1	False	1	False	1	False	/workspace/cruci-classifier/results/grid_esm35m_e50/Sdomain/Yellow/eval/test_eval_results.csv	0	0.5087921023368835	Ribo_ND_162128	185	185	0	0	S_domain	Ribo_ND_162128	Ribo_ND_162128|Sdomain|Yellow|record0	0	rna_virus	Yellow	Yellow	0.75120664	1	1	False	False	frozen_esm2_35m_head	Blue,Green,Purple,Red	Yellow	moderate_crucivirus_like	True	False	True	rna_virus_scored_crucivirus_like	0.75120664			
Sdomain	Blue	Ribo_ND_237671	0	0.751194	1	False	1	False	1	False	/workspace/cruci-classifier/results/grid_esm35m_e50/Sdomain/Blue/eval/test_eval_results.csv	0	0.3950238227844238	Ribo_ND_237671	186	186	0	0	S_domain	Ribo_ND_237671	Ribo_ND_237671|Sdomain|Blue|record0	0	rna_virus	Blue	Blue	0.751194	1	1	False	False	frozen_esm2_35m_head	Green,Purple,Red,Yellow	Blue	moderate_crucivirus_like	True	False	True	rna_virus_scored_crucivirus_like	0.751194			
Sdomain	Yellow	Ribo_ND_099921	0	0.75117534	1	False	1	False	1	False	/workspace/cruci-classifier/results/grid_esm35m_e50/Sdomain/Yellow/eval/test_eval_results.csv	0	0.5087921023368835	Ribo_ND_099921	177	177	0	0	S_domain	Ribo_ND_099921	Ribo_ND_099921|Sdomain|Yellow|record0	0	rna_virus	Yellow	Yellow	0.75117534	1	1	False	False	frozen_esm2_35m_head	Blue,Green,Purple,Red	Yellow	moderate_crucivirus_like	True	False	True	rna_virus_scored_crucivirus_like	0.75117534			
Sdomain	Red	Ribo_ND_128914	0	0.7511658	1	False	1	False	1	False	/workspace/cruci-classifier/results/grid_esm35m_e50/Sdomain/Red/eval/test_eval_results.csv	0	0.4007981121540069	Ribo_ND_128914	177	177	0	0	S_domain	Ribo_ND_128914	Ribo_ND_128914|Sdomain|Red|record0	0	rna_virus	Red	Red	0.7511658	1	1	False	False	frozen_esm2_35m_head	Blue,Green,Purple,Yellow	Red	moderate_crucivirus_like	True	False	True	rna_virus_scored_crucivirus_like	0.7511658			
Pdomain	Yellow	Cruci_CruV_88	1	0.24888423	0	False	0	False	0	False	/workspace/cruci-classifier/results/grid_esm35m_e50/Pdomain/Yellow/eval/test_eval_results.csv	0	0.4989717900753021	Cruci_CruV_88	49	49	0	0	P_domain	Cruci_CruV_88	Cruci_CruV_88|Pdomain|Yellow|record0	1	crucivirus	Yellow	Yellow	0.24888423	0	0	False	False	frozen_esm2_35m_head	Blue,Green,Purple,Red	Yellow	moderate_rna_like	True	False	True	crucivirus_scored_rna_like	0.75111577			
Pdomain	Yellow	Ribo_ND_094808	0	0.75102335	1	False	1	False	1	False	/workspace/cruci-classifier/results/grid_esm35m_e50/Pdomain/Yellow/eval/test_eval_results.csv	0	0.4989717900753021	Ribo_ND_094808	169	169	0	0	P_domain	Ribo_ND_094808	Ribo_ND_094808|Pdomain|Yellow|record0	0	rna_virus	Yellow	Yellow	0.75102335	1	1	False	False	frozen_esm2_35m_head	Blue,Green,Purple,Red	Yellow	moderate_crucivirus_like	True	False	True	rna_virus_scored_crucivirus_like	0.75102335			
Pdomain	Yellow	Ribo_ND_365818	0	0.7509029	1	False	1	False	1	False	/workspace/cruci-classifier/results/grid_esm35m_e50/Pdomain/Yellow/eval/test_eval_results.csv	0	0.4989717900753021	Ribo_ND_365818	151	151	0	0	P_domain	Ribo_ND_365818	Ribo_ND_365818|Pdomain|Yellow|record0	0	rna_virus	Yellow	Yellow	0.7509029	1	1	False	False	frozen_esm2_35m_head	Blue,Green,Purple,Red	Yellow	moderate_crucivirus_like	True	False	True	rna_virus_scored_crucivirus_like	0.7509029			
fullCP	Purple	Ribo_ND_122116	0	0.7509026	1	False	1	False	1	False	/workspace/cruci-classifier/results/grid_esm35m_e50/fullCP/Purple/eval/test_eval_results.csv	0	0.4988135993480682	Ribo_ND_122116	464	465	1	0	full_capsid	Ribo_ND_122116	Ribo_ND_122116|fullCP|Purple|record0	0	rna_virus	Purple	Purple	0.7509026	1	1	False	False	frozen_esm2_35m_head	Blue,Green,Red,Yellow	Purple	moderate_crucivirus_like	True	False	True	rna_virus_scored_crucivirus_like	0.7509026			
Sdomain	Yellow	Ribo_Ga0187795_1158440	0	0.75050116	1	False	1	False	1	False	/workspace/cruci-classifier/results/grid_esm35m_e50/Sdomain/Yellow/eval/test_eval_results.csv	0	0.5087921023368835	Ribo_Ga0187795_1158440	182	182	0	0	S_domain	Ribo_Ga0187795_1158440	Ribo_Ga0187795_1158440|Sdomain|Yellow|record0	0	rna_virus	Yellow	Yellow	0.75050116	1	1	False	False	frozen_esm2_35m_head	Blue,Green,Purple,Red	Yellow	moderate_crucivirus_like	True	False	True	rna_virus_scored_crucivirus_like	0.75050116			
Sdomain	Yellow	Ribo_ND_126471	0	0.75050116	1	False	1	False	1	False	/workspace/cruci-classifier/results/grid_esm35m_e50/Sdomain/Yellow/eval/test_eval_results.csv	0	0.5087921023368835	Ribo_ND_126471	182	182	0	0	S_domain	Ribo_ND_126471	Ribo_ND_126471|Sdomain|Yellow|record0	0	rna_virus	Yellow	Yellow	0.75050116	1	1	False	False	frozen_esm2_35m_head	Blue,Green,Purple,Red	Yellow	moderate_crucivirus_like	True	False	True	rna_virus_scored_crucivirus_like	0.75050116			
Sdomain	Green	Cruci_CruV-930	1	0.24977763	0	False	0	False	0	False	/workspace/cruci-classifier/results/grid_esm35m_e50/Sdomain/Green/eval/test_eval_results.csv	0	0.5480888485908508	Cruci_CruV-930	179	179	0	0	S_domain	Cruci_CruV-930	Cruci_CruV-930|Sdomain|Green|record0	1	crucivirus	Green	Green	0.24977763	0	0	False	False	frozen_esm2_35m_head	Blue,Purple,Red,Yellow	Green	moderate_rna_like	True	False	True	crucivirus_scored_rna_like	0.75022237			
fullCP	Red	Ribo_ND_125904	0	0.7502219	1	False	1	False	1	False	/workspace/cruci-classifier/results/grid_esm35m_e50/fullCP/Red/eval/test_eval_results.csv	0	0.4925376772880554	Ribo_ND_125904	542	543	1	0	full_capsid	Ribo_ND_125904	Ribo_ND_125904|fullCP|Red|record0	0	rna_virus	Red	Red	0.7502219	1	1	False	False	frozen_esm2_35m_head	Blue,Green,Purple,Yellow	Red	moderate_crucivirus_like	True	False	True	rna_virus_scored_crucivirus_like	0.7502219			
Sdomain	Green	Cruci_CruV_430	1	0.24982247	0	False	0	False	0	False	/workspace/cruci-classifier/results/grid_esm35m_e50/Sdomain/Green/eval/test_eval_results.csv	0	0.5480888485908508	Cruci_CruV_430	174	174	0	0	S_domain	Cruci_CruV_430	Cruci_CruV_430|Sdomain|Green|record0	1	crucivirus	Green	Green	0.24982247	0	0	False	False	frozen_esm2_35m_head	Blue,Purple,Red,Yellow	Green	moderate_rna_like	True	False	True	crucivirus_scored_rna_like	0.75017753			
Sdomain	Yellow	Ribo_ND_051536	0	0.7500526	1	False	1	False	1	False	/workspace/cruci-classifier/results/grid_esm35m_e50/Sdomain/Yellow/eval/test_eval_results.csv	0	0.5087921023368835	Ribo_ND_051536	176	176	0	0	S_domain	Ribo_ND_051536	Ribo_ND_051536|Sdomain|Yellow|record0	0	rna_virus	Yellow	Yellow	0.7500526	1	1	False	False	frozen_esm2_35m_head	Blue,Green,Purple,Red	Yellow	moderate_crucivirus_like	True	False	True	rna_virus_scored_crucivirus_like	0.7500526			
Rdomain	Purple	Cruci_CruV_290	1	0.25028613	0	False	0	False	0	False	/workspace/cruci-classifier/results/grid_esm35m_e50/Rdomain/Purple/eval/test_eval_results.csv	0	0.5012195110321045	Cruci_CruV_290	130	130	0	0	R_domain	Cruci_CruV_290	Cruci_CruV_290|Rdomain|Purple|record0	1	crucivirus	Purple	Purple	0.25028613	0	0	False	False	frozen_esm2_35m_head	Blue,Green,Red,Yellow	Purple	moderate_rna_like	True	False	True	crucivirus_scored_rna_like	0.74971387			
Pdomain	Purple	Ribo_ND_119710	0	0.74950963	1	False	1	False	1	False	/workspace/cruci-classifier/results/grid_esm35m_e50/Pdomain/Purple/eval/test_eval_results.csv	0	0.4982953071594238	Ribo_ND_119710	152	152	0	0	P_domain	Ribo_ND_119710	Ribo_ND_119710|Pdomain|Purple|record0	0	rna_virus	Purple	Purple	0.74950963	1	1	False	False	frozen_esm2_35m_head	Blue,Green,Red,Yellow	Purple	moderate_crucivirus_like	True	False	True	rna_virus_scored_crucivirus_like	0.74950963			
Pdomain	Yellow	Ribo_ND_030336	0	0.74914545	1	False	1	False	1	False	/workspace/cruci-classifier/results/grid_esm35m_e50/Pdomain/Yellow/eval/test_eval_results.csv	0	0.4989717900753021	Ribo_ND_030336	141	141	0	0	P_domain	Ribo_ND_030336	Ribo_ND_030336|Pdomain|Yellow|record0	0	rna_virus	Yellow	Yellow	0.74914545	1	1	False	False	frozen_esm2_35m_head	Blue,Green,Purple,Red	Yellow	moderate_crucivirus_like	True	False	True	rna_virus_scored_crucivirus_like	0.74914545			
Sdomain	Yellow	Ribo_ND_187985	0	0.7491033	1	False	1	False	1	False	/workspace/cruci-classifier/results/grid_esm35m_e50/Sdomain/Yellow/eval/test_eval_results.csv	0	0.5087921023368835	Ribo_ND_187985	182	182	0	0	S_domain	Ribo_ND_187985	Ribo_ND_187985|Sdomain|Yellow|record0	0	rna_virus	Yellow	Yellow	0.7491033	1	1	False	False	frozen_esm2_35m_head	Blue,Green,Purple,Red	Yellow	moderate_crucivirus_like	True	False	True	rna_virus_scored_crucivirus_like	0.7491033			
Sdomain	Yellow	Ribo_ND_025989	0	0.74875516	1	False	1	False	1	False	/workspace/cruci-classifier/results/grid_esm35m_e50/Sdomain/Yellow/eval/test_eval_results.csv	0	0.5087921023368835	Ribo_ND_025989	182	182	0	0	S_domain	Ribo_ND_025989	Ribo_ND_025989|Sdomain|Yellow|record0	0	rna_virus	Yellow	Yellow	0.74875516	1	1	False	False	frozen_esm2_35m_head	Blue,Green,Purple,Red	Yellow	moderate_crucivirus_like	True	False	True	rna_virus_scored_crucivirus_like	0.74875516			
Rdomain	Red	Ribo_ND_258921	0	0.7484906	1	False	1	False	1	False	/workspace/cruci-classifier/results/grid_esm35m_e50/Rdomain/Red/eval/test_eval_results.csv	0	0.512529730796814	Ribo_ND_258921	236	236	0	0	R_domain	Ribo_ND_258921	Ribo_ND_258921|Rdomain|Red|record0	0	rna_virus	Red	Red	0.7484906	1	1	False	False	frozen_esm2_35m_head	Blue,Green,Purple,Yellow	Red	moderate_crucivirus_like	True	False	True	rna_virus_scored_crucivirus_like	0.7484906			
Pdomain	Purple	Cruci_PSU_CruV-242	1	0.25210145	0	False	0	False	0	False	/workspace/cruci-classifier/results/grid_esm35m_e50/Pdomain/Purple/eval/test_eval_results.csv	0	0.4982953071594238	Cruci_PSU_CruV-242	198	198	0	0	P_domain	Cruci_PSU_CruV-242	Cruci_PSU_CruV-242|Pdomain|Purple|record0	1	crucivirus	Purple	Purple	0.25210145	0	0	False	False	frozen_esm2_35m_head	Blue,Green,Red,Yellow	Purple	moderate_rna_like	True	False	True	crucivirus_scored_rna_like	0.7478985499999999			
fullCP	Purple	Cruci_CruV_170	1	0.25214225	0	False	0	False	0	False	/workspace/cruci-classifier/results/grid_esm35m_e50/fullCP/Purple/eval/test_eval_results.csv	0	0.4988135993480682	Cruci_CruV_170	377	378	1	0	full_capsid	Cruci_CruV_170	Cruci_CruV_170|fullCP|Purple|record0	1	crucivirus	Purple	Purple	0.25214225	0	0	False	False	frozen_esm2_35m_head	Blue,Green,Red,Yellow	Purple	moderate_rna_like	True	False	True	crucivirus_scored_rna_like	0.74785775			
fullCP	Green	Cruci_CruV_539	1	0.25217614	0	False	0	False	0	False	/workspace/cruci-classifier/results/grid_esm35m_e50/fullCP/Green/eval/test_eval_results.csv	0	0.4995022118091583	Cruci_CruV_539	325	326	1	0	full_capsid	Cruci_CruV_539	Cruci_CruV_539|fullCP|Green|record0	1	crucivirus	Green	Green	0.25217614	0	0	False	False	frozen_esm2_35m_head	Blue,Purple,Red,Yellow	Green	moderate_rna_like	True	False	True	crucivirus_scored_rna_like	0.74782386			
fullCP	Yellow	Cruci_CruV_227	1	0.252332	0	False	0	False	0	False	/workspace/cruci-classifier/results/grid_esm35m_e50/fullCP/Yellow/eval/test_eval_results.csv	0	0.4986207485198974	Cruci_CruV_227	441	442	1	0	full_capsid	Cruci_CruV_227	Cruci_CruV_227|fullCP|Yellow|record0	1	crucivirus	Yellow	Yellow	0.252332	0	0	False	False	frozen_esm2_35m_head	Blue,Green,Purple,Red	Yellow	moderate_rna_like	True	False	True	crucivirus_scored_rna_like	0.747668			
fullCP	Purple	Ribo_ND_024616	0	0.7469449	1	False	1	False	1	False	/workspace/cruci-classifier/results/grid_esm35m_e50/fullCP/Purple/eval/test_eval_results.csv	0	0.4988135993480682	Ribo_ND_024616	475	476	1	0	full_capsid	Ribo_ND_024616	Ribo_ND_024616|fullCP|Purple|record0	0	rna_virus	Purple	Purple	0.7469449	1	1	False	False	frozen_esm2_35m_head	Blue,Green,Red,Yellow	Purple	moderate_crucivirus_like	True	False	True	rna_virus_scored_crucivirus_like	0.7469449			
Pdomain	Red	Ribo_ND_104580	0	0.74677134	1	False	1	False	1	False	/workspace/cruci-classifier/results/grid_esm35m_e50/Pdomain/Red/eval/test_eval_results.csv	0	0.4583896696567535	Ribo_ND_104580	159	159	0	0	P_domain	Ribo_ND_104580	Ribo_ND_104580|Pdomain|Red|record0	0	rna_virus	Red	Red	0.74677134	1	1	False	False	frozen_esm2_35m_head	Blue,Green,Purple,Yellow	Red	moderate_crucivirus_like	True	False	True	rna_virus_scored_crucivirus_like	0.74677134			
Pdomain	Purple	Ribo_ND_249738	0	0.74630016	1	False	1	False	1	False	/workspace/cruci-classifier/results/grid_esm35m_e50/Pdomain/Purple/eval/test_eval_results.csv	0	0.4982953071594238	Ribo_ND_249738	148	148	0	0	P_domain	Ribo_ND_249738	Ribo_ND_249738|Pdomain|Purple|record0	0	rna_virus	Purple	Purple	0.74630016	1	1	False	False	frozen_esm2_35m_head	Blue,Green,Red,Yellow	Purple	moderate_crucivirus_like	True	False	True	rna_virus_scored_crucivirus_like	0.74630016			
Sdomain	Red	Ribo_ND_202064	0	0.74628836	1	False	1	False	1	False	/workspace/cruci-classifier/results/grid_esm35m_e50/Sdomain/Red/eval/test_eval_results.csv	0	0.4007981121540069	Ribo_ND_202064	178	178	0	0	S_domain	Ribo_ND_202064	Ribo_ND_202064|Sdomain|Red|record0	0	rna_virus	Red	Red	0.74628836	1	1	False	False	frozen_esm2_35m_head	Blue,Green,Purple,Yellow	Red	moderate_crucivirus_like	True	False	True	rna_virus_scored_crucivirus_like	0.74628836			
Pdomain	Green	Cruci_Ariz_MW697694	1	0.2540741	0	False	0	False	0	False	/workspace/cruci-classifier/results/grid_esm35m_e50/Pdomain/Green/eval/test_eval_results.csv	0	0.5002309083938599	Cruci_Ariz_MW697694	179	179	0	0	P_domain	Cruci_Ariz_MW697694	Cruci_Ariz_MW697694|Pdomain|Green|record0	1	crucivirus	Green	Green	0.2540741	0	0	False	False	frozen_esm2_35m_head	Blue,Purple,Red,Yellow	Green	moderate_rna_like	True	False	True	crucivirus_scored_rna_like	0.7459259			
Pdomain	Green	Ribo_ND_055896	0	0.74493134	1	False	1	False	1	False	/workspace/cruci-classifier/results/grid_esm35m_e50/Pdomain/Green/eval/test_eval_results.csv	0	0.5002309083938599	Ribo_ND_055896	198	198	0	0	P_domain	Ribo_ND_055896	Ribo_ND_055896|Pdomain|Green|record0	0	rna_virus	Green	Green	0.74493134	1	1	False	False	frozen_esm2_35m_head	Blue,Purple,Red,Yellow	Green	moderate_crucivirus_like	True	False	True	rna_virus_scored_crucivirus_like	0.74493134			
Rdomain	Purple	Cruci_CruV-620	1	0.25534716	0	False	0	False	0	False	/workspace/cruci-classifier/results/grid_esm35m_e50/Rdomain/Purple/eval/test_eval_results.csv	0	0.5012195110321045	Cruci_CruV-620	102	102	0	0	R_domain	Cruci_CruV-620	Cruci_CruV-620|Rdomain|Purple|record0	1	crucivirus	Purple	Purple	0.25534716	0	0	False	False	frozen_esm2_35m_head	Blue,Green,Red,Yellow	Purple	moderate_rna_like	True	False	True	crucivirus_scored_rna_like	0.74465284			
Pdomain	Blue	Cruci_CruV_299	1	0.25539684	0	False	0	False	0	False	/workspace/cruci-classifier/results/grid_esm35m_e50/Pdomain/Blue/eval/test_eval_results.csv	0	0.4954362213611603	Cruci_CruV_299	159	159	0	0	P_domain	Cruci_CruV_299	Cruci_CruV_299|Pdomain|Blue|record0	1	crucivirus	Blue	Blue	0.25539684	0	0	False	False	frozen_esm2_35m_head	Green,Purple,Red,Yellow	Blue	moderate_rna_like	True	False	True	crucivirus_scored_rna_like	0.74460316			
Sdomain	Yellow	Ribo_ND_149118	0	0.74450254	1	False	1	False	1	False	/workspace/cruci-classifier/results/grid_esm35m_e50/Sdomain/Yellow/eval/test_eval_results.csv	0	0.5087921023368835	Ribo_ND_149118	185	185	0	0	S_domain	Ribo_ND_149118	Ribo_ND_149118|Sdomain|Yellow|record0	0	rna_virus	Yellow	Yellow	0.74450254	1	1	False	False	frozen_esm2_35m_head	Blue,Green,Purple,Red	Yellow	moderate_crucivirus_like	True	False	True	rna_virus_scored_crucivirus_like	0.74450254			
Sdomain	Blue	Ribo_ND_044604	0	0.7442324	1	False	1	False	1	False	/workspace/cruci-classifier/results/grid_esm35m_e50/Sdomain/Blue/eval/test_eval_results.csv	0	0.3950238227844238	Ribo_ND_044604	185	185	0	0	S_domain	Ribo_ND_044604	Ribo_ND_044604|Sdomain|Blue|record0	0	rna_virus	Blue	Blue	0.7442324	1	1	False	False	frozen_esm2_35m_head	Green,Purple,Red,Yellow	Blue	moderate_crucivirus_like	True	False	True	rna_virus_scored_crucivirus_like	0.7442324			
Pdomain	Purple	Cruci_CruV_134	1	0.25611365	0	False	0	False	0	False	/workspace/cruci-classifier/results/grid_esm35m_e50/Pdomain/Purple/eval/test_eval_results.csv	0	0.4982953071594238	Cruci_CruV_134	149	149	0	0	P_domain	Cruci_CruV_134	Cruci_CruV_134|Pdomain|Purple|record0	1	crucivirus	Purple	Purple	0.25611365	0	0	False	False	frozen_esm2_35m_head	Blue,Green,Red,Yellow	Purple	moderate_rna_like	True	False	True	crucivirus_scored_rna_like	0.7438863499999999			
Pdomain	Blue	Cruci_CruV_333	1	0.25633547	0	False	0	False	0	False	/workspace/cruci-classifier/results/grid_esm35m_e50/Pdomain/Blue/eval/test_eval_results.csv	0	0.4954362213611603	Cruci_CruV_333	158	158	0	0	P_domain	Cruci_CruV_333	Cruci_CruV_333|Pdomain|Blue|record0	1	crucivirus	Blue	Blue	0.25633547	0	0	False	False	frozen_esm2_35m_head	Green,Purple,Red,Yellow	Blue	moderate_rna_like	True	False	True	crucivirus_scored_rna_like	0.74366453			
Pdomain	Red	Ribo_ND_240910	0	0.74346006	1	False	1	False	1	False	/workspace/cruci-classifier/results/grid_esm35m_e50/Pdomain/Red/eval/test_eval_results.csv	0	0.4583896696567535	Ribo_ND_240910	235	235	0	0	P_domain	Ribo_ND_240910	Ribo_ND_240910|Pdomain|Red|record0	0	rna_virus	Red	Red	0.74346006	1	1	False	False	frozen_esm2_35m_head	Blue,Green,Purple,Yellow	Red	moderate_crucivirus_like	True	False	True	rna_virus_scored_crucivirus_like	0.74346006			
fullCP	Red	Ribo_tomREF_NC_035452	0	0.7433538	1	False	1	False	1	False	/workspace/cruci-classifier/results/grid_esm35m_e50/fullCP/Red/eval/test_eval_results.csv	0	0.4925376772880554	Ribo_tomREF_NC_035452	453	454	1	0	full_capsid	Ribo_tomREF_NC_035452	Ribo_tomREF_NC_035452|fullCP|Red|record0	0	rna_virus	Red	Red	0.7433538	1	1	False	False	frozen_esm2_35m_head	Blue,Green,Purple,Yellow	Red	moderate_crucivirus_like	True	False	True	rna_virus_scored_crucivirus_like	0.7433538			
fullCP	Green	Ribo_ND_081504	0	0.743231	1	False	1	False	1	False	/workspace/cruci-classifier/results/grid_esm35m_e50/fullCP/Green/eval/test_eval_results.csv	0	0.4995022118091583	Ribo_ND_081504	404	405	1	0	full_capsid	Ribo_ND_081504	Ribo_ND_081504|fullCP|Green|record0	0	rna_virus	Green	Green	0.743231	1	1	False	False	frozen_esm2_35m_head	Blue,Purple,Red,Yellow	Green	moderate_crucivirus_like	True	False	True	rna_virus_scored_crucivirus_like	0.743231			
Rdomain	Green	Ribo_ND_049856	0	0.7430077	1	False	1	False	1	False	/workspace/cruci-classifier/results/grid_esm35m_e50/Rdomain/Green/eval/test_eval_results.csv	0	0.5166996717453003	Ribo_ND_049856	146	146	0	0	R_domain	Ribo_ND_049856	Ribo_ND_049856|Rdomain|Green|record0	0	rna_virus	Green	Green	0.7430077	1	1	False	False	frozen_esm2_35m_head	Blue,Purple,Red,Yellow	Green	moderate_crucivirus_like	True	False	True	rna_virus_scored_crucivirus_like	0.7430077			
Pdomain	Yellow	Ribo_JAAOEH010001460.1	0	0.7429991	1	False	1	False	1	False	/workspace/cruci-classifier/results/grid_esm35m_e50/Pdomain/Yellow/eval/test_eval_results.csv	0	0.4989717900753021	Ribo_JAAOEH010001460.1	188	188	0	0	P_domain	Ribo_JAAOEH010001460.1	Ribo_JAAOEH010001460.1|Pdomain|Yellow|record0	0	rna_virus	Yellow	Yellow	0.7429991	1	1	False	False	frozen_esm2_35m_head	Blue,Green,Purple,Red	Yellow	moderate_crucivirus_like	True	False	True	rna_virus_scored_crucivirus_like	0.7429991			
Sdomain	Yellow	Ribo_ND_209718	0	0.74284	1	False	1	False	1	False	/workspace/cruci-classifier/results/grid_esm35m_e50/Sdomain/Yellow/eval/test_eval_results.csv	0	0.5087921023368835	Ribo_ND_209718	177	177	0	0	S_domain	Ribo_ND_209718	Ribo_ND_209718|Sdomain|Yellow|record0	0	rna_virus	Yellow	Yellow	0.74284	1	1	False	False	frozen_esm2_35m_head	Blue,Green,Purple,Red	Yellow	moderate_crucivirus_like	True	False	True	rna_virus_scored_crucivirus_like	0.74284			
Sdomain	Blue	Ribo_ND_205490	0	0.74262613	1	False	1	False	1	False	/workspace/cruci-classifier/results/grid_esm35m_e50/Sdomain/Blue/eval/test_eval_results.csv	0	0.3950238227844238	Ribo_ND_205490	184	184	0	0	S_domain	Ribo_ND_205490	Ribo_ND_205490|Sdomain|Blue|record0	0	rna_virus	Blue	Blue	0.74262613	1	1	False	False	frozen_esm2_35m_head	Green,Purple,Red,Yellow	Blue	moderate_crucivirus_like	True	False	True	rna_virus_scored_crucivirus_like	0.74262613			
Sdomain	Blue	Ribo_ND_162284	0	0.74258345	1	False	1	False	1	False	/workspace/cruci-classifier/results/grid_esm35m_e50/Sdomain/Blue/eval/test_eval_results.csv	0	0.3950238227844238	Ribo_ND_162284	180	180	0	0	S_domain	Ribo_ND_162284	Ribo_ND_162284|Sdomain|Blue|record0	0	rna_virus	Blue	Blue	0.74258345	1	1	False	False	frozen_esm2_35m_head	Green,Purple,Red,Yellow	Blue	moderate_crucivirus_like	True	False	True	rna_virus_scored_crucivirus_like	0.74258345			
Pdomain	Green	Cruci_CruV_477	1	0.25745475	0	False	0	False	0	False	/workspace/cruci-classifier/results/grid_esm35m_e50/Pdomain/Green/eval/test_eval_results.csv	0	0.5002309083938599	Cruci_CruV_477	157	157	0	0	P_domain	Cruci_CruV_477	Cruci_CruV_477|Pdomain|Green|record0	1	crucivirus	Green	Green	0.25745475	0	0	False	False	frozen_esm2_35m_head	Blue,Purple,Red,Yellow	Green	moderate_rna_like	True	False	True	crucivirus_scored_rna_like	0.74254525			
fullCP	Green	Cruci_CruV_517	1	0.25747037	0	False	0	False	0	False	/workspace/cruci-classifier/results/grid_esm35m_e50/fullCP/Green/eval/test_eval_results.csv	0	0.4995022118091583	Cruci_CruV_517	462	463	1	0	full_capsid	Cruci_CruV_517	Cruci_CruV_517|fullCP|Green|record0	1	crucivirus	Green	Green	0.25747037	0	0	False	False	frozen_esm2_35m_head	Blue,Purple,Red,Yellow	Green	moderate_rna_like	True	False	True	crucivirus_scored_rna_like	0.7425296299999999			
fullCP	Green	Cruci_CruV-760	1	0.25749242	0	False	0	False	0	False	/workspace/cruci-classifier/results/grid_esm35m_e50/fullCP/Green/eval/test_eval_results.csv	0	0.4995022118091583	Cruci_CruV-760	405	405	0	0	full_capsid	Cruci_CruV-760	Cruci_CruV-760|fullCP|Green|record0	1	crucivirus	Green	Green	0.25749242	0	0	False	False	frozen_esm2_35m_head	Blue,Purple,Red,Yellow	Green	moderate_rna_like	True	False	True	crucivirus_scored_rna_like	0.7425075800000001			
Rdomain	Purple	Cruci_CruV_265	1	0.2575413	0	False	0	False	0	False	/workspace/cruci-classifier/results/grid_esm35m_e50/Rdomain/Purple/eval/test_eval_results.csv	0	0.5012195110321045	Cruci_CruV_265	69	69	0	0	R_domain	Cruci_CruV_265	Cruci_CruV_265|Rdomain|Purple|record0	1	crucivirus	Purple	Purple	0.2575413	0	0	False	False	frozen_esm2_35m_head	Blue,Green,Red,Yellow	Purple	moderate_rna_like	True	False	True	crucivirus_scored_rna_like	0.7424587			
Rdomain	Purple	Cruci_CruV_266	1	0.2575413	0	False	0	False	0	False	/workspace/cruci-classifier/results/grid_esm35m_e50/Rdomain/Purple/eval/test_eval_results.csv	0	0.5012195110321045	Cruci_CruV_266	69	69	0	0	R_domain	Cruci_CruV_266	Cruci_CruV_266|Rdomain|Purple|record0	1	crucivirus	Purple	Purple	0.2575413	0	0	False	False	frozen_esm2_35m_head	Blue,Green,Red,Yellow	Purple	moderate_rna_like	True	False	True	crucivirus_scored_rna_like	0.7424587			
fullCP	Green	Ribo_ND_025262	0	0.74234456	1	False	1	False	1	False	/workspace/cruci-classifier/results/grid_esm35m_e50/fullCP/Green/eval/test_eval_results.csv	0	0.4995022118091583	Ribo_ND_025262	486	487	1	0	full_capsid	Ribo_ND_025262	Ribo_ND_025262|fullCP|Green|record0	0	rna_virus	Green	Green	0.74234456	1	1	False	False	frozen_esm2_35m_head	Blue,Purple,Red,Yellow	Green	moderate_crucivirus_like	True	False	True	rna_virus_scored_crucivirus_like	0.74234456			
Sdomain	Green	Cruci_CruV-938	1	0.25826335	0	False	0	False	0	False	/workspace/cruci-classifier/results/grid_esm35m_e50/Sdomain/Green/eval/test_eval_results.csv	0	0.5480888485908508	Cruci_CruV-938	179	179	0	0	S_domain	Cruci_CruV-938	Cruci_CruV-938|Sdomain|Green|record0	1	crucivirus	Green	Green	0.25826335	0	0	False	False	frozen_esm2_35m_head	Blue,Purple,Red,Yellow	Green	moderate_rna_like	True	False	True	crucivirus_scored_rna_like	0.74173665			
Pdomain	Purple	Cruci_CruV-835	1	0.2587751	0	False	0	False	0	False	/workspace/cruci-classifier/results/grid_esm35m_e50/Pdomain/Purple/eval/test_eval_results.csv	0	0.4982953071594238	Cruci_CruV-835	152	152	0	0	P_domain	Cruci_CruV-835	Cruci_CruV-835|Pdomain|Purple|record0	1	crucivirus	Purple	Purple	0.2587751	0	0	False	False	frozen_esm2_35m_head	Blue,Green,Red,Yellow	Purple	moderate_rna_like	True	False	True	crucivirus_scored_rna_like	0.7412249			
Pdomain	Blue	Cruci_CruV_351	1	0.2588827	0	False	0	False	0	False	/workspace/cruci-classifier/results/grid_esm35m_e50/Pdomain/Blue/eval/test_eval_results.csv	0	0.4954362213611603	Cruci_CruV_351	277	277	0	0	P_domain	Cruci_CruV_351	Cruci_CruV_351|Pdomain|Blue|record0	1	crucivirus	Blue	Blue	0.2588827	0	0	False	False	frozen_esm2_35m_head	Green,Purple,Red,Yellow	Blue	moderate_rna_like	True	False	True	crucivirus_scored_rna_like	0.7411173			
fullCP	Purple	Cruci_CruV-964	1	0.25894284	0	False	0	False	0	False	/workspace/cruci-classifier/results/grid_esm35m_e50/fullCP/Purple/eval/test_eval_results.csv	0	0.4988135993480682	Cruci_CruV-964	335	335	0	0	full_capsid	Cruci_CruV-964	Cruci_CruV-964|fullCP|Purple|record0	1	crucivirus	Purple	Purple	0.25894284	0	0	False	False	frozen_esm2_35m_head	Blue,Green,Red,Yellow	Purple	moderate_rna_like	True	False	True	crucivirus_scored_rna_like	0.74105716			
Pdomain	Purple	Cruci_CruV-763	1	0.25941074	0	False	0	False	0	False	/workspace/cruci-classifier/results/grid_esm35m_e50/Pdomain/Purple/eval/test_eval_results.csv	0	0.4982953071594238	Cruci_CruV-763	202	202	0	0	P_domain	Cruci_CruV-763	Cruci_CruV-763|Pdomain|Purple|record0	1	crucivirus	Purple	Purple	0.25941074	0	0	False	False	frozen_esm2_35m_head	Blue,Green,Red,Yellow	Purple	moderate_rna_like	True	False	True	crucivirus_scored_rna_like	0.74058926			
Pdomain	Blue	Cruci_CruV-715	1	0.25952566	0	False	0	False	0	False	/workspace/cruci-classifier/results/grid_esm35m_e50/Pdomain/Blue/eval/test_eval_results.csv	0	0.4954362213611603	Cruci_CruV-715	182	182	0	0	P_domain	Cruci_CruV-715	Cruci_CruV-715|Pdomain|Blue|record0	1	crucivirus	Blue	Blue	0.25952566	0	0	False	False	frozen_esm2_35m_head	Green,Purple,Red,Yellow	Blue	moderate_rna_like	True	False	True	crucivirus_scored_rna_like	0.74047434			
Rdomain	Yellow	Cruci_CruV-870	1	0.25958282	0	False	0	False	0	False	/workspace/cruci-classifier/results/grid_esm35m_e50/Rdomain/Yellow/eval/test_eval_results.csv	0	0.471052885055542	Cruci_CruV-870	65	65	0	0	R_domain	Cruci_CruV-870	Cruci_CruV-870|Rdomain|Yellow|record0	1	crucivirus	Yellow	Yellow	0.25958282	0	0	False	False	frozen_esm2_35m_head	Blue,Green,Purple,Red	Yellow	moderate_rna_like	True	False	True	crucivirus_scored_rna_like	0.74041718			
Rdomain	Blue	Ribo_ND_030308	0	0.7400691	1	False	1	False	1	False	/workspace/cruci-classifier/results/grid_esm35m_e50/Rdomain/Blue/eval/test_eval_results.csv	0	0.4960196018218994	Ribo_ND_030308	112	112	0	0	R_domain	Ribo_ND_030308	Ribo_ND_030308|Rdomain|Blue|record0	0	rna_virus	Blue	Blue	0.7400691	1	1	False	False	frozen_esm2_35m_head	Green,Purple,Red,Yellow	Blue	moderate_crucivirus_like	True	False	True	rna_virus_scored_crucivirus_like	0.7400691			
fullCP	Blue	Ribo_ND_028676	0	0.7396202	1	False	1	False	1	False	/workspace/cruci-classifier/results/grid_esm35m_e50/fullCP/Blue/eval/test_eval_results.csv	0	0.4914703667163849	Ribo_ND_028676	528	529	1	0	full_capsid	Ribo_ND_028676	Ribo_ND_028676|fullCP|Blue|record0	0	rna_virus	Blue	Blue	0.7396202	1	1	False	False	frozen_esm2_35m_head	Green,Purple,Red,Yellow	Blue	moderate_crucivirus_like	True	False	True	rna_virus_scored_crucivirus_like	0.7396202			
Sdomain	Yellow	Ribo_ND_114564	0	0.73934144	1	False	1	False	1	False	/workspace/cruci-classifier/results/grid_esm35m_e50/Sdomain/Yellow/eval/test_eval_results.csv	0	0.5087921023368835	Ribo_ND_114564	177	177	0	0	S_domain	Ribo_ND_114564	Ribo_ND_114564|Sdomain|Yellow|record0	0	rna_virus	Yellow	Yellow	0.73934144	1	1	False	False	frozen_esm2_35m_head	Blue,Green,Purple,Red	Yellow	moderate_crucivirus_like	True	False	True	rna_virus_scored_crucivirus_like	0.73934144			
Sdomain	Green	Cruci_CruV-887	1	0.26080775	0	False	0	False	0	False	/workspace/cruci-classifier/results/grid_esm35m_e50/Sdomain/Green/eval/test_eval_results.csv	0	0.5480888485908508	Cruci_CruV-887	187	187	0	0	S_domain	Cruci_CruV-887	Cruci_CruV-887|Sdomain|Green|record0	1	crucivirus	Green	Green	0.26080775	0	0	False	False	frozen_esm2_35m_head	Blue,Purple,Red,Yellow	Green	moderate_rna_like	True	False	True	crucivirus_scored_rna_like	0.73919225			
Sdomain	Green	Cruci_CruV-888	1	0.26080775	0	False	0	False	0	False	/workspace/cruci-classifier/results/grid_esm35m_e50/Sdomain/Green/eval/test_eval_results.csv	0	0.5480888485908508	Cruci_CruV-888	187	187	0	0	S_domain	Cruci_CruV-888	Cruci_CruV-888|Sdomain|Green|record0	1	crucivirus	Green	Green	0.26080775	0	0	False	False	frozen_esm2_35m_head	Blue,Purple,Red,Yellow	Green	moderate_rna_like	True	False	True	crucivirus_scored_rna_like	0.73919225			
Rdomain	Green	Cruci_CruV_439	1	0.26084343	0	False	0	False	0	False	/workspace/cruci-classifier/results/grid_esm35m_e50/Rdomain/Green/eval/test_eval_results.csv	0	0.5166996717453003	Cruci_CruV_439	96	96	0	0	R_domain	Cruci_CruV_439	Cruci_CruV_439|Rdomain|Green|record0	1	crucivirus	Green	Green	0.26084343	0	0	False	False	frozen_esm2_35m_head	Blue,Purple,Red,Yellow	Green	moderate_rna_like	True	False	True	crucivirus_scored_rna_like	0.73915657			
Rdomain	Green	Cruci_CruV_446	1	0.26084343	0	False	0	False	0	False	/workspace/cruci-classifier/results/grid_esm35m_e50/Rdomain/Green/eval/test_eval_results.csv	0	0.5166996717453003	Cruci_CruV_446	96	96	0	0	R_domain	Cruci_CruV_446	Cruci_CruV_446|Rdomain|Green|record0	1	crucivirus	Green	Green	0.26084343	0	0	False	False	frozen_esm2_35m_head	Blue,Purple,Red,Yellow	Green	moderate_rna_like	True	False	True	crucivirus_scored_rna_like	0.73915657			
Pdomain	Purple	Ribo_ND_203599	0	0.73849976	1	False	1	False	1	False	/workspace/cruci-classifier/results/grid_esm35m_e50/Pdomain/Purple/eval/test_eval_results.csv	0	0.4982953071594238	Ribo_ND_203599	184	184	0	0	P_domain	Ribo_ND_203599	Ribo_ND_203599|Pdomain|Purple|record0	0	rna_virus	Purple	Purple	0.73849976	1	1	False	False	frozen_esm2_35m_head	Blue,Green,Red,Yellow	Purple	moderate_crucivirus_like	True	False	True	rna_virus_scored_crucivirus_like	0.73849976			
Sdomain	Purple	Cruci_Ariz_MW697623	1	0.2615343	0	False	0	False	0	False	/workspace/cruci-classifier/results/grid_esm35m_e50/Sdomain/Purple/eval/test_eval_results.csv	0	0.5010125041007996	Cruci_Ariz_MW697623	183	183	0	0	S_domain	Cruci_Ariz_MW697623	Cruci_Ariz_MW697623|Sdomain|Purple|record0	1	crucivirus	Purple	Purple	0.2615343	0	0	False	False	frozen_esm2_35m_head	Blue,Green,Red,Yellow	Purple	moderate_rna_like	True	False	True	crucivirus_scored_rna_like	0.7384657			
Sdomain	Blue	Ribo_ND_178506	0	0.7380714	1	False	1	False	1	False	/workspace/cruci-classifier/results/grid_esm35m_e50/Sdomain/Blue/eval/test_eval_results.csv	0	0.3950238227844238	Ribo_ND_178506	192	192	0	0	S_domain	Ribo_ND_178506	Ribo_ND_178506|Sdomain|Blue|record0	0	rna_virus	Blue	Blue	0.7380714	1	1	False	False	frozen_esm2_35m_head	Green,Purple,Red,Yellow	Blue	moderate_crucivirus_like	True	False	True	rna_virus_scored_crucivirus_like	0.7380714			
Pdomain	Yellow	Ribo_ND_170524	0	0.73787624	1	False	1	False	1	False	/workspace/cruci-classifier/results/grid_esm35m_e50/Pdomain/Yellow/eval/test_eval_results.csv	0	0.4989717900753021	Ribo_ND_170524	314	314	0	0	P_domain	Ribo_ND_170524	Ribo_ND_170524|Pdomain|Yellow|record0	0	rna_virus	Yellow	Yellow	0.73787624	1	1	False	False	frozen_esm2_35m_head	Blue,Green,Purple,Red	Yellow	moderate_crucivirus_like	True	False	True	rna_virus_scored_crucivirus_like	0.73787624			
fullCP	Yellow	Ribo_ND_142318	0	0.73779297	1	False	1	False	1	False	/workspace/cruci-classifier/results/grid_esm35m_e50/fullCP/Yellow/eval/test_eval_results.csv	0	0.4986207485198974	Ribo_ND_142318	586	587	1	0	full_capsid	Ribo_ND_142318	Ribo_ND_142318|fullCP|Yellow|record0	0	rna_virus	Yellow	Yellow	0.73779297	1	1	False	False	frozen_esm2_35m_head	Blue,Green,Purple,Red	Yellow	moderate_crucivirus_like	True	False	True	rna_virus_scored_crucivirus_like	0.73779297			
Pdomain	Red	Ribo_ND_126269	0	0.73731756	1	False	1	False	1	False	/workspace/cruci-classifier/results/grid_esm35m_e50/Pdomain/Red/eval/test_eval_results.csv	0	0.4583896696567535	Ribo_ND_126269	223	223	0	0	P_domain	Ribo_ND_126269	Ribo_ND_126269|Pdomain|Red|record0	0	rna_virus	Red	Red	0.73731756	1	1	False	False	frozen_esm2_35m_head	Blue,Green,Purple,Yellow	Red	moderate_crucivirus_like	True	False	True	rna_virus_scored_crucivirus_like	0.73731756			
Pdomain	Yellow	Ribo_ND_028704	0	0.7372705	1	False	1	False	1	False	/workspace/cruci-classifier/results/grid_esm35m_e50/Pdomain/Yellow/eval/test_eval_results.csv	0	0.4989717900753021	Ribo_ND_028704	143	143	0	0	P_domain	Ribo_ND_028704	Ribo_ND_028704|Pdomain|Yellow|record0	0	rna_virus	Yellow	Yellow	0.7372705	1	1	False	False	frozen_esm2_35m_head	Blue,Green,Purple,Red	Yellow	moderate_crucivirus_like	True	False	True	rna_virus_scored_crucivirus_like	0.7372705			
Pdomain	Green	Cruci_CruV_346	1	0.2627608	0	False	0	False	0	False	/workspace/cruci-classifier/results/grid_esm35m_e50/Pdomain/Green/eval/test_eval_results.csv	0	0.5002309083938599	Cruci_CruV_346	160	160	0	0	P_domain	Cruci_CruV_346	Cruci_CruV_346|Pdomain|Green|record0	1	crucivirus	Green	Green	0.2627608	0	0	False	False	frozen_esm2_35m_head	Blue,Purple,Red,Yellow	Green	moderate_rna_like	True	False	True	crucivirus_scored_rna_like	0.7372392			
fullCP	Purple	Cruci_CruV_86	1	0.26314163	0	False	0	False	0	False	/workspace/cruci-classifier/results/grid_esm35m_e50/fullCP/Purple/eval/test_eval_results.csv	0	0.4988135993480682	Cruci_CruV_86	435	436	1	0	full_capsid	Cruci_CruV_86	Cruci_CruV_86|fullCP|Purple|record0	1	crucivirus	Purple	Purple	0.26314163	0	0	False	False	frozen_esm2_35m_head	Blue,Green,Red,Yellow	Purple	moderate_rna_like	True	False	True	crucivirus_scored_rna_like	0.73685837			
Sdomain	Yellow	Ribo_ND_095900	0	0.7367582	1	False	1	False	1	False	/workspace/cruci-classifier/results/grid_esm35m_e50/Sdomain/Yellow/eval/test_eval_results.csv	0	0.5087921023368835	Ribo_ND_095900	177	177	0	0	S_domain	Ribo_ND_095900	Ribo_ND_095900|Sdomain|Yellow|record0	0	rna_virus	Yellow	Yellow	0.7367582	1	1	False	False	frozen_esm2_35m_head	Blue,Green,Purple,Red	Yellow	moderate_crucivirus_like	True	False	True	rna_virus_scored_crucivirus_like	0.7367582			
Sdomain	Purple	Cruci_PSU_CruV-242	1	0.2632495	0	False	0	False	0	False	/workspace/cruci-classifier/results/grid_esm35m_e50/Sdomain/Purple/eval/test_eval_results.csv	0	0.5010125041007996	Cruci_PSU_CruV-242	185	185	0	0	S_domain	Cruci_PSU_CruV-242	Cruci_PSU_CruV-242|Sdomain|Purple|record0	1	crucivirus	Purple	Purple	0.2632495	0	0	False	False	frozen_esm2_35m_head	Blue,Green,Red,Yellow	Purple	moderate_rna_like	True	False	True	crucivirus_scored_rna_like	0.7367505			
Sdomain	Blue	Ribo_ND_183795	0	0.73642796	1	False	1	False	1	False	/workspace/cruci-classifier/results/grid_esm35m_e50/Sdomain/Blue/eval/test_eval_results.csv	0	0.3950238227844238	Ribo_ND_183795	178	178	0	0	S_domain	Ribo_ND_183795	Ribo_ND_183795|Sdomain|Blue|record0	0	rna_virus	Blue	Blue	0.73642796	1	1	False	False	frozen_esm2_35m_head	Green,Purple,Red,Yellow	Blue	moderate_crucivirus_like	True	False	True	rna_virus_scored_crucivirus_like	0.73642796			
fullCP	Yellow	Ribo_ND_166644	0	0.7362989	1	False	1	False	1	False	/workspace/cruci-classifier/results/grid_esm35m_e50/fullCP/Yellow/eval/test_eval_results.csv	0	0.4986207485198974	Ribo_ND_166644	430	431	1	0	full_capsid	Ribo_ND_166644	Ribo_ND_166644|fullCP|Yellow|record0	0	rna_virus	Yellow	Yellow	0.7362989	1	1	False	False	frozen_esm2_35m_head	Blue,Green,Purple,Red	Yellow	moderate_crucivirus_like	True	False	True	rna_virus_scored_crucivirus_like	0.7362989			
fullCP	Green	Ribo_ND_169363	0	0.7360355	1	False	1	False	1	False	/workspace/cruci-classifier/results/grid_esm35m_e50/fullCP/Green/eval/test_eval_results.csv	0	0.4995022118091583	Ribo_ND_169363	467	468	1	0	full_capsid	Ribo_ND_169363	Ribo_ND_169363|fullCP|Green|record0	0	rna_virus	Green	Green	0.7360355	1	1	False	False	frozen_esm2_35m_head	Blue,Purple,Red,Yellow	Green	moderate_crucivirus_like	True	False	True	rna_virus_scored_crucivirus_like	0.7360355			
Sdomain	Yellow	Ribo_ND_202071	0	0.7355237	1	False	1	False	1	False	/workspace/cruci-classifier/results/grid_esm35m_e50/Sdomain/Yellow/eval/test_eval_results.csv	0	0.5087921023368835	Ribo_ND_202071	187	187	0	0	S_domain	Ribo_ND_202071	Ribo_ND_202071|Sdomain|Yellow|record0	0	rna_virus	Yellow	Yellow	0.7355237	1	1	False	False	frozen_esm2_35m_head	Blue,Green,Purple,Red	Yellow	moderate_crucivirus_like	True	False	True	rna_virus_scored_crucivirus_like	0.7355237			
Sdomain	Purple	Ribo_ND_184566	0	0.73487407	1	False	1	False	1	False	/workspace/cruci-classifier/results/grid_esm35m_e50/Sdomain/Purple/eval/test_eval_results.csv	0	0.5010125041007996	Ribo_ND_184566	182	182	0	0	S_domain	Ribo_ND_184566	Ribo_ND_184566|Sdomain|Purple|record0	0	rna_virus	Purple	Purple	0.73487407	1	1	False	False	frozen_esm2_35m_head	Blue,Green,Red,Yellow	Purple	moderate_crucivirus_like	True	False	True	rna_virus_scored_crucivirus_like	0.73487407			
Pdomain	Green	Cruci_CruV-883	1	0.26535204	0	False	0	False	0	False	/workspace/cruci-classifier/results/grid_esm35m_e50/Pdomain/Green/eval/test_eval_results.csv	0	0.5002309083938599	Cruci_CruV-883	150	150	0	0	P_domain	Cruci_CruV-883	Cruci_CruV-883|Pdomain|Green|record0	1	crucivirus	Green	Green	0.26535204	0	0	False	False	frozen_esm2_35m_head	Blue,Purple,Red,Yellow	Green	moderate_rna_like	True	False	True	crucivirus_scored_rna_like	0.73464796			
Pdomain	Green	Cruci_CruV-884	1	0.26535204	0	False	0	False	0	False	/workspace/cruci-classifier/results/grid_esm35m_e50/Pdomain/Green/eval/test_eval_results.csv	0	0.5002309083938599	Cruci_CruV-884	150	150	0	0	P_domain	Cruci_CruV-884	Cruci_CruV-884|Pdomain|Green|record0	1	crucivirus	Green	Green	0.26535204	0	0	False	False	frozen_esm2_35m_head	Blue,Purple,Red,Yellow	Green	moderate_rna_like	True	False	True	crucivirus_scored_rna_like	0.73464796			
Sdomain	Yellow	Ribo_JAAOEH010002610.1	0	0.73404896	1	False	1	False	1	False	/workspace/cruci-classifier/results/grid_esm35m_e50/Sdomain/Yellow/eval/test_eval_results.csv	0	0.5087921023368835	Ribo_JAAOEH010002610.1	182	182	0	0	S_domain	Ribo_JAAOEH010002610.1	Ribo_JAAOEH010002610.1|Sdomain|Yellow|record0	0	rna_virus	Yellow	Yellow	0.73404896	1	1	False	False	frozen_esm2_35m_head	Blue,Green,Purple,Red	Yellow	moderate_crucivirus_like	True	False	True	rna_virus_scored_crucivirus_like	0.73404896			
Pdomain	Yellow	Ribo_ND_366175	0	0.7338909	1	False	1	False	1	False	/workspace/cruci-classifier/results/grid_esm35m_e50/Pdomain/Yellow/eval/test_eval_results.csv	0	0.4989717900753021	Ribo_ND_366175	151	151	0	0	P_domain	Ribo_ND_366175	Ribo_ND_366175|Pdomain|Yellow|record0	0	rna_virus	Yellow	Yellow	0.7338909	1	1	False	False	frozen_esm2_35m_head	Blue,Green,Purple,Red	Yellow	moderate_crucivirus_like	True	False	True	rna_virus_scored_crucivirus_like	0.7338909			
Sdomain	Red	Cruci_CruV_523	1	0.26639622	0	False	0	False	0	False	/workspace/cruci-classifier/results/grid_esm35m_e50/Sdomain/Red/eval/test_eval_results.csv	0	0.4007981121540069	Cruci_CruV_523	185	185	0	0	S_domain	Cruci_CruV_523	Cruci_CruV_523|Sdomain|Red|record0	1	crucivirus	Red	Red	0.26639622	0	0	False	False	frozen_esm2_35m_head	Blue,Green,Purple,Yellow	Red	moderate_rna_like	True	False	True	crucivirus_scored_rna_like	0.7336037799999999			
Pdomain	Red	Ribo_ND_024939	0	0.7332087	1	False	1	False	1	False	/workspace/cruci-classifier/results/grid_esm35m_e50/Pdomain/Red/eval/test_eval_results.csv	0	0.4583896696567535	Ribo_ND_024939	163	163	0	0	P_domain	Ribo_ND_024939	Ribo_ND_024939|Pdomain|Red|record0	0	rna_virus	Red	Red	0.7332087	1	1	False	False	frozen_esm2_35m_head	Blue,Green,Purple,Yellow	Red	moderate_crucivirus_like	True	False	True	rna_virus_scored_crucivirus_like	0.7332087			
fullCP	Purple	Cruci_CruV-749	1	0.26696053	0	False	0	False	0	False	/workspace/cruci-classifier/results/grid_esm35m_e50/fullCP/Purple/eval/test_eval_results.csv	0	0.4988135993480682	Cruci_CruV-749	534	534	0	0	full_capsid	Cruci_CruV-749	Cruci_CruV-749|fullCP|Purple|record0	1	crucivirus	Purple	Purple	0.26696053	0	0	False	False	frozen_esm2_35m_head	Blue,Green,Red,Yellow	Purple	moderate_rna_like	True	False	True	crucivirus_scored_rna_like	0.73303947			
Sdomain	Green	Cruci_CruV-915	1	0.26737088	0	False	0	False	0	False	/workspace/cruci-classifier/results/grid_esm35m_e50/Sdomain/Green/eval/test_eval_results.csv	0	0.5480888485908508	Cruci_CruV-915	176	176	0	0	S_domain	Cruci_CruV-915	Cruci_CruV-915|Sdomain|Green|record0	1	crucivirus	Green	Green	0.26737088	0	0	False	False	frozen_esm2_35m_head	Blue,Purple,Red,Yellow	Green	moderate_rna_like	True	False	True	crucivirus_scored_rna_like	0.73262912			
Sdomain	Green	Cruci_CruV-916	1	0.26737088	0	False	0	False	0	False	/workspace/cruci-classifier/results/grid_esm35m_e50/Sdomain/Green/eval/test_eval_results.csv	0	0.5480888485908508	Cruci_CruV-916	176	176	0	0	S_domain	Cruci_CruV-916	Cruci_CruV-916|Sdomain|Green|record0	1	crucivirus	Green	Green	0.26737088	0	0	False	False	frozen_esm2_35m_head	Blue,Purple,Red,Yellow	Green	moderate_rna_like	True	False	True	crucivirus_scored_rna_like	0.73262912			
Sdomain	Green	Ribo_ND_045405	0	0.73208904	1	False	1	False	1	False	/workspace/cruci-classifier/results/grid_esm35m_e50/Sdomain/Green/eval/test_eval_results.csv	0	0.5480888485908508	Ribo_ND_045405	178	178	0	0	S_domain	Ribo_ND_045405	Ribo_ND_045405|Sdomain|Green|record0	0	rna_virus	Green	Green	0.73208904	1	1	False	False	frozen_esm2_35m_head	Blue,Purple,Red,Yellow	Green	moderate_crucivirus_like	True	False	True	rna_virus_scored_crucivirus_like	0.73208904			
Pdomain	Yellow	Ribo_ND_044240	0	0.73206824	1	False	1	False	1	False	/workspace/cruci-classifier/results/grid_esm35m_e50/Pdomain/Yellow/eval/test_eval_results.csv	0	0.4989717900753021	Ribo_ND_044240	158	158	0	0	P_domain	Ribo_ND_044240	Ribo_ND_044240|Pdomain|Yellow|record0	0	rna_virus	Yellow	Yellow	0.73206824	1	1	False	False	frozen_esm2_35m_head	Blue,Green,Purple,Red	Yellow	moderate_crucivirus_like	True	False	True	rna_virus_scored_crucivirus_like	0.73206824			
Sdomain	Blue	Ribo_ND_125752	0	0.7316681	1	False	1	False	1	False	/workspace/cruci-classifier/results/grid_esm35m_e50/Sdomain/Blue/eval/test_eval_results.csv	0	0.3950238227844238	Ribo_ND_125752	177	177	0	0	S_domain	Ribo_ND_125752	Ribo_ND_125752|Sdomain|Blue|record0	0	rna_virus	Blue	Blue	0.7316681	1	1	False	False	frozen_esm2_35m_head	Green,Purple,Red,Yellow	Blue	moderate_crucivirus_like	True	False	True	rna_virus_scored_crucivirus_like	0.7316681			
Sdomain	Yellow	Ribo_ND_092447	0	0.73148394	1	False	1	False	1	False	/workspace/cruci-classifier/results/grid_esm35m_e50/Sdomain/Yellow/eval/test_eval_results.csv	0	0.5087921023368835	Ribo_ND_092447	197	197	0	0	S_domain	Ribo_ND_092447	Ribo_ND_092447|Sdomain|Yellow|record0	0	rna_virus	Yellow	Yellow	0.73148394	1	1	False	False	frozen_esm2_35m_head	Blue,Green,Purple,Red	Yellow	moderate_crucivirus_like	True	False	True	rna_virus_scored_crucivirus_like	0.73148394			
Pdomain	Blue	Cruci_CruV_169	1	0.26863214	0	False	0	False	0	False	/workspace/cruci-classifier/results/grid_esm35m_e50/Pdomain/Blue/eval/test_eval_results.csv	0	0.4954362213611603	Cruci_CruV_169	167	167	0	0	P_domain	Cruci_CruV_169	Cruci_CruV_169|Pdomain|Blue|record0	1	crucivirus	Blue	Blue	0.26863214	0	0	False	False	frozen_esm2_35m_head	Green,Purple,Red,Yellow	Blue	moderate_rna_like	True	False	True	crucivirus_scored_rna_like	0.73136786			
Sdomain	Yellow	Ribo_ND_251221	0	0.7310446	1	False	1	False	1	False	/workspace/cruci-classifier/results/grid_esm35m_e50/Sdomain/Yellow/eval/test_eval_results.csv	0	0.5087921023368835	Ribo_ND_251221	182	182	0	0	S_domain	Ribo_ND_251221	Ribo_ND_251221|Sdomain|Yellow|record0	0	rna_virus	Yellow	Yellow	0.7310446	1	1	False	False	frozen_esm2_35m_head	Blue,Green,Purple,Red	Yellow	moderate_crucivirus_like	True	False	True	rna_virus_scored_crucivirus_like	0.7310446			
fullCP	Purple	Ribo_ND_366110	0	0.7309671	1	False	1	False	1	False	/workspace/cruci-classifier/results/grid_esm35m_e50/fullCP/Purple/eval/test_eval_results.csv	0	0.4988135993480682	Ribo_ND_366110	377	378	1	0	full_capsid	Ribo_ND_366110	Ribo_ND_366110|fullCP|Purple|record0	0	rna_virus	Purple	Purple	0.7309671	1	1	False	False	frozen_esm2_35m_head	Blue,Green,Red,Yellow	Purple	moderate_crucivirus_like	True	False	True	rna_virus_scored_crucivirus_like	0.7309671			
fullCP	Purple	Cruci_CruV_490	1	0.2692198	0	False	0	False	0	False	/workspace/cruci-classifier/results/grid_esm35m_e50/fullCP/Purple/eval/test_eval_results.csv	0	0.4988135993480682	Cruci_CruV_490	430	431	1	0	full_capsid	Cruci_CruV_490	Cruci_CruV_490|fullCP|Purple|record0	1	crucivirus	Purple	Purple	0.2692198	0	0	False	False	frozen_esm2_35m_head	Blue,Green,Red,Yellow	Purple	moderate_rna_like	True	False	True	crucivirus_scored_rna_like	0.7307802			
Rdomain	Yellow	Ribo_ND_059851	0	0.7307794	1	False	1	False	1	False	/workspace/cruci-classifier/results/grid_esm35m_e50/Rdomain/Yellow/eval/test_eval_results.csv	0	0.471052885055542	Ribo_ND_059851	111	111	0	0	R_domain	Ribo_ND_059851	Ribo_ND_059851|Rdomain|Yellow|record0	0	rna_virus	Yellow	Yellow	0.7307794	1	1	False	False	frozen_esm2_35m_head	Blue,Green,Purple,Red	Yellow	moderate_crucivirus_like	True	False	True	rna_virus_scored_crucivirus_like	0.7307794			
Sdomain	Blue	Ribo_ND_085733	0	0.7307747	1	False	1	False	1	False	/workspace/cruci-classifier/results/grid_esm35m_e50/Sdomain/Blue/eval/test_eval_results.csv	0	0.3950238227844238	Ribo_ND_085733	179	179	0	0	S_domain	Ribo_ND_085733	Ribo_ND_085733|Sdomain|Blue|record0	0	rna_virus	Blue	Blue	0.7307747	1	1	False	False	frozen_esm2_35m_head	Green,Purple,Red,Yellow	Blue	moderate_crucivirus_like	True	False	True	rna_virus_scored_crucivirus_like	0.7307747			
Rdomain	Yellow	Ribo_ND_210241	0	0.73041123	1	False	1	False	1	False	/workspace/cruci-classifier/results/grid_esm35m_e50/Rdomain/Yellow/eval/test_eval_results.csv	0	0.471052885055542	Ribo_ND_210241	105	105	0	0	R_domain	Ribo_ND_210241	Ribo_ND_210241|Rdomain|Yellow|record0	0	rna_virus	Yellow	Yellow	0.73041123	1	1	False	False	frozen_esm2_35m_head	Blue,Green,Purple,Red	Yellow	moderate_crucivirus_like	True	False	True	rna_virus_scored_crucivirus_like	0.73041123			
Pdomain	Yellow	Ribo_ND_025276	0	0.73020005	1	False	1	False	1	False	/workspace/cruci-classifier/results/grid_esm35m_e50/Pdomain/Yellow/eval/test_eval_results.csv	0	0.4989717900753021	Ribo_ND_025276	147	147	0	0	P_domain	Ribo_ND_025276	Ribo_ND_025276|Pdomain|Yellow|record0	0	rna_virus	Yellow	Yellow	0.73020005	1	1	False	False	frozen_esm2_35m_head	Blue,Green,Purple,Red	Yellow	moderate_crucivirus_like	True	False	True	rna_virus_scored_crucivirus_like	0.73020005			
Pdomain	Blue	Ribo_ND_381128	0	0.7299759	1	False	1	False	1	False	/workspace/cruci-classifier/results/grid_esm35m_e50/Pdomain/Blue/eval/test_eval_results.csv	0	0.4954362213611603	Ribo_ND_381128	215	215	0	0	P_domain	Ribo_ND_381128	Ribo_ND_381128|Pdomain|Blue|record0	0	rna_virus	Blue	Blue	0.7299759	1	1	False	False	frozen_esm2_35m_head	Green,Purple,Red,Yellow	Blue	moderate_crucivirus_like	True	False	True	rna_virus_scored_crucivirus_like	0.7299759			
Rdomain	Purple	Cruci_CruV-592	1	0.27019337	0	False	0	False	0	False	/workspace/cruci-classifier/results/grid_esm35m_e50/Rdomain/Purple/eval/test_eval_results.csv	0	0.5012195110321045	Cruci_CruV-592	83	83	0	0	R_domain	Cruci_CruV-592	Cruci_CruV-592|Rdomain|Purple|record0	1	crucivirus	Purple	Purple	0.27019337	0	0	False	False	frozen_esm2_35m_head	Blue,Green,Red,Yellow	Purple	moderate_rna_like	True	False	True	crucivirus_scored_rna_like	0.72980663			
fullCP	Purple	Cruci_CruV-912	1	0.27073792	0	False	0	False	0	False	/workspace/cruci-classifier/results/grid_esm35m_e50/fullCP/Purple/eval/test_eval_results.csv	0	0.4988135993480682	Cruci_CruV-912	278	278	0	0	full_capsid	Cruci_CruV-912	Cruci_CruV-912|fullCP|Purple|record0	1	crucivirus	Purple	Purple	0.27073792	0	0	False	False	frozen_esm2_35m_head	Blue,Green,Red,Yellow	Purple	moderate_rna_like	True	False	True	crucivirus_scored_rna_like	0.72926208			
fullCP	Purple	Cruci_CruV_92	1	0.27085692	0	False	0	False	0	False	/workspace/cruci-classifier/results/grid_esm35m_e50/fullCP/Purple/eval/test_eval_results.csv	0	0.4988135993480682	Cruci_CruV_92	500	501	1	0	full_capsid	Cruci_CruV_92	Cruci_CruV_92|fullCP|Purple|record0	1	crucivirus	Purple	Purple	0.27085692	0	0	False	False	frozen_esm2_35m_head	Blue,Green,Red,Yellow	Purple	moderate_rna_like	True	False	True	crucivirus_scored_rna_like	0.72914308			
Sdomain	Purple	Ribo_ND_251156	0	0.72907275	1	False	1	False	1	False	/workspace/cruci-classifier/results/grid_esm35m_e50/Sdomain/Purple/eval/test_eval_results.csv	0	0.5010125041007996	Ribo_ND_251156	183	183	0	0	S_domain	Ribo_ND_251156	Ribo_ND_251156|Sdomain|Purple|record0	0	rna_virus	Purple	Purple	0.72907275	1	1	False	False	frozen_esm2_35m_head	Blue,Green,Red,Yellow	Purple	moderate_crucivirus_like	True	False	True	rna_virus_scored_crucivirus_like	0.72907275			
Pdomain	Red	Ribo_ND_092587	0	0.72899437	1	False	1	False	1	False	/workspace/cruci-classifier/results/grid_esm35m_e50/Pdomain/Red/eval/test_eval_results.csv	0	0.4583896696567535	Ribo_ND_092587	165	165	0	0	P_domain	Ribo_ND_092587	Ribo_ND_092587|Pdomain|Red|record0	0	rna_virus	Red	Red	0.72899437	1	1	False	False	frozen_esm2_35m_head	Blue,Green,Purple,Yellow	Red	moderate_crucivirus_like	True	False	True	rna_virus_scored_crucivirus_like	0.72899437			
Pdomain	Yellow	Ribo_ND_141117	0	0.7287739	1	False	1	False	1	False	/workspace/cruci-classifier/results/grid_esm35m_e50/Pdomain/Yellow/eval/test_eval_results.csv	0	0.4989717900753021	Ribo_ND_141117	150	150	0	0	P_domain	Ribo_ND_141117	Ribo_ND_141117|Pdomain|Yellow|record0	0	rna_virus	Yellow	Yellow	0.7287739	1	1	False	False	frozen_esm2_35m_head	Blue,Green,Purple,Red	Yellow	moderate_crucivirus_like	True	False	True	rna_virus_scored_crucivirus_like	0.7287739			
Sdomain	Yellow	Ribo_ND_162268	0	0.72871214	1	False	1	False	1	False	/workspace/cruci-classifier/results/grid_esm35m_e50/Sdomain/Yellow/eval/test_eval_results.csv	0	0.5087921023368835	Ribo_ND_162268	185	185	0	0	S_domain	Ribo_ND_162268	Ribo_ND_162268|Sdomain|Yellow|record0	0	rna_virus	Yellow	Yellow	0.72871214	1	1	False	False	frozen_esm2_35m_head	Blue,Green,Purple,Red	Yellow	moderate_crucivirus_like	True	False	True	rna_virus_scored_crucivirus_like	0.72871214			
fullCP	Purple	Cruci_CruV_405	1	0.27129355	0	False	0	False	0	False	/workspace/cruci-classifier/results/grid_esm35m_e50/fullCP/Purple/eval/test_eval_results.csv	0	0.4988135993480682	Cruci_CruV_405	353	354	1	0	full_capsid	Cruci_CruV_405	Cruci_CruV_405|fullCP|Purple|record0	1	crucivirus	Purple	Purple	0.27129355	0	0	False	False	frozen_esm2_35m_head	Blue,Green,Red,Yellow	Purple	moderate_rna_like	True	False	True	crucivirus_scored_rna_like	0.72870645			
Rdomain	Blue	Cruci_CruV_284	1	0.2713776	0	False	0	False	0	False	/workspace/cruci-classifier/results/grid_esm35m_e50/Rdomain/Blue/eval/test_eval_results.csv	0	0.4960196018218994	Cruci_CruV_284	104	104	0	0	R_domain	Cruci_CruV_284	Cruci_CruV_284|Rdomain|Blue|record0	1	crucivirus	Blue	Blue	0.2713776	0	0	False	False	frozen_esm2_35m_head	Green,Purple,Red,Yellow	Blue	moderate_rna_like	True	False	True	crucivirus_scored_rna_like	0.7286224			
Sdomain	Green	Cruci_CruV_434	1	0.27169952	0	False	0	False	0	False	/workspace/cruci-classifier/results/grid_esm35m_e50/Sdomain/Green/eval/test_eval_results.csv	0	0.5480888485908508	Cruci_CruV_434	194	194	0	0	S_domain	Cruci_CruV_434	Cruci_CruV_434|Sdomain|Green|record0	1	crucivirus	Green	Green	0.27169952	0	0	False	False	frozen_esm2_35m_head	Blue,Purple,Red,Yellow	Green	moderate_rna_like	True	False	True	crucivirus_scored_rna_like	0.7283004799999999			
Pdomain	Yellow	Ribo_ND_025166	0	0.72798634	1	False	1	False	1	False	/workspace/cruci-classifier/results/grid_esm35m_e50/Pdomain/Yellow/eval/test_eval_results.csv	0	0.4989717900753021	Ribo_ND_025166	171	171	0	0	P_domain	Ribo_ND_025166	Ribo_ND_025166|Pdomain|Yellow|record0	0	rna_virus	Yellow	Yellow	0.72798634	1	1	False	False	frozen_esm2_35m_head	Blue,Green,Purple,Red	Yellow	moderate_crucivirus_like	True	False	True	rna_virus_scored_crucivirus_like	0.72798634			
Rdomain	Blue	Ribo_ND_175739	0	0.7277987	1	False	1	False	1	False	/workspace/cruci-classifier/results/grid_esm35m_e50/Rdomain/Blue/eval/test_eval_results.csv	0	0.4960196018218994	Ribo_ND_175739	88	88	0	0	R_domain	Ribo_ND_175739	Ribo_ND_175739|Rdomain|Blue|record0	0	rna_virus	Blue	Blue	0.7277987	1	1	False	False	frozen_esm2_35m_head	Green,Purple,Red,Yellow	Blue	moderate_crucivirus_like	True	False	True	rna_virus_scored_crucivirus_like	0.7277987			
Pdomain	Green	Ribo_ND_290971	0	0.72761863	1	False	1	False	1	False	/workspace/cruci-classifier/results/grid_esm35m_e50/Pdomain/Green/eval/test_eval_results.csv	0	0.5002309083938599	Ribo_ND_290971	246	246	0	0	P_domain	Ribo_ND_290971	Ribo_ND_290971|Pdomain|Green|record0	0	rna_virus	Green	Green	0.72761863	1	1	False	False	frozen_esm2_35m_head	Blue,Purple,Red,Yellow	Green	moderate_crucivirus_like	True	False	True	rna_virus_scored_crucivirus_like	0.72761863			
Pdomain	Purple	Cruci_CruV_125	1	0.27297178	0	False	0	False	0	False	/workspace/cruci-classifier/results/grid_esm35m_e50/Pdomain/Purple/eval/test_eval_results.csv	0	0.4982953071594238	Cruci_CruV_125	277	277	0	0	P_domain	Cruci_CruV_125	Cruci_CruV_125|Pdomain|Purple|record0	1	crucivirus	Purple	Purple	0.27297178	0	0	False	False	frozen_esm2_35m_head	Blue,Green,Red,Yellow	Purple	moderate_rna_like	True	False	True	crucivirus_scored_rna_like	0.72702822			
fullCP	Green	Cruci_CruV_497	1	0.273642	0	False	0	False	0	False	/workspace/cruci-classifier/results/grid_esm35m_e50/fullCP/Green/eval/test_eval_results.csv	0	0.4995022118091583	Cruci_CruV_497	417	418	1	0	full_capsid	Cruci_CruV_497	Cruci_CruV_497|fullCP|Green|record0	1	crucivirus	Green	Green	0.273642	0	0	False	False	frozen_esm2_35m_head	Blue,Purple,Red,Yellow	Green	moderate_rna_like	True	False	True	crucivirus_scored_rna_like	0.7263580000000001			
Sdomain	Yellow	Ribo_ND_059860	0	0.72622204	1	False	1	False	1	False	/workspace/cruci-classifier/results/grid_esm35m_e50/Sdomain/Yellow/eval/test_eval_results.csv	0	0.5087921023368835	Ribo_ND_059860	177	177	0	0	S_domain	Ribo_ND_059860	Ribo_ND_059860|Sdomain|Yellow|record0	0	rna_virus	Yellow	Yellow	0.72622204	1	1	False	False	frozen_esm2_35m_head	Blue,Green,Purple,Red	Yellow	moderate_crucivirus_like	True	False	True	rna_virus_scored_crucivirus_like	0.72622204			
Rdomain	Yellow	Cruci_CruV_516	1	0.27413362	0	False	0	False	0	False	/workspace/cruci-classifier/results/grid_esm35m_e50/Rdomain/Yellow/eval/test_eval_results.csv	0	0.471052885055542	Cruci_CruV_516	34	34	0	0	R_domain	Cruci_CruV_516	Cruci_CruV_516|Rdomain|Yellow|record0	1	crucivirus	Yellow	Yellow	0.27413362	0	0	False	False	frozen_esm2_35m_head	Blue,Green,Purple,Red	Yellow	moderate_rna_like	True	False	True	crucivirus_scored_rna_like	0.72586638			
Pdomain	Yellow	Ribo_NC_032866	0	0.7256979	1	False	1	False	1	False	/workspace/cruci-classifier/results/grid_esm35m_e50/Pdomain/Yellow/eval/test_eval_results.csv	0	0.4989717900753021	Ribo_NC_032866	135	135	0	0	P_domain	Ribo_NC_032866	Ribo_NC_032866|Pdomain|Yellow|record0	0	rna_virus	Yellow	Yellow	0.7256979	1	1	False	False	frozen_esm2_35m_head	Blue,Green,Purple,Red	Yellow	moderate_crucivirus_like	True	False	True	rna_virus_scored_crucivirus_like	0.7256979			
Pdomain	Yellow	Ribo_ND_330301	0	0.72556937	1	False	1	False	1	False	/workspace/cruci-classifier/results/grid_esm35m_e50/Pdomain/Yellow/eval/test_eval_results.csv	0	0.4989717900753021	Ribo_ND_330301	161	161	0	0	P_domain	Ribo_ND_330301	Ribo_ND_330301|Pdomain|Yellow|record0	0	rna_virus	Yellow	Yellow	0.72556937	1	1	False	False	frozen_esm2_35m_head	Blue,Green,Purple,Red	Yellow	moderate_crucivirus_like	True	False	True	rna_virus_scored_crucivirus_like	0.72556937			
Rdomain	Purple	Cruci_CruV-678	1	0.27443448	0	False	0	False	0	False	/workspace/cruci-classifier/results/grid_esm35m_e50/Rdomain/Purple/eval/test_eval_results.csv	0	0.5012195110321045	Cruci_CruV-678	77	77	0	0	R_domain	Cruci_CruV-678	Cruci_CruV-678|Rdomain|Purple|record0	1	crucivirus	Purple	Purple	0.27443448	0	0	False	False	frozen_esm2_35m_head	Blue,Green,Red,Yellow	Purple	moderate_rna_like	True	False	True	crucivirus_scored_rna_like	0.72556552			
Pdomain	Blue	Ribo_NC_032826	0	0.72528607	1	False	1	False	1	False	/workspace/cruci-classifier/results/grid_esm35m_e50/Pdomain/Blue/eval/test_eval_results.csv	0	0.4954362213611603	Ribo_NC_032826	146	146	0	0	P_domain	Ribo_NC_032826	Ribo_NC_032826|Pdomain|Blue|record0	0	rna_virus	Blue	Blue	0.72528607	1	1	False	False	frozen_esm2_35m_head	Green,Purple,Red,Yellow	Blue	moderate_crucivirus_like	True	False	True	rna_virus_scored_crucivirus_like	0.72528607			
Sdomain	Blue	Ribo_ND_215238	0	0.72528255	1	False	1	False	1	False	/workspace/cruci-classifier/results/grid_esm35m_e50/Sdomain/Blue/eval/test_eval_results.csv	0	0.3950238227844238	Ribo_ND_215238	183	183	0	0	S_domain	Ribo_ND_215238	Ribo_ND_215238|Sdomain|Blue|record0	0	rna_virus	Blue	Blue	0.72528255	1	1	False	False	frozen_esm2_35m_head	Green,Purple,Red,Yellow	Blue	moderate_crucivirus_like	True	False	True	rna_virus_scored_crucivirus_like	0.72528255			
Sdomain	Blue	Ribo_ND_239311	0	0.7252318	1	False	1	False	1	False	/workspace/cruci-classifier/results/grid_esm35m_e50/Sdomain/Blue/eval/test_eval_results.csv	0	0.3950238227844238	Ribo_ND_239311	182	182	0	0	S_domain	Ribo_ND_239311	Ribo_ND_239311|Sdomain|Blue|record0	0	rna_virus	Blue	Blue	0.7252318	1	1	False	False	frozen_esm2_35m_head	Green,Purple,Red,Yellow	Blue	moderate_crucivirus_like	True	False	True	rna_virus_scored_crucivirus_like	0.7252318			
Sdomain	Yellow	Ribo_ND_141117	0	0.72518873	1	False	1	False	1	False	/workspace/cruci-classifier/results/grid_esm35m_e50/Sdomain/Yellow/eval/test_eval_results.csv	0	0.5087921023368835	Ribo_ND_141117	177	177	0	0	S_domain	Ribo_ND_141117	Ribo_ND_141117|Sdomain|Yellow|record0	0	rna_virus	Yellow	Yellow	0.72518873	1	1	False	False	frozen_esm2_35m_head	Blue,Green,Purple,Red	Yellow	moderate_crucivirus_like	True	False	True	rna_virus_scored_crucivirus_like	0.72518873			
Pdomain	Red	Ribo_ND_024358	0	0.7251595	1	False	1	False	1	False	/workspace/cruci-classifier/results/grid_esm35m_e50/Pdomain/Red/eval/test_eval_results.csv	0	0.4583896696567535	Ribo_ND_024358	236	236	0	0	P_domain	Ribo_ND_024358	Ribo_ND_024358|Pdomain|Red|record0	0	rna_virus	Red	Red	0.7251595	1	1	False	False	frozen_esm2_35m_head	Blue,Green,Purple,Yellow	Red	moderate_crucivirus_like	True	False	True	rna_virus_scored_crucivirus_like	0.7251595			
Sdomain	Green	Cruci_CruV-807	1	0.27486137	0	False	0	False	0	False	/workspace/cruci-classifier/results/grid_esm35m_e50/Sdomain/Green/eval/test_eval_results.csv	0	0.5480888485908508	Cruci_CruV-807	181	181	0	0	S_domain	Cruci_CruV-807	Cruci_CruV-807|Sdomain|Green|record0	1	crucivirus	Green	Green	0.27486137	0	0	False	False	frozen_esm2_35m_head	Blue,Purple,Red,Yellow	Green	moderate_rna_like	True	False	True	crucivirus_scored_rna_like	0.72513863			
Sdomain	Yellow	Ribo_ND_053581	0	0.72509927	1	False	1	False	1	False	/workspace/cruci-classifier/results/grid_esm35m_e50/Sdomain/Yellow/eval/test_eval_results.csv	0	0.5087921023368835	Ribo_ND_053581	194	194	0	0	S_domain	Ribo_ND_053581	Ribo_ND_053581|Sdomain|Yellow|record0	0	rna_virus	Yellow	Yellow	0.72509927	1	1	False	False	frozen_esm2_35m_head	Blue,Green,Purple,Red	Yellow	moderate_crucivirus_like	True	False	True	rna_virus_scored_crucivirus_like	0.72509927			
Sdomain	Yellow	Ribo_ND_054817	0	0.7246599	1	False	1	False	1	False	/workspace/cruci-classifier/results/grid_esm35m_e50/Sdomain/Yellow/eval/test_eval_results.csv	0	0.5087921023368835	Ribo_ND_054817	177	177	0	0	S_domain	Ribo_ND_054817	Ribo_ND_054817|Sdomain|Yellow|record0	0	rna_virus	Yellow	Yellow	0.7246599	1	1	False	False	frozen_esm2_35m_head	Blue,Green,Purple,Red	Yellow	moderate_crucivirus_like	True	False	True	rna_virus_scored_crucivirus_like	0.7246599			
Sdomain	Green	Cruci_CruV-802	1	0.27613917	0	False	0	False	0	False	/workspace/cruci-classifier/results/grid_esm35m_e50/Sdomain/Green/eval/test_eval_results.csv	0	0.5480888485908508	Cruci_CruV-802	182	182	0	0	S_domain	Cruci_CruV-802	Cruci_CruV-802|Sdomain|Green|record0	1	crucivirus	Green	Green	0.27613917	0	0	False	False	frozen_esm2_35m_head	Blue,Purple,Red,Yellow	Green	moderate_rna_like	True	False	True	crucivirus_scored_rna_like	0.72386083			
Sdomain	Yellow	Ribo_ND_026199	0	0.7237294	1	False	1	False	1	False	/workspace/cruci-classifier/results/grid_esm35m_e50/Sdomain/Yellow/eval/test_eval_results.csv	0	0.5087921023368835	Ribo_ND_026199	182	182	0	0	S_domain	Ribo_ND_026199	Ribo_ND_026199|Sdomain|Yellow|record0	0	rna_virus	Yellow	Yellow	0.7237294	1	1	False	False	frozen_esm2_35m_head	Blue,Green,Purple,Red	Yellow	moderate_crucivirus_like	True	False	True	rna_virus_scored_crucivirus_like	0.7237294			
Pdomain	Yellow	Ribo_ND_114875	0	0.72349	1	False	1	False	1	False	/workspace/cruci-classifier/results/grid_esm35m_e50/Pdomain/Yellow/eval/test_eval_results.csv	0	0.4989717900753021	Ribo_ND_114875	177	177	0	0	P_domain	Ribo_ND_114875	Ribo_ND_114875|Pdomain|Yellow|record0	0	rna_virus	Yellow	Yellow	0.72349	1	1	False	False	frozen_esm2_35m_head	Blue,Green,Purple,Red	Yellow	moderate_crucivirus_like	True	False	True	rna_virus_scored_crucivirus_like	0.72349			
fullCP	Blue	Ribo_ND_388134	0	0.7234143	1	False	1	False	1	False	/workspace/cruci-classifier/results/grid_esm35m_e50/fullCP/Blue/eval/test_eval_results.csv	0	0.4914703667163849	Ribo_ND_388134	448	449	1	0	full_capsid	Ribo_ND_388134	Ribo_ND_388134|fullCP|Blue|record0	0	rna_virus	Blue	Blue	0.7234143	1	1	False	False	frozen_esm2_35m_head	Green,Purple,Red,Yellow	Blue	moderate_crucivirus_like	True	False	True	rna_virus_scored_crucivirus_like	0.7234143			
Rdomain	Green	Cruci_CruV-957	1	0.27721593	0	False	0	False	0	False	/workspace/cruci-classifier/results/grid_esm35m_e50/Rdomain/Green/eval/test_eval_results.csv	0	0.5166996717453003	Cruci_CruV-957	15	15	0	0	R_domain	Cruci_CruV-957	Cruci_CruV-957|Rdomain|Green|record0	1	crucivirus	Green	Green	0.27721593	0	0	False	False	frozen_esm2_35m_head	Blue,Purple,Red,Yellow	Green	moderate_rna_like	True	False	True	crucivirus_scored_rna_like	0.72278407			
Pdomain	Purple	Ribo_ND_114032	0	0.72252536	1	False	1	False	1	False	/workspace/cruci-classifier/results/grid_esm35m_e50/Pdomain/Purple/eval/test_eval_results.csv	0	0.4982953071594238	Ribo_ND_114032	147	147	0	0	P_domain	Ribo_ND_114032	Ribo_ND_114032|Pdomain|Purple|record0	0	rna_virus	Purple	Purple	0.72252536	1	1	False	False	frozen_esm2_35m_head	Blue,Green,Red,Yellow	Purple	moderate_crucivirus_like	True	False	True	rna_virus_scored_crucivirus_like	0.72252536			
Sdomain	Yellow	Ribo_ND_030153	0	0.7223572	1	False	1	False	1	False	/workspace/cruci-classifier/results/grid_esm35m_e50/Sdomain/Yellow/eval/test_eval_results.csv	0	0.5087921023368835	Ribo_ND_030153	182	182	0	0	S_domain	Ribo_ND_030153	Ribo_ND_030153|Sdomain|Yellow|record0	0	rna_virus	Yellow	Yellow	0.7223572	1	1	False	False	frozen_esm2_35m_head	Blue,Green,Purple,Red	Yellow	moderate_crucivirus_like	True	False	True	rna_virus_scored_crucivirus_like	0.7223572			
Rdomain	Blue	Cruci_CruV_262	1	0.2777988	0	False	0	False	0	False	/workspace/cruci-classifier/results/grid_esm35m_e50/Rdomain/Blue/eval/test_eval_results.csv	0	0.4960196018218994	Cruci_CruV_262	89	89	0	0	R_domain	Cruci_CruV_262	Cruci_CruV_262|Rdomain|Blue|record0	1	crucivirus	Blue	Blue	0.2777988	0	0	False	False	frozen_esm2_35m_head	Green,Purple,Red,Yellow	Blue	moderate_rna_like	True	False	True	crucivirus_scored_rna_like	0.7222012			
fullCP	Green	Ribo_ND_166745	0	0.7221024	1	False	1	False	1	False	/workspace/cruci-classifier/results/grid_esm35m_e50/fullCP/Green/eval/test_eval_results.csv	0	0.4995022118091583	Ribo_ND_166745	436	437	1	0	full_capsid	Ribo_ND_166745	Ribo_ND_166745|fullCP|Green|record0	0	rna_virus	Green	Green	0.7221024	1	1	False	False	frozen_esm2_35m_head	Blue,Purple,Red,Yellow	Green	moderate_crucivirus_like	True	False	True	rna_virus_scored_crucivirus_like	0.7221024			
fullCP	Green	Ribo_ND_066692	0	0.72209996	1	False	1	False	1	False	/workspace/cruci-classifier/results/grid_esm35m_e50/fullCP/Green/eval/test_eval_results.csv	0	0.4995022118091583	Ribo_ND_066692	452	453	1	0	full_capsid	Ribo_ND_066692	Ribo_ND_066692|fullCP|Green|record0	0	rna_virus	Green	Green	0.72209996	1	1	False	False	frozen_esm2_35m_head	Blue,Purple,Red,Yellow	Green	moderate_crucivirus_like	True	False	True	rna_virus_scored_crucivirus_like	0.72209996			
Sdomain	Green	Cruci_CruV_502	1	0.27791518	0	False	0	False	0	False	/workspace/cruci-classifier/results/grid_esm35m_e50/Sdomain/Green/eval/test_eval_results.csv	0	0.5480888485908508	Cruci_CruV_502	192	192	0	0	S_domain	Cruci_CruV_502	Cruci_CruV_502|Sdomain|Green|record0	1	crucivirus	Green	Green	0.27791518	0	0	False	False	frozen_esm2_35m_head	Blue,Purple,Red,Yellow	Green	moderate_rna_like	True	False	True	crucivirus_scored_rna_like	0.7220848200000001			
Sdomain	Yellow	Ribo_ND_356789	0	0.72194886	1	False	1	False	1	False	/workspace/cruci-classifier/results/grid_esm35m_e50/Sdomain/Yellow/eval/test_eval_results.csv	0	0.5087921023368835	Ribo_ND_356789	177	177	0	0	S_domain	Ribo_ND_356789	Ribo_ND_356789|Sdomain|Yellow|record0	0	rna_virus	Yellow	Yellow	0.72194886	1	1	False	False	frozen_esm2_35m_head	Blue,Green,Purple,Red	Yellow	moderate_crucivirus_like	True	False	True	rna_virus_scored_crucivirus_like	0.72194886			
Sdomain	Yellow	Ribo_ND_089790	0	0.7214507	1	False	1	False	1	False	/workspace/cruci-classifier/results/grid_esm35m_e50/Sdomain/Yellow/eval/test_eval_results.csv	0	0.5087921023368835	Ribo_ND_089790	181	181	0	0	S_domain	Ribo_ND_089790	Ribo_ND_089790|Sdomain|Yellow|record0	0	rna_virus	Yellow	Yellow	0.7214507	1	1	False	False	frozen_esm2_35m_head	Blue,Green,Purple,Red	Yellow	moderate_crucivirus_like	True	False	True	rna_virus_scored_crucivirus_like	0.7214507			
Pdomain	Blue	Cruci_CruV-856	1	0.27859083	0	False	0	False	0	False	/workspace/cruci-classifier/results/grid_esm35m_e50/Pdomain/Blue/eval/test_eval_results.csv	0	0.4954362213611603	Cruci_CruV-856	205	205	0	0	P_domain	Cruci_CruV-856	Cruci_CruV-856|Pdomain|Blue|record0	1	crucivirus	Blue	Blue	0.27859083	0	0	False	False	frozen_esm2_35m_head	Green,Purple,Red,Yellow	Blue	moderate_rna_like	True	False	True	crucivirus_scored_rna_like	0.72140917			
Pdomain	Yellow	Ribo_ND_096072	0	0.72136736	1	False	1	False	1	False	/workspace/cruci-classifier/results/grid_esm35m_e50/Pdomain/Yellow/eval/test_eval_results.csv	0	0.4989717900753021	Ribo_ND_096072	172	172	0	0	P_domain	Ribo_ND_096072	Ribo_ND_096072|Pdomain|Yellow|record0	0	rna_virus	Yellow	Yellow	0.72136736	1	1	False	False	frozen_esm2_35m_head	Blue,Green,Purple,Red	Yellow	moderate_crucivirus_like	True	False	True	rna_virus_scored_crucivirus_like	0.72136736			
Pdomain	Red	Ribo_ND_338848	0	0.72099775	1	False	1	False	1	False	/workspace/cruci-classifier/results/grid_esm35m_e50/Pdomain/Red/eval/test_eval_results.csv	0	0.4583896696567535	Ribo_ND_338848	245	245	0	0	P_domain	Ribo_ND_338848	Ribo_ND_338848|Pdomain|Red|record0	0	rna_virus	Red	Red	0.72099775	1	1	False	False	frozen_esm2_35m_head	Blue,Green,Purple,Yellow	Red	moderate_crucivirus_like	True	False	True	rna_virus_scored_crucivirus_like	0.72099775			
Pdomain	Yellow	Ribo_ND_363507	0	0.72076285	1	False	1	False	1	False	/workspace/cruci-classifier/results/grid_esm35m_e50/Pdomain/Yellow/eval/test_eval_results.csv	0	0.4989717900753021	Ribo_ND_363507	173	173	0	0	P_domain	Ribo_ND_363507	Ribo_ND_363507|Pdomain|Yellow|record0	0	rna_virus	Yellow	Yellow	0.72076285	1	1	False	False	frozen_esm2_35m_head	Blue,Green,Purple,Red	Yellow	moderate_crucivirus_like	True	False	True	rna_virus_scored_crucivirus_like	0.72076285			
fullCP	Red	Ribo_ND_109078	0	0.7204446	1	False	1	False	1	False	/workspace/cruci-classifier/results/grid_esm35m_e50/fullCP/Red/eval/test_eval_results.csv	0	0.4925376772880554	Ribo_ND_109078	476	477	1	0	full_capsid	Ribo_ND_109078	Ribo_ND_109078|fullCP|Red|record0	0	rna_virus	Red	Red	0.7204446	1	1	False	False	frozen_esm2_35m_head	Blue,Green,Purple,Yellow	Red	moderate_crucivirus_like	True	False	True	rna_virus_scored_crucivirus_like	0.7204446			
Pdomain	Yellow	Ribo_ND_085676	0	0.720265	1	False	1	False	1	False	/workspace/cruci-classifier/results/grid_esm35m_e50/Pdomain/Yellow/eval/test_eval_results.csv	0	0.4989717900753021	Ribo_ND_085676	157	157	0	0	P_domain	Ribo_ND_085676	Ribo_ND_085676|Pdomain|Yellow|record0	0	rna_virus	Yellow	Yellow	0.720265	1	1	False	False	frozen_esm2_35m_head	Blue,Green,Purple,Red	Yellow	moderate_crucivirus_like	True	False	True	rna_virus_scored_crucivirus_like	0.720265			
fullCP	Red	Ribo_ND_288221	0	0.7201858	1	False	1	False	1	False	/workspace/cruci-classifier/results/grid_esm35m_e50/fullCP/Red/eval/test_eval_results.csv	0	0.4925376772880554	Ribo_ND_288221	634	635	1	0	full_capsid	Ribo_ND_288221	Ribo_ND_288221|fullCP|Red|record0	0	rna_virus	Red	Red	0.7201858	1	1	False	False	frozen_esm2_35m_head	Blue,Green,Purple,Yellow	Red	moderate_crucivirus_like	True	False	True	rna_virus_scored_crucivirus_like	0.7201858			
Pdomain	Purple	Ribo_ND_045743	0	0.7201168	1	False	1	False	1	False	/workspace/cruci-classifier/results/grid_esm35m_e50/Pdomain/Purple/eval/test_eval_results.csv	0	0.4982953071594238	Ribo_ND_045743	182	182	0	0	P_domain	Ribo_ND_045743	Ribo_ND_045743|Pdomain|Purple|record0	0	rna_virus	Purple	Purple	0.7201168	1	1	False	False	frozen_esm2_35m_head	Blue,Green,Red,Yellow	Purple	moderate_crucivirus_like	True	False	True	rna_virus_scored_crucivirus_like	0.7201168			
Pdomain	Yellow	Ribo_ND_178820	0	0.71989447	1	False	1	False	1	False	/workspace/cruci-classifier/results/grid_esm35m_e50/Pdomain/Yellow/eval/test_eval_results.csv	0	0.4989717900753021	Ribo_ND_178820	158	158	0	0	P_domain	Ribo_ND_178820	Ribo_ND_178820|Pdomain|Yellow|record0	0	rna_virus	Yellow	Yellow	0.71989447	1	1	False	False	frozen_esm2_35m_head	Blue,Green,Purple,Red	Yellow	moderate_crucivirus_like	True	False	True	rna_virus_scored_crucivirus_like	0.71989447			
Sdomain	Purple	Cruci_CruV_418	1	0.28119242	0	False	0	False	0	False	/workspace/cruci-classifier/results/grid_esm35m_e50/Sdomain/Purple/eval/test_eval_results.csv	0	0.5010125041007996	Cruci_CruV_418	180	180	0	0	S_domain	Cruci_CruV_418	Cruci_CruV_418|Sdomain|Purple|record0	1	crucivirus	Purple	Purple	0.28119242	0	0	False	False	frozen_esm2_35m_head	Blue,Green,Red,Yellow	Purple	moderate_rna_like	True	False	True	crucivirus_scored_rna_like	0.71880758			
Sdomain	Yellow	Ribo_ND_025482	0	0.7182831	1	False	1	False	1	False	/workspace/cruci-classifier/results/grid_esm35m_e50/Sdomain/Yellow/eval/test_eval_results.csv	0	0.5087921023368835	Ribo_ND_025482	185	185	0	0	S_domain	Ribo_ND_025482	Ribo_ND_025482|Sdomain|Yellow|record0	0	rna_virus	Yellow	Yellow	0.7182831	1	1	False	False	frozen_esm2_35m_head	Blue,Green,Purple,Red	Yellow	moderate_crucivirus_like	True	False	True	rna_virus_scored_crucivirus_like	0.7182831			
fullCP	Red	Ribo_ND_382439	0	0.7182075	1	False	1	False	1	False	/workspace/cruci-classifier/results/grid_esm35m_e50/fullCP/Red/eval/test_eval_results.csv	0	0.4925376772880554	Ribo_ND_382439	379	380	1	0	full_capsid	Ribo_ND_382439	Ribo_ND_382439|fullCP|Red|record0	0	rna_virus	Red	Red	0.7182075	1	1	False	False	frozen_esm2_35m_head	Blue,Green,Purple,Yellow	Red	moderate_crucivirus_like	True	False	True	rna_virus_scored_crucivirus_like	0.7182075			
Pdomain	Red	Ribo_ND_120998	0	0.7179139	1	False	1	False	1	False	/workspace/cruci-classifier/results/grid_esm35m_e50/Pdomain/Red/eval/test_eval_results.csv	0	0.4583896696567535	Ribo_ND_120998	147	147	0	0	P_domain	Ribo_ND_120998	Ribo_ND_120998|Pdomain|Red|record0	0	rna_virus	Red	Red	0.7179139	1	1	False	False	frozen_esm2_35m_head	Blue,Green,Purple,Yellow	Red	moderate_crucivirus_like	True	False	True	rna_virus_scored_crucivirus_like	0.7179139			
fullCP	Yellow	Ribo_ND_100104	0	0.7177466	1	False	1	False	1	False	/workspace/cruci-classifier/results/grid_esm35m_e50/fullCP/Yellow/eval/test_eval_results.csv	0	0.4986207485198974	Ribo_ND_100104	416	417	1	0	full_capsid	Ribo_ND_100104	Ribo_ND_100104|fullCP|Yellow|record0	0	rna_virus	Yellow	Yellow	0.7177466	1	1	False	False	frozen_esm2_35m_head	Blue,Green,Purple,Red	Yellow	moderate_crucivirus_like	True	False	True	rna_virus_scored_crucivirus_like	0.7177466			
Sdomain	Purple	Ribo_ND_119710	0	0.71719337	1	False	1	False	1	False	/workspace/cruci-classifier/results/grid_esm35m_e50/Sdomain/Purple/eval/test_eval_results.csv	0	0.5010125041007996	Ribo_ND_119710	187	187	0	0	S_domain	Ribo_ND_119710	Ribo_ND_119710|Sdomain|Purple|record0	0	rna_virus	Purple	Purple	0.71719337	1	1	False	False	frozen_esm2_35m_head	Blue,Green,Red,Yellow	Purple	moderate_crucivirus_like	True	False	True	rna_virus_scored_crucivirus_like	0.71719337			
Pdomain	Yellow	Ribo_ND_099810	0	0.71667874	1	False	1	False	1	False	/workspace/cruci-classifier/results/grid_esm35m_e50/Pdomain/Yellow/eval/test_eval_results.csv	0	0.4989717900753021	Ribo_ND_099810	151	151	0	0	P_domain	Ribo_ND_099810	Ribo_ND_099810|Pdomain|Yellow|record0	0	rna_virus	Yellow	Yellow	0.71667874	1	1	False	False	frozen_esm2_35m_head	Blue,Green,Purple,Red	Yellow	moderate_crucivirus_like	True	False	True	rna_virus_scored_crucivirus_like	0.71667874			
Sdomain	Green	Cruci_CruV-946	1	0.28359294	0	False	0	False	0	False	/workspace/cruci-classifier/results/grid_esm35m_e50/Sdomain/Green/eval/test_eval_results.csv	0	0.5480888485908508	Cruci_CruV-946	192	192	0	0	S_domain	Cruci_CruV-946	Cruci_CruV-946|Sdomain|Green|record0	1	crucivirus	Green	Green	0.28359294	0	0	False	False	frozen_esm2_35m_head	Blue,Purple,Red,Yellow	Green	moderate_rna_like	True	False	True	crucivirus_scored_rna_like	0.71640706			
Pdomain	Red	Ribo_ND_043361	0	0.71632946	1	False	1	False	1	False	/workspace/cruci-classifier/results/grid_esm35m_e50/Pdomain/Red/eval/test_eval_results.csv	0	0.4583896696567535	Ribo_ND_043361	191	191	0	0	P_domain	Ribo_ND_043361	Ribo_ND_043361|Pdomain|Red|record0	0	rna_virus	Red	Red	0.71632946	1	1	False	False	frozen_esm2_35m_head	Blue,Green,Purple,Yellow	Red	moderate_crucivirus_like	True	False	True	rna_virus_scored_crucivirus_like	0.71632946			
Pdomain	Blue	Cruci_CruV_235	1	0.28402776	0	False	0	False	0	False	/workspace/cruci-classifier/results/grid_esm35m_e50/Pdomain/Blue/eval/test_eval_results.csv	0	0.4954362213611603	Cruci_CruV_235	201	201	0	0	P_domain	Cruci_CruV_235	Cruci_CruV_235|Pdomain|Blue|record0	1	crucivirus	Blue	Blue	0.28402776	0	0	False	False	frozen_esm2_35m_head	Green,Purple,Red,Yellow	Blue	moderate_rna_like	True	False	True	crucivirus_scored_rna_like	0.7159722399999999			
Sdomain	Blue	Ribo_ND_025434	0	0.71572757	1	False	1	False	1	False	/workspace/cruci-classifier/results/grid_esm35m_e50/Sdomain/Blue/eval/test_eval_results.csv	0	0.3950238227844238	Ribo_ND_025434	178	178	0	0	S_domain	Ribo_ND_025434	Ribo_ND_025434|Sdomain|Blue|record0	0	rna_virus	Blue	Blue	0.71572757	1	1	False	False	frozen_esm2_35m_head	Green,Purple,Red,Yellow	Blue	moderate_crucivirus_like	True	False	True	rna_virus_scored_crucivirus_like	0.71572757			
Pdomain	Blue	Cruci_CruV-740	1	0.28430367	0	False	0	False	0	False	/workspace/cruci-classifier/results/grid_esm35m_e50/Pdomain/Blue/eval/test_eval_results.csv	0	0.4954362213611603	Cruci_CruV-740	282	282	0	0	P_domain	Cruci_CruV-740	Cruci_CruV-740|Pdomain|Blue|record0	1	crucivirus	Blue	Blue	0.28430367	0	0	False	False	frozen_esm2_35m_head	Green,Purple,Red,Yellow	Blue	moderate_rna_like	True	False	True	crucivirus_scored_rna_like	0.71569633			
fullCP	Blue	Ribo_ND_156851	0	0.71546644	1	False	1	False	1	False	/workspace/cruci-classifier/results/grid_esm35m_e50/fullCP/Blue/eval/test_eval_results.csv	0	0.4914703667163849	Ribo_ND_156851	530	531	1	0	full_capsid	Ribo_ND_156851	Ribo_ND_156851|fullCP|Blue|record0	0	rna_virus	Blue	Blue	0.71546644	1	1	False	False	frozen_esm2_35m_head	Green,Purple,Red,Yellow	Blue	moderate_crucivirus_like	True	False	True	rna_virus_scored_crucivirus_like	0.71546644			
Pdomain	Green	Ribo_ND_381553	0	0.7154086	1	False	1	False	1	False	/workspace/cruci-classifier/results/grid_esm35m_e50/Pdomain/Green/eval/test_eval_results.csv	0	0.5002309083938599	Ribo_ND_381553	164	164	0	0	P_domain	Ribo_ND_381553	Ribo_ND_381553|Pdomain|Green|record0	0	rna_virus	Green	Green	0.7154086	1	1	False	False	frozen_esm2_35m_head	Blue,Purple,Red,Yellow	Green	moderate_crucivirus_like	True	False	True	rna_virus_scored_crucivirus_like	0.7154086			
Pdomain	Yellow	Ribo_ND_162910	0	0.7153905	1	False	1	False	1	False	/workspace/cruci-classifier/results/grid_esm35m_e50/Pdomain/Yellow/eval/test_eval_results.csv	0	0.4989717900753021	Ribo_ND_162910	200	200	0	0	P_domain	Ribo_ND_162910	Ribo_ND_162910|Pdomain|Yellow|record0	0	rna_virus	Yellow	Yellow	0.7153905	1	1	False	False	frozen_esm2_35m_head	Blue,Green,Purple,Red	Yellow	moderate_crucivirus_like	True	False	True	rna_virus_scored_crucivirus_like	0.7153905			
Pdomain	Green	Ribo_ND_350470	0	0.71522635	1	False	1	False	1	False	/workspace/cruci-classifier/results/grid_esm35m_e50/Pdomain/Green/eval/test_eval_results.csv	0	0.5002309083938599	Ribo_ND_350470	219	219	0	0	P_domain	Ribo_ND_350470	Ribo_ND_350470|Pdomain|Green|record0	0	rna_virus	Green	Green	0.71522635	1	1	False	False	frozen_esm2_35m_head	Blue,Purple,Red,Yellow	Green	moderate_crucivirus_like	True	False	True	rna_virus_scored_crucivirus_like	0.71522635			
fullCP	Blue	Ribo_ND_249548	0	0.7151676	1	False	1	False	1	False	/workspace/cruci-classifier/results/grid_esm35m_e50/fullCP/Blue/eval/test_eval_results.csv	0	0.4914703667163849	Ribo_ND_249548	659	660	1	0	full_capsid	Ribo_ND_249548	Ribo_ND_249548|fullCP|Blue|record0	0	rna_virus	Blue	Blue	0.7151676	1	1	False	False	frozen_esm2_35m_head	Green,Purple,Red,Yellow	Blue	moderate_crucivirus_like	True	False	True	rna_virus_scored_crucivirus_like	0.7151676			
Sdomain	Blue	Ribo_ND_365515	0	0.7149732	1	False	1	False	1	False	/workspace/cruci-classifier/results/grid_esm35m_e50/Sdomain/Blue/eval/test_eval_results.csv	0	0.3950238227844238	Ribo_ND_365515	179	179	0	0	S_domain	Ribo_ND_365515	Ribo_ND_365515|Sdomain|Blue|record0	0	rna_virus	Blue	Blue	0.7149732	1	1	False	False	frozen_esm2_35m_head	Green,Purple,Red,Yellow	Blue	moderate_crucivirus_like	True	False	True	rna_virus_scored_crucivirus_like	0.7149732			
Sdomain	Yellow	Ribo_JAAOEH010002346.1	0	0.71470916	1	False	1	False	1	False	/workspace/cruci-classifier/results/grid_esm35m_e50/Sdomain/Yellow/eval/test_eval_results.csv	0	0.5087921023368835	Ribo_JAAOEH010002346.1	182	182	0	0	S_domain	Ribo_JAAOEH010002346.1	Ribo_JAAOEH010002346.1|Sdomain|Yellow|record0	0	rna_virus	Yellow	Yellow	0.71470916	1	1	False	False	frozen_esm2_35m_head	Blue,Green,Purple,Red	Yellow	moderate_crucivirus_like	True	False	True	rna_virus_scored_crucivirus_like	0.71470916			
fullCP	Red	Ribo_ND_105296	0	0.7145192	1	False	1	False	1	False	/workspace/cruci-classifier/results/grid_esm35m_e50/fullCP/Red/eval/test_eval_results.csv	0	0.4925376772880554	Ribo_ND_105296	483	484	1	0	full_capsid	Ribo_ND_105296	Ribo_ND_105296|fullCP|Red|record0	0	rna_virus	Red	Red	0.7145192	1	1	False	False	frozen_esm2_35m_head	Blue,Green,Purple,Yellow	Red	moderate_crucivirus_like	True	False	True	rna_virus_scored_crucivirus_like	0.7145192			
Sdomain	Yellow	Ribo_ND_221761	0	0.7143433	1	False	1	False	1	False	/workspace/cruci-classifier/results/grid_esm35m_e50/Sdomain/Yellow/eval/test_eval_results.csv	0	0.5087921023368835	Ribo_ND_221761	180	180	0	0	S_domain	Ribo_ND_221761	Ribo_ND_221761|Sdomain|Yellow|record0	0	rna_virus	Yellow	Yellow	0.7143433	1	1	False	False	frozen_esm2_35m_head	Blue,Green,Purple,Red	Yellow	moderate_crucivirus_like	True	False	True	rna_virus_scored_crucivirus_like	0.7143433			
Pdomain	Blue	Ribo_ND_029689	0	0.71379465	1	False	1	False	1	False	/workspace/cruci-classifier/results/grid_esm35m_e50/Pdomain/Blue/eval/test_eval_results.csv	0	0.4954362213611603	Ribo_ND_029689	146	146	0	0	P_domain	Ribo_ND_029689	Ribo_ND_029689|Pdomain|Blue|record0	0	rna_virus	Blue	Blue	0.71379465	1	1	False	False	frozen_esm2_35m_head	Green,Purple,Red,Yellow	Blue	moderate_crucivirus_like	True	False	True	rna_virus_scored_crucivirus_like	0.71379465			
Pdomain	Blue	Cruci_CruV-672	1	0.2863506	0	False	0	False	0	False	/workspace/cruci-classifier/results/grid_esm35m_e50/Pdomain/Blue/eval/test_eval_results.csv	0	0.4954362213611603	Cruci_CruV-672	145	145	0	0	P_domain	Cruci_CruV-672	Cruci_CruV-672|Pdomain|Blue|record0	1	crucivirus	Blue	Blue	0.2863506	0	0	False	False	frozen_esm2_35m_head	Green,Purple,Red,Yellow	Blue	moderate_rna_like	True	False	True	crucivirus_scored_rna_like	0.7136494			
Sdomain	Yellow	Ribo_JAAOEH010002410.1	0	0.71334845	1	False	1	False	1	False	/workspace/cruci-classifier/results/grid_esm35m_e50/Sdomain/Yellow/eval/test_eval_results.csv	0	0.5087921023368835	Ribo_JAAOEH010002410.1	185	185	0	0	S_domain	Ribo_JAAOEH010002410.1	Ribo_JAAOEH010002410.1|Sdomain|Yellow|record0	0	rna_virus	Yellow	Yellow	0.71334845	1	1	False	False	frozen_esm2_35m_head	Blue,Green,Purple,Red	Yellow	moderate_crucivirus_like	True	False	True	rna_virus_scored_crucivirus_like	0.71334845			
fullCP	Green	Cruci_CruV_532	1	0.2866819	0	False	0	False	0	False	/workspace/cruci-classifier/results/grid_esm35m_e50/fullCP/Green/eval/test_eval_results.csv	0	0.4995022118091583	Cruci_CruV_532	555	556	1	0	full_capsid	Cruci_CruV_532	Cruci_CruV_532|fullCP|Green|record0	1	crucivirus	Green	Green	0.2866819	0	0	False	False	frozen_esm2_35m_head	Blue,Purple,Red,Yellow	Green	moderate_rna_like	True	False	True	crucivirus_scored_rna_like	0.7133181			
Pdomain	Green	Cruci_CruV-969	1	0.28682646	0	False	0	False	0	False	/workspace/cruci-classifier/results/grid_esm35m_e50/Pdomain/Green/eval/test_eval_results.csv	0	0.5002309083938599	Cruci_CruV-969	218	218	0	0	P_domain	Cruci_CruV-969	Cruci_CruV-969|Pdomain|Green|record0	1	crucivirus	Green	Green	0.28682646	0	0	False	False	frozen_esm2_35m_head	Blue,Purple,Red,Yellow	Green	moderate_rna_like	True	False	True	crucivirus_scored_rna_like	0.71317354			
Pdomain	Green	Ribo_ND_350465	0	0.7129437	1	False	1	False	1	False	/workspace/cruci-classifier/results/grid_esm35m_e50/Pdomain/Green/eval/test_eval_results.csv	0	0.5002309083938599	Ribo_ND_350465	288	288	0	0	P_domain	Ribo_ND_350465	Ribo_ND_350465|Pdomain|Green|record0	0	rna_virus	Green	Green	0.7129437	1	1	False	False	frozen_esm2_35m_head	Blue,Purple,Red,Yellow	Green	moderate_crucivirus_like	True	False	True	rna_virus_scored_crucivirus_like	0.7129437			
fullCP	Purple	Ribo_ND_182235	0	0.7129256	1	False	1	False	1	False	/workspace/cruci-classifier/results/grid_esm35m_e50/fullCP/Purple/eval/test_eval_results.csv	0	0.4988135993480682	Ribo_ND_182235	495	496	1	0	full_capsid	Ribo_ND_182235	Ribo_ND_182235|fullCP|Purple|record0	0	rna_virus	Purple	Purple	0.7129256	1	1	False	False	frozen_esm2_35m_head	Blue,Green,Red,Yellow	Purple	moderate_crucivirus_like	True	False	True	rna_virus_scored_crucivirus_like	0.7129256			
fullCP	Green	Cruci_CruV-937	1	0.2872704	0	False	0	False	0	False	/workspace/cruci-classifier/results/grid_esm35m_e50/fullCP/Green/eval/test_eval_results.csv	0	0.4995022118091583	Cruci_CruV-937	431	431	0	0	full_capsid	Cruci_CruV-937	Cruci_CruV-937|fullCP|Green|record0	1	crucivirus	Green	Green	0.2872704	0	0	False	False	frozen_esm2_35m_head	Blue,Purple,Red,Yellow	Green	moderate_rna_like	True	False	True	crucivirus_scored_rna_like	0.7127296000000001			
fullCP	Green	Cruci_CruV_464	1	0.28756672	0	False	0	False	0	False	/workspace/cruci-classifier/results/grid_esm35m_e50/fullCP/Green/eval/test_eval_results.csv	0	0.4995022118091583	Cruci_CruV_464	334	335	1	0	full_capsid	Cruci_CruV_464	Cruci_CruV_464|fullCP|Green|record0	1	crucivirus	Green	Green	0.28756672	0	0	False	False	frozen_esm2_35m_head	Blue,Purple,Red,Yellow	Green	moderate_rna_like	True	False	True	crucivirus_scored_rna_like	0.71243328			
Sdomain	Yellow	Ribo_ND_329968	0	0.71187556	1	False	1	False	1	False	/workspace/cruci-classifier/results/grid_esm35m_e50/Sdomain/Yellow/eval/test_eval_results.csv	0	0.5087921023368835	Ribo_ND_329968	177	177	0	0	S_domain	Ribo_ND_329968	Ribo_ND_329968|Sdomain|Yellow|record0	0	rna_virus	Yellow	Yellow	0.71187556	1	1	False	False	frozen_esm2_35m_head	Blue,Green,Purple,Red	Yellow	moderate_crucivirus_like	True	False	True	rna_virus_scored_crucivirus_like	0.71187556			
Rdomain	Yellow	Ribo_ND_288149	0	0.71169114	1	False	1	False	1	False	/workspace/cruci-classifier/results/grid_esm35m_e50/Rdomain/Yellow/eval/test_eval_results.csv	0	0.471052885055542	Ribo_ND_288149	101	101	0	0	R_domain	Ribo_ND_288149	Ribo_ND_288149|Rdomain|Yellow|record0	0	rna_virus	Yellow	Yellow	0.71169114	1	1	False	False	frozen_esm2_35m_head	Blue,Green,Purple,Red	Yellow	moderate_crucivirus_like	True	False	True	rna_virus_scored_crucivirus_like	0.71169114			
fullCP	Green	Cruci_CruV_501	1	0.28856894	0	False	0	False	0	False	/workspace/cruci-classifier/results/grid_esm35m_e50/fullCP/Green/eval/test_eval_results.csv	0	0.4995022118091583	Cruci_CruV_501	383	384	1	0	full_capsid	Cruci_CruV_501	Cruci_CruV_501|fullCP|Green|record0	1	crucivirus	Green	Green	0.28856894	0	0	False	False	frozen_esm2_35m_head	Blue,Purple,Red,Yellow	Green	moderate_rna_like	True	False	True	crucivirus_scored_rna_like	0.71143106			
fullCP	Green	Cruci_CruV_509	1	0.28856894	0	False	0	False	0	False	/workspace/cruci-classifier/results/grid_esm35m_e50/fullCP/Green/eval/test_eval_results.csv	0	0.4995022118091583	Cruci_CruV_509	383	384	1	0	full_capsid	Cruci_CruV_509	Cruci_CruV_509|fullCP|Green|record0	1	crucivirus	Green	Green	0.28856894	0	0	False	False	frozen_esm2_35m_head	Blue,Purple,Red,Yellow	Green	moderate_rna_like	True	False	True	crucivirus_scored_rna_like	0.71143106			
Sdomain	Blue	Cruci_CruV_485	1	0.28947046	0	False	0	False	0	False	/workspace/cruci-classifier/results/grid_esm35m_e50/Sdomain/Blue/eval/test_eval_results.csv	0	0.3950238227844238	Cruci_CruV_485	182	182	0	0	S_domain	Cruci_CruV_485	Cruci_CruV_485|Sdomain|Blue|record0	1	crucivirus	Blue	Blue	0.28947046	0	0	False	False	frozen_esm2_35m_head	Green,Purple,Red,Yellow	Blue	moderate_rna_like	True	False	True	crucivirus_scored_rna_like	0.71052954			
Rdomain	Green	Cruci_CruV_385	1	0.28953266	0	False	0	False	0	False	/workspace/cruci-classifier/results/grid_esm35m_e50/Rdomain/Green/eval/test_eval_results.csv	0	0.5166996717453003	Cruci_CruV_385	61	61	0	0	R_domain	Cruci_CruV_385	Cruci_CruV_385|Rdomain|Green|record0	1	crucivirus	Green	Green	0.28953266	0	0	False	False	frozen_esm2_35m_head	Blue,Purple,Red,Yellow	Green	moderate_rna_like	True	False	True	crucivirus_scored_rna_like	0.71046734			
Pdomain	Blue	Cruci_CruV-675	1	0.28957593	0	False	0	False	0	False	/workspace/cruci-classifier/results/grid_esm35m_e50/Pdomain/Blue/eval/test_eval_results.csv	0	0.4954362213611603	Cruci_CruV-675	166	166	0	0	P_domain	Cruci_CruV-675	Cruci_CruV-675|Pdomain|Blue|record0	1	crucivirus	Blue	Blue	0.28957593	0	0	False	False	frozen_esm2_35m_head	Green,Purple,Red,Yellow	Blue	moderate_rna_like	True	False	True	crucivirus_scored_rna_like	0.71042407			
Rdomain	Green	Ribo_ND_024746	0	0.7097539	1	False	1	False	1	False	/workspace/cruci-classifier/results/grid_esm35m_e50/Rdomain/Green/eval/test_eval_results.csv	0	0.5166996717453003	Ribo_ND_024746	7	7	0	0	R_domain	Ribo_ND_024746	Ribo_ND_024746|Rdomain|Green|record0	0	rna_virus	Green	Green	0.7097539	1	1	False	False	frozen_esm2_35m_head	Blue,Purple,Red,Yellow	Green	moderate_crucivirus_like	True	False	True	rna_virus_scored_crucivirus_like	0.7097539			
Rdomain	Green	Ribo_ND_087862	0	0.7097539	1	False	1	False	1	False	/workspace/cruci-classifier/results/grid_esm35m_e50/Rdomain/Green/eval/test_eval_results.csv	0	0.5166996717453003	Ribo_ND_087862	7	7	0	0	R_domain	Ribo_ND_087862	Ribo_ND_087862|Rdomain|Green|record0	0	rna_virus	Green	Green	0.7097539	1	1	False	False	frozen_esm2_35m_head	Blue,Purple,Red,Yellow	Green	moderate_crucivirus_like	True	False	True	rna_virus_scored_crucivirus_like	0.7097539			
Sdomain	Green	Cruci_CruV_466	1	0.2909859	0	False	0	False	0	False	/workspace/cruci-classifier/results/grid_esm35m_e50/Sdomain/Green/eval/test_eval_results.csv	0	0.5480888485908508	Cruci_CruV_466	175	175	0	0	S_domain	Cruci_CruV_466	Cruci_CruV_466|Sdomain|Green|record0	1	crucivirus	Green	Green	0.2909859	0	0	False	False	frozen_esm2_35m_head	Blue,Purple,Red,Yellow	Green	moderate_rna_like	True	False	True	crucivirus_scored_rna_like	0.7090141			
Rdomain	Blue	Ribo_ND_249548	0	0.708823	1	False	1	False	1	False	/workspace/cruci-classifier/results/grid_esm35m_e50/Rdomain/Blue/eval/test_eval_results.csv	0	0.4960196018218994	Ribo_ND_249548	215	215	0	0	R_domain	Ribo_ND_249548	Ribo_ND_249548|Rdomain|Blue|record0	0	rna_virus	Blue	Blue	0.708823	1	1	False	False	frozen_esm2_35m_head	Green,Purple,Red,Yellow	Blue	moderate_crucivirus_like	True	False	True	rna_virus_scored_crucivirus_like	0.708823			
fullCP	Green	Ribo_ND_054423	0	0.708361	1	False	1	False	1	False	/workspace/cruci-classifier/results/grid_esm35m_e50/fullCP/Green/eval/test_eval_results.csv	0	0.4995022118091583	Ribo_ND_054423	435	436	1	0	full_capsid	Ribo_ND_054423	Ribo_ND_054423|fullCP|Green|record0	0	rna_virus	Green	Green	0.708361	1	1	False	False	frozen_esm2_35m_head	Blue,Purple,Red,Yellow	Green	moderate_crucivirus_like	True	False	True	rna_virus_scored_crucivirus_like	0.708361			
Pdomain	Yellow	Ribo_ND_176763	0	0.708064	1	False	1	False	1	False	/workspace/cruci-classifier/results/grid_esm35m_e50/Pdomain/Yellow/eval/test_eval_results.csv	0	0.4989717900753021	Ribo_ND_176763	97	97	0	0	P_domain	Ribo_ND_176763	Ribo_ND_176763|Pdomain|Yellow|record0	0	rna_virus	Yellow	Yellow	0.708064	1	1	False	False	frozen_esm2_35m_head	Blue,Green,Purple,Red	Yellow	moderate_crucivirus_like	True	False	True	rna_virus_scored_crucivirus_like	0.708064			
Sdomain	Yellow	Ribo_ND_249715	0	0.708021	1	False	1	False	1	False	/workspace/cruci-classifier/results/grid_esm35m_e50/Sdomain/Yellow/eval/test_eval_results.csv	0	0.5087921023368835	Ribo_ND_249715	183	183	0	0	S_domain	Ribo_ND_249715	Ribo_ND_249715|Sdomain|Yellow|record0	0	rna_virus	Yellow	Yellow	0.708021	1	1	False	False	frozen_esm2_35m_head	Blue,Green,Purple,Red	Yellow	moderate_crucivirus_like	True	False	True	rna_virus_scored_crucivirus_like	0.708021			
Rdomain	Yellow	Cruci_CruV-900	1	0.29209882	0	False	0	False	0	False	/workspace/cruci-classifier/results/grid_esm35m_e50/Rdomain/Yellow/eval/test_eval_results.csv	0	0.471052885055542	Cruci_CruV-900	33	33	0	0	R_domain	Cruci_CruV-900	Cruci_CruV-900|Rdomain|Yellow|record0	1	crucivirus	Yellow	Yellow	0.29209882	0	0	False	False	frozen_esm2_35m_head	Blue,Green,Purple,Red	Yellow	moderate_rna_like	True	False	True	crucivirus_scored_rna_like	0.70790118			
Pdomain	Blue	Cruci_CruV-720	1	0.29221168	0	False	0	False	0	False	/workspace/cruci-classifier/results/grid_esm35m_e50/Pdomain/Blue/eval/test_eval_results.csv	0	0.4954362213611603	Cruci_CruV-720	209	209	0	0	P_domain	Cruci_CruV-720	Cruci_CruV-720|Pdomain|Blue|record0	1	crucivirus	Blue	Blue	0.29221168	0	0	False	False	frozen_esm2_35m_head	Green,Purple,Red,Yellow	Blue	moderate_rna_like	True	False	True	crucivirus_scored_rna_like	0.70778832			
Pdomain	Yellow	Ribo_ND_145825	0	0.7077238	1	False	1	False	1	False	/workspace/cruci-classifier/results/grid_esm35m_e50/Pdomain/Yellow/eval/test_eval_results.csv	0	0.4989717900753021	Ribo_ND_145825	146	146	0	0	P_domain	Ribo_ND_145825	Ribo_ND_145825|Pdomain|Yellow|record0	0	rna_virus	Yellow	Yellow	0.7077238	1	1	False	False	frozen_esm2_35m_head	Blue,Green,Purple,Red	Yellow	moderate_crucivirus_like	True	False	True	rna_virus_scored_crucivirus_like	0.7077238			
Pdomain	Yellow	Cruci_CruV_83	1	0.29234073	0	False	0	False	0	False	/workspace/cruci-classifier/results/grid_esm35m_e50/Pdomain/Yellow/eval/test_eval_results.csv	0	0.4989717900753021	Cruci_CruV_83	150	150	0	0	P_domain	Cruci_CruV_83	Cruci_CruV_83|Pdomain|Yellow|record0	1	crucivirus	Yellow	Yellow	0.29234073	0	0	False	False	frozen_esm2_35m_head	Blue,Green,Purple,Red	Yellow	moderate_rna_like	True	False	True	crucivirus_scored_rna_like	0.70765927			
Pdomain	Yellow	Cruci_CruV_84	1	0.29234073	0	False	0	False	0	False	/workspace/cruci-classifier/results/grid_esm35m_e50/Pdomain/Yellow/eval/test_eval_results.csv	0	0.4989717900753021	Cruci_CruV_84	150	150	0	0	P_domain	Cruci_CruV_84	Cruci_CruV_84|Pdomain|Yellow|record0	1	crucivirus	Yellow	Yellow	0.29234073	0	0	False	False	frozen_esm2_35m_head	Blue,Green,Purple,Red	Yellow	moderate_rna_like	True	False	True	crucivirus_scored_rna_like	0.70765927			
Rdomain	Blue	Ribo_ND_305901	0	0.70743424	1	False	1	False	1	False	/workspace/cruci-classifier/results/grid_esm35m_e50/Rdomain/Blue/eval/test_eval_results.csv	0	0.4960196018218994	Ribo_ND_305901	91	91	0	0	R_domain	Ribo_ND_305901	Ribo_ND_305901|Rdomain|Blue|record0	0	rna_virus	Blue	Blue	0.70743424	1	1	False	False	frozen_esm2_35m_head	Green,Purple,Red,Yellow	Blue	moderate_crucivirus_like	True	False	True	rna_virus_scored_crucivirus_like	0.70743424			
Sdomain	Blue	Ribo_ND_030308	0	0.7070457	1	False	1	False	1	False	/workspace/cruci-classifier/results/grid_esm35m_e50/Sdomain/Blue/eval/test_eval_results.csv	0	0.3950238227844238	Ribo_ND_030308	182	182	0	0	S_domain	Ribo_ND_030308	Ribo_ND_030308|Sdomain|Blue|record0	0	rna_virus	Blue	Blue	0.7070457	1	1	False	False	frozen_esm2_35m_head	Green,Purple,Red,Yellow	Blue	moderate_crucivirus_like	True	False	True	rna_virus_scored_crucivirus_like	0.7070457			
Sdomain	Blue	Ribo_ND_386266	0	0.7070374	1	False	1	False	1	False	/workspace/cruci-classifier/results/grid_esm35m_e50/Sdomain/Blue/eval/test_eval_results.csv	0	0.3950238227844238	Ribo_ND_386266	182	182	0	0	S_domain	Ribo_ND_386266	Ribo_ND_386266|Sdomain|Blue|record0	0	rna_virus	Blue	Blue	0.7070374	1	1	False	False	frozen_esm2_35m_head	Green,Purple,Red,Yellow	Blue	moderate_crucivirus_like	True	False	True	rna_virus_scored_crucivirus_like	0.7070374			
Sdomain	Yellow	Ribo_ND_097599	0	0.70687425	1	False	1	False	1	False	/workspace/cruci-classifier/results/grid_esm35m_e50/Sdomain/Yellow/eval/test_eval_results.csv	0	0.5087921023368835	Ribo_ND_097599	183	183	0	0	S_domain	Ribo_ND_097599	Ribo_ND_097599|Sdomain|Yellow|record0	0	rna_virus	Yellow	Yellow	0.70687425	1	1	False	False	frozen_esm2_35m_head	Blue,Green,Purple,Red	Yellow	moderate_crucivirus_like	True	False	True	rna_virus_scored_crucivirus_like	0.70687425			
Sdomain	Yellow	Cruci_CruV_204	1	0.29324752	0	False	0	False	0	False	/workspace/cruci-classifier/results/grid_esm35m_e50/Sdomain/Yellow/eval/test_eval_results.csv	0	0.5087921023368835	Cruci_CruV_204	169	169	0	0	S_domain	Cruci_CruV_204	Cruci_CruV_204|Sdomain|Yellow|record0	1	crucivirus	Yellow	Yellow	0.29324752	0	0	False	False	frozen_esm2_35m_head	Blue,Green,Purple,Red	Yellow	moderate_rna_like	True	False	True	crucivirus_scored_rna_like	0.70675248			
Rdomain	Yellow	Ribo_ND_028071	0	0.7067106	1	False	1	False	1	False	/workspace/cruci-classifier/results/grid_esm35m_e50/Rdomain/Yellow/eval/test_eval_results.csv	0	0.471052885055542	Ribo_ND_028071	91	91	0	0	R_domain	Ribo_ND_028071	Ribo_ND_028071|Rdomain|Yellow|record0	0	rna_virus	Yellow	Yellow	0.7067106	1	1	False	False	frozen_esm2_35m_head	Blue,Green,Purple,Red	Yellow	moderate_crucivirus_like	True	False	True	rna_virus_scored_crucivirus_like	0.7067106			
Pdomain	Green	Ribo_ND_387994	0	0.7066255	1	False	1	False	1	False	/workspace/cruci-classifier/results/grid_esm35m_e50/Pdomain/Green/eval/test_eval_results.csv	0	0.5002309083938599	Ribo_ND_387994	195	195	0	0	P_domain	Ribo_ND_387994	Ribo_ND_387994|Pdomain|Green|record0	0	rna_virus	Green	Green	0.7066255	1	1	False	False	frozen_esm2_35m_head	Blue,Purple,Red,Yellow	Green	moderate_crucivirus_like	True	False	True	rna_virus_scored_crucivirus_like	0.7066255			
Sdomain	Yellow	Ribo_ND_046952	0	0.7065233	1	False	1	False	1	False	/workspace/cruci-classifier/results/grid_esm35m_e50/Sdomain/Yellow/eval/test_eval_results.csv	0	0.5087921023368835	Ribo_ND_046952	182	182	0	0	S_domain	Ribo_ND_046952	Ribo_ND_046952|Sdomain|Yellow|record0	0	rna_virus	Yellow	Yellow	0.7065233	1	1	False	False	frozen_esm2_35m_head	Blue,Green,Purple,Red	Yellow	moderate_crucivirus_like	True	False	True	rna_virus_scored_crucivirus_like	0.7065233			
Rdomain	Yellow	Ribo_ND_159193	0	0.7065111	1	False	1	False	1	False	/workspace/cruci-classifier/results/grid_esm35m_e50/Rdomain/Yellow/eval/test_eval_results.csv	0	0.471052885055542	Ribo_ND_159193	115	115	0	0	R_domain	Ribo_ND_159193	Ribo_ND_159193|Rdomain|Yellow|record0	0	rna_virus	Yellow	Yellow	0.7065111	1	1	False	False	frozen_esm2_35m_head	Blue,Green,Purple,Red	Yellow	moderate_crucivirus_like	True	False	True	rna_virus_scored_crucivirus_like	0.7065111			
Pdomain	Purple	Cruci_CruV-757	1	0.2934944	0	False	0	False	0	False	/workspace/cruci-classifier/results/grid_esm35m_e50/Pdomain/Purple/eval/test_eval_results.csv	0	0.4982953071594238	Cruci_CruV-757	151	151	0	0	P_domain	Cruci_CruV-757	Cruci_CruV-757|Pdomain|Purple|record0	1	crucivirus	Purple	Purple	0.2934944	0	0	False	False	frozen_esm2_35m_head	Blue,Green,Red,Yellow	Purple	moderate_rna_like	True	False	True	crucivirus_scored_rna_like	0.7065056000000001			
fullCP	Purple	Cruci_CruV_391	1	0.29353604	0	False	0	False	0	False	/workspace/cruci-classifier/results/grid_esm35m_e50/fullCP/Purple/eval/test_eval_results.csv	0	0.4988135993480682	Cruci_CruV_391	542	543	1	0	full_capsid	Cruci_CruV_391	Cruci_CruV_391|fullCP|Purple|record0	1	crucivirus	Purple	Purple	0.29353604	0	0	False	False	frozen_esm2_35m_head	Blue,Green,Red,Yellow	Purple	moderate_rna_like	True	False	True	crucivirus_scored_rna_like	0.70646396			
fullCP	Green	Ribo_ND_249733	0	0.70645297	1	False	1	False	1	False	/workspace/cruci-classifier/results/grid_esm35m_e50/fullCP/Green/eval/test_eval_results.csv	0	0.4995022118091583	Ribo_ND_249733	531	532	1	0	full_capsid	Ribo_ND_249733	Ribo_ND_249733|fullCP|Green|record0	0	rna_virus	Green	Green	0.70645297	1	1	False	False	frozen_esm2_35m_head	Blue,Purple,Red,Yellow	Green	moderate_crucivirus_like	True	False	True	rna_virus_scored_crucivirus_like	0.70645297			
Rdomain	Yellow	Cruci_CruV-822	1	0.29362077	0	False	0	False	0	False	/workspace/cruci-classifier/results/grid_esm35m_e50/Rdomain/Yellow/eval/test_eval_results.csv	0	0.471052885055542	Cruci_CruV-822	73	73	0	0	R_domain	Cruci_CruV-822	Cruci_CruV-822|Rdomain|Yellow|record0	1	crucivirus	Yellow	Yellow	0.29362077	0	0	False	False	frozen_esm2_35m_head	Blue,Green,Purple,Red	Yellow	moderate_rna_like	True	False	True	crucivirus_scored_rna_like	0.70637923			
fullCP	Yellow	Ribo_ND_282773	0	0.70614684	1	False	1	False	1	False	/workspace/cruci-classifier/results/grid_esm35m_e50/fullCP/Yellow/eval/test_eval_results.csv	0	0.4986207485198974	Ribo_ND_282773	423	424	1	0	full_capsid	Ribo_ND_282773	Ribo_ND_282773|fullCP|Yellow|record0	0	rna_virus	Yellow	Yellow	0.70614684	1	1	False	False	frozen_esm2_35m_head	Blue,Green,Purple,Red	Yellow	moderate_crucivirus_like	True	False	True	rna_virus_scored_crucivirus_like	0.70614684			
Sdomain	Yellow	Ribo_ND_025139	0	0.7058853	1	False	1	False	1	False	/workspace/cruci-classifier/results/grid_esm35m_e50/Sdomain/Yellow/eval/test_eval_results.csv	0	0.5087921023368835	Ribo_ND_025139	182	182	0	0	S_domain	Ribo_ND_025139	Ribo_ND_025139|Sdomain|Yellow|record0	0	rna_virus	Yellow	Yellow	0.7058853	1	1	False	False	frozen_esm2_35m_head	Blue,Green,Purple,Red	Yellow	moderate_crucivirus_like	True	False	True	rna_virus_scored_crucivirus_like	0.7058853			
fullCP	Red	Ribo_ND_082351	0	0.70566237	1	False	1	False	1	False	/workspace/cruci-classifier/results/grid_esm35m_e50/fullCP/Red/eval/test_eval_results.csv	0	0.4925376772880554	Ribo_ND_082351	479	480	1	0	full_capsid	Ribo_ND_082351	Ribo_ND_082351|fullCP|Red|record0	0	rna_virus	Red	Red	0.70566237	1	1	False	False	frozen_esm2_35m_head	Blue,Green,Purple,Yellow	Red	moderate_crucivirus_like	True	False	True	rna_virus_scored_crucivirus_like	0.70566237			
fullCP	Yellow	Ribo_ND_335728	0	0.705115	1	False	1	False	1	False	/workspace/cruci-classifier/results/grid_esm35m_e50/fullCP/Yellow/eval/test_eval_results.csv	0	0.4986207485198974	Ribo_ND_335728	488	489	1	0	full_capsid	Ribo_ND_335728	Ribo_ND_335728|fullCP|Yellow|record0	0	rna_virus	Yellow	Yellow	0.705115	1	1	False	False	frozen_esm2_35m_head	Blue,Green,Purple,Red	Yellow	moderate_crucivirus_like	True	False	True	rna_virus_scored_crucivirus_like	0.705115			
Sdomain	Yellow	Ribo_NC_032586	0	0.7048064	1	False	1	False	1	False	/workspace/cruci-classifier/results/grid_esm35m_e50/Sdomain/Yellow/eval/test_eval_results.csv	0	0.5087921023368835	Ribo_NC_032586	188	188	0	0	S_domain	Ribo_NC_032586	Ribo_NC_032586|Sdomain|Yellow|record0	0	rna_virus	Yellow	Yellow	0.7048064	1	1	False	False	frozen_esm2_35m_head	Blue,Green,Purple,Red	Yellow	moderate_crucivirus_like	True	False	True	rna_virus_scored_crucivirus_like	0.7048064			
Sdomain	Purple	Ribo_ND_095194	0	0.70462495	1	False	1	False	1	False	/workspace/cruci-classifier/results/grid_esm35m_e50/Sdomain/Purple/eval/test_eval_results.csv	0	0.5010125041007996	Ribo_ND_095194	189	189	0	0	S_domain	Ribo_ND_095194	Ribo_ND_095194|Sdomain|Purple|record0	0	rna_virus	Purple	Purple	0.70462495	1	1	False	False	frozen_esm2_35m_head	Blue,Green,Red,Yellow	Purple	moderate_crucivirus_like	True	False	True	rna_virus_scored_crucivirus_like	0.70462495			
fullCP	Yellow	Cruci_CruV_269	1	0.2958369	0	False	0	False	0	False	/workspace/cruci-classifier/results/grid_esm35m_e50/fullCP/Yellow/eval/test_eval_results.csv	0	0.4986207485198974	Cruci_CruV_269	463	464	1	0	full_capsid	Cruci_CruV_269	Cruci_CruV_269|fullCP|Yellow|record0	1	crucivirus	Yellow	Yellow	0.2958369	0	0	False	False	frozen_esm2_35m_head	Blue,Green,Purple,Red	Yellow	moderate_rna_like	True	False	True	crucivirus_scored_rna_like	0.7041630999999999			
Sdomain	Red	Ribo_ND_087424	0	0.7040829	1	False	1	False	1	False	/workspace/cruci-classifier/results/grid_esm35m_e50/Sdomain/Red/eval/test_eval_results.csv	0	0.4007981121540069	Ribo_ND_087424	173	173	0	0	S_domain	Ribo_ND_087424	Ribo_ND_087424|Sdomain|Red|record0	0	rna_virus	Red	Red	0.7040829	1	1	False	False	frozen_esm2_35m_head	Blue,Green,Purple,Yellow	Red	moderate_crucivirus_like	True	False	True	rna_virus_scored_crucivirus_like	0.7040829			
Sdomain	Green	Cruci_CruV_515	1	0.29598102	0	False	0	False	0	False	/workspace/cruci-classifier/results/grid_esm35m_e50/Sdomain/Green/eval/test_eval_results.csv	0	0.5480888485908508	Cruci_CruV_515	186	186	0	0	S_domain	Cruci_CruV_515	Cruci_CruV_515|Sdomain|Green|record0	1	crucivirus	Green	Green	0.29598102	0	0	False	False	frozen_esm2_35m_head	Blue,Purple,Red,Yellow	Green	moderate_rna_like	True	False	True	crucivirus_scored_rna_like	0.7040189800000001			
fullCP	Purple	Cruci_CruV-746	1	0.29613203	0	False	0	False	0	False	/workspace/cruci-classifier/results/grid_esm35m_e50/fullCP/Purple/eval/test_eval_results.csv	0	0.4988135993480682	Cruci_CruV-746	503	503	0	0	full_capsid	Cruci_CruV-746	Cruci_CruV-746|fullCP|Purple|record0	1	crucivirus	Purple	Purple	0.29613203	0	0	False	False	frozen_esm2_35m_head	Blue,Green,Red,Yellow	Purple	moderate_rna_like	True	False	True	crucivirus_scored_rna_like	0.70386797			
Pdomain	Purple	Cruci_CruV-703	1	0.2962696	0	False	0	False	0	False	/workspace/cruci-classifier/results/grid_esm35m_e50/Pdomain/Purple/eval/test_eval_results.csv	0	0.4982953071594238	Cruci_CruV-703	155	155	0	0	P_domain	Cruci_CruV-703	Cruci_CruV-703|Pdomain|Purple|record0	1	crucivirus	Purple	Purple	0.2962696	0	0	False	False	frozen_esm2_35m_head	Blue,Green,Red,Yellow	Purple	moderate_rna_like	True	False	True	crucivirus_scored_rna_like	0.7037304			
Sdomain	Yellow	Ribo_ND_061627	0	0.7035783	1	False	1	False	1	False	/workspace/cruci-classifier/results/grid_esm35m_e50/Sdomain/Yellow/eval/test_eval_results.csv	0	0.5087921023368835	Ribo_ND_061627	183	183	0	0	S_domain	Ribo_ND_061627	Ribo_ND_061627|Sdomain|Yellow|record0	0	rna_virus	Yellow	Yellow	0.7035783	1	1	False	False	frozen_esm2_35m_head	Blue,Green,Purple,Red	Yellow	moderate_crucivirus_like	True	False	True	rna_virus_scored_crucivirus_like	0.7035783			
Rdomain	Purple	Ribo_ND_122116	0	0.70350456	1	False	1	False	1	False	/workspace/cruci-classifier/results/grid_esm35m_e50/Rdomain/Purple/eval/test_eval_results.csv	0	0.5012195110321045	Ribo_ND_122116	91	91	0	0	R_domain	Ribo_ND_122116	Ribo_ND_122116|Rdomain|Purple|record0	0	rna_virus	Purple	Purple	0.70350456	1	1	False	False	frozen_esm2_35m_head	Blue,Green,Red,Yellow	Purple	moderate_crucivirus_like	True	False	True	rna_virus_scored_crucivirus_like	0.70350456			
Sdomain	Yellow	Ribo_ND_091396	0	0.70339566	1	False	1	False	1	False	/workspace/cruci-classifier/results/grid_esm35m_e50/Sdomain/Yellow/eval/test_eval_results.csv	0	0.5087921023368835	Ribo_ND_091396	182	182	0	0	S_domain	Ribo_ND_091396	Ribo_ND_091396|Sdomain|Yellow|record0	0	rna_virus	Yellow	Yellow	0.70339566	1	1	False	False	frozen_esm2_35m_head	Blue,Green,Purple,Red	Yellow	moderate_crucivirus_like	True	False	True	rna_virus_scored_crucivirus_like	0.70339566			
fullCP	Blue	Ribo_ND_389800	0	0.7027658	1	False	1	False	1	False	/workspace/cruci-classifier/results/grid_esm35m_e50/fullCP/Blue/eval/test_eval_results.csv	0	0.4914703667163849	Ribo_ND_389800	446	447	1	0	full_capsid	Ribo_ND_389800	Ribo_ND_389800|fullCP|Blue|record0	0	rna_virus	Blue	Blue	0.7027658	1	1	False	False	frozen_esm2_35m_head	Green,Purple,Red,Yellow	Blue	moderate_crucivirus_like	True	False	True	rna_virus_scored_crucivirus_like	0.7027658			
Pdomain	Purple	Cruci_CruV-588	1	0.2973567	0	False	0	False	0	False	/workspace/cruci-classifier/results/grid_esm35m_e50/Pdomain/Purple/eval/test_eval_results.csv	0	0.4982953071594238	Cruci_CruV-588	148	148	0	0	P_domain	Cruci_CruV-588	Cruci_CruV-588|Pdomain|Purple|record0	1	crucivirus	Purple	Purple	0.2973567	0	0	False	False	frozen_esm2_35m_head	Blue,Green,Red,Yellow	Purple	moderate_rna_like	True	False	True	crucivirus_scored_rna_like	0.7026433000000001			
Sdomain	Yellow	Ribo_ND_025671	0	0.70250326	1	False	1	False	1	False	/workspace/cruci-classifier/results/grid_esm35m_e50/Sdomain/Yellow/eval/test_eval_results.csv	0	0.5087921023368835	Ribo_ND_025671	176	176	0	0	S_domain	Ribo_ND_025671	Ribo_ND_025671|Sdomain|Yellow|record0	0	rna_virus	Yellow	Yellow	0.70250326	1	1	False	False	frozen_esm2_35m_head	Blue,Green,Purple,Red	Yellow	moderate_crucivirus_like	True	False	True	rna_virus_scored_crucivirus_like	0.70250326			
Pdomain	Blue	Cruci_CruV_242	1	0.29756668	0	False	0	False	0	False	/workspace/cruci-classifier/results/grid_esm35m_e50/Pdomain/Blue/eval/test_eval_results.csv	0	0.4954362213611603	Cruci_CruV_242	148	148	0	0	P_domain	Cruci_CruV_242	Cruci_CruV_242|Pdomain|Blue|record0	1	crucivirus	Blue	Blue	0.29756668	0	0	False	False	frozen_esm2_35m_head	Green,Purple,Red,Yellow	Blue	moderate_rna_like	True	False	True	crucivirus_scored_rna_like	0.70243332			
Sdomain	Yellow	Ribo_ND_180487	0	0.70229703	1	False	1	False	1	False	/workspace/cruci-classifier/results/grid_esm35m_e50/Sdomain/Yellow/eval/test_eval_results.csv	0	0.5087921023368835	Ribo_ND_180487	177	177	0	0	S_domain	Ribo_ND_180487	Ribo_ND_180487|Sdomain|Yellow|record0	0	rna_virus	Yellow	Yellow	0.70229703	1	1	False	False	frozen_esm2_35m_head	Blue,Green,Purple,Red	Yellow	moderate_crucivirus_like	True	False	True	rna_virus_scored_crucivirus_like	0.70229703			
Rdomain	Purple	Cruci_CruCGE-562	1	0.29797998	0	False	0	False	0	False	/workspace/cruci-classifier/results/grid_esm35m_e50/Rdomain/Purple/eval/test_eval_results.csv	0	0.5012195110321045	Cruci_CruCGE-562	29	29	0	0	R_domain	Cruci_CruCGE-562	Cruci_CruCGE-562|Rdomain|Purple|record0	1	crucivirus	Purple	Purple	0.29797998	0	0	False	False	frozen_esm2_35m_head	Blue,Green,Red,Yellow	Purple	moderate_rna_like	True	False	True	crucivirus_scored_rna_like	0.70202002			
fullCP	Purple	Cruci_CruV-620	1	0.29798302	0	False	0	False	0	False	/workspace/cruci-classifier/results/grid_esm35m_e50/fullCP/Purple/eval/test_eval_results.csv	0	0.4988135993480682	Cruci_CruV-620	439	439	0	0	full_capsid	Cruci_CruV-620	Cruci_CruV-620|fullCP|Purple|record0	1	crucivirus	Purple	Purple	0.29798302	0	0	False	False	frozen_esm2_35m_head	Blue,Green,Red,Yellow	Purple	moderate_rna_like	True	False	True	crucivirus_scored_rna_like	0.70201698			
Sdomain	Yellow	Cruci_CruV_103	1	0.29799196	0	False	0	False	0	False	/workspace/cruci-classifier/results/grid_esm35m_e50/Sdomain/Yellow/eval/test_eval_results.csv	0	0.5087921023368835	Cruci_CruV_103	185	185	0	0	S_domain	Cruci_CruV_103	Cruci_CruV_103|Sdomain|Yellow|record0	1	crucivirus	Yellow	Yellow	0.29799196	0	0	False	False	frozen_esm2_35m_head	Blue,Green,Purple,Red	Yellow	moderate_rna_like	True	False	True	crucivirus_scored_rna_like	0.7020080399999999			
Sdomain	Yellow	Ribo_ND_025531	0	0.70180035	1	False	1	False	1	False	/workspace/cruci-classifier/results/grid_esm35m_e50/Sdomain/Yellow/eval/test_eval_results.csv	0	0.5087921023368835	Ribo_ND_025531	177	177	0	0	S_domain	Ribo_ND_025531	Ribo_ND_025531|Sdomain|Yellow|record0	0	rna_virus	Yellow	Yellow	0.70180035	1	1	False	False	frozen_esm2_35m_head	Blue,Green,Purple,Red	Yellow	moderate_crucivirus_like	True	False	True	rna_virus_scored_crucivirus_like	0.70180035			
Pdomain	Blue	Ribo_ND_160106	0	0.7015536	1	False	1	False	1	False	/workspace/cruci-classifier/results/grid_esm35m_e50/Pdomain/Blue/eval/test_eval_results.csv	0	0.4954362213611603	Ribo_ND_160106	154	154	0	0	P_domain	Ribo_ND_160106	Ribo_ND_160106|Pdomain|Blue|record0	0	rna_virus	Blue	Blue	0.7015536	1	1	False	False	frozen_esm2_35m_head	Green,Purple,Red,Yellow	Blue	moderate_crucivirus_like	True	False	True	rna_virus_scored_crucivirus_like	0.7015536			
Rdomain	Yellow	Cruci_Tisza_MK012445.1	1	0.2985899	0	False	0	False	0	False	/workspace/cruci-classifier/results/grid_esm35m_e50/Rdomain/Yellow/eval/test_eval_results.csv	0	0.471052885055542	Cruci_Tisza_MK012445.1	62	62	0	0	R_domain	Cruci_Tisza_MK012445.1	Cruci_Tisza_MK012445.1|Rdomain|Yellow|record0	1	crucivirus	Yellow	Yellow	0.2985899	0	0	False	False	frozen_esm2_35m_head	Blue,Green,Purple,Red	Yellow	moderate_rna_like	True	False	True	crucivirus_scored_rna_like	0.7014100999999999			
fullCP	Green	Ribo_ND_095983	0	0.70117366	1	False	1	False	1	False	/workspace/cruci-classifier/results/grid_esm35m_e50/fullCP/Green/eval/test_eval_results.csv	0	0.4995022118091583	Ribo_ND_095983	366	367	1	0	full_capsid	Ribo_ND_095983	Ribo_ND_095983|fullCP|Green|record0	0	rna_virus	Green	Green	0.70117366	1	1	False	False	frozen_esm2_35m_head	Blue,Purple,Red,Yellow	Green	moderate_crucivirus_like	True	False	True	rna_virus_scored_crucivirus_like	0.70117366			
Rdomain	Yellow	Cruci_CruV-766	1	0.2990792	0	False	0	False	0	False	/workspace/cruci-classifier/results/grid_esm35m_e50/Rdomain/Yellow/eval/test_eval_results.csv	0	0.471052885055542	Cruci_CruV-766	52	52	0	0	R_domain	Cruci_CruV-766	Cruci_CruV-766|Rdomain|Yellow|record0	1	crucivirus	Yellow	Yellow	0.2990792	0	0	False	False	frozen_esm2_35m_head	Blue,Green,Purple,Red	Yellow	moderate_rna_like	True	False	True	crucivirus_scored_rna_like	0.7009208			
Pdomain	Purple	Ribo_ND_024902	0	0.7007987	1	False	1	False	1	False	/workspace/cruci-classifier/results/grid_esm35m_e50/Pdomain/Purple/eval/test_eval_results.csv	0	0.4982953071594238	Ribo_ND_024902	222	222	0	0	P_domain	Ribo_ND_024902	Ribo_ND_024902|Pdomain|Purple|record0	0	rna_virus	Purple	Purple	0.7007987	1	1	False	False	frozen_esm2_35m_head	Blue,Green,Red,Yellow	Purple	moderate_crucivirus_like	True	False	True	rna_virus_scored_crucivirus_like	0.7007987			
fullCP	Purple	Cruci_CruCGE-561	1	0.29940557	0	False	0	False	0	False	/workspace/cruci-classifier/results/grid_esm35m_e50/fullCP/Purple/eval/test_eval_results.csv	0	0.4988135993480682	Cruci_CruCGE-561	205	206	1	0	full_capsid	Cruci_CruCGE-561	Cruci_CruCGE-561|fullCP|Purple|record0	1	crucivirus	Purple	Purple	0.29940557	0	0	False	False	frozen_esm2_35m_head	Blue,Green,Red,Yellow	Purple	moderate_rna_like	True	False	True	crucivirus_scored_rna_like	0.70059443			
Pdomain	Yellow	Ribo_ND_149118	0	0.7005279	1	False	1	False	1	False	/workspace/cruci-classifier/results/grid_esm35m_e50/Pdomain/Yellow/eval/test_eval_results.csv	0	0.4989717900753021	Ribo_ND_149118	49	49	0	0	P_domain	Ribo_ND_149118	Ribo_ND_149118|Pdomain|Yellow|record0	0	rna_virus	Yellow	Yellow	0.7005279	1	1	False	False	frozen_esm2_35m_head	Blue,Green,Purple,Red	Yellow	moderate_crucivirus_like	True	False	True	rna_virus_scored_crucivirus_like	0.7005279			
Pdomain	Yellow	Ribo_ND_042393	0	0.7001367	1	False	1	False	1	False	/workspace/cruci-classifier/results/grid_esm35m_e50/Pdomain/Yellow/eval/test_eval_results.csv	0	0.4989717900753021	Ribo_ND_042393	148	148	0	0	P_domain	Ribo_ND_042393	Ribo_ND_042393|Pdomain|Yellow|record0	0	rna_virus	Yellow	Yellow	0.7001367	1	1	False	False	frozen_esm2_35m_head	Blue,Green,Purple,Red	Yellow	moderate_crucivirus_like	True	False	True	rna_virus_scored_crucivirus_like	0.7001367			
Sdomain	Blue	Ribo_ND_216514	0	0.70009804	1	False	1	False	1	False	/workspace/cruci-classifier/results/grid_esm35m_e50/Sdomain/Blue/eval/test_eval_results.csv	0	0.3950238227844238	Ribo_ND_216514	185	185	0	0	S_domain	Ribo_ND_216514	Ribo_ND_216514|Sdomain|Blue|record0	0	rna_virus	Blue	Blue	0.70009804	1	1	False	False	frozen_esm2_35m_head	Green,Purple,Red,Yellow	Blue	moderate_crucivirus_like	True	False	True	rna_virus_scored_crucivirus_like	0.70009804			
fullCP	Green	Ribo_ND_227326	0	0.6998847	1	False	1	False	1	False	/workspace/cruci-classifier/results/grid_esm35m_e50/fullCP/Green/eval/test_eval_results.csv	0	0.4995022118091583	Ribo_ND_227326	464	465	1	0	full_capsid	Ribo_ND_227326	Ribo_ND_227326|fullCP|Green|record0	0	rna_virus	Green	Green	0.6998847	1	1	False	False	frozen_esm2_35m_head	Blue,Purple,Red,Yellow	Green	moderate_crucivirus_like	True	False	True	rna_virus_scored_crucivirus_like	0.6998847			
Pdomain	Yellow	Ribo_ND_025482	0	0.6994329	1	False	1	False	1	False	/workspace/cruci-classifier/results/grid_esm35m_e50/Pdomain/Yellow/eval/test_eval_results.csv	0	0.4989717900753021	Ribo_ND_025482	165	165	0	0	P_domain	Ribo_ND_025482	Ribo_ND_025482|Pdomain|Yellow|record0	0	rna_virus	Yellow	Yellow	0.6994329	1	1	False	False	frozen_esm2_35m_head	Blue,Green,Purple,Red	Yellow	moderate_crucivirus_like	True	False	True	rna_virus_scored_crucivirus_like	0.6994329			
Sdomain	Green	Cruci_CruV-781	1	0.300707	0	False	0	False	0	False	/workspace/cruci-classifier/results/grid_esm35m_e50/Sdomain/Green/eval/test_eval_results.csv	0	0.5480888485908508	Cruci_CruV-781	184	184	0	0	S_domain	Cruci_CruV-781	Cruci_CruV-781|Sdomain|Green|record0	1	crucivirus	Green	Green	0.300707	0	0	False	False	frozen_esm2_35m_head	Blue,Purple,Red,Yellow	Green	moderate_rna_like	True	False	True	crucivirus_scored_rna_like	0.6992929999999999			
Pdomain	Yellow	Ribo_tombunoda_MN735451	0	0.69929296	1	False	1	False	1	False	/workspace/cruci-classifier/results/grid_esm35m_e50/Pdomain/Yellow/eval/test_eval_results.csv	0	0.4989717900753021	Ribo_tombunoda_MN735451	144	144	0	0	P_domain	Ribo_tombunoda_MN735451	Ribo_tombunoda_MN735451|Pdomain|Yellow|record0	0	rna_virus	Yellow	Yellow	0.69929296	1	1	False	False	frozen_esm2_35m_head	Blue,Green,Purple,Red	Yellow	moderate_crucivirus_like	True	False	True	rna_virus_scored_crucivirus_like	0.69929296			
fullCP	Green	Ribo_ND_380970	0	0.6992754	1	False	1	False	1	False	/workspace/cruci-classifier/results/grid_esm35m_e50/fullCP/Green/eval/test_eval_results.csv	0	0.4995022118091583	Ribo_ND_380970	477	478	1	0	full_capsid	Ribo_ND_380970	Ribo_ND_380970|fullCP|Green|record0	0	rna_virus	Green	Green	0.6992754	1	1	False	False	frozen_esm2_35m_head	Blue,Purple,Red,Yellow	Green	moderate_crucivirus_like	True	False	True	rna_virus_scored_crucivirus_like	0.6992754			
Pdomain	Green	Cruci_CruV_440	1	0.30076492	0	False	0	False	0	False	/workspace/cruci-classifier/results/grid_esm35m_e50/Pdomain/Green/eval/test_eval_results.csv	0	0.5002309083938599	Cruci_CruV_440	161	161	0	0	P_domain	Cruci_CruV_440	Cruci_CruV_440|Pdomain|Green|record0	1	crucivirus	Green	Green	0.30076492	0	0	False	False	frozen_esm2_35m_head	Blue,Purple,Red,Yellow	Green	moderate_rna_like	True	False	True	crucivirus_scored_rna_like	0.69923508			
Sdomain	Green	Cruci_CruV_470	1	0.30076855	0	False	0	False	0	False	/workspace/cruci-classifier/results/grid_esm35m_e50/Sdomain/Green/eval/test_eval_results.csv	0	0.5480888485908508	Cruci_CruV_470	196	196	0	0	S_domain	Cruci_CruV_470	Cruci_CruV_470|Sdomain|Green|record0	1	crucivirus	Green	Green	0.30076855	0	0	False	False	frozen_esm2_35m_head	Blue,Purple,Red,Yellow	Green	moderate_rna_like	True	False	True	crucivirus_scored_rna_like	0.69923145			
fullCP	Green	Ribo_ND_100038	0	0.69904125	1	False	1	False	1	False	/workspace/cruci-classifier/results/grid_esm35m_e50/fullCP/Green/eval/test_eval_results.csv	0	0.4995022118091583	Ribo_ND_100038	430	431	1	0	full_capsid	Ribo_ND_100038	Ribo_ND_100038|fullCP|Green|record0	0	rna_virus	Green	Green	0.69904125	1	1	False	False	frozen_esm2_35m_head	Blue,Purple,Red,Yellow	Green	moderate_crucivirus_like	True	False	True	rna_virus_scored_crucivirus_like	0.69904125			
Pdomain	Blue	Cruci_CruV_784	1	0.30096632	0	False	0	False	0	False	/workspace/cruci-classifier/results/grid_esm35m_e50/Pdomain/Blue/eval/test_eval_results.csv	0	0.4954362213611603	Cruci_CruV_784	148	148	0	0	P_domain	Cruci_CruV_784	Cruci_CruV_784|Pdomain|Blue|record0	1	crucivirus	Blue	Blue	0.30096632	0	0	False	False	frozen_esm2_35m_head	Green,Purple,Red,Yellow	Blue	moderate_rna_like	True	False	True	crucivirus_scored_rna_like	0.69903368			
Pdomain	Blue	Cruci_Tisza_MK012490.1	1	0.30117273	0	False	0	False	0	False	/workspace/cruci-classifier/results/grid_esm35m_e50/Pdomain/Blue/eval/test_eval_results.csv	0	0.4954362213611603	Cruci_Tisza_MK012490.1	162	162	0	0	P_domain	Cruci_Tisza_MK012490.1	Cruci_Tisza_MK012490.1|Pdomain|Blue|record0	1	crucivirus	Blue	Blue	0.30117273	0	0	False	False	frozen_esm2_35m_head	Green,Purple,Red,Yellow	Blue	moderate_rna_like	True	False	True	crucivirus_scored_rna_like	0.69882727			
Sdomain	Blue	Ribo_ND_050395	0	0.69880724	1	False	1	False	1	False	/workspace/cruci-classifier/results/grid_esm35m_e50/Sdomain/Blue/eval/test_eval_results.csv	0	0.3950238227844238	Ribo_ND_050395	184	184	0	0	S_domain	Ribo_ND_050395	Ribo_ND_050395|Sdomain|Blue|record0	0	rna_virus	Blue	Blue	0.69880724	1	1	False	False	frozen_esm2_35m_head	Green,Purple,Red,Yellow	Blue	moderate_crucivirus_like	True	False	True	rna_virus_scored_crucivirus_like	0.69880724			
fullCP	Red	Ribo_ND_074414	0	0.6986936	1	False	1	False	1	False	/workspace/cruci-classifier/results/grid_esm35m_e50/fullCP/Red/eval/test_eval_results.csv	0	0.4925376772880554	Ribo_ND_074414	484	485	1	0	full_capsid	Ribo_ND_074414	Ribo_ND_074414|fullCP|Red|record0	0	rna_virus	Red	Red	0.6986936	1	1	False	False	frozen_esm2_35m_head	Blue,Green,Purple,Yellow	Red	moderate_crucivirus_like	True	False	True	rna_virus_scored_crucivirus_like	0.6986936			
fullCP	Green	Ribo_ND_379850	0	0.69834346	1	False	1	False	1	False	/workspace/cruci-classifier/results/grid_esm35m_e50/fullCP/Green/eval/test_eval_results.csv	0	0.4995022118091583	Ribo_ND_379850	467	468	1	0	full_capsid	Ribo_ND_379850	Ribo_ND_379850|fullCP|Green|record0	0	rna_virus	Green	Green	0.69834346	1	1	False	False	frozen_esm2_35m_head	Blue,Purple,Red,Yellow	Green	moderate_crucivirus_like	True	False	True	rna_virus_scored_crucivirus_like	0.69834346			
Sdomain	Green	Cruci_Ariz_MW697596	1	0.3019507	0	False	0	False	0	False	/workspace/cruci-classifier/results/grid_esm35m_e50/Sdomain/Green/eval/test_eval_results.csv	0	0.5480888485908508	Cruci_Ariz_MW697596	194	194	0	0	S_domain	Cruci_Ariz_MW697596	Cruci_Ariz_MW697596|Sdomain|Green|record0	1	crucivirus	Green	Green	0.3019507	0	0	False	False	frozen_esm2_35m_head	Blue,Purple,Red,Yellow	Green	moderate_rna_like	True	False	True	crucivirus_scored_rna_like	0.6980493			
fullCP	Green	Cruci_CruV_435	1	0.3023077	0	False	0	False	0	False	/workspace/cruci-classifier/results/grid_esm35m_e50/fullCP/Green/eval/test_eval_results.csv	0	0.4995022118091583	Cruci_CruV_435	339	340	1	0	full_capsid	Cruci_CruV_435	Cruci_CruV_435|fullCP|Green|record0	1	crucivirus	Green	Green	0.3023077	0	0	False	False	frozen_esm2_35m_head	Blue,Purple,Red,Yellow	Green	moderate_rna_like	True	False	True	crucivirus_scored_rna_like	0.6976922999999999			
Pdomain	Blue	Ribo_ND_025131	0	0.6976653	1	False	1	False	1	False	/workspace/cruci-classifier/results/grid_esm35m_e50/Pdomain/Blue/eval/test_eval_results.csv	0	0.4954362213611603	Ribo_ND_025131	160	160	0	0	P_domain	Ribo_ND_025131	Ribo_ND_025131|Pdomain|Blue|record0	0	rna_virus	Blue	Blue	0.6976653	1	1	False	False	frozen_esm2_35m_head	Green,Purple,Red,Yellow	Blue	moderate_crucivirus_like	True	False	True	rna_virus_scored_crucivirus_like	0.6976653			
Rdomain	Green	Cruci_CruV-943	1	0.3023935	0	False	0	False	0	False	/workspace/cruci-classifier/results/grid_esm35m_e50/Rdomain/Green/eval/test_eval_results.csv	0	0.5166996717453003	Cruci_CruV-943	36	36	0	0	R_domain	Cruci_CruV-943	Cruci_CruV-943|Rdomain|Green|record0	1	crucivirus	Green	Green	0.3023935	0	0	False	False	frozen_esm2_35m_head	Blue,Purple,Red,Yellow	Green	moderate_rna_like	True	False	True	crucivirus_scored_rna_like	0.6976065			
Pdomain	Yellow	Ribo_ND_162000	0	0.6973765	1	False	1	False	1	False	/workspace/cruci-classifier/results/grid_esm35m_e50/Pdomain/Yellow/eval/test_eval_results.csv	0	0.4989717900753021	Ribo_ND_162000	166	166	0	0	P_domain	Ribo_ND_162000	Ribo_ND_162000|Pdomain|Yellow|record0	0	rna_virus	Yellow	Yellow	0.6973765	1	1	False	False	frozen_esm2_35m_head	Blue,Green,Purple,Red	Yellow	moderate_crucivirus_like	True	False	True	rna_virus_scored_crucivirus_like	0.6973765			
Pdomain	Yellow	Ribo_ND_068189	0	0.6972509	1	False	1	False	1	False	/workspace/cruci-classifier/results/grid_esm35m_e50/Pdomain/Yellow/eval/test_eval_results.csv	0	0.4989717900753021	Ribo_ND_068189	158	158	0	0	P_domain	Ribo_ND_068189	Ribo_ND_068189|Pdomain|Yellow|record0	0	rna_virus	Yellow	Yellow	0.6972509	1	1	False	False	frozen_esm2_35m_head	Blue,Green,Purple,Red	Yellow	moderate_crucivirus_like	True	False	True	rna_virus_scored_crucivirus_like	0.6972509			
Pdomain	Yellow	Ribo_ND_054075	0	0.69684047	1	False	1	False	1	False	/workspace/cruci-classifier/results/grid_esm35m_e50/Pdomain/Yellow/eval/test_eval_results.csv	0	0.4989717900753021	Ribo_ND_054075	151	151	0	0	P_domain	Ribo_ND_054075	Ribo_ND_054075|Pdomain|Yellow|record0	0	rna_virus	Yellow	Yellow	0.69684047	1	1	False	False	frozen_esm2_35m_head	Blue,Green,Purple,Red	Yellow	moderate_crucivirus_like	True	False	True	rna_virus_scored_crucivirus_like	0.69684047			
Pdomain	Blue	Cruci_CruV-646	1	0.30332366	0	False	0	False	0	False	/workspace/cruci-classifier/results/grid_esm35m_e50/Pdomain/Blue/eval/test_eval_results.csv	0	0.4954362213611603	Cruci_CruV-646	172	172	0	0	P_domain	Cruci_CruV-646	Cruci_CruV-646|Pdomain|Blue|record0	1	crucivirus	Blue	Blue	0.30332366	0	0	False	False	frozen_esm2_35m_head	Green,Purple,Red,Yellow	Blue	moderate_rna_like	True	False	True	crucivirus_scored_rna_like	0.69667634			
Pdomain	Blue	Cruci_CruV-647	1	0.30332366	0	False	0	False	0	False	/workspace/cruci-classifier/results/grid_esm35m_e50/Pdomain/Blue/eval/test_eval_results.csv	0	0.4954362213611603	Cruci_CruV-647	172	172	0	0	P_domain	Cruci_CruV-647	Cruci_CruV-647|Pdomain|Blue|record0	1	crucivirus	Blue	Blue	0.30332366	0	0	False	False	frozen_esm2_35m_head	Green,Purple,Red,Yellow	Blue	moderate_rna_like	True	False	True	crucivirus_scored_rna_like	0.69667634			
Pdomain	Blue	Cruci_CruV-648	1	0.30332366	0	False	0	False	0	False	/workspace/cruci-classifier/results/grid_esm35m_e50/Pdomain/Blue/eval/test_eval_results.csv	0	0.4954362213611603	Cruci_CruV-648	172	172	0	0	P_domain	Cruci_CruV-648	Cruci_CruV-648|Pdomain|Blue|record0	1	crucivirus	Blue	Blue	0.30332366	0	0	False	False	frozen_esm2_35m_head	Green,Purple,Red,Yellow	Blue	moderate_rna_like	True	False	True	crucivirus_scored_rna_like	0.69667634			
Rdomain	Yellow	Ribo_ND_025129	0	0.6964166	1	False	1	False	1	False	/workspace/cruci-classifier/results/grid_esm35m_e50/Rdomain/Yellow/eval/test_eval_results.csv	0	0.471052885055542	Ribo_ND_025129	93	93	0	0	R_domain	Ribo_ND_025129	Ribo_ND_025129|Rdomain|Yellow|record0	0	rna_virus	Yellow	Yellow	0.6964166	1	1	False	False	frozen_esm2_35m_head	Blue,Green,Purple,Red	Yellow	moderate_crucivirus_like	True	False	True	rna_virus_scored_crucivirus_like	0.6964166			
Sdomain	Purple	Ribo_ND_160131	0	0.69596386	1	False	1	False	1	False	/workspace/cruci-classifier/results/grid_esm35m_e50/Sdomain/Purple/eval/test_eval_results.csv	0	0.5010125041007996	Ribo_ND_160131	184	184	0	0	S_domain	Ribo_ND_160131	Ribo_ND_160131|Sdomain|Purple|record0	0	rna_virus	Purple	Purple	0.69596386	1	1	False	False	frozen_esm2_35m_head	Blue,Green,Red,Yellow	Purple	moderate_crucivirus_like	True	False	True	rna_virus_scored_crucivirus_like	0.69596386			
Rdomain	Yellow	Ribo_ND_025671	0	0.6959103	1	False	1	False	1	False	/workspace/cruci-classifier/results/grid_esm35m_e50/Rdomain/Yellow/eval/test_eval_results.csv	0	0.471052885055542	Ribo_ND_025671	110	110	0	0	R_domain	Ribo_ND_025671	Ribo_ND_025671|Rdomain|Yellow|record0	0	rna_virus	Yellow	Yellow	0.6959103	1	1	False	False	frozen_esm2_35m_head	Blue,Green,Purple,Red	Yellow	moderate_crucivirus_like	True	False	True	rna_virus_scored_crucivirus_like	0.6959103			
Pdomain	Purple	Cruci_CruV-824	1	0.30416316	0	False	0	False	0	False	/workspace/cruci-classifier/results/grid_esm35m_e50/Pdomain/Purple/eval/test_eval_results.csv	0	0.4982953071594238	Cruci_CruV-824	151	151	0	0	P_domain	Cruci_CruV-824	Cruci_CruV-824|Pdomain|Purple|record0	1	crucivirus	Purple	Purple	0.30416316	0	0	False	False	frozen_esm2_35m_head	Blue,Green,Red,Yellow	Purple	moderate_rna_like	True	False	True	crucivirus_scored_rna_like	0.69583684			
fullCP	Purple	Cruci_CruV_175	1	0.30425256	0	False	0	False	0	False	/workspace/cruci-classifier/results/grid_esm35m_e50/fullCP/Purple/eval/test_eval_results.csv	0	0.4988135993480682	Cruci_CruV_175	516	517	1	0	full_capsid	Cruci_CruV_175	Cruci_CruV_175|fullCP|Purple|record0	1	crucivirus	Purple	Purple	0.30425256	0	0	False	False	frozen_esm2_35m_head	Blue,Green,Red,Yellow	Purple	moderate_rna_like	True	False	True	crucivirus_scored_rna_like	0.69574744			
Sdomain	Blue	Ribo_ND_099892	0	0.6956965	1	False	1	False	1	False	/workspace/cruci-classifier/results/grid_esm35m_e50/Sdomain/Blue/eval/test_eval_results.csv	0	0.3950238227844238	Ribo_ND_099892	186	186	0	0	S_domain	Ribo_ND_099892	Ribo_ND_099892|Sdomain|Blue|record0	0	rna_virus	Blue	Blue	0.6956965	1	1	False	False	frozen_esm2_35m_head	Green,Purple,Red,Yellow	Blue	moderate_crucivirus_like	True	False	True	rna_virus_scored_crucivirus_like	0.6956965			
Pdomain	Green	Ribo_NC_033443	0	0.6956302	1	False	1	False	1	False	/workspace/cruci-classifier/results/grid_esm35m_e50/Pdomain/Green/eval/test_eval_results.csv	0	0.5002309083938599	Ribo_NC_033443	263	263	0	0	P_domain	Ribo_NC_033443	Ribo_NC_033443|Pdomain|Green|record0	0	rna_virus	Green	Green	0.6956302	1	1	False	False	frozen_esm2_35m_head	Blue,Purple,Red,Yellow	Green	moderate_crucivirus_like	True	False	True	rna_virus_scored_crucivirus_like	0.6956302			
Pdomain	Purple	Cruci_CruV_213	1	0.30469036	0	False	0	False	0	False	/workspace/cruci-classifier/results/grid_esm35m_e50/Pdomain/Purple/eval/test_eval_results.csv	0	0.4982953071594238	Cruci_CruV_213	147	147	0	0	P_domain	Cruci_CruV_213	Cruci_CruV_213|Pdomain|Purple|record0	1	crucivirus	Purple	Purple	0.30469036	0	0	False	False	frozen_esm2_35m_head	Blue,Green,Red,Yellow	Purple	moderate_rna_like	True	False	True	crucivirus_scored_rna_like	0.6953096400000001			
Pdomain	Purple	Cruci_CruV-736	1	0.30470338	0	False	0	False	0	False	/workspace/cruci-classifier/results/grid_esm35m_e50/Pdomain/Purple/eval/test_eval_results.csv	0	0.4982953071594238	Cruci_CruV-736	227	227	0	0	P_domain	Cruci_CruV-736	Cruci_CruV-736|Pdomain|Purple|record0	1	crucivirus	Purple	Purple	0.30470338	0	0	False	False	frozen_esm2_35m_head	Blue,Green,Red,Yellow	Purple	moderate_rna_like	True	False	True	crucivirus_scored_rna_like	0.6952966199999999			
fullCP	Purple	Cruci_CruV_386	1	0.30490476	0	False	0	False	0	False	/workspace/cruci-classifier/results/grid_esm35m_e50/fullCP/Purple/eval/test_eval_results.csv	0	0.4988135993480682	Cruci_CruV_386	493	494	1	0	full_capsid	Cruci_CruV_386	Cruci_CruV_386|fullCP|Purple|record0	1	crucivirus	Purple	Purple	0.30490476	0	0	False	False	frozen_esm2_35m_head	Blue,Green,Red,Yellow	Purple	moderate_rna_like	True	False	True	crucivirus_scored_rna_like	0.69509524			
Rdomain	Yellow	Ribo_ND_025631	0	0.6948288	1	False	1	False	1	False	/workspace/cruci-classifier/results/grid_esm35m_e50/Rdomain/Yellow/eval/test_eval_results.csv	0	0.471052885055542	Ribo_ND_025631	96	96	0	0	R_domain	Ribo_ND_025631	Ribo_ND_025631|Rdomain|Yellow|record0	0	rna_virus	Yellow	Yellow	0.6948288	1	1	False	False	frozen_esm2_35m_head	Blue,Green,Purple,Red	Yellow	moderate_crucivirus_like	True	False	True	rna_virus_scored_crucivirus_like	0.6948288			
Rdomain	Blue	Ribo_ND_188581	0	0.6946289	1	False	1	False	1	False	/workspace/cruci-classifier/results/grid_esm35m_e50/Rdomain/Blue/eval/test_eval_results.csv	0	0.4960196018218994	Ribo_ND_188581	111	111	0	0	R_domain	Ribo_ND_188581	Ribo_ND_188581|Rdomain|Blue|record0	0	rna_virus	Blue	Blue	0.6946289	1	1	False	False	frozen_esm2_35m_head	Green,Purple,Red,Yellow	Blue	moderate_crucivirus_like	True	False	True	rna_virus_scored_crucivirus_like	0.6946289			
Rdomain	Yellow	Ribo_ND_036494	0	0.6945443	1	False	1	False	1	False	/workspace/cruci-classifier/results/grid_esm35m_e50/Rdomain/Yellow/eval/test_eval_results.csv	0	0.471052885055542	Ribo_ND_036494	80	80	0	0	R_domain	Ribo_ND_036494	Ribo_ND_036494|Rdomain|Yellow|record0	0	rna_virus	Yellow	Yellow	0.6945443	1	1	False	False	frozen_esm2_35m_head	Blue,Green,Purple,Red	Yellow	moderate_crucivirus_like	True	False	True	rna_virus_scored_crucivirus_like	0.6945443			
Pdomain	Purple	Cruci_CruV-780	1	0.3056728	0	False	0	False	0	False	/workspace/cruci-classifier/results/grid_esm35m_e50/Pdomain/Purple/eval/test_eval_results.csv	0	0.4982953071594238	Cruci_CruV-780	154	154	0	0	P_domain	Cruci_CruV-780	Cruci_CruV-780|Pdomain|Purple|record0	1	crucivirus	Purple	Purple	0.3056728	0	0	False	False	frozen_esm2_35m_head	Blue,Green,Red,Yellow	Purple	moderate_rna_like	True	False	True	crucivirus_scored_rna_like	0.6943272			
Rdomain	Yellow	Ribo_ND_249488	0	0.6941213	1	False	1	False	1	False	/workspace/cruci-classifier/results/grid_esm35m_e50/Rdomain/Yellow/eval/test_eval_results.csv	0	0.471052885055542	Ribo_ND_249488	122	122	0	0	R_domain	Ribo_ND_249488	Ribo_ND_249488|Rdomain|Yellow|record0	0	rna_virus	Yellow	Yellow	0.6941213	1	1	False	False	frozen_esm2_35m_head	Blue,Green,Purple,Red	Yellow	moderate_crucivirus_like	True	False	True	rna_virus_scored_crucivirus_like	0.6941213			
Sdomain	Green	Cruci_CruV_500	1	0.30598608	0	False	0	False	0	False	/workspace/cruci-classifier/results/grid_esm35m_e50/Sdomain/Green/eval/test_eval_results.csv	0	0.5480888485908508	Cruci_CruV_500	185	185	0	0	S_domain	Cruci_CruV_500	Cruci_CruV_500|Sdomain|Green|record0	1	crucivirus	Green	Green	0.30598608	0	0	False	False	frozen_esm2_35m_head	Blue,Purple,Red,Yellow	Green	moderate_rna_like	True	False	True	crucivirus_scored_rna_like	0.69401392			
Rdomain	Yellow	Ribo_ND_282773	0	0.69376624	1	False	1	False	1	False	/workspace/cruci-classifier/results/grid_esm35m_e50/Rdomain/Yellow/eval/test_eval_results.csv	0	0.471052885055542	Ribo_ND_282773	92	92	0	0	R_domain	Ribo_ND_282773	Ribo_ND_282773|Rdomain|Yellow|record0	0	rna_virus	Yellow	Yellow	0.69376624	1	1	False	False	frozen_esm2_35m_head	Blue,Green,Purple,Red	Yellow	moderate_crucivirus_like	True	False	True	rna_virus_scored_crucivirus_like	0.69376624			
Rdomain	Purple	Cruci_CruV-679	1	0.30629036	0	False	0	False	0	False	/workspace/cruci-classifier/results/grid_esm35m_e50/Rdomain/Purple/eval/test_eval_results.csv	0	0.5012195110321045	Cruci_CruV-679	102	102	0	0	R_domain	Cruci_CruV-679	Cruci_CruV-679|Rdomain|Purple|record0	1	crucivirus	Purple	Purple	0.30629036	0	0	False	False	frozen_esm2_35m_head	Blue,Green,Red,Yellow	Purple	moderate_rna_like	True	False	True	crucivirus_scored_rna_like	0.69370964			
fullCP	Purple	Cruci_CruV-791	1	0.3066297	0	False	0	False	0	False	/workspace/cruci-classifier/results/grid_esm35m_e50/fullCP/Purple/eval/test_eval_results.csv	0	0.4988135993480682	Cruci_CruV-791	445	445	0	0	full_capsid	Cruci_CruV-791	Cruci_CruV-791|fullCP|Purple|record0	1	crucivirus	Purple	Purple	0.3066297	0	0	False	False	frozen_esm2_35m_head	Blue,Green,Red,Yellow	Purple	moderate_rna_like	True	False	True	crucivirus_scored_rna_like	0.6933703			
Rdomain	Yellow	Ribo_ND_107474	0	0.6929422	1	False	1	False	1	False	/workspace/cruci-classifier/results/grid_esm35m_e50/Rdomain/Yellow/eval/test_eval_results.csv	0	0.471052885055542	Ribo_ND_107474	93	93	0	0	R_domain	Ribo_ND_107474	Ribo_ND_107474|Rdomain|Yellow|record0	0	rna_virus	Yellow	Yellow	0.6929422	1	1	False	False	frozen_esm2_35m_head	Blue,Green,Purple,Red	Yellow	moderate_crucivirus_like	True	False	True	rna_virus_scored_crucivirus_like	0.6929422			
Sdomain	Yellow	Ribo_JAAOEH010003587.1	0	0.69290096	1	False	1	False	1	False	/workspace/cruci-classifier/results/grid_esm35m_e50/Sdomain/Yellow/eval/test_eval_results.csv	0	0.5087921023368835	Ribo_JAAOEH010003587.1	181	181	0	0	S_domain	Ribo_JAAOEH010003587.1	Ribo_JAAOEH010003587.1|Sdomain|Yellow|record0	0	rna_virus	Yellow	Yellow	0.69290096	1	1	False	False	frozen_esm2_35m_head	Blue,Green,Purple,Red	Yellow	moderate_crucivirus_like	True	False	True	rna_virus_scored_crucivirus_like	0.69290096			
Sdomain	Yellow	Ribo_ND_166810	0	0.6927063	1	False	1	False	1	False	/workspace/cruci-classifier/results/grid_esm35m_e50/Sdomain/Yellow/eval/test_eval_results.csv	0	0.5087921023368835	Ribo_ND_166810	181	181	0	0	S_domain	Ribo_ND_166810	Ribo_ND_166810|Sdomain|Yellow|record0	0	rna_virus	Yellow	Yellow	0.6927063	1	1	False	False	frozen_esm2_35m_head	Blue,Green,Purple,Red	Yellow	moderate_crucivirus_like	True	False	True	rna_virus_scored_crucivirus_like	0.6927063			
fullCP	Purple	Cruci_CruV-592	1	0.30737114	0	False	0	False	0	False	/workspace/cruci-classifier/results/grid_esm35m_e50/fullCP/Purple/eval/test_eval_results.csv	0	0.4988135993480682	Cruci_CruV-592	422	422	0	0	full_capsid	Cruci_CruV-592	Cruci_CruV-592|fullCP|Purple|record0	1	crucivirus	Purple	Purple	0.30737114	0	0	False	False	frozen_esm2_35m_head	Blue,Green,Red,Yellow	Purple	moderate_rna_like	True	False	True	crucivirus_scored_rna_like	0.69262886			
Pdomain	Green	Cruci_CruV-840	1	0.30745006	0	False	0	False	0	False	/workspace/cruci-classifier/results/grid_esm35m_e50/Pdomain/Green/eval/test_eval_results.csv	0	0.5002309083938599	Cruci_CruV-840	187	187	0	0	P_domain	Cruci_CruV-840	Cruci_CruV-840|Pdomain|Green|record0	1	crucivirus	Green	Green	0.30745006	0	0	False	False	frozen_esm2_35m_head	Blue,Purple,Red,Yellow	Green	moderate_rna_like	True	False	True	crucivirus_scored_rna_like	0.6925499399999999			
Pdomain	Green	Ribo_ND_344308	0	0.6917448	1	False	1	False	1	False	/workspace/cruci-classifier/results/grid_esm35m_e50/Pdomain/Green/eval/test_eval_results.csv	0	0.5002309083938599	Ribo_ND_344308	248	248	0	0	P_domain	Ribo_ND_344308	Ribo_ND_344308|Pdomain|Green|record0	0	rna_virus	Green	Green	0.6917448	1	1	False	False	frozen_esm2_35m_head	Blue,Purple,Red,Yellow	Green	moderate_crucivirus_like	True	False	True	rna_virus_scored_crucivirus_like	0.6917448			
Pdomain	Yellow	Ribo_ND_025389	0	0.69158435	1	False	1	False	1	False	/workspace/cruci-classifier/results/grid_esm35m_e50/Pdomain/Yellow/eval/test_eval_results.csv	0	0.4989717900753021	Ribo_ND_025389	149	149	0	0	P_domain	Ribo_ND_025389	Ribo_ND_025389|Pdomain|Yellow|record0	0	rna_virus	Yellow	Yellow	0.69158435	1	1	False	False	frozen_esm2_35m_head	Blue,Green,Purple,Red	Yellow	moderate_crucivirus_like	True	False	True	rna_virus_scored_crucivirus_like	0.69158435			
Rdomain	Yellow	Ribo_ND_313196	0	0.6913722	1	False	1	False	1	False	/workspace/cruci-classifier/results/grid_esm35m_e50/Rdomain/Yellow/eval/test_eval_results.csv	0	0.471052885055542	Ribo_ND_313196	116	116	0	0	R_domain	Ribo_ND_313196	Ribo_ND_313196|Rdomain|Yellow|record0	0	rna_virus	Yellow	Yellow	0.6913722	1	1	False	False	frozen_esm2_35m_head	Blue,Green,Purple,Red	Yellow	moderate_crucivirus_like	True	False	True	rna_virus_scored_crucivirus_like	0.6913722			
Sdomain	Green	Cruci_CruCGE_436	1	0.30959705	0	False	0	False	0	False	/workspace/cruci-classifier/results/grid_esm35m_e50/Sdomain/Green/eval/test_eval_results.csv	0	0.5480888485908508	Cruci_CruCGE_436	194	194	0	0	S_domain	Cruci_CruCGE_436	Cruci_CruCGE_436|Sdomain|Green|record0	1	crucivirus	Green	Green	0.30959705	0	0	False	False	frozen_esm2_35m_head	Blue,Purple,Red,Yellow	Green	moderate_rna_like	True	False	True	crucivirus_scored_rna_like	0.69040295			
Pdomain	Blue	Cruci_CruV-567	1	0.30969304	0	False	0	False	0	False	/workspace/cruci-classifier/results/grid_esm35m_e50/Pdomain/Blue/eval/test_eval_results.csv	0	0.4954362213611603	Cruci_CruV-567	164	164	0	0	P_domain	Cruci_CruV-567	Cruci_CruV-567|Pdomain|Blue|record0	1	crucivirus	Blue	Blue	0.30969304	0	0	False	False	frozen_esm2_35m_head	Green,Purple,Red,Yellow	Blue	moderate_rna_like	True	False	True	crucivirus_scored_rna_like	0.69030696			
Pdomain	Purple	Cruci_CruV_194	1	0.3097699	0	False	0	False	0	False	/workspace/cruci-classifier/results/grid_esm35m_e50/Pdomain/Purple/eval/test_eval_results.csv	0	0.4982953071594238	Cruci_CruV_194	262	262	0	0	P_domain	Cruci_CruV_194	Cruci_CruV_194|Pdomain|Purple|record0	1	crucivirus	Purple	Purple	0.3097699	0	0	False	False	frozen_esm2_35m_head	Blue,Green,Red,Yellow	Purple	moderate_rna_like	True	False	True	crucivirus_scored_rna_like	0.6902301			
Pdomain	Purple	Cruci_CruV_297	1	0.30977672	0	False	0	False	0	False	/workspace/cruci-classifier/results/grid_esm35m_e50/Pdomain/Purple/eval/test_eval_results.csv	0	0.4982953071594238	Cruci_CruV_297	240	240	0	0	P_domain	Cruci_CruV_297	Cruci_CruV_297|Pdomain|Purple|record0	1	crucivirus	Purple	Purple	0.30977672	0	0	False	False	frozen_esm2_35m_head	Blue,Green,Red,Yellow	Purple	moderate_rna_like	True	False	True	crucivirus_scored_rna_like	0.69022328			
Sdomain	Blue	Cruci_CruV_299	1	0.3098076	0	False	0	False	0	False	/workspace/cruci-classifier/results/grid_esm35m_e50/Sdomain/Blue/eval/test_eval_results.csv	0	0.3950238227844238	Cruci_CruV_299	185	185	0	0	S_domain	Cruci_CruV_299	Cruci_CruV_299|Sdomain|Blue|record0	1	crucivirus	Blue	Blue	0.3098076	0	0	False	False	frozen_esm2_35m_head	Green,Purple,Red,Yellow	Blue	moderate_rna_like	True	False	True	crucivirus_scored_rna_like	0.6901923999999999			
Pdomain	Red	Ribo_ND_155991	0	0.68949986	1	False	1	False	1	False	/workspace/cruci-classifier/results/grid_esm35m_e50/Pdomain/Red/eval/test_eval_results.csv	0	0.4583896696567535	Ribo_ND_155991	154	154	0	0	P_domain	Ribo_ND_155991	Ribo_ND_155991|Pdomain|Red|record0	0	rna_virus	Red	Red	0.68949986	1	1	False	False	frozen_esm2_35m_head	Blue,Green,Purple,Yellow	Red	moderate_crucivirus_like	True	False	True	rna_virus_scored_crucivirus_like	0.68949986			
fullCP	Red	Ribo_ND_082626	0	0.6894412	1	False	1	False	1	False	/workspace/cruci-classifier/results/grid_esm35m_e50/fullCP/Red/eval/test_eval_results.csv	0	0.4925376772880554	Ribo_ND_082626	613	614	1	0	full_capsid	Ribo_ND_082626	Ribo_ND_082626|fullCP|Red|record0	0	rna_virus	Red	Red	0.6894412	1	1	False	False	frozen_esm2_35m_head	Blue,Green,Purple,Yellow	Red	moderate_crucivirus_like	True	False	True	rna_virus_scored_crucivirus_like	0.6894412			
fullCP	Blue	Cruci_CruV_262	1	0.31056592	0	False	0	False	0	False	/workspace/cruci-classifier/results/grid_esm35m_e50/fullCP/Blue/eval/test_eval_results.csv	0	0.4914703667163849	Cruci_CruV_262	432	433	1	0	full_capsid	Cruci_CruV_262	Cruci_CruV_262|fullCP|Blue|record0	1	crucivirus	Blue	Blue	0.31056592	0	0	False	False	frozen_esm2_35m_head	Green,Purple,Red,Yellow	Blue	moderate_rna_like	True	False	True	crucivirus_scored_rna_like	0.6894340800000001			
Pdomain	Blue	Ribo_ND_132795	0	0.6888243	1	False	1	False	1	False	/workspace/cruci-classifier/results/grid_esm35m_e50/Pdomain/Blue/eval/test_eval_results.csv	0	0.4954362213611603	Ribo_ND_132795	205	205	0	0	P_domain	Ribo_ND_132795	Ribo_ND_132795|Pdomain|Blue|record0	0	rna_virus	Blue	Blue	0.6888243	1	1	False	False	frozen_esm2_35m_head	Green,Purple,Red,Yellow	Blue	moderate_crucivirus_like	True	False	True	rna_virus_scored_crucivirus_like	0.6888243			
Pdomain	Yellow	Ribo_tombunoda_PlhalsV2	0	0.6888118	1	False	1	False	1	False	/workspace/cruci-classifier/results/grid_esm35m_e50/Pdomain/Yellow/eval/test_eval_results.csv	0	0.4989717900753021	Ribo_tombunoda_PlhalsV2	150	150	0	0	P_domain	Ribo_tombunoda_PlhalsV2	Ribo_tombunoda_PlhalsV2|Pdomain|Yellow|record0	0	rna_virus	Yellow	Yellow	0.6888118	1	1	False	False	frozen_esm2_35m_head	Blue,Green,Purple,Red	Yellow	moderate_crucivirus_like	True	False	True	rna_virus_scored_crucivirus_like	0.6888118			
Rdomain	Purple	Cruci_CruV-832	1	0.31129414	0	False	0	False	0	False	/workspace/cruci-classifier/results/grid_esm35m_e50/Rdomain/Purple/eval/test_eval_results.csv	0	0.5012195110321045	Cruci_CruV-832	57	57	0	0	R_domain	Cruci_CruV-832	Cruci_CruV-832|Rdomain|Purple|record0	1	crucivirus	Purple	Purple	0.31129414	0	0	False	False	frozen_esm2_35m_head	Blue,Green,Red,Yellow	Purple	moderate_rna_like	True	False	True	crucivirus_scored_rna_like	0.68870586			
Pdomain	Purple	Cruci_CruV-912	1	0.31129682	0	False	0	False	0	False	/workspace/cruci-classifier/results/grid_esm35m_e50/Pdomain/Purple/eval/test_eval_results.csv	0	0.4982953071594238	Cruci_CruV-912	31	31	0	0	P_domain	Cruci_CruV-912	Cruci_CruV-912|Pdomain|Purple|record0	1	crucivirus	Purple	Purple	0.31129682	0	0	False	False	frozen_esm2_35m_head	Blue,Green,Red,Yellow	Purple	moderate_rna_like	True	False	True	crucivirus_scored_rna_like	0.6887031800000001			
Pdomain	Red	Ribo_ND_043264	0	0.6886861	1	False	1	False	1	False	/workspace/cruci-classifier/results/grid_esm35m_e50/Pdomain/Red/eval/test_eval_results.csv	0	0.4583896696567535	Ribo_ND_043264	356	356	0	0	P_domain	Ribo_ND_043264	Ribo_ND_043264|Pdomain|Red|record0	0	rna_virus	Red	Red	0.6886861	1	1	False	False	frozen_esm2_35m_head	Blue,Green,Purple,Yellow	Red	moderate_crucivirus_like	True	False	True	rna_virus_scored_crucivirus_like	0.6886861			
fullCP	Purple	Cruci_CruV_174	1	0.31185582	0	False	0	False	0	False	/workspace/cruci-classifier/results/grid_esm35m_e50/fullCP/Purple/eval/test_eval_results.csv	0	0.4988135993480682	Cruci_CruV_174	516	517	1	0	full_capsid	Cruci_CruV_174	Cruci_CruV_174|fullCP|Purple|record0	1	crucivirus	Purple	Purple	0.31185582	0	0	False	False	frozen_esm2_35m_head	Blue,Green,Red,Yellow	Purple	moderate_rna_like	True	False	True	crucivirus_scored_rna_like	0.68814418			
Sdomain	Blue	Cruci_CruV_425	1	0.31205407	0	False	0	False	0	False	/workspace/cruci-classifier/results/grid_esm35m_e50/Sdomain/Blue/eval/test_eval_results.csv	0	0.3950238227844238	Cruci_CruV_425	183	183	0	0	S_domain	Cruci_CruV_425	Cruci_CruV_425|Sdomain|Blue|record0	1	crucivirus	Blue	Blue	0.31205407	0	0	False	False	frozen_esm2_35m_head	Green,Purple,Red,Yellow	Blue	moderate_rna_like	True	False	True	crucivirus_scored_rna_like	0.6879459299999999			
Pdomain	Blue	Ribo_ND_187940	0	0.68784666	1	False	1	False	1	False	/workspace/cruci-classifier/results/grid_esm35m_e50/Pdomain/Blue/eval/test_eval_results.csv	0	0.4954362213611603	Ribo_ND_187940	149	149	0	0	P_domain	Ribo_ND_187940	Ribo_ND_187940|Pdomain|Blue|record0	0	rna_virus	Blue	Blue	0.68784666	1	1	False	False	frozen_esm2_35m_head	Green,Purple,Red,Yellow	Blue	moderate_crucivirus_like	True	False	True	rna_virus_scored_crucivirus_like	0.68784666			
Sdomain	Blue	Cruci_CruV_314	1	0.31218842	0	False	0	False	0	False	/workspace/cruci-classifier/results/grid_esm35m_e50/Sdomain/Blue/eval/test_eval_results.csv	0	0.3950238227844238	Cruci_CruV_314	185	185	0	0	S_domain	Cruci_CruV_314	Cruci_CruV_314|Sdomain|Blue|record0	1	crucivirus	Blue	Blue	0.31218842	0	0	False	False	frozen_esm2_35m_head	Green,Purple,Red,Yellow	Blue	moderate_rna_like	True	False	True	crucivirus_scored_rna_like	0.68781158			
Pdomain	Yellow	Ribo_ND_025210	0	0.6876804	1	False	1	False	1	False	/workspace/cruci-classifier/results/grid_esm35m_e50/Pdomain/Yellow/eval/test_eval_results.csv	0	0.4989717900753021	Ribo_ND_025210	154	154	0	0	P_domain	Ribo_ND_025210	Ribo_ND_025210|Pdomain|Yellow|record0	0	rna_virus	Yellow	Yellow	0.6876804	1	1	False	False	frozen_esm2_35m_head	Blue,Green,Purple,Red	Yellow	moderate_crucivirus_like	True	False	True	rna_virus_scored_crucivirus_like	0.6876804			
fullCP	Green	Ribo_ND_056123	0	0.68759847	1	False	1	False	1	False	/workspace/cruci-classifier/results/grid_esm35m_e50/fullCP/Green/eval/test_eval_results.csv	0	0.4995022118091583	Ribo_ND_056123	567	568	1	0	full_capsid	Ribo_ND_056123	Ribo_ND_056123|fullCP|Green|record0	0	rna_virus	Green	Green	0.68759847	1	1	False	False	frozen_esm2_35m_head	Blue,Purple,Red,Yellow	Green	moderate_crucivirus_like	True	False	True	rna_virus_scored_crucivirus_like	0.68759847			
fullCP	Green	Cruci_CruV-970	1	0.31262758	0	False	0	False	0	False	/workspace/cruci-classifier/results/grid_esm35m_e50/fullCP/Green/eval/test_eval_results.csv	0	0.4995022118091583	Cruci_CruV-970	396	396	0	0	full_capsid	Cruci_CruV-970	Cruci_CruV-970|fullCP|Green|record0	1	crucivirus	Green	Green	0.31262758	0	0	False	False	frozen_esm2_35m_head	Blue,Purple,Red,Yellow	Green	moderate_rna_like	True	False	True	crucivirus_scored_rna_like	0.68737242			
Sdomain	Yellow	Ribo_JAAOEH010004707.1	0	0.68736506	1	False	1	False	1	False	/workspace/cruci-classifier/results/grid_esm35m_e50/Sdomain/Yellow/eval/test_eval_results.csv	0	0.5087921023368835	Ribo_JAAOEH010004707.1	177	177	0	0	S_domain	Ribo_JAAOEH010004707.1	Ribo_JAAOEH010004707.1|Sdomain|Yellow|record0	0	rna_virus	Yellow	Yellow	0.68736506	1	1	False	False	frozen_esm2_35m_head	Blue,Green,Purple,Red	Yellow	moderate_crucivirus_like	True	False	True	rna_virus_scored_crucivirus_like	0.68736506			
Rdomain	Yellow	Ribo_ND_030302	0	0.6871027	1	False	1	False	1	False	/workspace/cruci-classifier/results/grid_esm35m_e50/Rdomain/Yellow/eval/test_eval_results.csv	0	0.471052885055542	Ribo_ND_030302	90	90	0	0	R_domain	Ribo_ND_030302	Ribo_ND_030302|Rdomain|Yellow|record0	0	rna_virus	Yellow	Yellow	0.6871027	1	1	False	False	frozen_esm2_35m_head	Blue,Green,Purple,Red	Yellow	moderate_crucivirus_like	True	False	True	rna_virus_scored_crucivirus_like	0.6871027			
Rdomain	Yellow	Ribo_ND_025210	0	0.6868932	1	False	1	False	1	False	/workspace/cruci-classifier/results/grid_esm35m_e50/Rdomain/Yellow/eval/test_eval_results.csv	0	0.471052885055542	Ribo_ND_025210	92	92	0	0	R_domain	Ribo_ND_025210	Ribo_ND_025210|Rdomain|Yellow|record0	0	rna_virus	Yellow	Yellow	0.6868932	1	1	False	False	frozen_esm2_35m_head	Blue,Green,Purple,Red	Yellow	moderate_crucivirus_like	True	False	True	rna_virus_scored_crucivirus_like	0.6868932			
Sdomain	Green	Cruci_CruV-936	1	0.31356108	0	False	0	False	0	False	/workspace/cruci-classifier/results/grid_esm35m_e50/Sdomain/Green/eval/test_eval_results.csv	0	0.5480888485908508	Cruci_CruV-936	185	185	0	0	S_domain	Cruci_CruV-936	Cruci_CruV-936|Sdomain|Green|record0	1	crucivirus	Green	Green	0.31356108	0	0	False	False	frozen_esm2_35m_head	Blue,Purple,Red,Yellow	Green	moderate_rna_like	True	False	True	crucivirus_scored_rna_like	0.6864389200000001			
Pdomain	Green	Ribo_ND_056464	0	0.6863961	1	False	1	False	1	False	/workspace/cruci-classifier/results/grid_esm35m_e50/Pdomain/Green/eval/test_eval_results.csv	0	0.5002309083938599	Ribo_ND_056464	214	214	0	0	P_domain	Ribo_ND_056464	Ribo_ND_056464|Pdomain|Green|record0	0	rna_virus	Green	Green	0.6863961	1	1	False	False	frozen_esm2_35m_head	Blue,Purple,Red,Yellow	Green	moderate_crucivirus_like	True	False	True	rna_virus_scored_crucivirus_like	0.6863961			
Sdomain	Yellow	Ribo_ND_025207	0	0.6863429	1	False	1	False	1	False	/workspace/cruci-classifier/results/grid_esm35m_e50/Sdomain/Yellow/eval/test_eval_results.csv	0	0.5087921023368835	Ribo_ND_025207	179	179	0	0	S_domain	Ribo_ND_025207	Ribo_ND_025207|Sdomain|Yellow|record0	0	rna_virus	Yellow	Yellow	0.6863429	1	1	False	False	frozen_esm2_35m_head	Blue,Green,Purple,Red	Yellow	moderate_crucivirus_like	True	False	True	rna_virus_scored_crucivirus_like	0.6863429			
fullCP	Green	Ribo_ND_049856	0	0.68605125	1	False	1	False	1	False	/workspace/cruci-classifier/results/grid_esm35m_e50/fullCP/Green/eval/test_eval_results.csv	0	0.4995022118091583	Ribo_ND_049856	453	454	1	0	full_capsid	Ribo_ND_049856	Ribo_ND_049856|fullCP|Green|record0	0	rna_virus	Green	Green	0.68605125	1	1	False	False	frozen_esm2_35m_head	Blue,Purple,Red,Yellow	Green	moderate_crucivirus_like	True	False	True	rna_virus_scored_crucivirus_like	0.68605125			
Sdomain	Yellow	Ribo_ND_029661	0	0.6859703	1	False	1	False	1	False	/workspace/cruci-classifier/results/grid_esm35m_e50/Sdomain/Yellow/eval/test_eval_results.csv	0	0.5087921023368835	Ribo_ND_029661	182	182	0	0	S_domain	Ribo_ND_029661	Ribo_ND_029661|Sdomain|Yellow|record0	0	rna_virus	Yellow	Yellow	0.6859703	1	1	False	False	frozen_esm2_35m_head	Blue,Green,Purple,Red	Yellow	moderate_crucivirus_like	True	False	True	rna_virus_scored_crucivirus_like	0.6859703			
fullCP	Yellow	Ribo_ND_202071	0	0.68590575	1	False	1	False	1	False	/workspace/cruci-classifier/results/grid_esm35m_e50/fullCP/Yellow/eval/test_eval_results.csv	0	0.4986207485198974	Ribo_ND_202071	439	440	1	0	full_capsid	Ribo_ND_202071	Ribo_ND_202071|fullCP|Yellow|record0	0	rna_virus	Yellow	Yellow	0.68590575	1	1	False	False	frozen_esm2_35m_head	Blue,Green,Purple,Red	Yellow	moderate_crucivirus_like	True	False	True	rna_virus_scored_crucivirus_like	0.68590575			
Pdomain	Yellow	Ribo_Ga0184579_111024	0	0.68585277	1	False	1	False	1	False	/workspace/cruci-classifier/results/grid_esm35m_e50/Pdomain/Yellow/eval/test_eval_results.csv	0	0.4989717900753021	Ribo_Ga0184579_111024	140	140	0	0	P_domain	Ribo_Ga0184579_111024	Ribo_Ga0184579_111024|Pdomain|Yellow|record0	0	rna_virus	Yellow	Yellow	0.68585277	1	1	False	False	frozen_esm2_35m_head	Blue,Green,Purple,Red	Yellow	moderate_crucivirus_like	True	False	True	rna_virus_scored_crucivirus_like	0.68585277			
fullCP	Red	Ribo_ND_124838	0	0.6856677	1	False	1	False	1	False	/workspace/cruci-classifier/results/grid_esm35m_e50/fullCP/Red/eval/test_eval_results.csv	0	0.4925376772880554	Ribo_ND_124838	395	396	1	0	full_capsid	Ribo_ND_124838	Ribo_ND_124838|fullCP|Red|record0	0	rna_virus	Red	Red	0.6856677	1	1	False	False	frozen_esm2_35m_head	Blue,Green,Purple,Yellow	Red	moderate_crucivirus_like	True	False	True	rna_virus_scored_crucivirus_like	0.6856677			
Pdomain	Green	Ribo_ND_045405	0	0.68551403	1	False	1	False	1	False	/workspace/cruci-classifier/results/grid_esm35m_e50/Pdomain/Green/eval/test_eval_results.csv	0	0.5002309083938599	Ribo_ND_045405	203	203	0	0	P_domain	Ribo_ND_045405	Ribo_ND_045405|Pdomain|Green|record0	0	rna_virus	Green	Green	0.68551403	1	1	False	False	frozen_esm2_35m_head	Blue,Purple,Red,Yellow	Green	moderate_crucivirus_like	True	False	True	rna_virus_scored_crucivirus_like	0.68551403			
Pdomain	Green	Ribo_ND_387689	0	0.6852175	1	False	1	False	1	False	/workspace/cruci-classifier/results/grid_esm35m_e50/Pdomain/Green/eval/test_eval_results.csv	0	0.5002309083938599	Ribo_ND_387689	81	81	0	0	P_domain	Ribo_ND_387689	Ribo_ND_387689|Pdomain|Green|record0	0	rna_virus	Green	Green	0.6852175	1	1	False	False	frozen_esm2_35m_head	Blue,Purple,Red,Yellow	Green	moderate_crucivirus_like	True	False	True	rna_virus_scored_crucivirus_like	0.6852175			
fullCP	Yellow	Cruci_CruV_204	1	0.31527886	0	False	0	False	0	False	/workspace/cruci-classifier/results/grid_esm35m_e50/fullCP/Yellow/eval/test_eval_results.csv	0	0.4986207485198974	Cruci_CruV_204	318	319	1	0	full_capsid	Cruci_CruV_204	Cruci_CruV_204|fullCP|Yellow|record0	1	crucivirus	Yellow	Yellow	0.31527886	0	0	False	False	frozen_esm2_35m_head	Blue,Green,Purple,Red	Yellow	moderate_rna_like	True	False	True	crucivirus_scored_rna_like	0.68472114			
fullCP	Red	Ribo_ND_124702	0	0.68438756	1	False	1	False	1	False	/workspace/cruci-classifier/results/grid_esm35m_e50/fullCP/Red/eval/test_eval_results.csv	0	0.4925376772880554	Ribo_ND_124702	496	497	1	0	full_capsid	Ribo_ND_124702	Ribo_ND_124702|fullCP|Red|record0	0	rna_virus	Red	Red	0.68438756	1	1	False	False	frozen_esm2_35m_head	Blue,Green,Purple,Yellow	Red	moderate_crucivirus_like	True	False	True	rna_virus_scored_crucivirus_like	0.68438756			
Pdomain	Yellow	Ribo_ND_113984	0	0.6843695	1	False	1	False	1	False	/workspace/cruci-classifier/results/grid_esm35m_e50/Pdomain/Yellow/eval/test_eval_results.csv	0	0.4989717900753021	Ribo_ND_113984	165	165	0	0	P_domain	Ribo_ND_113984	Ribo_ND_113984|Pdomain|Yellow|record0	0	rna_virus	Yellow	Yellow	0.6843695	1	1	False	False	frozen_esm2_35m_head	Blue,Green,Purple,Red	Yellow	moderate_crucivirus_like	True	False	True	rna_virus_scored_crucivirus_like	0.6843695			
Pdomain	Purple	Cruci_CruV-590	1	0.31586936	0	False	0	False	0	False	/workspace/cruci-classifier/results/grid_esm35m_e50/Pdomain/Purple/eval/test_eval_results.csv	0	0.4982953071594238	Cruci_CruV-590	151	151	0	0	P_domain	Cruci_CruV-590	Cruci_CruV-590|Pdomain|Purple|record0	1	crucivirus	Purple	Purple	0.31586936	0	0	False	False	frozen_esm2_35m_head	Blue,Green,Red,Yellow	Purple	moderate_rna_like	True	False	True	crucivirus_scored_rna_like	0.68413064			
fullCP	Green	Cruci_CruV_522	1	0.31587407	0	False	0	False	0	False	/workspace/cruci-classifier/results/grid_esm35m_e50/fullCP/Green/eval/test_eval_results.csv	0	0.4995022118091583	Cruci_CruV_522	409	410	1	0	full_capsid	Cruci_CruV_522	Cruci_CruV_522|fullCP|Green|record0	1	crucivirus	Green	Green	0.31587407	0	0	False	False	frozen_esm2_35m_head	Blue,Purple,Red,Yellow	Green	moderate_rna_like	True	False	True	crucivirus_scored_rna_like	0.68412593			
Pdomain	Blue	Cruci_CruV_223	1	0.31685993	0	False	0	False	0	False	/workspace/cruci-classifier/results/grid_esm35m_e50/Pdomain/Blue/eval/test_eval_results.csv	0	0.4954362213611603	Cruci_CruV_223	157	157	0	0	P_domain	Cruci_CruV_223	Cruci_CruV_223|Pdomain|Blue|record0	1	crucivirus	Blue	Blue	0.31685993	0	0	False	False	frozen_esm2_35m_head	Green,Purple,Red,Yellow	Blue	moderate_rna_like	True	False	True	crucivirus_scored_rna_like	0.68314007			
fullCP	Green	Cruci_CruV-958	1	0.31688905	0	False	0	False	0	False	/workspace/cruci-classifier/results/grid_esm35m_e50/fullCP/Green/eval/test_eval_results.csv	0	0.4995022118091583	Cruci_CruV-958	403	403	0	0	full_capsid	Cruci_CruV-958	Cruci_CruV-958|fullCP|Green|record0	1	crucivirus	Green	Green	0.31688905	0	0	False	False	frozen_esm2_35m_head	Blue,Purple,Red,Yellow	Green	moderate_rna_like	True	False	True	crucivirus_scored_rna_like	0.68311095			
Pdomain	Purple	Cruci_CruV-851	1	0.3169745	0	False	0	False	0	False	/workspace/cruci-classifier/results/grid_esm35m_e50/Pdomain/Purple/eval/test_eval_results.csv	0	0.4982953071594238	Cruci_CruV-851	245	245	0	0	P_domain	Cruci_CruV-851	Cruci_CruV-851|Pdomain|Purple|record0	1	crucivirus	Purple	Purple	0.3169745	0	0	False	False	frozen_esm2_35m_head	Blue,Green,Red,Yellow	Purple	moderate_rna_like	True	False	True	crucivirus_scored_rna_like	0.6830255000000001			
fullCP	Red	Ribo_ND_348995	0	0.6829886	1	False	1	False	1	False	/workspace/cruci-classifier/results/grid_esm35m_e50/fullCP/Red/eval/test_eval_results.csv	0	0.4925376772880554	Ribo_ND_348995	377	378	1	0	full_capsid	Ribo_ND_348995	Ribo_ND_348995|fullCP|Red|record0	0	rna_virus	Red	Red	0.6829886	1	1	False	False	frozen_esm2_35m_head	Blue,Green,Purple,Yellow	Red	moderate_crucivirus_like	True	False	True	rna_virus_scored_crucivirus_like	0.6829886			
Pdomain	Purple	Ribo_ND_388118	0	0.682987	1	False	1	False	1	False	/workspace/cruci-classifier/results/grid_esm35m_e50/Pdomain/Purple/eval/test_eval_results.csv	0	0.4982953071594238	Ribo_ND_388118	150	150	0	0	P_domain	Ribo_ND_388118	Ribo_ND_388118|Pdomain|Purple|record0	0	rna_virus	Purple	Purple	0.682987	1	1	False	False	frozen_esm2_35m_head	Blue,Green,Red,Yellow	Purple	moderate_crucivirus_like	True	False	True	rna_virus_scored_crucivirus_like	0.682987			
Pdomain	Yellow	Ribo_ND_114735	0	0.6828037	1	False	1	False	1	False	/workspace/cruci-classifier/results/grid_esm35m_e50/Pdomain/Yellow/eval/test_eval_results.csv	0	0.4989717900753021	Ribo_ND_114735	180	180	0	0	P_domain	Ribo_ND_114735	Ribo_ND_114735|Pdomain|Yellow|record0	0	rna_virus	Yellow	Yellow	0.6828037	1	1	False	False	frozen_esm2_35m_head	Blue,Green,Purple,Red	Yellow	moderate_crucivirus_like	True	False	True	rna_virus_scored_crucivirus_like	0.6828037			
Sdomain	Purple	Ribo_JAAOEH010002232.1	0	0.6824701	1	False	1	False	1	False	/workspace/cruci-classifier/results/grid_esm35m_e50/Sdomain/Purple/eval/test_eval_results.csv	0	0.5010125041007996	Ribo_JAAOEH010002232.1	186	186	0	0	S_domain	Ribo_JAAOEH010002232.1	Ribo_JAAOEH010002232.1|Sdomain|Purple|record0	0	rna_virus	Purple	Purple	0.6824701	1	1	False	False	frozen_esm2_35m_head	Blue,Green,Red,Yellow	Purple	moderate_crucivirus_like	True	False	True	rna_virus_scored_crucivirus_like	0.6824701			
Rdomain	Green	Ribo_ND_379299	0	0.6824544	1	False	1	False	1	False	/workspace/cruci-classifier/results/grid_esm35m_e50/Rdomain/Green/eval/test_eval_results.csv	0	0.5166996717453003	Ribo_ND_379299	141	141	0	0	R_domain	Ribo_ND_379299	Ribo_ND_379299|Rdomain|Green|record0	0	rna_virus	Green	Green	0.6824544	1	1	False	False	frozen_esm2_35m_head	Blue,Purple,Red,Yellow	Green	moderate_crucivirus_like	True	False	True	rna_virus_scored_crucivirus_like	0.6824544			
Pdomain	Blue	Ribo_ND_237671	0	0.6823781	1	False	1	False	1	False	/workspace/cruci-classifier/results/grid_esm35m_e50/Pdomain/Blue/eval/test_eval_results.csv	0	0.4954362213611603	Ribo_ND_237671	145	145	0	0	P_domain	Ribo_ND_237671	Ribo_ND_237671|Pdomain|Blue|record0	0	rna_virus	Blue	Blue	0.6823781	1	1	False	False	frozen_esm2_35m_head	Green,Purple,Red,Yellow	Blue	moderate_crucivirus_like	True	False	True	rna_virus_scored_crucivirus_like	0.6823781			
Rdomain	Purple	Cruci_CruV-928	1	0.31769332	0	False	0	False	0	False	/workspace/cruci-classifier/results/grid_esm35m_e50/Rdomain/Purple/eval/test_eval_results.csv	0	0.5012195110321045	Cruci_CruV-928	32	32	0	0	R_domain	Cruci_CruV-928	Cruci_CruV-928|Rdomain|Purple|record0	1	crucivirus	Purple	Purple	0.31769332	0	0	False	False	frozen_esm2_35m_head	Blue,Green,Red,Yellow	Purple	moderate_rna_like	True	False	True	crucivirus_scored_rna_like	0.6823066799999999			
Sdomain	Yellow	Ribo_ND_025168	0	0.68194926	1	False	1	False	1	False	/workspace/cruci-classifier/results/grid_esm35m_e50/Sdomain/Yellow/eval/test_eval_results.csv	0	0.5087921023368835	Ribo_ND_025168	182	182	0	0	S_domain	Ribo_ND_025168	Ribo_ND_025168|Sdomain|Yellow|record0	0	rna_virus	Yellow	Yellow	0.68194926	1	1	False	False	frozen_esm2_35m_head	Blue,Green,Purple,Red	Yellow	moderate_crucivirus_like	True	False	True	rna_virus_scored_crucivirus_like	0.68194926			
fullCP	Green	Cruci_CruV-945	1	0.31825712	0	False	0	False	0	False	/workspace/cruci-classifier/results/grid_esm35m_e50/fullCP/Green/eval/test_eval_results.csv	0	0.4995022118091583	Cruci_CruV-945	388	388	0	0	full_capsid	Cruci_CruV-945	Cruci_CruV-945|fullCP|Green|record0	1	crucivirus	Green	Green	0.31825712	0	0	False	False	frozen_esm2_35m_head	Blue,Purple,Red,Yellow	Green	moderate_rna_like	True	False	True	crucivirus_scored_rna_like	0.68174288			
Sdomain	Yellow	Ribo_ND_069154	0	0.6813287	1	False	1	False	1	False	/workspace/cruci-classifier/results/grid_esm35m_e50/Sdomain/Yellow/eval/test_eval_results.csv	0	0.5087921023368835	Ribo_ND_069154	182	182	0	0	S_domain	Ribo_ND_069154	Ribo_ND_069154|Sdomain|Yellow|record0	0	rna_virus	Yellow	Yellow	0.6813287	1	1	False	False	frozen_esm2_35m_head	Blue,Green,Purple,Red	Yellow	moderate_crucivirus_like	True	False	True	rna_virus_scored_crucivirus_like	0.6813287			
Rdomain	Red	Ribo_ND_163158	0	0.6810596	1	False	1	False	1	False	/workspace/cruci-classifier/results/grid_esm35m_e50/Rdomain/Red/eval/test_eval_results.csv	0	0.512529730796814	Ribo_ND_163158	121	121	0	0	R_domain	Ribo_ND_163158	Ribo_ND_163158|Rdomain|Red|record0	0	rna_virus	Red	Red	0.6810596	1	1	False	False	frozen_esm2_35m_head	Blue,Green,Purple,Yellow	Red	moderate_crucivirus_like	True	False	True	rna_virus_scored_crucivirus_like	0.6810596			
Sdomain	Yellow	Ribo_ND_047182	0	0.68079185	1	False	1	False	1	False	/workspace/cruci-classifier/results/grid_esm35m_e50/Sdomain/Yellow/eval/test_eval_results.csv	0	0.5087921023368835	Ribo_ND_047182	177	177	0	0	S_domain	Ribo_ND_047182	Ribo_ND_047182|Sdomain|Yellow|record0	0	rna_virus	Yellow	Yellow	0.68079185	1	1	False	False	frozen_esm2_35m_head	Blue,Green,Purple,Red	Yellow	moderate_crucivirus_like	True	False	True	rna_virus_scored_crucivirus_like	0.68079185			
Pdomain	Yellow	Ribo_ND_114170	0	0.6807035	1	False	1	False	1	False	/workspace/cruci-classifier/results/grid_esm35m_e50/Pdomain/Yellow/eval/test_eval_results.csv	0	0.4989717900753021	Ribo_ND_114170	205	205	0	0	P_domain	Ribo_ND_114170	Ribo_ND_114170|Pdomain|Yellow|record0	0	rna_virus	Yellow	Yellow	0.6807035	1	1	False	False	frozen_esm2_35m_head	Blue,Green,Purple,Red	Yellow	moderate_crucivirus_like	True	False	True	rna_virus_scored_crucivirus_like	0.6807035			
fullCP	Green	Ribo_ND_058275	0	0.6803925	1	False	1	False	1	False	/workspace/cruci-classifier/results/grid_esm35m_e50/fullCP/Green/eval/test_eval_results.csv	0	0.4995022118091583	Ribo_ND_058275	576	577	1	0	full_capsid	Ribo_ND_058275	Ribo_ND_058275|fullCP|Green|record0	0	rna_virus	Green	Green	0.6803925	1	1	False	False	frozen_esm2_35m_head	Blue,Purple,Red,Yellow	Green	moderate_crucivirus_like	True	False	True	rna_virus_scored_crucivirus_like	0.6803925			
Pdomain	Blue	Cruci_CruV_307	1	0.319906	0	False	0	False	0	False	/workspace/cruci-classifier/results/grid_esm35m_e50/Pdomain/Blue/eval/test_eval_results.csv	0	0.4954362213611603	Cruci_CruV_307	164	164	0	0	P_domain	Cruci_CruV_307	Cruci_CruV_307|Pdomain|Blue|record0	1	crucivirus	Blue	Blue	0.319906	0	0	False	False	frozen_esm2_35m_head	Green,Purple,Red,Yellow	Blue	moderate_rna_like	True	False	True	crucivirus_scored_rna_like	0.680094			
Sdomain	Red	Ribo_ND_046068	0	0.6800467	1	False	1	False	1	False	/workspace/cruci-classifier/results/grid_esm35m_e50/Sdomain/Red/eval/test_eval_results.csv	0	0.4007981121540069	Ribo_ND_046068	180	180	0	0	S_domain	Ribo_ND_046068	Ribo_ND_046068|Sdomain|Red|record0	0	rna_virus	Red	Red	0.6800467	1	1	False	False	frozen_esm2_35m_head	Blue,Green,Purple,Yellow	Red	moderate_crucivirus_like	True	False	True	rna_virus_scored_crucivirus_like	0.6800467			
Pdomain	Purple	Cruci_CruV_132	1	0.3202382	0	False	0	False	0	False	/workspace/cruci-classifier/results/grid_esm35m_e50/Pdomain/Purple/eval/test_eval_results.csv	0	0.4982953071594238	Cruci_CruV_132	147	147	0	0	P_domain	Cruci_CruV_132	Cruci_CruV_132|Pdomain|Purple|record0	1	crucivirus	Purple	Purple	0.3202382	0	0	False	False	frozen_esm2_35m_head	Blue,Green,Red,Yellow	Purple	moderate_rna_like	True	False	True	crucivirus_scored_rna_like	0.6797618000000001			
Sdomain	Purple	Cruci_CruV-847	1	0.32042518	0	False	0	False	0	False	/workspace/cruci-classifier/results/grid_esm35m_e50/Sdomain/Purple/eval/test_eval_results.csv	0	0.5010125041007996	Cruci_CruV-847	190	190	0	0	S_domain	Cruci_CruV-847	Cruci_CruV-847|Sdomain|Purple|record0	1	crucivirus	Purple	Purple	0.32042518	0	0	False	False	frozen_esm2_35m_head	Blue,Green,Red,Yellow	Purple	moderate_rna_like	True	False	True	crucivirus_scored_rna_like	0.67957482			
Pdomain	Purple	Ribo_ND_182235	0	0.67913824	1	False	1	False	1	False	/workspace/cruci-classifier/results/grid_esm35m_e50/Pdomain/Purple/eval/test_eval_results.csv	0	0.4982953071594238	Ribo_ND_182235	203	203	0	0	P_domain	Ribo_ND_182235	Ribo_ND_182235|Pdomain|Purple|record0	0	rna_virus	Purple	Purple	0.67913824	1	1	False	False	frozen_esm2_35m_head	Blue,Green,Red,Yellow	Purple	moderate_crucivirus_like	True	False	True	rna_virus_scored_crucivirus_like	0.67913824			
Rdomain	Yellow	Ribo_ND_025597	0	0.67910486	1	False	1	False	1	False	/workspace/cruci-classifier/results/grid_esm35m_e50/Rdomain/Yellow/eval/test_eval_results.csv	0	0.471052885055542	Ribo_ND_025597	121	121	0	0	R_domain	Ribo_ND_025597	Ribo_ND_025597|Rdomain|Yellow|record0	0	rna_virus	Yellow	Yellow	0.67910486	1	1	False	False	frozen_esm2_35m_head	Blue,Green,Purple,Red	Yellow	moderate_crucivirus_like	True	False	True	rna_virus_scored_crucivirus_like	0.67910486			
Pdomain	Yellow	Ribo_ND_239549	0	0.6789145	1	False	1	False	1	False	/workspace/cruci-classifier/results/grid_esm35m_e50/Pdomain/Yellow/eval/test_eval_results.csv	0	0.4989717900753021	Ribo_ND_239549	146	146	0	0	P_domain	Ribo_ND_239549	Ribo_ND_239549|Pdomain|Yellow|record0	0	rna_virus	Yellow	Yellow	0.6789145	1	1	False	False	frozen_esm2_35m_head	Blue,Green,Purple,Red	Yellow	moderate_crucivirus_like	True	False	True	rna_virus_scored_crucivirus_like	0.6789145			
Pdomain	Purple	Cruci_CruV_424	1	0.32110727	0	False	0	False	0	False	/workspace/cruci-classifier/results/grid_esm35m_e50/Pdomain/Purple/eval/test_eval_results.csv	0	0.4982953071594238	Cruci_CruV_424	158	158	0	0	P_domain	Cruci_CruV_424	Cruci_CruV_424|Pdomain|Purple|record0	1	crucivirus	Purple	Purple	0.32110727	0	0	False	False	frozen_esm2_35m_head	Blue,Green,Red,Yellow	Purple	moderate_rna_like	True	False	True	crucivirus_scored_rna_like	0.67889273			
Sdomain	Blue	Ribo_ND_366118	0	0.6788505	1	False	1	False	1	False	/workspace/cruci-classifier/results/grid_esm35m_e50/Sdomain/Blue/eval/test_eval_results.csv	0	0.3950238227844238	Ribo_ND_366118	180	180	0	0	S_domain	Ribo_ND_366118	Ribo_ND_366118|Sdomain|Blue|record0	0	rna_virus	Blue	Blue	0.6788505	1	1	False	False	frozen_esm2_35m_head	Green,Purple,Red,Yellow	Blue	moderate_crucivirus_like	True	False	True	rna_virus_scored_crucivirus_like	0.6788505			
Sdomain	Purple	Cruci_PB_KX388506	1	0.321656	0	False	0	False	0	False	/workspace/cruci-classifier/results/grid_esm35m_e50/Sdomain/Purple/eval/test_eval_results.csv	0	0.5010125041007996	Cruci_PB_KX388506	180	180	0	0	S_domain	Cruci_PB_KX388506	Cruci_PB_KX388506|Sdomain|Purple|record0	1	crucivirus	Purple	Purple	0.321656	0	0	False	False	frozen_esm2_35m_head	Blue,Green,Red,Yellow	Purple	moderate_rna_like	True	False	True	crucivirus_scored_rna_like	0.6783440000000001			
Pdomain	Purple	Cruci_CruV_119	1	0.32177213	0	False	0	False	0	False	/workspace/cruci-classifier/results/grid_esm35m_e50/Pdomain/Purple/eval/test_eval_results.csv	0	0.4982953071594238	Cruci_CruV_119	151	151	0	0	P_domain	Cruci_CruV_119	Cruci_CruV_119|Pdomain|Purple|record0	1	crucivirus	Purple	Purple	0.32177213	0	0	False	False	frozen_esm2_35m_head	Blue,Green,Red,Yellow	Purple	moderate_rna_like	True	False	True	crucivirus_scored_rna_like	0.67822787			
Pdomain	Purple	Cruci_CruV-875	1	0.32186615	0	False	0	False	0	False	/workspace/cruci-classifier/results/grid_esm35m_e50/Pdomain/Purple/eval/test_eval_results.csv	0	0.4982953071594238	Cruci_CruV-875	168	168	0	0	P_domain	Cruci_CruV-875	Cruci_CruV-875|Pdomain|Purple|record0	1	crucivirus	Purple	Purple	0.32186615	0	0	False	False	frozen_esm2_35m_head	Blue,Green,Red,Yellow	Purple	moderate_rna_like	True	False	True	crucivirus_scored_rna_like	0.67813385			
Pdomain	Green	Ribo_ND_030557	0	0.67806804	1	False	1	False	1	False	/workspace/cruci-classifier/results/grid_esm35m_e50/Pdomain/Green/eval/test_eval_results.csv	0	0.5002309083938599	Ribo_ND_030557	135	135	0	0	P_domain	Ribo_ND_030557	Ribo_ND_030557|Pdomain|Green|record0	0	rna_virus	Green	Green	0.67806804	1	1	False	False	frozen_esm2_35m_head	Blue,Purple,Red,Yellow	Green	moderate_crucivirus_like	True	False	True	rna_virus_scored_crucivirus_like	0.67806804			
Sdomain	Yellow	Ribo_ND_284211	0	0.6780251	1	False	1	False	1	False	/workspace/cruci-classifier/results/grid_esm35m_e50/Sdomain/Yellow/eval/test_eval_results.csv	0	0.5087921023368835	Ribo_ND_284211	182	182	0	0	S_domain	Ribo_ND_284211	Ribo_ND_284211|Sdomain|Yellow|record0	0	rna_virus	Yellow	Yellow	0.6780251	1	1	False	False	frozen_esm2_35m_head	Blue,Green,Purple,Red	Yellow	moderate_crucivirus_like	True	False	True	rna_virus_scored_crucivirus_like	0.6780251			
fullCP	Yellow	Cruci_CruV_370	1	0.32269448	0	False	0	False	0	False	/workspace/cruci-classifier/results/grid_esm35m_e50/fullCP/Yellow/eval/test_eval_results.csv	0	0.4986207485198974	Cruci_CruV_370	460	461	1	0	full_capsid	Cruci_CruV_370	Cruci_CruV_370|fullCP|Yellow|record0	1	crucivirus	Yellow	Yellow	0.32269448	0	0	False	False	frozen_esm2_35m_head	Blue,Green,Purple,Red	Yellow	moderate_rna_like	True	False	True	crucivirus_scored_rna_like	0.67730552			
Sdomain	Green	Cruci_CruV-967	1	0.3229001	0	False	0	False	0	False	/workspace/cruci-classifier/results/grid_esm35m_e50/Sdomain/Green/eval/test_eval_results.csv	0	0.5480888485908508	Cruci_CruV-967	186	186	0	0	S_domain	Cruci_CruV-967	Cruci_CruV-967|Sdomain|Green|record0	1	crucivirus	Green	Green	0.3229001	0	0	False	False	frozen_esm2_35m_head	Blue,Purple,Red,Yellow	Green	moderate_rna_like	True	False	True	crucivirus_scored_rna_like	0.6770999			
Rdomain	Yellow	Ribo_ND_028680	0	0.67704326	1	False	1	False	1	False	/workspace/cruci-classifier/results/grid_esm35m_e50/Rdomain/Yellow/eval/test_eval_results.csv	0	0.471052885055542	Ribo_ND_028680	99	99	0	0	R_domain	Ribo_ND_028680	Ribo_ND_028680|Rdomain|Yellow|record0	0	rna_virus	Yellow	Yellow	0.67704326	1	1	False	False	frozen_esm2_35m_head	Blue,Green,Purple,Red	Yellow	moderate_crucivirus_like	True	False	True	rna_virus_scored_crucivirus_like	0.67704326			
Rdomain	Blue	Cruci_CruV_332	1	0.32309294	0	False	0	False	0	False	/workspace/cruci-classifier/results/grid_esm35m_e50/Rdomain/Blue/eval/test_eval_results.csv	0	0.4960196018218994	Cruci_CruV_332	68	68	0	0	R_domain	Cruci_CruV_332	Cruci_CruV_332|Rdomain|Blue|record0	1	crucivirus	Blue	Blue	0.32309294	0	0	False	False	frozen_esm2_35m_head	Green,Purple,Red,Yellow	Blue	moderate_rna_like	True	False	True	crucivirus_scored_rna_like	0.67690706			
fullCP	Green	Cruci_CruV-801	1	0.32325685	0	False	0	False	0	False	/workspace/cruci-classifier/results/grid_esm35m_e50/fullCP/Green/eval/test_eval_results.csv	0	0.4995022118091583	Cruci_CruV-801	503	503	0	0	full_capsid	Cruci_CruV-801	Cruci_CruV-801|fullCP|Green|record0	1	crucivirus	Green	Green	0.32325685	0	0	False	False	frozen_esm2_35m_head	Blue,Purple,Red,Yellow	Green	moderate_rna_like	True	False	True	crucivirus_scored_rna_like	0.6767431500000001			
Pdomain	Yellow	Ribo_ND_381661	0	0.676481	1	False	1	False	1	False	/workspace/cruci-classifier/results/grid_esm35m_e50/Pdomain/Yellow/eval/test_eval_results.csv	0	0.4989717900753021	Ribo_ND_381661	207	207	0	0	P_domain	Ribo_ND_381661	Ribo_ND_381661|Pdomain|Yellow|record0	0	rna_virus	Yellow	Yellow	0.676481	1	1	False	False	frozen_esm2_35m_head	Blue,Green,Purple,Red	Yellow	moderate_crucivirus_like	True	False	True	rna_virus_scored_crucivirus_like	0.676481			
Pdomain	Yellow	Ribo_ND_251248	0	0.6762465	1	False	1	False	1	False	/workspace/cruci-classifier/results/grid_esm35m_e50/Pdomain/Yellow/eval/test_eval_results.csv	0	0.4989717900753021	Ribo_ND_251248	152	152	0	0	P_domain	Ribo_ND_251248	Ribo_ND_251248|Pdomain|Yellow|record0	0	rna_virus	Yellow	Yellow	0.6762465	1	1	False	False	frozen_esm2_35m_head	Blue,Green,Purple,Red	Yellow	moderate_crucivirus_like	True	False	True	rna_virus_scored_crucivirus_like	0.6762465			
fullCP	Green	Ribo_ND_169315	0	0.6761554	1	False	1	False	1	False	/workspace/cruci-classifier/results/grid_esm35m_e50/fullCP/Green/eval/test_eval_results.csv	0	0.4995022118091583	Ribo_ND_169315	377	378	1	0	full_capsid	Ribo_ND_169315	Ribo_ND_169315|fullCP|Green|record0	0	rna_virus	Green	Green	0.6761554	1	1	False	False	frozen_esm2_35m_head	Blue,Purple,Red,Yellow	Green	moderate_crucivirus_like	True	False	True	rna_virus_scored_crucivirus_like	0.6761554			
fullCP	Yellow	Cruci_CruV_205	1	0.32402495	0	False	0	False	0	False	/workspace/cruci-classifier/results/grid_esm35m_e50/fullCP/Yellow/eval/test_eval_results.csv	0	0.4986207485198974	Cruci_CruV_205	318	319	1	0	full_capsid	Cruci_CruV_205	Cruci_CruV_205|fullCP|Yellow|record0	1	crucivirus	Yellow	Yellow	0.32402495	0	0	False	False	frozen_esm2_35m_head	Blue,Green,Purple,Red	Yellow	moderate_rna_like	True	False	True	crucivirus_scored_rna_like	0.67597505			
Sdomain	Green	Cruci_CruV-808	1	0.32403535	0	False	0	False	0	False	/workspace/cruci-classifier/results/grid_esm35m_e50/Sdomain/Green/eval/test_eval_results.csv	0	0.5480888485908508	Cruci_CruV-808	192	192	0	0	S_domain	Cruci_CruV-808	Cruci_CruV-808|Sdomain|Green|record0	1	crucivirus	Green	Green	0.32403535	0	0	False	False	frozen_esm2_35m_head	Blue,Purple,Red,Yellow	Green	moderate_rna_like	True	False	True	crucivirus_scored_rna_like	0.6759646500000001			
Pdomain	Blue	Ribo_ND_132962	0	0.6758213	1	False	1	False	1	False	/workspace/cruci-classifier/results/grid_esm35m_e50/Pdomain/Blue/eval/test_eval_results.csv	0	0.4954362213611603	Ribo_ND_132962	162	162	0	0	P_domain	Ribo_ND_132962	Ribo_ND_132962|Pdomain|Blue|record0	0	rna_virus	Blue	Blue	0.6758213	1	1	False	False	frozen_esm2_35m_head	Green,Purple,Red,Yellow	Blue	moderate_crucivirus_like	True	False	True	rna_virus_scored_crucivirus_like	0.6758213			
Rdomain	Green	Ribo_ND_227326	0	0.6756818	1	False	1	False	1	False	/workspace/cruci-classifier/results/grid_esm35m_e50/Rdomain/Green/eval/test_eval_results.csv	0	0.5166996717453003	Ribo_ND_227326	134	134	0	0	R_domain	Ribo_ND_227326	Ribo_ND_227326|Rdomain|Green|record0	0	rna_virus	Green	Green	0.6756818	1	1	False	False	frozen_esm2_35m_head	Blue,Purple,Red,Yellow	Green	moderate_crucivirus_like	True	False	True	rna_virus_scored_crucivirus_like	0.6756818			
Sdomain	Purple	Cruci_CruV-774	1	0.32431948	0	False	0	False	0	False	/workspace/cruci-classifier/results/grid_esm35m_e50/Sdomain/Purple/eval/test_eval_results.csv	0	0.5010125041007996	Cruci_CruV-774	179	179	0	0	S_domain	Cruci_CruV-774	Cruci_CruV-774|Sdomain|Purple|record0	1	crucivirus	Purple	Purple	0.32431948	0	0	False	False	frozen_esm2_35m_head	Blue,Green,Red,Yellow	Purple	moderate_rna_like	True	False	True	crucivirus_scored_rna_like	0.67568052			
fullCP	Green	Cruci_CruV_515	1	0.32434604	0	False	0	False	0	False	/workspace/cruci-classifier/results/grid_esm35m_e50/fullCP/Green/eval/test_eval_results.csv	0	0.4995022118091583	Cruci_CruV_515	459	460	1	0	full_capsid	Cruci_CruV_515	Cruci_CruV_515|fullCP|Green|record0	1	crucivirus	Green	Green	0.32434604	0	0	False	False	frozen_esm2_35m_head	Blue,Purple,Red,Yellow	Green	moderate_rna_like	True	False	True	crucivirus_scored_rna_like	0.67565396			
Sdomain	Yellow	Ribo_ND_037412	0	0.67539716	1	False	1	False	1	False	/workspace/cruci-classifier/results/grid_esm35m_e50/Sdomain/Yellow/eval/test_eval_results.csv	0	0.5087921023368835	Ribo_ND_037412	182	182	0	0	S_domain	Ribo_ND_037412	Ribo_ND_037412|Sdomain|Yellow|record0	0	rna_virus	Yellow	Yellow	0.67539716	1	1	False	False	frozen_esm2_35m_head	Blue,Green,Purple,Red	Yellow	moderate_crucivirus_like	True	False	True	rna_virus_scored_crucivirus_like	0.67539716			
Pdomain	Green	Cruci_CruV-890	1	0.32475442	0	False	0	False	0	False	/workspace/cruci-classifier/results/grid_esm35m_e50/Pdomain/Green/eval/test_eval_results.csv	0	0.5002309083938599	Cruci_CruV-890	218	218	0	0	P_domain	Cruci_CruV-890	Cruci_CruV-890|Pdomain|Green|record0	1	crucivirus	Green	Green	0.32475442	0	0	False	False	frozen_esm2_35m_head	Blue,Purple,Red,Yellow	Green	moderate_rna_like	True	False	True	crucivirus_scored_rna_like	0.67524558			
fullCP	Red	Ribo_ND_152138	0	0.675236	1	False	1	False	1	False	/workspace/cruci-classifier/results/grid_esm35m_e50/fullCP/Red/eval/test_eval_results.csv	0	0.4925376772880554	Ribo_ND_152138	484	485	1	0	full_capsid	Ribo_ND_152138	Ribo_ND_152138|fullCP|Red|record0	0	rna_virus	Red	Red	0.675236	1	1	False	False	frozen_esm2_35m_head	Blue,Green,Purple,Yellow	Red	moderate_crucivirus_like	True	False	True	rna_virus_scored_crucivirus_like	0.675236			
fullCP	Purple	Cruci_CruV-609	1	0.32483476	0	False	0	False	0	False	/workspace/cruci-classifier/results/grid_esm35m_e50/fullCP/Purple/eval/test_eval_results.csv	0	0.4988135993480682	Cruci_CruV-609	440	440	0	0	full_capsid	Cruci_CruV-609	Cruci_CruV-609|fullCP|Purple|record0	1	crucivirus	Purple	Purple	0.32483476	0	0	False	False	frozen_esm2_35m_head	Blue,Green,Red,Yellow	Purple	moderate_rna_like	True	False	True	crucivirus_scored_rna_like	0.67516524			
Sdomain	Purple	Ribo_ND_159768	0	0.67485636	1	False	1	False	1	False	/workspace/cruci-classifier/results/grid_esm35m_e50/Sdomain/Purple/eval/test_eval_results.csv	0	0.5010125041007996	Ribo_ND_159768	184	184	0	0	S_domain	Ribo_ND_159768	Ribo_ND_159768|Sdomain|Purple|record0	0	rna_virus	Purple	Purple	0.67485636	1	1	False	False	frozen_esm2_35m_head	Blue,Green,Red,Yellow	Purple	moderate_crucivirus_like	True	False	True	rna_virus_scored_crucivirus_like	0.67485636			
Sdomain	Yellow	Ribo_ND_029438	0	0.6747136	1	False	1	False	1	False	/workspace/cruci-classifier/results/grid_esm35m_e50/Sdomain/Yellow/eval/test_eval_results.csv	0	0.5087921023368835	Ribo_ND_029438	177	177	0	0	S_domain	Ribo_ND_029438	Ribo_ND_029438|Sdomain|Yellow|record0	0	rna_virus	Yellow	Yellow	0.6747136	1	1	False	False	frozen_esm2_35m_head	Blue,Green,Purple,Red	Yellow	moderate_crucivirus_like	True	False	True	rna_virus_scored_crucivirus_like	0.6747136			
fullCP	Red	Ribo_ND_046480	0	0.6746979	1	False	1	False	1	False	/workspace/cruci-classifier/results/grid_esm35m_e50/fullCP/Red/eval/test_eval_results.csv	0	0.4925376772880554	Ribo_ND_046480	425	426	1	0	full_capsid	Ribo_ND_046480	Ribo_ND_046480|fullCP|Red|record0	0	rna_virus	Red	Red	0.6746979	1	1	False	False	frozen_esm2_35m_head	Blue,Green,Purple,Yellow	Red	moderate_crucivirus_like	True	False	True	rna_virus_scored_crucivirus_like	0.6746979			
Pdomain	Yellow	Ribo_ND_050484	0	0.6746054	1	False	1	False	1	False	/workspace/cruci-classifier/results/grid_esm35m_e50/Pdomain/Yellow/eval/test_eval_results.csv	0	0.4989717900753021	Ribo_ND_050484	169	169	0	0	P_domain	Ribo_ND_050484	Ribo_ND_050484|Pdomain|Yellow|record0	0	rna_virus	Yellow	Yellow	0.6746054	1	1	False	False	frozen_esm2_35m_head	Blue,Green,Purple,Red	Yellow	moderate_crucivirus_like	True	False	True	rna_virus_scored_crucivirus_like	0.6746054			
Rdomain	Yellow	Ribo_ND_097599	0	0.6743052	1	False	1	False	1	False	/workspace/cruci-classifier/results/grid_esm35m_e50/Rdomain/Yellow/eval/test_eval_results.csv	0	0.471052885055542	Ribo_ND_097599	84	84	0	0	R_domain	Ribo_ND_097599	Ribo_ND_097599|Rdomain|Yellow|record0	0	rna_virus	Yellow	Yellow	0.6743052	1	1	False	False	frozen_esm2_35m_head	Blue,Green,Purple,Red	Yellow	moderate_crucivirus_like	True	False	True	rna_virus_scored_crucivirus_like	0.6743052			
Rdomain	Yellow	Ribo_ND_025035	0	0.67424554	1	False	1	False	1	False	/workspace/cruci-classifier/results/grid_esm35m_e50/Rdomain/Yellow/eval/test_eval_results.csv	0	0.471052885055542	Ribo_ND_025035	112	112	0	0	R_domain	Ribo_ND_025035	Ribo_ND_025035|Rdomain|Yellow|record0	0	rna_virus	Yellow	Yellow	0.67424554	1	1	False	False	frozen_esm2_35m_head	Blue,Green,Purple,Red	Yellow	moderate_crucivirus_like	True	False	True	rna_virus_scored_crucivirus_like	0.67424554			
Pdomain	Purple	Cruci_CruV_163	1	0.32587823	0	False	0	False	0	False	/workspace/cruci-classifier/results/grid_esm35m_e50/Pdomain/Purple/eval/test_eval_results.csv	0	0.4982953071594238	Cruci_CruV_163	226	226	0	0	P_domain	Cruci_CruV_163	Cruci_CruV_163|Pdomain|Purple|record0	1	crucivirus	Purple	Purple	0.32587823	0	0	False	False	frozen_esm2_35m_head	Blue,Green,Red,Yellow	Purple	moderate_rna_like	True	False	True	crucivirus_scored_rna_like	0.67412177			
fullCP	Red	Ribo_ND_128603	0	0.67408574	1	False	1	False	1	False	/workspace/cruci-classifier/results/grid_esm35m_e50/fullCP/Red/eval/test_eval_results.csv	0	0.4925376772880554	Ribo_ND_128603	479	480	1	0	full_capsid	Ribo_ND_128603	Ribo_ND_128603|fullCP|Red|record0	0	rna_virus	Red	Red	0.67408574	1	1	False	False	frozen_esm2_35m_head	Blue,Green,Purple,Yellow	Red	moderate_crucivirus_like	True	False	True	rna_virus_scored_crucivirus_like	0.67408574			
Pdomain	Green	Ribo_ND_147366	0	0.67390186	1	False	1	False	1	False	/workspace/cruci-classifier/results/grid_esm35m_e50/Pdomain/Green/eval/test_eval_results.csv	0	0.5002309083938599	Ribo_ND_147366	146	146	0	0	P_domain	Ribo_ND_147366	Ribo_ND_147366|Pdomain|Green|record0	0	rna_virus	Green	Green	0.67390186	1	1	False	False	frozen_esm2_35m_head	Blue,Purple,Red,Yellow	Green	moderate_crucivirus_like	True	False	True	rna_virus_scored_crucivirus_like	0.67390186			
Sdomain	Blue	Ribo_ND_099990	0	0.6738529	1	False	1	False	1	False	/workspace/cruci-classifier/results/grid_esm35m_e50/Sdomain/Blue/eval/test_eval_results.csv	0	0.3950238227844238	Ribo_ND_099990	181	181	0	0	S_domain	Ribo_ND_099990	Ribo_ND_099990|Sdomain|Blue|record0	0	rna_virus	Blue	Blue	0.6738529	1	1	False	False	frozen_esm2_35m_head	Green,Purple,Red,Yellow	Blue	moderate_crucivirus_like	True	False	True	rna_virus_scored_crucivirus_like	0.6738529			
fullCP	Red	Ribo_ND_251353	0	0.6730897	1	False	1	False	1	False	/workspace/cruci-classifier/results/grid_esm35m_e50/fullCP/Red/eval/test_eval_results.csv	0	0.4925376772880554	Ribo_ND_251353	486	487	1	0	full_capsid	Ribo_ND_251353	Ribo_ND_251353|fullCP|Red|record0	0	rna_virus	Red	Red	0.6730897	1	1	False	False	frozen_esm2_35m_head	Blue,Green,Purple,Yellow	Red	moderate_crucivirus_like	True	False	True	rna_virus_scored_crucivirus_like	0.6730897			
fullCP	Yellow	Ribo_ND_037412	0	0.6730616	1	False	1	False	1	False	/workspace/cruci-classifier/results/grid_esm35m_e50/fullCP/Yellow/eval/test_eval_results.csv	0	0.4986207485198974	Ribo_ND_037412	598	599	1	0	full_capsid	Ribo_ND_037412	Ribo_ND_037412|fullCP|Yellow|record0	0	rna_virus	Yellow	Yellow	0.6730616	1	1	False	False	frozen_esm2_35m_head	Blue,Green,Purple,Red	Yellow	moderate_crucivirus_like	True	False	True	rna_virus_scored_crucivirus_like	0.6730616			
Sdomain	Purple	Ribo_ND_182785	0	0.67296445	1	False	1	False	1	False	/workspace/cruci-classifier/results/grid_esm35m_e50/Sdomain/Purple/eval/test_eval_results.csv	0	0.5010125041007996	Ribo_ND_182785	185	185	0	0	S_domain	Ribo_ND_182785	Ribo_ND_182785|Sdomain|Purple|record0	0	rna_virus	Purple	Purple	0.67296445	1	1	False	False	frozen_esm2_35m_head	Blue,Green,Red,Yellow	Purple	moderate_crucivirus_like	True	False	True	rna_virus_scored_crucivirus_like	0.67296445			
Sdomain	Green	Cruci_CruV-890	1	0.3270931	0	False	0	False	0	False	/workspace/cruci-classifier/results/grid_esm35m_e50/Sdomain/Green/eval/test_eval_results.csv	0	0.5480888485908508	Cruci_CruV-890	199	199	0	0	S_domain	Cruci_CruV-890	Cruci_CruV-890|Sdomain|Green|record0	1	crucivirus	Green	Green	0.3270931	0	0	False	False	frozen_esm2_35m_head	Blue,Purple,Red,Yellow	Green	moderate_rna_like	True	False	True	crucivirus_scored_rna_like	0.6729069			
Sdomain	Yellow	Ribo_ND_025088	0	0.6727866	1	False	1	False	1	False	/workspace/cruci-classifier/results/grid_esm35m_e50/Sdomain/Yellow/eval/test_eval_results.csv	0	0.5087921023368835	Ribo_ND_025088	182	182	0	0	S_domain	Ribo_ND_025088	Ribo_ND_025088|Sdomain|Yellow|record0	0	rna_virus	Yellow	Yellow	0.6727866	1	1	False	False	frozen_esm2_35m_head	Blue,Green,Purple,Red	Yellow	moderate_crucivirus_like	True	False	True	rna_virus_scored_crucivirus_like	0.6727866			
Sdomain	Blue	Ribo_ND_237656	0	0.67269206	1	False	1	False	1	False	/workspace/cruci-classifier/results/grid_esm35m_e50/Sdomain/Blue/eval/test_eval_results.csv	0	0.3950238227844238	Ribo_ND_237656	183	183	0	0	S_domain	Ribo_ND_237656	Ribo_ND_237656|Sdomain|Blue|record0	0	rna_virus	Blue	Blue	0.67269206	1	1	False	False	frozen_esm2_35m_head	Green,Purple,Red,Yellow	Blue	moderate_crucivirus_like	True	False	True	rna_virus_scored_crucivirus_like	0.67269206			
Pdomain	Yellow	Ribo_ND_281671	0	0.6726492	1	False	1	False	1	False	/workspace/cruci-classifier/results/grid_esm35m_e50/Pdomain/Yellow/eval/test_eval_results.csv	0	0.4989717900753021	Ribo_ND_281671	177	177	0	0	P_domain	Ribo_ND_281671	Ribo_ND_281671|Pdomain|Yellow|record0	0	rna_virus	Yellow	Yellow	0.6726492	1	1	False	False	frozen_esm2_35m_head	Blue,Green,Purple,Red	Yellow	moderate_crucivirus_like	True	False	True	rna_virus_scored_crucivirus_like	0.6726492			
Pdomain	Blue	Ribo_ND_044604	0	0.67254573	1	False	1	False	1	False	/workspace/cruci-classifier/results/grid_esm35m_e50/Pdomain/Blue/eval/test_eval_results.csv	0	0.4954362213611603	Ribo_ND_044604	157	157	0	0	P_domain	Ribo_ND_044604	Ribo_ND_044604|Pdomain|Blue|record0	0	rna_virus	Blue	Blue	0.67254573	1	1	False	False	frozen_esm2_35m_head	Green,Purple,Red,Yellow	Blue	moderate_crucivirus_like	True	False	True	rna_virus_scored_crucivirus_like	0.67254573			
Pdomain	Yellow	Ribo_Ga0127505_1039318	0	0.67249215	1	False	1	False	1	False	/workspace/cruci-classifier/results/grid_esm35m_e50/Pdomain/Yellow/eval/test_eval_results.csv	0	0.4989717900753021	Ribo_Ga0127505_1039318	222	222	0	0	P_domain	Ribo_Ga0127505_1039318	Ribo_Ga0127505_1039318|Pdomain|Yellow|record0	0	rna_virus	Yellow	Yellow	0.67249215	1	1	False	False	frozen_esm2_35m_head	Blue,Green,Purple,Red	Yellow	moderate_crucivirus_like	True	False	True	rna_virus_scored_crucivirus_like	0.67249215			
Rdomain	Green	Ribo_ND_379850	0	0.6724733	1	False	1	False	1	False	/workspace/cruci-classifier/results/grid_esm35m_e50/Rdomain/Green/eval/test_eval_results.csv	0	0.5166996717453003	Ribo_ND_379850	166	166	0	0	R_domain	Ribo_ND_379850	Ribo_ND_379850|Rdomain|Green|record0	0	rna_virus	Green	Green	0.6724733	1	1	False	False	frozen_esm2_35m_head	Blue,Purple,Red,Yellow	Green	moderate_crucivirus_like	True	False	True	rna_virus_scored_crucivirus_like	0.6724733			
Sdomain	Yellow	Ribo_ND_168812	0	0.6723966	1	False	1	False	1	False	/workspace/cruci-classifier/results/grid_esm35m_e50/Sdomain/Yellow/eval/test_eval_results.csv	0	0.5087921023368835	Ribo_ND_168812	177	177	0	0	S_domain	Ribo_ND_168812	Ribo_ND_168812|Sdomain|Yellow|record0	0	rna_virus	Yellow	Yellow	0.6723966	1	1	False	False	frozen_esm2_35m_head	Blue,Green,Purple,Red	Yellow	moderate_crucivirus_like	True	False	True	rna_virus_scored_crucivirus_like	0.6723966			
Pdomain	Yellow	Ribo_ND_158705	0	0.6722328	1	False	1	False	1	False	/workspace/cruci-classifier/results/grid_esm35m_e50/Pdomain/Yellow/eval/test_eval_results.csv	0	0.4989717900753021	Ribo_ND_158705	148	148	0	0	P_domain	Ribo_ND_158705	Ribo_ND_158705|Pdomain|Yellow|record0	0	rna_virus	Yellow	Yellow	0.6722328	1	1	False	False	frozen_esm2_35m_head	Blue,Green,Purple,Red	Yellow	moderate_crucivirus_like	True	False	True	rna_virus_scored_crucivirus_like	0.6722328			
Sdomain	Purple	Cruci_CruV-730	1	0.32789162	0	False	0	False	0	False	/workspace/cruci-classifier/results/grid_esm35m_e50/Sdomain/Purple/eval/test_eval_results.csv	0	0.5010125041007996	Cruci_CruV-730	205	205	0	0	S_domain	Cruci_CruV-730	Cruci_CruV-730|Sdomain|Purple|record0	1	crucivirus	Purple	Purple	0.32789162	0	0	False	False	frozen_esm2_35m_head	Blue,Green,Red,Yellow	Purple	moderate_rna_like	True	False	True	crucivirus_scored_rna_like	0.6721083800000001			
Pdomain	Blue	Cruci_CruCGE_82	1	0.32827288	0	False	0	False	0	False	/workspace/cruci-classifier/results/grid_esm35m_e50/Pdomain/Blue/eval/test_eval_results.csv	0	0.4954362213611603	Cruci_CruCGE_82	228	228	0	0	P_domain	Cruci_CruCGE_82	Cruci_CruCGE_82|Pdomain|Blue|record0	1	crucivirus	Blue	Blue	0.32827288	0	0	False	False	frozen_esm2_35m_head	Green,Purple,Red,Yellow	Blue	moderate_rna_like	True	False	True	crucivirus_scored_rna_like	0.67172712			
Sdomain	Yellow	Ribo_ND_126022	0	0.6716213	1	False	1	False	1	False	/workspace/cruci-classifier/results/grid_esm35m_e50/Sdomain/Yellow/eval/test_eval_results.csv	0	0.5087921023368835	Ribo_ND_126022	178	178	0	0	S_domain	Ribo_ND_126022	Ribo_ND_126022|Sdomain|Yellow|record0	0	rna_virus	Yellow	Yellow	0.6716213	1	1	False	False	frozen_esm2_35m_head	Blue,Green,Purple,Red	Yellow	moderate_crucivirus_like	True	False	True	rna_virus_scored_crucivirus_like	0.6716213			
fullCP	Purple	Cruci_CruV_308	1	0.32887006	0	False	0	False	0	False	/workspace/cruci-classifier/results/grid_esm35m_e50/fullCP/Purple/eval/test_eval_results.csv	0	0.4988135993480682	Cruci_CruV_308	460	461	1	0	full_capsid	Cruci_CruV_308	Cruci_CruV_308|fullCP|Purple|record0	1	crucivirus	Purple	Purple	0.32887006	0	0	False	False	frozen_esm2_35m_head	Blue,Green,Red,Yellow	Purple	moderate_rna_like	True	False	True	crucivirus_scored_rna_like	0.6711299399999999			
Rdomain	Yellow	Cruci_CruV_227	1	0.3289799	0	False	0	False	0	False	/workspace/cruci-classifier/results/grid_esm35m_e50/Rdomain/Yellow/eval/test_eval_results.csv	0	0.471052885055542	Cruci_CruV_227	109	109	0	0	R_domain	Cruci_CruV_227	Cruci_CruV_227|Rdomain|Yellow|record0	1	crucivirus	Yellow	Yellow	0.3289799	0	0	False	False	frozen_esm2_35m_head	Blue,Green,Purple,Red	Yellow	moderate_rna_like	True	False	True	crucivirus_scored_rna_like	0.6710201			
Pdomain	Yellow	Ribo_ND_025679	0	0.6709822	1	False	1	False	1	False	/workspace/cruci-classifier/results/grid_esm35m_e50/Pdomain/Yellow/eval/test_eval_results.csv	0	0.4989717900753021	Ribo_ND_025679	160	160	0	0	P_domain	Ribo_ND_025679	Ribo_ND_025679|Pdomain|Yellow|record0	0	rna_virus	Yellow	Yellow	0.6709822	1	1	False	False	frozen_esm2_35m_head	Blue,Green,Purple,Red	Yellow	moderate_crucivirus_like	True	False	True	rna_virus_scored_crucivirus_like	0.6709822			
fullCP	Green	Cruci_CruV-938	1	0.32904932	0	False	0	False	0	False	/workspace/cruci-classifier/results/grid_esm35m_e50/fullCP/Green/eval/test_eval_results.csv	0	0.4995022118091583	Cruci_CruV-938	433	433	0	0	full_capsid	Cruci_CruV-938	Cruci_CruV-938|fullCP|Green|record0	1	crucivirus	Green	Green	0.32904932	0	0	False	False	frozen_esm2_35m_head	Blue,Purple,Red,Yellow	Green	moderate_rna_like	True	False	True	crucivirus_scored_rna_like	0.67095068			
Pdomain	Yellow	Ribo_ND_025007	0	0.67050445	1	False	1	False	1	False	/workspace/cruci-classifier/results/grid_esm35m_e50/Pdomain/Yellow/eval/test_eval_results.csv	0	0.4989717900753021	Ribo_ND_025007	157	157	0	0	P_domain	Ribo_ND_025007	Ribo_ND_025007|Pdomain|Yellow|record0	0	rna_virus	Yellow	Yellow	0.67050445	1	1	False	False	frozen_esm2_35m_head	Blue,Green,Purple,Red	Yellow	moderate_crucivirus_like	True	False	True	rna_virus_scored_crucivirus_like	0.67050445			
Pdomain	Red	Ribo_ND_025097	0	0.6703317	1	False	1	False	1	False	/workspace/cruci-classifier/results/grid_esm35m_e50/Pdomain/Red/eval/test_eval_results.csv	0	0.4583896696567535	Ribo_ND_025097	141	141	0	0	P_domain	Ribo_ND_025097	Ribo_ND_025097|Pdomain|Red|record0	0	rna_virus	Red	Red	0.6703317	1	1	False	False	frozen_esm2_35m_head	Blue,Green,Purple,Yellow	Red	moderate_crucivirus_like	True	False	True	rna_virus_scored_crucivirus_like	0.6703317			
Sdomain	Purple	Ribo_ND_030664	0	0.67029655	1	False	1	False	1	False	/workspace/cruci-classifier/results/grid_esm35m_e50/Sdomain/Purple/eval/test_eval_results.csv	0	0.5010125041007996	Ribo_ND_030664	179	179	0	0	S_domain	Ribo_ND_030664	Ribo_ND_030664|Sdomain|Purple|record0	0	rna_virus	Purple	Purple	0.67029655	1	1	False	False	frozen_esm2_35m_head	Blue,Green,Red,Yellow	Purple	moderate_crucivirus_like	True	False	True	rna_virus_scored_crucivirus_like	0.67029655			
Pdomain	Purple	Ribo_ND_179939	0	0.6701709	1	False	1	False	1	False	/workspace/cruci-classifier/results/grid_esm35m_e50/Pdomain/Purple/eval/test_eval_results.csv	0	0.4982953071594238	Ribo_ND_179939	184	184	0	0	P_domain	Ribo_ND_179939	Ribo_ND_179939|Pdomain|Purple|record0	0	rna_virus	Purple	Purple	0.6701709	1	1	False	False	frozen_esm2_35m_head	Blue,Green,Red,Yellow	Purple	moderate_crucivirus_like	True	False	True	rna_virus_scored_crucivirus_like	0.6701709			
fullCP	Green	Ribo_ND_101584	0	0.67016125	1	False	1	False	1	False	/workspace/cruci-classifier/results/grid_esm35m_e50/fullCP/Green/eval/test_eval_results.csv	0	0.4995022118091583	Ribo_ND_101584	485	486	1	0	full_capsid	Ribo_ND_101584	Ribo_ND_101584|fullCP|Green|record0	0	rna_virus	Green	Green	0.67016125	1	1	False	False	frozen_esm2_35m_head	Blue,Purple,Red,Yellow	Green	moderate_crucivirus_like	True	False	True	rna_virus_scored_crucivirus_like	0.67016125			
fullCP	Yellow	Ribo_ND_029688	0	0.6699241	1	False	1	False	1	False	/workspace/cruci-classifier/results/grid_esm35m_e50/fullCP/Yellow/eval/test_eval_results.csv	0	0.4986207485198974	Ribo_ND_029688	451	452	1	0	full_capsid	Ribo_ND_029688	Ribo_ND_029688|fullCP|Yellow|record0	0	rna_virus	Yellow	Yellow	0.6699241	1	1	False	False	frozen_esm2_35m_head	Blue,Green,Purple,Red	Yellow	moderate_crucivirus_like	True	False	True	rna_virus_scored_crucivirus_like	0.6699241			
Sdomain	Red	Ribo_ND_391197	0	0.6697132	1	False	1	False	1	False	/workspace/cruci-classifier/results/grid_esm35m_e50/Sdomain/Red/eval/test_eval_results.csv	0	0.4007981121540069	Ribo_ND_391197	166	166	0	0	S_domain	Ribo_ND_391197	Ribo_ND_391197|Sdomain|Red|record0	0	rna_virus	Red	Red	0.6697132	1	1	False	False	frozen_esm2_35m_head	Blue,Green,Purple,Yellow	Red	moderate_crucivirus_like	True	False	True	rna_virus_scored_crucivirus_like	0.6697132			
Pdomain	Green	Ribo_ND_092480	0	0.6694995	1	False	1	False	1	False	/workspace/cruci-classifier/results/grid_esm35m_e50/Pdomain/Green/eval/test_eval_results.csv	0	0.5002309083938599	Ribo_ND_092480	153	153	0	0	P_domain	Ribo_ND_092480	Ribo_ND_092480|Pdomain|Green|record0	0	rna_virus	Green	Green	0.6694995	1	1	False	False	frozen_esm2_35m_head	Blue,Purple,Red,Yellow	Green	moderate_crucivirus_like	True	False	True	rna_virus_scored_crucivirus_like	0.6694995			
Sdomain	Green	Cruci_CruV-970	1	0.3306974	0	False	0	False	0	False	/workspace/cruci-classifier/results/grid_esm35m_e50/Sdomain/Green/eval/test_eval_results.csv	0	0.5480888485908508	Cruci_CruV-970	176	176	0	0	S_domain	Cruci_CruV-970	Cruci_CruV-970|Sdomain|Green|record0	1	crucivirus	Green	Green	0.3306974	0	0	False	False	frozen_esm2_35m_head	Blue,Purple,Red,Yellow	Green	moderate_rna_like	True	False	True	crucivirus_scored_rna_like	0.6693026			
Pdomain	Purple	Ribo_ND_264019	0	0.6688343	1	False	1	False	1	False	/workspace/cruci-classifier/results/grid_esm35m_e50/Pdomain/Purple/eval/test_eval_results.csv	0	0.4982953071594238	Ribo_ND_264019	181	181	0	0	P_domain	Ribo_ND_264019	Ribo_ND_264019|Pdomain|Purple|record0	0	rna_virus	Purple	Purple	0.6688343	1	1	False	False	frozen_esm2_35m_head	Blue,Green,Red,Yellow	Purple	moderate_crucivirus_like	True	False	True	rna_virus_scored_crucivirus_like	0.6688343			
Rdomain	Yellow	Ribo_ND_347450	0	0.66877043	1	False	1	False	1	False	/workspace/cruci-classifier/results/grid_esm35m_e50/Rdomain/Yellow/eval/test_eval_results.csv	0	0.471052885055542	Ribo_ND_347450	98	98	0	0	R_domain	Ribo_ND_347450	Ribo_ND_347450|Rdomain|Yellow|record0	0	rna_virus	Yellow	Yellow	0.66877043	1	1	False	False	frozen_esm2_35m_head	Blue,Green,Purple,Red	Yellow	moderate_crucivirus_like	True	False	True	rna_virus_scored_crucivirus_like	0.66877043			
Sdomain	Red	Ribo_ND_306441	0	0.66864496	1	False	1	False	1	False	/workspace/cruci-classifier/results/grid_esm35m_e50/Sdomain/Red/eval/test_eval_results.csv	0	0.4007981121540069	Ribo_ND_306441	174	174	0	0	S_domain	Ribo_ND_306441	Ribo_ND_306441|Sdomain|Red|record0	0	rna_virus	Red	Red	0.66864496	1	1	False	False	frozen_esm2_35m_head	Blue,Green,Purple,Yellow	Red	moderate_crucivirus_like	True	False	True	rna_virus_scored_crucivirus_like	0.66864496			
Pdomain	Yellow	Ribo_ND_026110	0	0.6684382	1	False	1	False	1	False	/workspace/cruci-classifier/results/grid_esm35m_e50/Pdomain/Yellow/eval/test_eval_results.csv	0	0.4989717900753021	Ribo_ND_026110	149	149	0	0	P_domain	Ribo_ND_026110	Ribo_ND_026110|Pdomain|Yellow|record0	0	rna_virus	Yellow	Yellow	0.6684382	1	1	False	False	frozen_esm2_35m_head	Blue,Green,Purple,Red	Yellow	moderate_crucivirus_like	True	False	True	rna_virus_scored_crucivirus_like	0.6684382			
Sdomain	Blue	Ribo_ND_146081	0	0.66833967	1	False	1	False	1	False	/workspace/cruci-classifier/results/grid_esm35m_e50/Sdomain/Blue/eval/test_eval_results.csv	0	0.3950238227844238	Ribo_ND_146081	180	180	0	0	S_domain	Ribo_ND_146081	Ribo_ND_146081|Sdomain|Blue|record0	0	rna_virus	Blue	Blue	0.66833967	1	1	False	False	frozen_esm2_35m_head	Green,Purple,Red,Yellow	Blue	moderate_crucivirus_like	True	False	True	rna_virus_scored_crucivirus_like	0.66833967			
fullCP	Green	Ribo_ND_101784	0	0.6681357	1	False	1	False	1	False	/workspace/cruci-classifier/results/grid_esm35m_e50/fullCP/Green/eval/test_eval_results.csv	0	0.4995022118091583	Ribo_ND_101784	481	482	1	0	full_capsid	Ribo_ND_101784	Ribo_ND_101784|fullCP|Green|record0	0	rna_virus	Green	Green	0.6681357	1	1	False	False	frozen_esm2_35m_head	Blue,Purple,Red,Yellow	Green	moderate_crucivirus_like	True	False	True	rna_virus_scored_crucivirus_like	0.6681357			
Pdomain	Blue	Ribo_ND_239075	0	0.6672159	1	False	1	False	1	False	/workspace/cruci-classifier/results/grid_esm35m_e50/Pdomain/Blue/eval/test_eval_results.csv	0	0.4954362213611603	Ribo_ND_239075	155	155	0	0	P_domain	Ribo_ND_239075	Ribo_ND_239075|Pdomain|Blue|record0	0	rna_virus	Blue	Blue	0.6672159	1	1	False	False	frozen_esm2_35m_head	Green,Purple,Red,Yellow	Blue	moderate_crucivirus_like	True	False	True	rna_virus_scored_crucivirus_like	0.6672159			
Pdomain	Green	Ribo_ND_251123	0	0.66708297	1	False	1	False	1	False	/workspace/cruci-classifier/results/grid_esm35m_e50/Pdomain/Green/eval/test_eval_results.csv	0	0.5002309083938599	Ribo_ND_251123	250	250	0	0	P_domain	Ribo_ND_251123	Ribo_ND_251123|Pdomain|Green|record0	0	rna_virus	Green	Green	0.66708297	1	1	False	False	frozen_esm2_35m_head	Blue,Purple,Red,Yellow	Green	moderate_crucivirus_like	True	False	True	rna_virus_scored_crucivirus_like	0.66708297			
Sdomain	Purple	Ribo_ND_182235	0	0.6668718	1	False	1	False	1	False	/workspace/cruci-classifier/results/grid_esm35m_e50/Sdomain/Purple/eval/test_eval_results.csv	0	0.5010125041007996	Ribo_ND_182235	185	185	0	0	S_domain	Ribo_ND_182235	Ribo_ND_182235|Sdomain|Purple|record0	0	rna_virus	Purple	Purple	0.6668718	1	1	False	False	frozen_esm2_35m_head	Blue,Green,Red,Yellow	Purple	moderate_crucivirus_like	True	False	True	rna_virus_scored_crucivirus_like	0.6668718			
Sdomain	Yellow	Ribo_ND_381174	0	0.66679883	1	False	1	False	1	False	/workspace/cruci-classifier/results/grid_esm35m_e50/Sdomain/Yellow/eval/test_eval_results.csv	0	0.5087921023368835	Ribo_ND_381174	175	175	0	0	S_domain	Ribo_ND_381174	Ribo_ND_381174|Sdomain|Yellow|record0	0	rna_virus	Yellow	Yellow	0.66679883	1	1	False	False	frozen_esm2_35m_head	Blue,Green,Purple,Red	Yellow	moderate_crucivirus_like	True	False	True	rna_virus_scored_crucivirus_like	0.66679883			
Pdomain	Yellow	Ribo_ND_106626	0	0.6666351	1	False	1	False	1	False	/workspace/cruci-classifier/results/grid_esm35m_e50/Pdomain/Yellow/eval/test_eval_results.csv	0	0.4989717900753021	Ribo_ND_106626	147	147	0	0	P_domain	Ribo_ND_106626	Ribo_ND_106626|Pdomain|Yellow|record0	0	rna_virus	Yellow	Yellow	0.6666351	1	1	False	False	frozen_esm2_35m_head	Blue,Green,Purple,Red	Yellow	moderate_crucivirus_like	True	False	True	rna_virus_scored_crucivirus_like	0.6666351			
Pdomain	Blue	Ribo_ND_044832	0	0.6665766	1	False	1	False	1	False	/workspace/cruci-classifier/results/grid_esm35m_e50/Pdomain/Blue/eval/test_eval_results.csv	0	0.4954362213611603	Ribo_ND_044832	156	156	0	0	P_domain	Ribo_ND_044832	Ribo_ND_044832|Pdomain|Blue|record0	0	rna_virus	Blue	Blue	0.6665766	1	1	False	False	frozen_esm2_35m_head	Green,Purple,Red,Yellow	Blue	moderate_crucivirus_like	True	False	True	rna_virus_scored_crucivirus_like	0.6665766			
Pdomain	Green	Ribo_ND_365732	0	0.6661854	1	False	1	False	1	False	/workspace/cruci-classifier/results/grid_esm35m_e50/Pdomain/Green/eval/test_eval_results.csv	0	0.5002309083938599	Ribo_ND_365732	251	251	0	0	P_domain	Ribo_ND_365732	Ribo_ND_365732|Pdomain|Green|record0	0	rna_virus	Green	Green	0.6661854	1	1	False	False	frozen_esm2_35m_head	Blue,Purple,Red,Yellow	Green	moderate_crucivirus_like	True	False	True	rna_virus_scored_crucivirus_like	0.6661854			
Rdomain	Red	Ribo_ND_125033	0	0.6659635	1	False	1	False	1	False	/workspace/cruci-classifier/results/grid_esm35m_e50/Rdomain/Red/eval/test_eval_results.csv	0	0.512529730796814	Ribo_ND_125033	107	107	0	0	R_domain	Ribo_ND_125033	Ribo_ND_125033|Rdomain|Red|record0	0	rna_virus	Red	Red	0.6659635	1	1	False	False	frozen_esm2_35m_head	Blue,Green,Purple,Yellow	Red	moderate_crucivirus_like	True	False	True	rna_virus_scored_crucivirus_like	0.6659635			
Sdomain	Purple	Cruci_CruV-669	1	0.33408615	0	False	0	False	0	False	/workspace/cruci-classifier/results/grid_esm35m_e50/Sdomain/Purple/eval/test_eval_results.csv	0	0.5010125041007996	Cruci_CruV-669	186	186	0	0	S_domain	Cruci_CruV-669	Cruci_CruV-669|Sdomain|Purple|record0	1	crucivirus	Purple	Purple	0.33408615	0	0	False	False	frozen_esm2_35m_head	Blue,Green,Red,Yellow	Purple	moderate_rna_like	True	False	True	crucivirus_scored_rna_like	0.6659138499999999			
Pdomain	Purple	Ribo_ND_123948	0	0.66578317	1	False	1	False	1	False	/workspace/cruci-classifier/results/grid_esm35m_e50/Pdomain/Purple/eval/test_eval_results.csv	0	0.4982953071594238	Ribo_ND_123948	192	192	0	0	P_domain	Ribo_ND_123948	Ribo_ND_123948|Pdomain|Purple|record0	0	rna_virus	Purple	Purple	0.66578317	1	1	False	False	frozen_esm2_35m_head	Blue,Green,Red,Yellow	Purple	moderate_crucivirus_like	True	False	True	rna_virus_scored_crucivirus_like	0.66578317			
Rdomain	Red	Ribo_ND_190494	0	0.6657001	1	False	1	False	1	False	/workspace/cruci-classifier/results/grid_esm35m_e50/Rdomain/Red/eval/test_eval_results.csv	0	0.512529730796814	Ribo_ND_190494	77	77	0	0	R_domain	Ribo_ND_190494	Ribo_ND_190494|Rdomain|Red|record0	0	rna_virus	Red	Red	0.6657001	1	1	False	False	frozen_esm2_35m_head	Blue,Green,Purple,Yellow	Red	moderate_crucivirus_like	True	False	True	rna_virus_scored_crucivirus_like	0.6657001			
Sdomain	Purple	Ribo_ND_025550	0	0.66557556	1	False	1	False	1	False	/workspace/cruci-classifier/results/grid_esm35m_e50/Sdomain/Purple/eval/test_eval_results.csv	0	0.5010125041007996	Ribo_ND_025550	177	177	0	0	S_domain	Ribo_ND_025550	Ribo_ND_025550|Sdomain|Purple|record0	0	rna_virus	Purple	Purple	0.66557556	1	1	False	False	frozen_esm2_35m_head	Blue,Green,Red,Yellow	Purple	moderate_crucivirus_like	True	False	True	rna_virus_scored_crucivirus_like	0.66557556			
Sdomain	Blue	Ribo_ND_388134	0	0.6653728	1	False	1	False	1	False	/workspace/cruci-classifier/results/grid_esm35m_e50/Sdomain/Blue/eval/test_eval_results.csv	0	0.3950238227844238	Ribo_ND_388134	183	183	0	0	S_domain	Ribo_ND_388134	Ribo_ND_388134|Sdomain|Blue|record0	0	rna_virus	Blue	Blue	0.6653728	1	1	False	False	frozen_esm2_35m_head	Green,Purple,Red,Yellow	Blue	moderate_crucivirus_like	True	False	True	rna_virus_scored_crucivirus_like	0.6653728			
Sdomain	Yellow	Ribo_ND_182537	0	0.66478336	1	False	1	False	1	False	/workspace/cruci-classifier/results/grid_esm35m_e50/Sdomain/Yellow/eval/test_eval_results.csv	0	0.5087921023368835	Ribo_ND_182537	185	185	0	0	S_domain	Ribo_ND_182537	Ribo_ND_182537|Sdomain|Yellow|record0	0	rna_virus	Yellow	Yellow	0.66478336	1	1	False	False	frozen_esm2_35m_head	Blue,Green,Purple,Red	Yellow	moderate_crucivirus_like	True	False	True	rna_virus_scored_crucivirus_like	0.66478336			
Rdomain	Yellow	Ribo_ND_030149	0	0.66467255	1	False	1	False	1	False	/workspace/cruci-classifier/results/grid_esm35m_e50/Rdomain/Yellow/eval/test_eval_results.csv	0	0.471052885055542	Ribo_ND_030149	94	94	0	0	R_domain	Ribo_ND_030149	Ribo_ND_030149|Rdomain|Yellow|record0	0	rna_virus	Yellow	Yellow	0.66467255	1	1	False	False	frozen_esm2_35m_head	Blue,Green,Purple,Red	Yellow	moderate_crucivirus_like	True	False	True	rna_virus_scored_crucivirus_like	0.66467255			
Rdomain	Purple	Cruci_CruV-951	1	0.33541176	0	False	0	False	0	False	/workspace/cruci-classifier/results/grid_esm35m_e50/Rdomain/Purple/eval/test_eval_results.csv	0	0.5012195110321045	Cruci_CruV-951	30	30	0	0	R_domain	Cruci_CruV-951	Cruci_CruV-951|Rdomain|Purple|record0	1	crucivirus	Purple	Purple	0.33541176	0	0	False	False	frozen_esm2_35m_head	Blue,Green,Red,Yellow	Purple	moderate_rna_like	True	False	True	crucivirus_scored_rna_like	0.66458824			
Pdomain	Blue	Cruci_CruV_343	1	0.3354327	0	False	0	False	0	False	/workspace/cruci-classifier/results/grid_esm35m_e50/Pdomain/Blue/eval/test_eval_results.csv	0	0.4954362213611603	Cruci_CruV_343	196	196	0	0	P_domain	Cruci_CruV_343	Cruci_CruV_343|Pdomain|Blue|record0	1	crucivirus	Blue	Blue	0.3354327	0	0	False	False	frozen_esm2_35m_head	Green,Purple,Red,Yellow	Blue	moderate_rna_like	True	False	True	crucivirus_scored_rna_like	0.6645673000000001			
Sdomain	Yellow	Ribo_ND_195592	0	0.66453886	1	False	1	False	1	False	/workspace/cruci-classifier/results/grid_esm35m_e50/Sdomain/Yellow/eval/test_eval_results.csv	0	0.5087921023368835	Ribo_ND_195592	182	182	0	0	S_domain	Ribo_ND_195592	Ribo_ND_195592|Sdomain|Yellow|record0	0	rna_virus	Yellow	Yellow	0.66453886	1	1	False	False	frozen_esm2_35m_head	Blue,Green,Purple,Red	Yellow	moderate_crucivirus_like	True	False	True	rna_virus_scored_crucivirus_like	0.66453886			
fullCP	Green	Ribo_ND_108358	0	0.664149	1	False	1	False	1	False	/workspace/cruci-classifier/results/grid_esm35m_e50/fullCP/Green/eval/test_eval_results.csv	0	0.4995022118091583	Ribo_ND_108358	577	578	1	0	full_capsid	Ribo_ND_108358	Ribo_ND_108358|fullCP|Green|record0	0	rna_virus	Green	Green	0.664149	1	1	False	False	frozen_esm2_35m_head	Blue,Purple,Red,Yellow	Green	moderate_crucivirus_like	True	False	True	rna_virus_scored_crucivirus_like	0.664149			
Sdomain	Blue	Ribo_ND_025280	0	0.6636542	1	False	1	False	1	False	/workspace/cruci-classifier/results/grid_esm35m_e50/Sdomain/Blue/eval/test_eval_results.csv	0	0.3950238227844238	Ribo_ND_025280	178	178	0	0	S_domain	Ribo_ND_025280	Ribo_ND_025280|Sdomain|Blue|record0	0	rna_virus	Blue	Blue	0.6636542	1	1	False	False	frozen_esm2_35m_head	Green,Purple,Red,Yellow	Blue	moderate_crucivirus_like	True	False	True	rna_virus_scored_crucivirus_like	0.6636542			
Pdomain	Yellow	Ribo_ND_106338	0	0.6635061	1	False	1	False	1	False	/workspace/cruci-classifier/results/grid_esm35m_e50/Pdomain/Yellow/eval/test_eval_results.csv	0	0.4989717900753021	Ribo_ND_106338	218	218	0	0	P_domain	Ribo_ND_106338	Ribo_ND_106338|Pdomain|Yellow|record0	0	rna_virus	Yellow	Yellow	0.6635061	1	1	False	False	frozen_esm2_35m_head	Blue,Green,Purple,Red	Yellow	moderate_crucivirus_like	True	False	True	rna_virus_scored_crucivirus_like	0.6635061			
Pdomain	Blue	Ribo_ND_132246	0	0.6633129	1	False	1	False	1	False	/workspace/cruci-classifier/results/grid_esm35m_e50/Pdomain/Blue/eval/test_eval_results.csv	0	0.4954362213611603	Ribo_ND_132246	197	197	0	0	P_domain	Ribo_ND_132246	Ribo_ND_132246|Pdomain|Blue|record0	0	rna_virus	Blue	Blue	0.6633129	1	1	False	False	frozen_esm2_35m_head	Green,Purple,Red,Yellow	Blue	moderate_crucivirus_like	True	False	True	rna_virus_scored_crucivirus_like	0.6633129			
Sdomain	Purple	Cruci_CruV-736	1	0.3367459	0	False	0	False	0	False	/workspace/cruci-classifier/results/grid_esm35m_e50/Sdomain/Purple/eval/test_eval_results.csv	0	0.5010125041007996	Cruci_CruV-736	185	185	0	0	S_domain	Cruci_CruV-736	Cruci_CruV-736|Sdomain|Purple|record0	1	crucivirus	Purple	Purple	0.3367459	0	0	False	False	frozen_esm2_35m_head	Blue,Green,Red,Yellow	Purple	moderate_rna_like	True	False	True	crucivirus_scored_rna_like	0.6632541000000001			
Sdomain	Blue	Ribo_ND_216740	0	0.66310835	1	False	1	False	1	False	/workspace/cruci-classifier/results/grid_esm35m_e50/Sdomain/Blue/eval/test_eval_results.csv	0	0.3950238227844238	Ribo_ND_216740	182	182	0	0	S_domain	Ribo_ND_216740	Ribo_ND_216740|Sdomain|Blue|record0	0	rna_virus	Blue	Blue	0.66310835	1	1	False	False	frozen_esm2_35m_head	Green,Purple,Red,Yellow	Blue	moderate_crucivirus_like	True	False	True	rna_virus_scored_crucivirus_like	0.66310835			
Pdomain	Red	Ribo_ND_028859	0	0.6626863	1	False	1	False	1	False	/workspace/cruci-classifier/results/grid_esm35m_e50/Pdomain/Red/eval/test_eval_results.csv	0	0.4583896696567535	Ribo_ND_028859	195	195	0	0	P_domain	Ribo_ND_028859	Ribo_ND_028859|Pdomain|Red|record0	0	rna_virus	Red	Red	0.6626863	1	1	False	False	frozen_esm2_35m_head	Blue,Green,Purple,Yellow	Red	moderate_crucivirus_like	True	False	True	rna_virus_scored_crucivirus_like	0.6626863			
fullCP	Blue	Ribo_ND_166424	0	0.6626755	1	False	1	False	1	False	/workspace/cruci-classifier/results/grid_esm35m_e50/fullCP/Blue/eval/test_eval_results.csv	0	0.4914703667163849	Ribo_ND_166424	456	457	1	0	full_capsid	Ribo_ND_166424	Ribo_ND_166424|fullCP|Blue|record0	0	rna_virus	Blue	Blue	0.6626755	1	1	False	False	frozen_esm2_35m_head	Green,Purple,Red,Yellow	Blue	moderate_crucivirus_like	True	False	True	rna_virus_scored_crucivirus_like	0.6626755			
fullCP	Yellow	Ribo_ND_055001	0	0.6626741	1	False	1	False	1	False	/workspace/cruci-classifier/results/grid_esm35m_e50/fullCP/Yellow/eval/test_eval_results.csv	0	0.4986207485198974	Ribo_ND_055001	505	506	1	0	full_capsid	Ribo_ND_055001	Ribo_ND_055001|fullCP|Yellow|record0	0	rna_virus	Yellow	Yellow	0.6626741	1	1	False	False	frozen_esm2_35m_head	Blue,Green,Purple,Red	Yellow	moderate_crucivirus_like	True	False	True	rna_virus_scored_crucivirus_like	0.6626741			
Pdomain	Blue	Cruci_CruV_87	1	0.33747545	0	False	0	False	0	False	/workspace/cruci-classifier/results/grid_esm35m_e50/Pdomain/Blue/eval/test_eval_results.csv	0	0.4954362213611603	Cruci_CruV_87	149	149	0	0	P_domain	Cruci_CruV_87	Cruci_CruV_87|Pdomain|Blue|record0	1	crucivirus	Blue	Blue	0.33747545	0	0	False	False	frozen_esm2_35m_head	Green,Purple,Red,Yellow	Blue	moderate_rna_like	True	False	True	crucivirus_scored_rna_like	0.66252455			
Pdomain	Yellow	Ribo_ND_359430	0	0.6625149	1	False	1	False	1	False	/workspace/cruci-classifier/results/grid_esm35m_e50/Pdomain/Yellow/eval/test_eval_results.csv	0	0.4989717900753021	Ribo_ND_359430	147	147	0	0	P_domain	Ribo_ND_359430	Ribo_ND_359430|Pdomain|Yellow|record0	0	rna_virus	Yellow	Yellow	0.6625149	1	1	False	False	frozen_esm2_35m_head	Blue,Green,Purple,Red	Yellow	moderate_crucivirus_like	True	False	True	rna_virus_scored_crucivirus_like	0.6625149			
Pdomain	Purple	Cruci_Schm_JAMFLK010002086_circular	1	0.3375735	0	False	0	False	0	False	/workspace/cruci-classifier/results/grid_esm35m_e50/Pdomain/Purple/eval/test_eval_results.csv	0	0.4982953071594238	Cruci_Schm_JAMFLK010002086_circular	150	150	0	0	P_domain	Cruci_Schm_JAMFLK010002086_circular	Cruci_Schm_JAMFLK010002086_circular|Pdomain|Purple|record0	1	crucivirus	Purple	Purple	0.3375735	0	0	False	False	frozen_esm2_35m_head	Blue,Green,Red,Yellow	Purple	moderate_rna_like	True	False	True	crucivirus_scored_rna_like	0.6624265			
Rdomain	Yellow	Ribo_ND_046952	0	0.6622288	1	False	1	False	1	False	/workspace/cruci-classifier/results/grid_esm35m_e50/Rdomain/Yellow/eval/test_eval_results.csv	0	0.471052885055542	Ribo_ND_046952	92	92	0	0	R_domain	Ribo_ND_046952	Ribo_ND_046952|Rdomain|Yellow|record0	0	rna_virus	Yellow	Yellow	0.6622288	1	1	False	False	frozen_esm2_35m_head	Blue,Green,Purple,Red	Yellow	moderate_crucivirus_like	True	False	True	rna_virus_scored_crucivirus_like	0.6622288			
Sdomain	Purple	Ribo_ND_226039	0	0.6621273	1	False	1	False	1	False	/workspace/cruci-classifier/results/grid_esm35m_e50/Sdomain/Purple/eval/test_eval_results.csv	0	0.5010125041007996	Ribo_ND_226039	184	184	0	0	S_domain	Ribo_ND_226039	Ribo_ND_226039|Sdomain|Purple|record0	0	rna_virus	Purple	Purple	0.6621273	1	1	False	False	frozen_esm2_35m_head	Blue,Green,Red,Yellow	Purple	moderate_crucivirus_like	True	False	True	rna_virus_scored_crucivirus_like	0.6621273			
Pdomain	Blue	Ribo_ND_136222	0	0.6620666	1	False	1	False	1	False	/workspace/cruci-classifier/results/grid_esm35m_e50/Pdomain/Blue/eval/test_eval_results.csv	0	0.4954362213611603	Ribo_ND_136222	224	224	0	0	P_domain	Ribo_ND_136222	Ribo_ND_136222|Pdomain|Blue|record0	0	rna_virus	Blue	Blue	0.6620666	1	1	False	False	frozen_esm2_35m_head	Green,Purple,Red,Yellow	Blue	moderate_crucivirus_like	True	False	True	rna_virus_scored_crucivirus_like	0.6620666			
Pdomain	Red	Ribo_ND_109078	0	0.6620008	1	False	1	False	1	False	/workspace/cruci-classifier/results/grid_esm35m_e50/Pdomain/Red/eval/test_eval_results.csv	0	0.4583896696567535	Ribo_ND_109078	158	158	0	0	P_domain	Ribo_ND_109078	Ribo_ND_109078|Pdomain|Red|record0	0	rna_virus	Red	Red	0.6620008	1	1	False	False	frozen_esm2_35m_head	Blue,Green,Purple,Yellow	Red	moderate_crucivirus_like	True	False	True	rna_virus_scored_crucivirus_like	0.6620008			
fullCP	Yellow	Ribo_ND_037792	0	0.6618614	1	False	1	False	1	False	/workspace/cruci-classifier/results/grid_esm35m_e50/fullCP/Yellow/eval/test_eval_results.csv	0	0.4986207485198974	Ribo_ND_037792	409	410	1	0	full_capsid	Ribo_ND_037792	Ribo_ND_037792|fullCP|Yellow|record0	0	rna_virus	Yellow	Yellow	0.6618614	1	1	False	False	frozen_esm2_35m_head	Blue,Green,Purple,Red	Yellow	moderate_crucivirus_like	True	False	True	rna_virus_scored_crucivirus_like	0.6618614			
Sdomain	Purple	Ribo_ND_221222	0	0.6618368	1	False	1	False	1	False	/workspace/cruci-classifier/results/grid_esm35m_e50/Sdomain/Purple/eval/test_eval_results.csv	0	0.5010125041007996	Ribo_ND_221222	186	186	0	0	S_domain	Ribo_ND_221222	Ribo_ND_221222|Sdomain|Purple|record0	0	rna_virus	Purple	Purple	0.6618368	1	1	False	False	frozen_esm2_35m_head	Blue,Green,Red,Yellow	Purple	moderate_crucivirus_like	True	False	True	rna_virus_scored_crucivirus_like	0.6618368			
Sdomain	Yellow	Ribo_ND_388279	0	0.66181505	1	False	1	False	1	False	/workspace/cruci-classifier/results/grid_esm35m_e50/Sdomain/Yellow/eval/test_eval_results.csv	0	0.5087921023368835	Ribo_ND_388279	189	189	0	0	S_domain	Ribo_ND_388279	Ribo_ND_388279|Sdomain|Yellow|record0	0	rna_virus	Yellow	Yellow	0.66181505	1	1	False	False	frozen_esm2_35m_head	Blue,Green,Purple,Red	Yellow	moderate_crucivirus_like	True	False	True	rna_virus_scored_crucivirus_like	0.66181505			
Sdomain	Yellow	Ribo_ND_121570	0	0.6614921	1	False	1	False	1	False	/workspace/cruci-classifier/results/grid_esm35m_e50/Sdomain/Yellow/eval/test_eval_results.csv	0	0.5087921023368835	Ribo_ND_121570	187	187	0	0	S_domain	Ribo_ND_121570	Ribo_ND_121570|Sdomain|Yellow|record0	0	rna_virus	Yellow	Yellow	0.6614921	1	1	False	False	frozen_esm2_35m_head	Blue,Green,Purple,Red	Yellow	moderate_crucivirus_like	True	False	True	rna_virus_scored_crucivirus_like	0.6614921			
Pdomain	Blue	Cruci_CruV-908	1	0.33858994	0	False	0	False	0	False	/workspace/cruci-classifier/results/grid_esm35m_e50/Pdomain/Blue/eval/test_eval_results.csv	0	0.4954362213611603	Cruci_CruV-908	290	290	0	0	P_domain	Cruci_CruV-908	Cruci_CruV-908|Pdomain|Blue|record0	1	crucivirus	Blue	Blue	0.33858994	0	0	False	False	frozen_esm2_35m_head	Green,Purple,Red,Yellow	Blue	moderate_rna_like	True	False	True	crucivirus_scored_rna_like	0.66141006			
fullCP	Green	Cruci_CruV_483	1	0.33860263	0	False	0	False	0	False	/workspace/cruci-classifier/results/grid_esm35m_e50/fullCP/Green/eval/test_eval_results.csv	0	0.4995022118091583	Cruci_CruV_483	392	393	1	0	full_capsid	Cruci_CruV_483	Cruci_CruV_483|fullCP|Green|record0	1	crucivirus	Green	Green	0.33860263	0	0	False	False	frozen_esm2_35m_head	Blue,Purple,Red,Yellow	Green	moderate_rna_like	True	False	True	crucivirus_scored_rna_like	0.66139737			
Sdomain	Blue	Ribo_ND_166424	0	0.6613485	1	False	1	False	1	False	/workspace/cruci-classifier/results/grid_esm35m_e50/Sdomain/Blue/eval/test_eval_results.csv	0	0.3950238227844238	Ribo_ND_166424	182	182	0	0	S_domain	Ribo_ND_166424	Ribo_ND_166424|Sdomain|Blue|record0	0	rna_virus	Blue	Blue	0.6613485	1	1	False	False	frozen_esm2_35m_head	Green,Purple,Red,Yellow	Blue	moderate_crucivirus_like	True	False	True	rna_virus_scored_crucivirus_like	0.6613485			
fullCP	Yellow	Ribo_ND_025076	0	0.66123533	1	False	1	False	1	False	/workspace/cruci-classifier/results/grid_esm35m_e50/fullCP/Yellow/eval/test_eval_results.csv	0	0.4986207485198974	Ribo_ND_025076	433	434	1	0	full_capsid	Ribo_ND_025076	Ribo_ND_025076|fullCP|Yellow|record0	0	rna_virus	Yellow	Yellow	0.66123533	1	1	False	False	frozen_esm2_35m_head	Blue,Green,Purple,Red	Yellow	moderate_crucivirus_like	True	False	True	rna_virus_scored_crucivirus_like	0.66123533			
Rdomain	Yellow	Ribo_ND_041696	0	0.66083103	1	False	1	False	1	False	/workspace/cruci-classifier/results/grid_esm35m_e50/Rdomain/Yellow/eval/test_eval_results.csv	0	0.471052885055542	Ribo_ND_041696	95	95	0	0	R_domain	Ribo_ND_041696	Ribo_ND_041696|Rdomain|Yellow|record0	0	rna_virus	Yellow	Yellow	0.66083103	1	1	False	False	frozen_esm2_35m_head	Blue,Green,Purple,Red	Yellow	moderate_crucivirus_like	True	False	True	rna_virus_scored_crucivirus_like	0.66083103			
Pdomain	Yellow	Ribo_ND_232461	0	0.6605993	1	False	1	False	1	False	/workspace/cruci-classifier/results/grid_esm35m_e50/Pdomain/Yellow/eval/test_eval_results.csv	0	0.4989717900753021	Ribo_ND_232461	146	146	0	0	P_domain	Ribo_ND_232461	Ribo_ND_232461|Pdomain|Yellow|record0	0	rna_virus	Yellow	Yellow	0.6605993	1	1	False	False	frozen_esm2_35m_head	Blue,Green,Purple,Red	Yellow	moderate_crucivirus_like	True	False	True	rna_virus_scored_crucivirus_like	0.6605993			
Pdomain	Yellow	Ribo_ND_104666	0	0.6605531	1	False	1	False	1	False	/workspace/cruci-classifier/results/grid_esm35m_e50/Pdomain/Yellow/eval/test_eval_results.csv	0	0.4989717900753021	Ribo_ND_104666	166	166	0	0	P_domain	Ribo_ND_104666	Ribo_ND_104666|Pdomain|Yellow|record0	0	rna_virus	Yellow	Yellow	0.6605531	1	1	False	False	frozen_esm2_35m_head	Blue,Green,Purple,Red	Yellow	moderate_crucivirus_like	True	False	True	rna_virus_scored_crucivirus_like	0.6605531			
Pdomain	Blue	Cruci_CruV-661	1	0.33991557	0	False	0	False	0	False	/workspace/cruci-classifier/results/grid_esm35m_e50/Pdomain/Blue/eval/test_eval_results.csv	0	0.4954362213611603	Cruci_CruV-661	165	165	0	0	P_domain	Cruci_CruV-661	Cruci_CruV-661|Pdomain|Blue|record0	1	crucivirus	Blue	Blue	0.33991557	0	0	False	False	frozen_esm2_35m_head	Green,Purple,Red,Yellow	Blue	moderate_rna_like	True	False	True	crucivirus_scored_rna_like	0.6600844299999999			
Rdomain	Red	Ribo_ND_128603	0	0.6598191	1	False	1	False	1	False	/workspace/cruci-classifier/results/grid_esm35m_e50/Rdomain/Red/eval/test_eval_results.csv	0	0.512529730796814	Ribo_ND_128603	148	148	0	0	R_domain	Ribo_ND_128603	Ribo_ND_128603|Rdomain|Red|record0	0	rna_virus	Red	Red	0.6598191	1	1	False	False	frozen_esm2_35m_head	Blue,Green,Purple,Yellow	Red	moderate_crucivirus_like	True	False	True	rna_virus_scored_crucivirus_like	0.6598191			
Sdomain	Yellow	Ribo_ND_028949	0	0.65892035	1	False	1	False	1	False	/workspace/cruci-classifier/results/grid_esm35m_e50/Sdomain/Yellow/eval/test_eval_results.csv	0	0.5087921023368835	Ribo_ND_028949	177	177	0	0	S_domain	Ribo_ND_028949	Ribo_ND_028949|Sdomain|Yellow|record0	0	rna_virus	Yellow	Yellow	0.65892035	1	1	False	False	frozen_esm2_35m_head	Blue,Green,Purple,Red	Yellow	moderate_crucivirus_like	True	False	True	rna_virus_scored_crucivirus_like	0.65892035			
Pdomain	Purple	Cruci_CruV_288	1	0.34112772	0	False	0	False	0	False	/workspace/cruci-classifier/results/grid_esm35m_e50/Pdomain/Purple/eval/test_eval_results.csv	0	0.4982953071594238	Cruci_CruV_288	251	251	0	0	P_domain	Cruci_CruV_288	Cruci_CruV_288|Pdomain|Purple|record0	1	crucivirus	Purple	Purple	0.34112772	0	0	False	False	frozen_esm2_35m_head	Blue,Green,Red,Yellow	Purple	moderate_rna_like	True	False	True	crucivirus_scored_rna_like	0.65887228			
fullCP	Yellow	Ribo_ND_036494	0	0.65851986	1	False	1	False	1	False	/workspace/cruci-classifier/results/grid_esm35m_e50/fullCP/Yellow/eval/test_eval_results.csv	0	0.4986207485198974	Ribo_ND_036494	409	410	1	0	full_capsid	Ribo_ND_036494	Ribo_ND_036494|fullCP|Yellow|record0	0	rna_virus	Yellow	Yellow	0.65851986	1	1	False	False	frozen_esm2_35m_head	Blue,Green,Purple,Red	Yellow	moderate_crucivirus_like	True	False	True	rna_virus_scored_crucivirus_like	0.65851986			
Sdomain	Purple	Ribo_ND_045743	0	0.65821075	1	False	1	False	1	False	/workspace/cruci-classifier/results/grid_esm35m_e50/Sdomain/Purple/eval/test_eval_results.csv	0	0.5010125041007996	Ribo_ND_045743	185	185	0	0	S_domain	Ribo_ND_045743	Ribo_ND_045743|Sdomain|Purple|record0	0	rna_virus	Purple	Purple	0.65821075	1	1	False	False	frozen_esm2_35m_head	Blue,Green,Red,Yellow	Purple	moderate_crucivirus_like	True	False	True	rna_virus_scored_crucivirus_like	0.65821075			
Pdomain	Yellow	Ribo_JAAOEH010003334.1	0	0.65809417	1	False	1	False	1	False	/workspace/cruci-classifier/results/grid_esm35m_e50/Pdomain/Yellow/eval/test_eval_results.csv	0	0.4989717900753021	Ribo_JAAOEH010003334.1	168	168	0	0	P_domain	Ribo_JAAOEH010003334.1	Ribo_JAAOEH010003334.1|Pdomain|Yellow|record0	0	rna_virus	Yellow	Yellow	0.65809417	1	1	False	False	frozen_esm2_35m_head	Blue,Green,Purple,Red	Yellow	moderate_crucivirus_like	True	False	True	rna_virus_scored_crucivirus_like	0.65809417			
Sdomain	Purple	Cruci_CruV-598	1	0.34201413	0	False	0	False	0	False	/workspace/cruci-classifier/results/grid_esm35m_e50/Sdomain/Purple/eval/test_eval_results.csv	0	0.5010125041007996	Cruci_CruV-598	181	181	0	0	S_domain	Cruci_CruV-598	Cruci_CruV-598|Sdomain|Purple|record0	1	crucivirus	Purple	Purple	0.34201413	0	0	False	False	frozen_esm2_35m_head	Blue,Green,Red,Yellow	Purple	moderate_rna_like	True	False	True	crucivirus_scored_rna_like	0.65798587			
Rdomain	Purple	Ribo_ND_366110	0	0.657974	1	False	1	False	1	False	/workspace/cruci-classifier/results/grid_esm35m_e50/Rdomain/Purple/eval/test_eval_results.csv	0	0.5012195110321045	Ribo_ND_366110	45	45	0	0	R_domain	Ribo_ND_366110	Ribo_ND_366110|Rdomain|Purple|record0	0	rna_virus	Purple	Purple	0.657974	1	1	False	False	frozen_esm2_35m_head	Blue,Green,Red,Yellow	Purple	moderate_crucivirus_like	True	False	True	rna_virus_scored_crucivirus_like	0.657974			
Sdomain	Purple	Cruci_CruV_144	1	0.34235802	0	False	0	False	0	False	/workspace/cruci-classifier/results/grid_esm35m_e50/Sdomain/Purple/eval/test_eval_results.csv	0	0.5010125041007996	Cruci_CruV_144	187	187	0	0	S_domain	Cruci_CruV_144	Cruci_CruV_144|Sdomain|Purple|record0	1	crucivirus	Purple	Purple	0.34235802	0	0	False	False	frozen_esm2_35m_head	Blue,Green,Red,Yellow	Purple	moderate_rna_like	True	False	True	crucivirus_scored_rna_like	0.65764198			
Pdomain	Yellow	Ribo_ND_025969	0	0.65735	1	False	1	False	1	False	/workspace/cruci-classifier/results/grid_esm35m_e50/Pdomain/Yellow/eval/test_eval_results.csv	0	0.4989717900753021	Ribo_ND_025969	158	158	0	0	P_domain	Ribo_ND_025969	Ribo_ND_025969|Pdomain|Yellow|record0	0	rna_virus	Yellow	Yellow	0.65735	1	1	False	False	frozen_esm2_35m_head	Blue,Green,Purple,Red	Yellow	moderate_crucivirus_like	True	False	True	rna_virus_scored_crucivirus_like	0.65735			
Pdomain	Purple	Cruci_CruV_400	1	0.34286177	0	False	0	False	0	False	/workspace/cruci-classifier/results/grid_esm35m_e50/Pdomain/Purple/eval/test_eval_results.csv	0	0.4982953071594238	Cruci_CruV_400	358	358	0	0	P_domain	Cruci_CruV_400	Cruci_CruV_400|Pdomain|Purple|record0	1	crucivirus	Purple	Purple	0.34286177	0	0	False	False	frozen_esm2_35m_head	Blue,Green,Red,Yellow	Purple	moderate_rna_like	True	False	True	crucivirus_scored_rna_like	0.6571382299999999			
Pdomain	Blue	Cruci_CruV_221	1	0.34295434	0	False	0	False	0	False	/workspace/cruci-classifier/results/grid_esm35m_e50/Pdomain/Blue/eval/test_eval_results.csv	0	0.4954362213611603	Cruci_CruV_221	171	171	0	0	P_domain	Cruci_CruV_221	Cruci_CruV_221|Pdomain|Blue|record0	1	crucivirus	Blue	Blue	0.34295434	0	0	False	False	frozen_esm2_35m_head	Green,Purple,Red,Yellow	Blue	moderate_rna_like	True	False	True	crucivirus_scored_rna_like	0.65704566			
fullCP	Yellow	Cruci_PB_KX388513	1	0.34301904	0	False	0	False	0	False	/workspace/cruci-classifier/results/grid_esm35m_e50/fullCP/Yellow/eval/test_eval_results.csv	0	0.4986207485198974	Cruci_PB_KX388513	378	379	1	0	full_capsid	Cruci_PB_KX388513	Cruci_PB_KX388513|fullCP|Yellow|record0	1	crucivirus	Yellow	Yellow	0.34301904	0	0	False	False	frozen_esm2_35m_head	Blue,Green,Purple,Red	Yellow	moderate_rna_like	True	False	True	crucivirus_scored_rna_like	0.6569809600000001			
Pdomain	Red	Ribo_ND_251353	0	0.6567959	1	False	1	False	1	False	/workspace/cruci-classifier/results/grid_esm35m_e50/Pdomain/Red/eval/test_eval_results.csv	0	0.4583896696567535	Ribo_ND_251353	159	159	0	0	P_domain	Ribo_ND_251353	Ribo_ND_251353|Pdomain|Red|record0	0	rna_virus	Red	Red	0.6567959	1	1	False	False	frozen_esm2_35m_head	Blue,Green,Purple,Yellow	Red	moderate_crucivirus_like	True	False	True	rna_virus_scored_crucivirus_like	0.6567959			
Sdomain	Yellow	Ribo_ND_097300	0	0.65654355	1	False	1	False	1	False	/workspace/cruci-classifier/results/grid_esm35m_e50/Sdomain/Yellow/eval/test_eval_results.csv	0	0.5087921023368835	Ribo_ND_097300	177	177	0	0	S_domain	Ribo_ND_097300	Ribo_ND_097300|Sdomain|Yellow|record0	0	rna_virus	Yellow	Yellow	0.65654355	1	1	False	False	frozen_esm2_35m_head	Blue,Green,Purple,Red	Yellow	moderate_crucivirus_like	True	False	True	rna_virus_scored_crucivirus_like	0.65654355			
fullCP	Purple	Ribo_ND_388118	0	0.65646243	1	False	1	False	1	False	/workspace/cruci-classifier/results/grid_esm35m_e50/fullCP/Purple/eval/test_eval_results.csv	0	0.4988135993480682	Ribo_ND_388118	427	428	1	0	full_capsid	Ribo_ND_388118	Ribo_ND_388118|fullCP|Purple|record0	0	rna_virus	Purple	Purple	0.65646243	1	1	False	False	frozen_esm2_35m_head	Blue,Green,Red,Yellow	Purple	moderate_crucivirus_like	True	False	True	rna_virus_scored_crucivirus_like	0.65646243			
fullCP	Blue	Ribo_ND_030308	0	0.6563458	1	False	1	False	1	False	/workspace/cruci-classifier/results/grid_esm35m_e50/fullCP/Blue/eval/test_eval_results.csv	0	0.4914703667163849	Ribo_ND_030308	432	433	1	0	full_capsid	Ribo_ND_030308	Ribo_ND_030308|fullCP|Blue|record0	0	rna_virus	Blue	Blue	0.6563458	1	1	False	False	frozen_esm2_35m_head	Green,Purple,Red,Yellow	Blue	moderate_crucivirus_like	True	False	True	rna_virus_scored_crucivirus_like	0.6563458			
Pdomain	Blue	Cruci_CruV-684	1	0.3438708	0	False	0	False	0	False	/workspace/cruci-classifier/results/grid_esm35m_e50/Pdomain/Blue/eval/test_eval_results.csv	0	0.4954362213611603	Cruci_CruV-684	151	151	0	0	P_domain	Cruci_CruV-684	Cruci_CruV-684|Pdomain|Blue|record0	1	crucivirus	Blue	Blue	0.3438708	0	0	False	False	frozen_esm2_35m_head	Green,Purple,Red,Yellow	Blue	moderate_rna_like	True	False	True	crucivirus_scored_rna_like	0.6561292000000001			
Sdomain	Green	Cruci_CruV-883	1	0.34409317	0	False	0	False	0	False	/workspace/cruci-classifier/results/grid_esm35m_e50/Sdomain/Green/eval/test_eval_results.csv	0	0.5480888485908508	Cruci_CruV-883	185	185	0	0	S_domain	Cruci_CruV-883	Cruci_CruV-883|Sdomain|Green|record0	1	crucivirus	Green	Green	0.34409317	0	0	False	False	frozen_esm2_35m_head	Blue,Purple,Red,Yellow	Green	moderate_rna_like	True	False	True	crucivirus_scored_rna_like	0.6559068299999999			
Sdomain	Green	Cruci_CruV-884	1	0.34409317	0	False	0	False	0	False	/workspace/cruci-classifier/results/grid_esm35m_e50/Sdomain/Green/eval/test_eval_results.csv	0	0.5480888485908508	Cruci_CruV-884	185	185	0	0	S_domain	Cruci_CruV-884	Cruci_CruV-884|Sdomain|Green|record0	1	crucivirus	Green	Green	0.34409317	0	0	False	False	frozen_esm2_35m_head	Blue,Purple,Red,Yellow	Green	moderate_rna_like	True	False	True	crucivirus_scored_rna_like	0.6559068299999999			
Pdomain	Yellow	Ribo_ND_166810	0	0.6557459	1	False	1	False	1	False	/workspace/cruci-classifier/results/grid_esm35m_e50/Pdomain/Yellow/eval/test_eval_results.csv	0	0.4989717900753021	Ribo_ND_166810	151	151	0	0	P_domain	Ribo_ND_166810	Ribo_ND_166810|Pdomain|Yellow|record0	0	rna_virus	Yellow	Yellow	0.6557459	1	1	False	False	frozen_esm2_35m_head	Blue,Green,Purple,Red	Yellow	moderate_crucivirus_like	True	False	True	rna_virus_scored_crucivirus_like	0.6557459			
Pdomain	Yellow	Ribo_ND_365497	0	0.6557389	1	False	1	False	1	False	/workspace/cruci-classifier/results/grid_esm35m_e50/Pdomain/Yellow/eval/test_eval_results.csv	0	0.4989717900753021	Ribo_ND_365497	154	154	0	0	P_domain	Ribo_ND_365497	Ribo_ND_365497|Pdomain|Yellow|record0	0	rna_virus	Yellow	Yellow	0.6557389	1	1	False	False	frozen_esm2_35m_head	Blue,Green,Purple,Red	Yellow	moderate_crucivirus_like	True	False	True	rna_virus_scored_crucivirus_like	0.6557389			
Rdomain	Purple	Cruci_Tisza_MH617557.1	1	0.34426913	0	False	0	False	0	False	/workspace/cruci-classifier/results/grid_esm35m_e50/Rdomain/Purple/eval/test_eval_results.csv	0	0.5012195110321045	Cruci_Tisza_MH617557.1	185	185	0	0	R_domain	Cruci_Tisza_MH617557.1	Cruci_Tisza_MH617557.1|Rdomain|Purple|record0	1	crucivirus	Purple	Purple	0.34426913	0	0	False	False	frozen_esm2_35m_head	Blue,Green,Red,Yellow	Purple	moderate_rna_like	True	False	True	crucivirus_scored_rna_like	0.65573087			
Pdomain	Red	Ribo_ND_167327	0	0.65570587	1	False	1	False	1	False	/workspace/cruci-classifier/results/grid_esm35m_e50/Pdomain/Red/eval/test_eval_results.csv	0	0.4583896696567535	Ribo_ND_167327	158	158	0	0	P_domain	Ribo_ND_167327	Ribo_ND_167327|Pdomain|Red|record0	0	rna_virus	Red	Red	0.65570587	1	1	False	False	frozen_esm2_35m_head	Blue,Green,Purple,Yellow	Red	moderate_crucivirus_like	True	False	True	rna_virus_scored_crucivirus_like	0.65570587			
Pdomain	Purple	Cruci_CruV_301	1	0.34431022	0	False	0	False	0	False	/workspace/cruci-classifier/results/grid_esm35m_e50/Pdomain/Purple/eval/test_eval_results.csv	0	0.4982953071594238	Cruci_CruV_301	139	139	0	0	P_domain	Cruci_CruV_301	Cruci_CruV_301|Pdomain|Purple|record0	1	crucivirus	Purple	Purple	0.34431022	0	0	False	False	frozen_esm2_35m_head	Blue,Green,Red,Yellow	Purple	moderate_rna_like	True	False	True	crucivirus_scored_rna_like	0.65568978			
Pdomain	Yellow	Ribo_ND_084065	0	0.6555477	1	False	1	False	1	False	/workspace/cruci-classifier/results/grid_esm35m_e50/Pdomain/Yellow/eval/test_eval_results.csv	0	0.4989717900753021	Ribo_ND_084065	157	157	0	0	P_domain	Ribo_ND_084065	Ribo_ND_084065|Pdomain|Yellow|record0	0	rna_virus	Yellow	Yellow	0.6555477	1	1	False	False	frozen_esm2_35m_head	Blue,Green,Purple,Red	Yellow	moderate_crucivirus_like	True	False	True	rna_virus_scored_crucivirus_like	0.6555477			
Sdomain	Purple	Cruci_CruV_537	1	0.34466708	0	False	0	False	0	False	/workspace/cruci-classifier/results/grid_esm35m_e50/Sdomain/Purple/eval/test_eval_results.csv	0	0.5010125041007996	Cruci_CruV_537	185	185	0	0	S_domain	Cruci_CruV_537	Cruci_CruV_537|Sdomain|Purple|record0	1	crucivirus	Purple	Purple	0.34466708	0	0	False	False	frozen_esm2_35m_head	Blue,Green,Red,Yellow	Purple	moderate_rna_like	True	False	True	crucivirus_scored_rna_like	0.65533292			
Pdomain	Yellow	Ribo_ND_131731	0	0.65513957	1	False	1	False	1	False	/workspace/cruci-classifier/results/grid_esm35m_e50/Pdomain/Yellow/eval/test_eval_results.csv	0	0.4989717900753021	Ribo_ND_131731	139	139	0	0	P_domain	Ribo_ND_131731	Ribo_ND_131731|Pdomain|Yellow|record0	0	rna_virus	Yellow	Yellow	0.65513957	1	1	False	False	frozen_esm2_35m_head	Blue,Green,Purple,Red	Yellow	moderate_crucivirus_like	True	False	True	rna_virus_scored_crucivirus_like	0.65513957			
Pdomain	Green	Cruci_CruV_381	1	0.34506822	0	False	0	False	0	False	/workspace/cruci-classifier/results/grid_esm35m_e50/Pdomain/Green/eval/test_eval_results.csv	0	0.5002309083938599	Cruci_CruV_381	131	131	0	0	P_domain	Cruci_CruV_381	Cruci_CruV_381|Pdomain|Green|record0	1	crucivirus	Green	Green	0.34506822	0	0	False	False	frozen_esm2_35m_head	Blue,Purple,Red,Yellow	Green	moderate_rna_like	True	False	True	crucivirus_scored_rna_like	0.6549317800000001			
Sdomain	Green	Cruci_CruV-732	1	0.34523168	0	False	0	False	0	False	/workspace/cruci-classifier/results/grid_esm35m_e50/Sdomain/Green/eval/test_eval_results.csv	0	0.5480888485908508	Cruci_CruV-732	179	179	0	0	S_domain	Cruci_CruV-732	Cruci_CruV-732|Sdomain|Green|record0	1	crucivirus	Green	Green	0.34523168	0	0	False	False	frozen_esm2_35m_head	Blue,Purple,Red,Yellow	Green	moderate_rna_like	True	False	True	crucivirus_scored_rna_like	0.6547683200000001			
Rdomain	Blue	Cruci_CruV_259	1	0.34528995	0	False	0	False	0	False	/workspace/cruci-classifier/results/grid_esm35m_e50/Rdomain/Blue/eval/test_eval_results.csv	0	0.4960196018218994	Cruci_CruV_259	115	115	0	0	R_domain	Cruci_CruV_259	Cruci_CruV_259|Rdomain|Blue|record0	1	crucivirus	Blue	Blue	0.34528995	0	0	False	False	frozen_esm2_35m_head	Green,Purple,Red,Yellow	Blue	moderate_rna_like	True	False	True	crucivirus_scored_rna_like	0.65471005			
Pdomain	Purple	Cruci_CruV_207	1	0.34569648	0	False	0	False	0	False	/workspace/cruci-classifier/results/grid_esm35m_e50/Pdomain/Purple/eval/test_eval_results.csv	0	0.4982953071594238	Cruci_CruV_207	153	153	0	0	P_domain	Cruci_CruV_207	Cruci_CruV_207|Pdomain|Purple|record0	1	crucivirus	Purple	Purple	0.34569648	0	0	False	False	frozen_esm2_35m_head	Blue,Green,Red,Yellow	Purple	moderate_rna_like	True	False	True	crucivirus_scored_rna_like	0.65430352			
Rdomain	Yellow	Ribo_JAAOEH010004812.1	0	0.65394	1	False	1	False	1	False	/workspace/cruci-classifier/results/grid_esm35m_e50/Rdomain/Yellow/eval/test_eval_results.csv	0	0.471052885055542	Ribo_JAAOEH010004812.1	133	133	0	0	R_domain	Ribo_JAAOEH010004812.1	Ribo_JAAOEH010004812.1|Rdomain|Yellow|record0	0	rna_virus	Yellow	Yellow	0.65394	1	1	False	False	frozen_esm2_35m_head	Blue,Green,Purple,Red	Yellow	moderate_crucivirus_like	True	False	True	rna_virus_scored_crucivirus_like	0.65394			
Pdomain	Blue	Cruci_CruV_262	1	0.34606674	0	False	0	False	0	False	/workspace/cruci-classifier/results/grid_esm35m_e50/Pdomain/Blue/eval/test_eval_results.csv	0	0.4954362213611603	Cruci_CruV_262	158	158	0	0	P_domain	Cruci_CruV_262	Cruci_CruV_262|Pdomain|Blue|record0	1	crucivirus	Blue	Blue	0.34606674	0	0	False	False	frozen_esm2_35m_head	Green,Purple,Red,Yellow	Blue	moderate_rna_like	True	False	True	crucivirus_scored_rna_like	0.6539332600000001			
Rdomain	Yellow	Ribo_ND_082950	0	0.65375984	1	False	1	False	1	False	/workspace/cruci-classifier/results/grid_esm35m_e50/Rdomain/Yellow/eval/test_eval_results.csv	0	0.471052885055542	Ribo_ND_082950	93	93	0	0	R_domain	Ribo_ND_082950	Ribo_ND_082950|Rdomain|Yellow|record0	0	rna_virus	Yellow	Yellow	0.65375984	1	1	False	False	frozen_esm2_35m_head	Blue,Green,Purple,Red	Yellow	moderate_crucivirus_like	True	False	True	rna_virus_scored_crucivirus_like	0.65375984			
Rdomain	Yellow	Ribo_ND_043246	0	0.6537319	1	False	1	False	1	False	/workspace/cruci-classifier/results/grid_esm35m_e50/Rdomain/Yellow/eval/test_eval_results.csv	0	0.471052885055542	Ribo_ND_043246	93	93	0	0	R_domain	Ribo_ND_043246	Ribo_ND_043246|Rdomain|Yellow|record0	0	rna_virus	Yellow	Yellow	0.6537319	1	1	False	False	frozen_esm2_35m_head	Blue,Green,Purple,Red	Yellow	moderate_crucivirus_like	True	False	True	rna_virus_scored_crucivirus_like	0.6537319			
fullCP	Green	Ribo_ND_385935	0	0.65362394	1	False	1	False	1	False	/workspace/cruci-classifier/results/grid_esm35m_e50/fullCP/Green/eval/test_eval_results.csv	0	0.4995022118091583	Ribo_ND_385935	457	458	1	0	full_capsid	Ribo_ND_385935	Ribo_ND_385935|fullCP|Green|record0	0	rna_virus	Green	Green	0.65362394	1	1	False	False	frozen_esm2_35m_head	Blue,Purple,Red,Yellow	Green	moderate_crucivirus_like	True	False	True	rna_virus_scored_crucivirus_like	0.65362394			
fullCP	Blue	Ribo_ND_132962	0	0.6535899	1	False	1	False	1	False	/workspace/cruci-classifier/results/grid_esm35m_e50/fullCP/Blue/eval/test_eval_results.csv	0	0.4914703667163849	Ribo_ND_132962	467	468	1	0	full_capsid	Ribo_ND_132962	Ribo_ND_132962|fullCP|Blue|record0	0	rna_virus	Blue	Blue	0.6535899	1	1	False	False	frozen_esm2_35m_head	Green,Purple,Red,Yellow	Blue	moderate_crucivirus_like	True	False	True	rna_virus_scored_crucivirus_like	0.6535899			
Pdomain	Blue	Ribo_ND_365515	0	0.65348524	1	False	1	False	1	False	/workspace/cruci-classifier/results/grid_esm35m_e50/Pdomain/Blue/eval/test_eval_results.csv	0	0.4954362213611603	Ribo_ND_365515	202	202	0	0	P_domain	Ribo_ND_365515	Ribo_ND_365515|Pdomain|Blue|record0	0	rna_virus	Blue	Blue	0.65348524	1	1	False	False	frozen_esm2_35m_head	Green,Purple,Red,Yellow	Blue	moderate_crucivirus_like	True	False	True	rna_virus_scored_crucivirus_like	0.65348524			
Rdomain	Yellow	Ribo_JAAOEH010003866.1	0	0.6534214	1	False	1	False	1	False	/workspace/cruci-classifier/results/grid_esm35m_e50/Rdomain/Yellow/eval/test_eval_results.csv	0	0.471052885055542	Ribo_JAAOEH010003866.1	181	181	0	0	R_domain	Ribo_JAAOEH010003866.1	Ribo_JAAOEH010003866.1|Rdomain|Yellow|record0	0	rna_virus	Yellow	Yellow	0.6534214	1	1	False	False	frozen_esm2_35m_head	Blue,Green,Purple,Red	Yellow	moderate_crucivirus_like	True	False	True	rna_virus_scored_crucivirus_like	0.6534214			
fullCP	Blue	Cruci_CruV_282	1	0.3467704	0	False	0	False	0	False	/workspace/cruci-classifier/results/grid_esm35m_e50/fullCP/Blue/eval/test_eval_results.csv	0	0.4914703667163849	Cruci_CruV_282	486	487	1	0	full_capsid	Cruci_CruV_282	Cruci_CruV_282|fullCP|Blue|record0	1	crucivirus	Blue	Blue	0.3467704	0	0	False	False	frozen_esm2_35m_head	Green,Purple,Red,Yellow	Blue	moderate_rna_like	True	False	True	crucivirus_scored_rna_like	0.6532296			
Rdomain	Yellow	Ribo_ND_358880	0	0.65320045	1	False	1	False	1	False	/workspace/cruci-classifier/results/grid_esm35m_e50/Rdomain/Yellow/eval/test_eval_results.csv	0	0.471052885055542	Ribo_ND_358880	92	92	0	0	R_domain	Ribo_ND_358880	Ribo_ND_358880|Rdomain|Yellow|record0	0	rna_virus	Yellow	Yellow	0.65320045	1	1	False	False	frozen_esm2_35m_head	Blue,Green,Purple,Red	Yellow	moderate_crucivirus_like	True	False	True	rna_virus_scored_crucivirus_like	0.65320045			
fullCP	Yellow	Ribo_ND_249740	0	0.6531445	1	False	1	False	1	False	/workspace/cruci-classifier/results/grid_esm35m_e50/fullCP/Yellow/eval/test_eval_results.csv	0	0.4986207485198974	Ribo_ND_249740	415	416	1	0	full_capsid	Ribo_ND_249740	Ribo_ND_249740|fullCP|Yellow|record0	0	rna_virus	Yellow	Yellow	0.6531445	1	1	False	False	frozen_esm2_35m_head	Blue,Green,Purple,Red	Yellow	moderate_crucivirus_like	True	False	True	rna_virus_scored_crucivirus_like	0.6531445			
Pdomain	Purple	Cruci_CruV-690	1	0.34699816	0	False	0	False	0	False	/workspace/cruci-classifier/results/grid_esm35m_e50/Pdomain/Purple/eval/test_eval_results.csv	0	0.4982953071594238	Cruci_CruV-690	149	149	0	0	P_domain	Cruci_CruV-690	Cruci_CruV-690|Pdomain|Purple|record0	1	crucivirus	Purple	Purple	0.34699816	0	0	False	False	frozen_esm2_35m_head	Blue,Green,Red,Yellow	Purple	moderate_rna_like	True	False	True	crucivirus_scored_rna_like	0.65300184			
Pdomain	Purple	Ribo_ND_122391	0	0.65294653	1	False	1	False	1	False	/workspace/cruci-classifier/results/grid_esm35m_e50/Pdomain/Purple/eval/test_eval_results.csv	0	0.4982953071594238	Ribo_ND_122391	175	175	0	0	P_domain	Ribo_ND_122391	Ribo_ND_122391|Pdomain|Purple|record0	0	rna_virus	Purple	Purple	0.65294653	1	1	False	False	frozen_esm2_35m_head	Blue,Green,Red,Yellow	Purple	moderate_crucivirus_like	True	False	True	rna_virus_scored_crucivirus_like	0.65294653			
Rdomain	Green	Ribo_ND_019368	0	0.6529076	1	False	1	False	1	False	/workspace/cruci-classifier/results/grid_esm35m_e50/Rdomain/Green/eval/test_eval_results.csv	0	0.5166996717453003	Ribo_ND_019368	9	9	0	0	R_domain	Ribo_ND_019368	Ribo_ND_019368|Rdomain|Green|record0	0	rna_virus	Green	Green	0.6529076	1	1	False	False	frozen_esm2_35m_head	Blue,Purple,Red,Yellow	Green	moderate_crucivirus_like	True	False	True	rna_virus_scored_crucivirus_like	0.6529076			
Sdomain	Green	Cruci_CruV_385	1	0.34724334	0	False	0	False	0	False	/workspace/cruci-classifier/results/grid_esm35m_e50/Sdomain/Green/eval/test_eval_results.csv	0	0.5480888485908508	Cruci_CruV_385	190	190	0	0	S_domain	Cruci_CruV_385	Cruci_CruV_385|Sdomain|Green|record0	1	crucivirus	Green	Green	0.34724334	0	0	False	False	frozen_esm2_35m_head	Blue,Purple,Red,Yellow	Green	moderate_rna_like	True	False	True	crucivirus_scored_rna_like	0.65275666			
Sdomain	Yellow	Ribo_ND_117610	0	0.65253603	1	False	1	False	1	False	/workspace/cruci-classifier/results/grid_esm35m_e50/Sdomain/Yellow/eval/test_eval_results.csv	0	0.5087921023368835	Ribo_ND_117610	185	185	0	0	S_domain	Ribo_ND_117610	Ribo_ND_117610|Sdomain|Yellow|record0	0	rna_virus	Yellow	Yellow	0.65253603	1	1	False	False	frozen_esm2_35m_head	Blue,Green,Purple,Red	Yellow	moderate_crucivirus_like	True	False	True	rna_virus_scored_crucivirus_like	0.65253603			
Pdomain	Yellow	Ribo_ND_163299	0	0.6522417	1	False	1	False	1	False	/workspace/cruci-classifier/results/grid_esm35m_e50/Pdomain/Yellow/eval/test_eval_results.csv	0	0.4989717900753021	Ribo_ND_163299	231	231	0	0	P_domain	Ribo_ND_163299	Ribo_ND_163299|Pdomain|Yellow|record0	0	rna_virus	Yellow	Yellow	0.6522417	1	1	False	False	frozen_esm2_35m_head	Blue,Green,Purple,Red	Yellow	moderate_crucivirus_like	True	False	True	rna_virus_scored_crucivirus_like	0.6522417			
Sdomain	Purple	Cruci_CruV_237	1	0.34790203	0	False	0	False	0	False	/workspace/cruci-classifier/results/grid_esm35m_e50/Sdomain/Purple/eval/test_eval_results.csv	0	0.5010125041007996	Cruci_CruV_237	185	185	0	0	S_domain	Cruci_CruV_237	Cruci_CruV_237|Sdomain|Purple|record0	1	crucivirus	Purple	Purple	0.34790203	0	0	False	False	frozen_esm2_35m_head	Blue,Green,Red,Yellow	Purple	moderate_rna_like	True	False	True	crucivirus_scored_rna_like	0.65209797			
Sdomain	Green	Cruci_CruV-926	1	0.34791088	0	False	0	False	0	False	/workspace/cruci-classifier/results/grid_esm35m_e50/Sdomain/Green/eval/test_eval_results.csv	0	0.5480888485908508	Cruci_CruV-926	190	190	0	0	S_domain	Cruci_CruV-926	Cruci_CruV-926|Sdomain|Green|record0	1	crucivirus	Green	Green	0.34791088	0	0	False	False	frozen_esm2_35m_head	Blue,Purple,Red,Yellow	Green	moderate_rna_like	True	False	True	crucivirus_scored_rna_like	0.6520891200000001			
fullCP	Yellow	Ribo_ND_025122	0	0.65201485	1	False	1	False	1	False	/workspace/cruci-classifier/results/grid_esm35m_e50/fullCP/Yellow/eval/test_eval_results.csv	0	0.4986207485198974	Ribo_ND_025122	392	393	1	0	full_capsid	Ribo_ND_025122	Ribo_ND_025122|fullCP|Yellow|record0	0	rna_virus	Yellow	Yellow	0.65201485	1	1	False	False	frozen_esm2_35m_head	Blue,Green,Purple,Red	Yellow	moderate_crucivirus_like	True	False	True	rna_virus_scored_crucivirus_like	0.65201485			
Sdomain	Blue	Ribo_ND_099772	0	0.65199673	1	False	1	False	1	False	/workspace/cruci-classifier/results/grid_esm35m_e50/Sdomain/Blue/eval/test_eval_results.csv	0	0.3950238227844238	Ribo_ND_099772	186	186	0	0	S_domain	Ribo_ND_099772	Ribo_ND_099772|Sdomain|Blue|record0	0	rna_virus	Blue	Blue	0.65199673	1	1	False	False	frozen_esm2_35m_head	Green,Purple,Red,Yellow	Blue	moderate_crucivirus_like	True	False	True	rna_virus_scored_crucivirus_like	0.65199673			
fullCP	Red	Ribo_ND_025998	0	0.65199345	1	False	1	False	1	False	/workspace/cruci-classifier/results/grid_esm35m_e50/fullCP/Red/eval/test_eval_results.csv	0	0.4925376772880554	Ribo_ND_025998	383	384	1	0	full_capsid	Ribo_ND_025998	Ribo_ND_025998|fullCP|Red|record0	0	rna_virus	Red	Red	0.65199345	1	1	False	False	frozen_esm2_35m_head	Blue,Green,Purple,Yellow	Red	moderate_crucivirus_like	True	False	True	rna_virus_scored_crucivirus_like	0.65199345			
Rdomain	Red	Ribo_ND_188635	0	0.65189755	1	False	1	False	1	False	/workspace/cruci-classifier/results/grid_esm35m_e50/Rdomain/Red/eval/test_eval_results.csv	0	0.512529730796814	Ribo_ND_188635	177	177	0	0	R_domain	Ribo_ND_188635	Ribo_ND_188635|Rdomain|Red|record0	0	rna_virus	Red	Red	0.65189755	1	1	False	False	frozen_esm2_35m_head	Blue,Green,Purple,Yellow	Red	moderate_crucivirus_like	True	False	True	rna_virus_scored_crucivirus_like	0.65189755			
Sdomain	Yellow	Ribo_ND_029688	0	0.6517647	1	False	1	False	1	False	/workspace/cruci-classifier/results/grid_esm35m_e50/Sdomain/Yellow/eval/test_eval_results.csv	0	0.5087921023368835	Ribo_ND_029688	177	177	0	0	S_domain	Ribo_ND_029688	Ribo_ND_029688|Sdomain|Yellow|record0	0	rna_virus	Yellow	Yellow	0.6517647	1	1	False	False	frozen_esm2_35m_head	Blue,Green,Purple,Red	Yellow	moderate_crucivirus_like	True	False	True	rna_virus_scored_crucivirus_like	0.6517647			
Rdomain	Purple	Cruci_CruV-749	1	0.34835383	0	False	0	False	0	False	/workspace/cruci-classifier/results/grid_esm35m_e50/Rdomain/Purple/eval/test_eval_results.csv	0	0.5012195110321045	Cruci_CruV-749	159	159	0	0	R_domain	Cruci_CruV-749	Cruci_CruV-749|Rdomain|Purple|record0	1	crucivirus	Purple	Purple	0.34835383	0	0	False	False	frozen_esm2_35m_head	Blue,Green,Red,Yellow	Purple	moderate_rna_like	True	False	True	crucivirus_scored_rna_like	0.65164617			
fullCP	Yellow	Ribo_ND_112280	0	0.65142834	1	False	1	False	1	False	/workspace/cruci-classifier/results/grid_esm35m_e50/fullCP/Yellow/eval/test_eval_results.csv	0	0.4986207485198974	Ribo_ND_112280	449	450	1	0	full_capsid	Ribo_ND_112280	Ribo_ND_112280|fullCP|Yellow|record0	0	rna_virus	Yellow	Yellow	0.65142834	1	1	False	False	frozen_esm2_35m_head	Blue,Green,Purple,Red	Yellow	moderate_crucivirus_like	True	False	True	rna_virus_scored_crucivirus_like	0.65142834			
fullCP	Blue	Ribo_ND_132246	0	0.6512819	1	False	1	False	1	False	/workspace/cruci-classifier/results/grid_esm35m_e50/fullCP/Blue/eval/test_eval_results.csv	0	0.4914703667163849	Ribo_ND_132246	508	509	1	0	full_capsid	Ribo_ND_132246	Ribo_ND_132246|fullCP|Blue|record0	0	rna_virus	Blue	Blue	0.6512819	1	1	False	False	frozen_esm2_35m_head	Green,Purple,Red,Yellow	Blue	moderate_crucivirus_like	True	False	True	rna_virus_scored_crucivirus_like	0.6512819			
Pdomain	Yellow	Ribo_ND_029138	0	0.6510051	1	False	1	False	1	False	/workspace/cruci-classifier/results/grid_esm35m_e50/Pdomain/Yellow/eval/test_eval_results.csv	0	0.4989717900753021	Ribo_ND_029138	145	145	0	0	P_domain	Ribo_ND_029138	Ribo_ND_029138|Pdomain|Yellow|record0	0	rna_virus	Yellow	Yellow	0.6510051	1	1	False	False	frozen_esm2_35m_head	Blue,Green,Purple,Red	Yellow	moderate_crucivirus_like	True	False	True	rna_virus_scored_crucivirus_like	0.6510051			
Sdomain	Blue	Ribo_ND_162083	0	0.65100324	1	False	1	False	1	False	/workspace/cruci-classifier/results/grid_esm35m_e50/Sdomain/Blue/eval/test_eval_results.csv	0	0.3950238227844238	Ribo_ND_162083	185	185	0	0	S_domain	Ribo_ND_162083	Ribo_ND_162083|Sdomain|Blue|record0	0	rna_virus	Blue	Blue	0.65100324	1	1	False	False	frozen_esm2_35m_head	Green,Purple,Red,Yellow	Blue	moderate_crucivirus_like	True	False	True	rna_virus_scored_crucivirus_like	0.65100324			
Rdomain	Yellow	Ribo_ND_386710	0	0.6506182	1	False	1	False	1	False	/workspace/cruci-classifier/results/grid_esm35m_e50/Rdomain/Yellow/eval/test_eval_results.csv	0	0.471052885055542	Ribo_ND_386710	89	89	0	0	R_domain	Ribo_ND_386710	Ribo_ND_386710|Rdomain|Yellow|record0	0	rna_virus	Yellow	Yellow	0.6506182	1	1	False	False	frozen_esm2_35m_head	Blue,Green,Purple,Red	Yellow	moderate_crucivirus_like	True	False	True	rna_virus_scored_crucivirus_like	0.6506182			
fullCP	Blue	Cruci_CruV_215	1	0.34940404	0	False	0	False	0	False	/workspace/cruci-classifier/results/grid_esm35m_e50/fullCP/Blue/eval/test_eval_results.csv	0	0.4914703667163849	Cruci_CruV_215	458	459	1	0	full_capsid	Cruci_CruV_215	Cruci_CruV_215|fullCP|Blue|record0	1	crucivirus	Blue	Blue	0.34940404	0	0	False	False	frozen_esm2_35m_head	Green,Purple,Red,Yellow	Blue	moderate_rna_like	True	False	True	crucivirus_scored_rna_like	0.65059596			
fullCP	Red	Ribo_ND_107697	0	0.65050316	1	False	1	False	1	False	/workspace/cruci-classifier/results/grid_esm35m_e50/fullCP/Red/eval/test_eval_results.csv	0	0.4925376772880554	Ribo_ND_107697	492	493	1	0	full_capsid	Ribo_ND_107697	Ribo_ND_107697|fullCP|Red|record0	0	rna_virus	Red	Red	0.65050316	1	1	False	False	frozen_esm2_35m_head	Blue,Green,Purple,Yellow	Red	moderate_crucivirus_like	True	False	True	rna_virus_scored_crucivirus_like	0.65050316			
Pdomain	Yellow	Ribo_ND_041696	0	0.6504241	1	False	1	False	1	False	/workspace/cruci-classifier/results/grid_esm35m_e50/Pdomain/Yellow/eval/test_eval_results.csv	0	0.4989717900753021	Ribo_ND_041696	151	151	0	0	P_domain	Ribo_ND_041696	Ribo_ND_041696|Pdomain|Yellow|record0	0	rna_virus	Yellow	Yellow	0.6504241	1	1	False	False	frozen_esm2_35m_head	Blue,Green,Purple,Red	Yellow	moderate_crucivirus_like	True	False	True	rna_virus_scored_crucivirus_like	0.6504241			
Sdomain	Purple	Cruci_CruV-875	1	0.34970033	0	False	0	False	0	False	/workspace/cruci-classifier/results/grid_esm35m_e50/Sdomain/Purple/eval/test_eval_results.csv	0	0.5010125041007996	Cruci_CruV-875	184	184	0	0	S_domain	Cruci_CruV-875	Cruci_CruV-875|Sdomain|Purple|record0	1	crucivirus	Purple	Purple	0.34970033	0	0	False	False	frozen_esm2_35m_head	Blue,Green,Red,Yellow	Purple	moderate_rna_like	True	False	True	crucivirus_scored_rna_like	0.65029967			
fullCP	Yellow	Ribo_ND_053581	0	0.6502486	1	False	1	False	1	False	/workspace/cruci-classifier/results/grid_esm35m_e50/fullCP/Yellow/eval/test_eval_results.csv	0	0.4986207485198974	Ribo_ND_053581	657	658	1	0	full_capsid	Ribo_ND_053581	Ribo_ND_053581|fullCP|Yellow|record0	0	rna_virus	Yellow	Yellow	0.6502486	1	1	False	False	frozen_esm2_35m_head	Blue,Green,Purple,Red	Yellow	moderate_crucivirus_like	True	False	True	rna_virus_scored_crucivirus_like	0.6502486			
Pdomain	Yellow	Ribo_ND_254815	0	0.65012956	1	False	1	False	1	False	/workspace/cruci-classifier/results/grid_esm35m_e50/Pdomain/Yellow/eval/test_eval_results.csv	0	0.4989717900753021	Ribo_ND_254815	142	142	0	0	P_domain	Ribo_ND_254815	Ribo_ND_254815|Pdomain|Yellow|record0	0	rna_virus	Yellow	Yellow	0.65012956	1	1	False	False	frozen_esm2_35m_head	Blue,Green,Purple,Red	Yellow	moderate_crucivirus_like	True	False	True	rna_virus_scored_crucivirus_like	0.65012956			
Pdomain	Red	Ribo_ND_287598	0	0.64977235	1	False	1	False	1	False	/workspace/cruci-classifier/results/grid_esm35m_e50/Pdomain/Red/eval/test_eval_results.csv	0	0.4583896696567535	Ribo_ND_287598	164	164	0	0	P_domain	Ribo_ND_287598	Ribo_ND_287598|Pdomain|Red|record0	0	rna_virus	Red	Red	0.64977235	1	1	False	False	frozen_esm2_35m_head	Blue,Green,Purple,Yellow	Red	moderate_crucivirus_like	True	False	True	rna_virus_scored_crucivirus_like	0.64977235			
Rdomain	Yellow	Ribo_ND_347447	0	0.64963657	1	False	1	False	1	False	/workspace/cruci-classifier/results/grid_esm35m_e50/Rdomain/Yellow/eval/test_eval_results.csv	0	0.471052885055542	Ribo_ND_347447	98	98	0	0	R_domain	Ribo_ND_347447	Ribo_ND_347447|Rdomain|Yellow|record0	0	rna_virus	Yellow	Yellow	0.64963657	1	1	False	False	frozen_esm2_35m_head	Blue,Green,Purple,Red	Yellow	moderate_crucivirus_like	True	False	True	rna_virus_scored_crucivirus_like	0.64963657			
Sdomain	Yellow	Ribo_ND_069102	0	0.64959127	1	False	1	False	1	False	/workspace/cruci-classifier/results/grid_esm35m_e50/Sdomain/Yellow/eval/test_eval_results.csv	0	0.5087921023368835	Ribo_ND_069102	176	176	0	0	S_domain	Ribo_ND_069102	Ribo_ND_069102|Sdomain|Yellow|record0	0	rna_virus	Yellow	Yellow	0.64959127	1	1	False	False	frozen_esm2_35m_head	Blue,Green,Purple,Red	Yellow	moderate_crucivirus_like	True	False	True	rna_virus_scored_crucivirus_like	0.64959127			
Pdomain	Purple	Cruci_CruV_308	1	0.35044777	0	False	0	False	0	False	/workspace/cruci-classifier/results/grid_esm35m_e50/Pdomain/Purple/eval/test_eval_results.csv	0	0.4982953071594238	Cruci_CruV_308	168	168	0	0	P_domain	Cruci_CruV_308	Cruci_CruV_308|Pdomain|Purple|record0	1	crucivirus	Purple	Purple	0.35044777	0	0	False	False	frozen_esm2_35m_head	Blue,Green,Red,Yellow	Purple	moderate_rna_like	True	False	True	crucivirus_scored_rna_like	0.6495522300000001			
fullCP	Blue	Cruci_CruV_272	1	0.35058135	0	False	0	False	0	False	/workspace/cruci-classifier/results/grid_esm35m_e50/fullCP/Blue/eval/test_eval_results.csv	0	0.4914703667163849	Cruci_CruV_272	486	487	1	0	full_capsid	Cruci_CruV_272	Cruci_CruV_272|fullCP|Blue|record0	1	crucivirus	Blue	Blue	0.35058135	0	0	False	False	frozen_esm2_35m_head	Green,Purple,Red,Yellow	Blue	moderate_rna_like	True	False	True	crucivirus_scored_rna_like	0.64941865			
fullCP	Blue	Cruci_CruV_277	1	0.35058135	0	False	0	False	0	False	/workspace/cruci-classifier/results/grid_esm35m_e50/fullCP/Blue/eval/test_eval_results.csv	0	0.4914703667163849	Cruci_CruV_277	486	487	1	0	full_capsid	Cruci_CruV_277	Cruci_CruV_277|fullCP|Blue|record0	1	crucivirus	Blue	Blue	0.35058135	0	0	False	False	frozen_esm2_35m_head	Green,Purple,Red,Yellow	Blue	moderate_rna_like	True	False	True	crucivirus_scored_rna_like	0.64941865			
fullCP	Blue	Cruci_CruV_281	1	0.35058135	0	False	0	False	0	False	/workspace/cruci-classifier/results/grid_esm35m_e50/fullCP/Blue/eval/test_eval_results.csv	0	0.4914703667163849	Cruci_CruV_281	486	487	1	0	full_capsid	Cruci_CruV_281	Cruci_CruV_281|fullCP|Blue|record0	1	crucivirus	Blue	Blue	0.35058135	0	0	False	False	frozen_esm2_35m_head	Green,Purple,Red,Yellow	Blue	moderate_rna_like	True	False	True	crucivirus_scored_rna_like	0.64941865			
Sdomain	Yellow	Ribo_ND_114665	0	0.6489991	1	False	1	False	1	False	/workspace/cruci-classifier/results/grid_esm35m_e50/Sdomain/Yellow/eval/test_eval_results.csv	0	0.5087921023368835	Ribo_ND_114665	182	182	0	0	S_domain	Ribo_ND_114665	Ribo_ND_114665|Sdomain|Yellow|record0	0	rna_virus	Yellow	Yellow	0.6489991	1	1	False	False	frozen_esm2_35m_head	Blue,Green,Purple,Red	Yellow	moderate_crucivirus_like	True	False	True	rna_virus_scored_crucivirus_like	0.6489991			
fullCP	Green	Cruci_CruV-972	1	0.3510343	0	False	0	False	0	False	/workspace/cruci-classifier/results/grid_esm35m_e50/fullCP/Green/eval/test_eval_results.csv	2	0.4995022118091583	Cruci_CruV-972	337	337	0	0	full_capsid	Cruci_CruV-972	Cruci_CruV-972|fullCP|Green|record2	1	crucivirus	Green	Green	0.3510343	0	0	False	False	frozen_esm2_35m_head	Blue,Purple,Red,Yellow	Green	moderate_rna_like	True	False	True	crucivirus_scored_rna_like	0.6489657			
Sdomain	Yellow	Ribo_ND_304663	0	0.64896023	1	False	1	False	1	False	/workspace/cruci-classifier/results/grid_esm35m_e50/Sdomain/Yellow/eval/test_eval_results.csv	0	0.5087921023368835	Ribo_ND_304663	185	185	0	0	S_domain	Ribo_ND_304663	Ribo_ND_304663|Sdomain|Yellow|record0	0	rna_virus	Yellow	Yellow	0.64896023	1	1	False	False	frozen_esm2_35m_head	Blue,Green,Purple,Red	Yellow	moderate_crucivirus_like	True	False	True	rna_virus_scored_crucivirus_like	0.64896023			
fullCP	Green	Ribo_ND_025544	0	0.64864993	1	False	1	False	1	False	/workspace/cruci-classifier/results/grid_esm35m_e50/fullCP/Green/eval/test_eval_results.csv	0	0.4995022118091583	Ribo_ND_025544	514	515	1	0	full_capsid	Ribo_ND_025544	Ribo_ND_025544|fullCP|Green|record0	0	rna_virus	Green	Green	0.64864993	1	1	False	False	frozen_esm2_35m_head	Blue,Purple,Red,Yellow	Green	moderate_crucivirus_like	True	False	True	rna_virus_scored_crucivirus_like	0.64864993			
fullCP	Blue	Cruci_CruV_291	1	0.35154936	0	False	0	False	0	False	/workspace/cruci-classifier/results/grid_esm35m_e50/fullCP/Blue/eval/test_eval_results.csv	0	0.4914703667163849	Cruci_CruV_291	486	487	1	0	full_capsid	Cruci_CruV_291	Cruci_CruV_291|fullCP|Blue|record0	1	crucivirus	Blue	Blue	0.35154936	0	0	False	False	frozen_esm2_35m_head	Green,Purple,Red,Yellow	Blue	moderate_rna_like	True	False	True	crucivirus_scored_rna_like	0.6484506400000001			
Pdomain	Red	Ribo_ND_064805	0	0.6483705	1	False	1	False	1	False	/workspace/cruci-classifier/results/grid_esm35m_e50/Pdomain/Red/eval/test_eval_results.csv	0	0.4583896696567535	Ribo_ND_064805	349	349	0	0	P_domain	Ribo_ND_064805	Ribo_ND_064805|Pdomain|Red|record0	0	rna_virus	Red	Red	0.6483705	1	1	False	False	frozen_esm2_35m_head	Blue,Green,Purple,Yellow	Red	moderate_crucivirus_like	True	False	True	rna_virus_scored_crucivirus_like	0.6483705			
Sdomain	Red	Ribo_ND_292468	0	0.648205	1	False	1	False	1	False	/workspace/cruci-classifier/results/grid_esm35m_e50/Sdomain/Red/eval/test_eval_results.csv	0	0.4007981121540069	Ribo_ND_292468	165	165	0	0	S_domain	Ribo_ND_292468	Ribo_ND_292468|Sdomain|Red|record0	0	rna_virus	Red	Red	0.648205	1	1	False	False	frozen_esm2_35m_head	Blue,Green,Purple,Yellow	Red	moderate_crucivirus_like	True	False	True	rna_virus_scored_crucivirus_like	0.648205			
Pdomain	Purple	Ribo_ND_095663	0	0.6482048	1	False	1	False	1	False	/workspace/cruci-classifier/results/grid_esm35m_e50/Pdomain/Purple/eval/test_eval_results.csv	0	0.4982953071594238	Ribo_ND_095663	198	198	0	0	P_domain	Ribo_ND_095663	Ribo_ND_095663|Pdomain|Purple|record0	0	rna_virus	Purple	Purple	0.6482048	1	1	False	False	frozen_esm2_35m_head	Blue,Green,Red,Yellow	Purple	moderate_crucivirus_like	True	False	True	rna_virus_scored_crucivirus_like	0.6482048			
Sdomain	Green	Cruci_CruV_413	1	0.35193798	0	False	0	False	0	False	/workspace/cruci-classifier/results/grid_esm35m_e50/Sdomain/Green/eval/test_eval_results.csv	0	0.5480888485908508	Cruci_CruV_413	193	193	0	0	S_domain	Cruci_CruV_413	Cruci_CruV_413|Sdomain|Green|record0	1	crucivirus	Green	Green	0.35193798	0	0	False	False	frozen_esm2_35m_head	Blue,Purple,Red,Yellow	Green	moderate_rna_like	True	False	True	crucivirus_scored_rna_like	0.64806202			
fullCP	Red	Ribo_ND_095360	0	0.6480532	1	False	1	False	1	False	/workspace/cruci-classifier/results/grid_esm35m_e50/fullCP/Red/eval/test_eval_results.csv	0	0.4925376772880554	Ribo_ND_095360	433	434	1	0	full_capsid	Ribo_ND_095360	Ribo_ND_095360|fullCP|Red|record0	0	rna_virus	Red	Red	0.6480532	1	1	False	False	frozen_esm2_35m_head	Blue,Green,Purple,Yellow	Red	moderate_crucivirus_like	True	False	True	rna_virus_scored_crucivirus_like	0.6480532			
Sdomain	Yellow	Cruci_CruV_442	1	0.35198832	0	False	0	False	0	False	/workspace/cruci-classifier/results/grid_esm35m_e50/Sdomain/Yellow/eval/test_eval_results.csv	0	0.5087921023368835	Cruci_CruV_442	186	186	0	0	S_domain	Cruci_CruV_442	Cruci_CruV_442|Sdomain|Yellow|record0	1	crucivirus	Yellow	Yellow	0.35198832	0	0	False	False	frozen_esm2_35m_head	Blue,Green,Purple,Red	Yellow	moderate_rna_like	True	False	True	crucivirus_scored_rna_like	0.64801168			
Sdomain	Yellow	Ribo_ND_391022	0	0.6478036	1	False	1	False	1	False	/workspace/cruci-classifier/results/grid_esm35m_e50/Sdomain/Yellow/eval/test_eval_results.csv	0	0.5087921023368835	Ribo_ND_391022	185	185	0	0	S_domain	Ribo_ND_391022	Ribo_ND_391022|Sdomain|Yellow|record0	0	rna_virus	Yellow	Yellow	0.6478036	1	1	False	False	frozen_esm2_35m_head	Blue,Green,Purple,Red	Yellow	moderate_crucivirus_like	True	False	True	rna_virus_scored_crucivirus_like	0.6478036			
Pdomain	Yellow	Ribo_ND_029661	0	0.64770675	1	False	1	False	1	False	/workspace/cruci-classifier/results/grid_esm35m_e50/Pdomain/Yellow/eval/test_eval_results.csv	0	0.4989717900753021	Ribo_ND_029661	149	149	0	0	P_domain	Ribo_ND_029661	Ribo_ND_029661|Pdomain|Yellow|record0	0	rna_virus	Yellow	Yellow	0.64770675	1	1	False	False	frozen_esm2_35m_head	Blue,Green,Purple,Red	Yellow	moderate_crucivirus_like	True	False	True	rna_virus_scored_crucivirus_like	0.64770675			
fullCP	Red	Ribo_ND_163206	0	0.64747554	1	False	1	False	1	False	/workspace/cruci-classifier/results/grid_esm35m_e50/fullCP/Red/eval/test_eval_results.csv	0	0.4925376772880554	Ribo_ND_163206	687	688	1	0	full_capsid	Ribo_ND_163206	Ribo_ND_163206|fullCP|Red|record0	0	rna_virus	Red	Red	0.64747554	1	1	False	False	frozen_esm2_35m_head	Blue,Green,Purple,Yellow	Red	moderate_crucivirus_like	True	False	True	rna_virus_scored_crucivirus_like	0.64747554			
fullCP	Blue	Cruci_CruV_136	1	0.35273153	0	False	0	False	0	False	/workspace/cruci-classifier/results/grid_esm35m_e50/fullCP/Blue/eval/test_eval_results.csv	0	0.4914703667163849	Cruci_CruV_136	468	469	1	0	full_capsid	Cruci_CruV_136	Cruci_CruV_136|fullCP|Blue|record0	1	crucivirus	Blue	Blue	0.35273153	0	0	False	False	frozen_esm2_35m_head	Green,Purple,Red,Yellow	Blue	moderate_rna_like	True	False	True	crucivirus_scored_rna_like	0.64726847			
Pdomain	Purple	Cruci_CruV-563	1	0.3530525	0	False	0	False	0	False	/workspace/cruci-classifier/results/grid_esm35m_e50/Pdomain/Purple/eval/test_eval_results.csv	0	0.4982953071594238	Cruci_CruV-563	150	150	0	0	P_domain	Cruci_CruV-563	Cruci_CruV-563|Pdomain|Purple|record0	1	crucivirus	Purple	Purple	0.3530525	0	0	False	False	frozen_esm2_35m_head	Blue,Green,Red,Yellow	Purple	moderate_rna_like	True	False	True	crucivirus_scored_rna_like	0.6469475			
Sdomain	Yellow	Ribo_ND_046858	0	0.64692795	1	False	1	False	1	False	/workspace/cruci-classifier/results/grid_esm35m_e50/Sdomain/Yellow/eval/test_eval_results.csv	0	0.5087921023368835	Ribo_ND_046858	182	182	0	0	S_domain	Ribo_ND_046858	Ribo_ND_046858|Sdomain|Yellow|record0	0	rna_virus	Yellow	Yellow	0.64692795	1	1	False	False	frozen_esm2_35m_head	Blue,Green,Purple,Red	Yellow	moderate_crucivirus_like	True	False	True	rna_virus_scored_crucivirus_like	0.64692795			
Sdomain	Purple	Ribo_ND_112191	0	0.64687103	1	False	1	False	1	False	/workspace/cruci-classifier/results/grid_esm35m_e50/Sdomain/Purple/eval/test_eval_results.csv	0	0.5010125041007996	Ribo_ND_112191	186	186	0	0	S_domain	Ribo_ND_112191	Ribo_ND_112191|Sdomain|Purple|record0	0	rna_virus	Purple	Purple	0.64687103	1	1	False	False	frozen_esm2_35m_head	Blue,Green,Red,Yellow	Purple	moderate_crucivirus_like	True	False	True	rna_virus_scored_crucivirus_like	0.64687103			
Sdomain	Yellow	Ribo_ND_025631	0	0.64686346	1	False	1	False	1	False	/workspace/cruci-classifier/results/grid_esm35m_e50/Sdomain/Yellow/eval/test_eval_results.csv	0	0.5087921023368835	Ribo_ND_025631	181	181	0	0	S_domain	Ribo_ND_025631	Ribo_ND_025631|Sdomain|Yellow|record0	0	rna_virus	Yellow	Yellow	0.64686346	1	1	False	False	frozen_esm2_35m_head	Blue,Green,Purple,Red	Yellow	moderate_crucivirus_like	True	False	True	rna_virus_scored_crucivirus_like	0.64686346			
Pdomain	Yellow	Ribo_ND_025238	0	0.64684844	1	False	1	False	1	False	/workspace/cruci-classifier/results/grid_esm35m_e50/Pdomain/Yellow/eval/test_eval_results.csv	0	0.4989717900753021	Ribo_ND_025238	150	150	0	0	P_domain	Ribo_ND_025238	Ribo_ND_025238|Pdomain|Yellow|record0	0	rna_virus	Yellow	Yellow	0.64684844	1	1	False	False	frozen_esm2_35m_head	Blue,Green,Purple,Red	Yellow	moderate_crucivirus_like	True	False	True	rna_virus_scored_crucivirus_like	0.64684844			
fullCP	Red	Ribo_ND_391215	0	0.646781	1	False	1	False	1	False	/workspace/cruci-classifier/results/grid_esm35m_e50/fullCP/Red/eval/test_eval_results.csv	0	0.4925376772880554	Ribo_ND_391215	519	520	1	0	full_capsid	Ribo_ND_391215	Ribo_ND_391215|fullCP|Red|record0	0	rna_virus	Red	Red	0.646781	1	1	False	False	frozen_esm2_35m_head	Blue,Green,Purple,Yellow	Red	moderate_crucivirus_like	True	False	True	rna_virus_scored_crucivirus_like	0.646781			
Pdomain	Blue	Cruci_CruV_187	1	0.35322866	0	False	0	False	0	False	/workspace/cruci-classifier/results/grid_esm35m_e50/Pdomain/Blue/eval/test_eval_results.csv	0	0.4954362213611603	Cruci_CruV_187	150	150	0	0	P_domain	Cruci_CruV_187	Cruci_CruV_187|Pdomain|Blue|record0	1	crucivirus	Blue	Blue	0.35322866	0	0	False	False	frozen_esm2_35m_head	Green,Purple,Red,Yellow	Blue	moderate_rna_like	True	False	True	crucivirus_scored_rna_like	0.6467713399999999			
fullCP	Green	Ribo_ND_126777	0	0.64658177	1	False	1	False	1	False	/workspace/cruci-classifier/results/grid_esm35m_e50/fullCP/Green/eval/test_eval_results.csv	0	0.4995022118091583	Ribo_ND_126777	342	343	1	0	full_capsid	Ribo_ND_126777	Ribo_ND_126777|fullCP|Green|record0	0	rna_virus	Green	Green	0.64658177	1	1	False	False	frozen_esm2_35m_head	Blue,Purple,Red,Yellow	Green	moderate_crucivirus_like	True	False	True	rna_virus_scored_crucivirus_like	0.64658177			
fullCP	Blue	Cruci_Tisza_MK012508.1	1	0.35394028	0	False	0	False	0	False	/workspace/cruci-classifier/results/grid_esm35m_e50/fullCP/Blue/eval/test_eval_results.csv	0	0.4914703667163849	Cruci_Tisza_MK012508.1	467	468	1	0	full_capsid	Cruci_Tisza_MK012508.1	Cruci_Tisza_MK012508.1|fullCP|Blue|record0	1	crucivirus	Blue	Blue	0.35394028	0	0	False	False	frozen_esm2_35m_head	Green,Purple,Red,Yellow	Blue	moderate_rna_like	True	False	True	crucivirus_scored_rna_like	0.64605972			
Pdomain	Green	Cruci_CruV_420_2	1	0.35394356	0	False	0	False	0	False	/workspace/cruci-classifier/results/grid_esm35m_e50/Pdomain/Green/eval/test_eval_results.csv	0	0.5002309083938599	Cruci_CruV_420_2	162	162	0	0	P_domain	Cruci_CruV_420_2	Cruci_CruV_420_2|Pdomain|Green|record0	1	crucivirus	Green	Green	0.35394356	0	0	False	False	frozen_esm2_35m_head	Blue,Purple,Red,Yellow	Green	moderate_rna_like	True	False	True	crucivirus_scored_rna_like	0.64605644			
Sdomain	Blue	Ribo_ND_132919	0	0.6460228	1	False	1	False	1	False	/workspace/cruci-classifier/results/grid_esm35m_e50/Sdomain/Blue/eval/test_eval_results.csv	0	0.3950238227844238	Ribo_ND_132919	179	179	0	0	S_domain	Ribo_ND_132919	Ribo_ND_132919|Sdomain|Blue|record0	0	rna_virus	Blue	Blue	0.6460228	1	1	False	False	frozen_esm2_35m_head	Green,Purple,Red,Yellow	Blue	moderate_crucivirus_like	True	False	True	rna_virus_scored_crucivirus_like	0.6460228			
Rdomain	Yellow	Ribo_ND_179935	0	0.6460188	1	False	1	False	1	False	/workspace/cruci-classifier/results/grid_esm35m_e50/Rdomain/Yellow/eval/test_eval_results.csv	0	0.471052885055542	Ribo_ND_179935	113	113	0	0	R_domain	Ribo_ND_179935	Ribo_ND_179935|Rdomain|Yellow|record0	0	rna_virus	Yellow	Yellow	0.6460188	1	1	False	False	frozen_esm2_35m_head	Blue,Green,Purple,Red	Yellow	moderate_crucivirus_like	True	False	True	rna_virus_scored_crucivirus_like	0.6460188			
Sdomain	Purple	Cruci_CruV-683	1	0.35399666	0	False	0	False	0	False	/workspace/cruci-classifier/results/grid_esm35m_e50/Sdomain/Purple/eval/test_eval_results.csv	0	0.5010125041007996	Cruci_CruV-683	185	185	0	0	S_domain	Cruci_CruV-683	Cruci_CruV-683|Sdomain|Purple|record0	1	crucivirus	Purple	Purple	0.35399666	0	0	False	False	frozen_esm2_35m_head	Blue,Green,Red,Yellow	Purple	moderate_rna_like	True	False	True	crucivirus_scored_rna_like	0.64600334			
Sdomain	Green	Cruci_CruV_531	1	0.35425296	0	False	0	False	0	False	/workspace/cruci-classifier/results/grid_esm35m_e50/Sdomain/Green/eval/test_eval_results.csv	0	0.5480888485908508	Cruci_CruV_531	174	174	0	0	S_domain	Cruci_CruV_531	Cruci_CruV_531|Sdomain|Green|record0	1	crucivirus	Green	Green	0.35425296	0	0	False	False	frozen_esm2_35m_head	Blue,Purple,Red,Yellow	Green	moderate_rna_like	True	False	True	crucivirus_scored_rna_like	0.64574704			
Pdomain	Blue	Cruci_CruV-634	1	0.35433683	0	False	0	False	0	False	/workspace/cruci-classifier/results/grid_esm35m_e50/Pdomain/Blue/eval/test_eval_results.csv	0	0.4954362213611603	Cruci_CruV-634	157	157	0	0	P_domain	Cruci_CruV-634	Cruci_CruV-634|Pdomain|Blue|record0	1	crucivirus	Blue	Blue	0.35433683	0	0	False	False	frozen_esm2_35m_head	Green,Purple,Red,Yellow	Blue	moderate_rna_like	True	False	True	crucivirus_scored_rna_like	0.64566317			
Pdomain	Red	Ribo_ND_057797	0	0.64561564	1	False	1	False	1	False	/workspace/cruci-classifier/results/grid_esm35m_e50/Pdomain/Red/eval/test_eval_results.csv	0	0.4583896696567535	Ribo_ND_057797	157	157	0	0	P_domain	Ribo_ND_057797	Ribo_ND_057797|Pdomain|Red|record0	0	rna_virus	Red	Red	0.64561564	1	1	False	False	frozen_esm2_35m_head	Blue,Green,Purple,Yellow	Red	moderate_crucivirus_like	True	False	True	rna_virus_scored_crucivirus_like	0.64561564			
Pdomain	Green	Ribo_ND_390654	0	0.6449959	1	False	1	False	1	False	/workspace/cruci-classifier/results/grid_esm35m_e50/Pdomain/Green/eval/test_eval_results.csv	0	0.5002309083938599	Ribo_ND_390654	129	129	0	0	P_domain	Ribo_ND_390654	Ribo_ND_390654|Pdomain|Green|record0	0	rna_virus	Green	Green	0.6449959	1	1	False	False	frozen_esm2_35m_head	Blue,Purple,Red,Yellow	Green	moderate_crucivirus_like	True	False	True	rna_virus_scored_crucivirus_like	0.6449959			
Rdomain	Yellow	Ribo_ND_025259	0	0.6446556	1	False	1	False	1	False	/workspace/cruci-classifier/results/grid_esm35m_e50/Rdomain/Yellow/eval/test_eval_results.csv	0	0.471052885055542	Ribo_ND_025259	93	93	0	0	R_domain	Ribo_ND_025259	Ribo_ND_025259|Rdomain|Yellow|record0	0	rna_virus	Yellow	Yellow	0.6446556	1	1	False	False	frozen_esm2_35m_head	Blue,Green,Purple,Red	Yellow	moderate_crucivirus_like	True	False	True	rna_virus_scored_crucivirus_like	0.6446556			
Pdomain	Purple	Cruci_CruV_420	1	0.35562629	0	False	0	False	0	False	/workspace/cruci-classifier/results/grid_esm35m_e50/Pdomain/Purple/eval/test_eval_results.csv	0	0.4982953071594238	Cruci_CruV_420	149	149	0	0	P_domain	Cruci_CruV_420	Cruci_CruV_420|Pdomain|Purple|record0	1	crucivirus	Purple	Purple	0.35562629	0	0	False	False	frozen_esm2_35m_head	Blue,Green,Red,Yellow	Purple	moderate_rna_like	True	False	True	crucivirus_scored_rna_like	0.64437371			
Pdomain	Red	Ribo_ND_289146	0	0.6441475	1	False	1	False	1	False	/workspace/cruci-classifier/results/grid_esm35m_e50/Pdomain/Red/eval/test_eval_results.csv	0	0.4583896696567535	Ribo_ND_289146	157	157	0	0	P_domain	Ribo_ND_289146	Ribo_ND_289146|Pdomain|Red|record0	0	rna_virus	Red	Red	0.6441475	1	1	False	False	frozen_esm2_35m_head	Blue,Green,Purple,Yellow	Red	moderate_crucivirus_like	True	False	True	rna_virus_scored_crucivirus_like	0.6441475			
Pdomain	Red	Ribo_ND_311193	0	0.6439992	1	False	1	False	1	False	/workspace/cruci-classifier/results/grid_esm35m_e50/Pdomain/Red/eval/test_eval_results.csv	0	0.4583896696567535	Ribo_ND_311193	115	115	0	0	P_domain	Ribo_ND_311193	Ribo_ND_311193|Pdomain|Red|record0	0	rna_virus	Red	Red	0.6439992	1	1	False	False	frozen_esm2_35m_head	Blue,Green,Purple,Yellow	Red	moderate_crucivirus_like	True	False	True	rna_virus_scored_crucivirus_like	0.6439992			
Rdomain	Yellow	Ribo_ND_114735	0	0.6438987	1	False	1	False	1	False	/workspace/cruci-classifier/results/grid_esm35m_e50/Rdomain/Yellow/eval/test_eval_results.csv	0	0.471052885055542	Ribo_ND_114735	139	139	0	0	R_domain	Ribo_ND_114735	Ribo_ND_114735|Rdomain|Yellow|record0	0	rna_virus	Yellow	Yellow	0.6438987	1	1	False	False	frozen_esm2_35m_head	Blue,Green,Purple,Red	Yellow	moderate_crucivirus_like	True	False	True	rna_virus_scored_crucivirus_like	0.6438987			
fullCP	Yellow	Ribo_ND_170524	0	0.643855	1	False	1	False	1	False	/workspace/cruci-classifier/results/grid_esm35m_e50/fullCP/Yellow/eval/test_eval_results.csv	0	0.4986207485198974	Ribo_ND_170524	622	623	1	0	full_capsid	Ribo_ND_170524	Ribo_ND_170524|fullCP|Yellow|record0	0	rna_virus	Yellow	Yellow	0.643855	1	1	False	False	frozen_esm2_35m_head	Blue,Green,Purple,Red	Yellow	moderate_crucivirus_like	True	False	True	rna_virus_scored_crucivirus_like	0.643855			
fullCP	Purple	Cruci_CruV-729	1	0.3562109	0	False	0	False	0	False	/workspace/cruci-classifier/results/grid_esm35m_e50/fullCP/Purple/eval/test_eval_results.csv	0	0.4988135993480682	Cruci_CruV-729	510	510	0	0	full_capsid	Cruci_CruV-729	Cruci_CruV-729|fullCP|Purple|record0	1	crucivirus	Purple	Purple	0.3562109	0	0	False	False	frozen_esm2_35m_head	Blue,Green,Red,Yellow	Purple	moderate_rna_like	True	False	True	crucivirus_scored_rna_like	0.6437891			
Sdomain	Green	Cruci_CruV_452	1	0.35626277	0	False	0	False	0	False	/workspace/cruci-classifier/results/grid_esm35m_e50/Sdomain/Green/eval/test_eval_results.csv	0	0.5480888485908508	Cruci_CruV_452	173	173	0	0	S_domain	Cruci_CruV_452	Cruci_CruV_452|Sdomain|Green|record0	1	crucivirus	Green	Green	0.35626277	0	0	False	False	frozen_esm2_35m_head	Blue,Purple,Red,Yellow	Green	moderate_rna_like	True	False	True	crucivirus_scored_rna_like	0.6437372299999999			
Pdomain	Purple	Cruci_CruV_198	1	0.3563244	0	False	0	False	0	False	/workspace/cruci-classifier/results/grid_esm35m_e50/Pdomain/Purple/eval/test_eval_results.csv	0	0.4982953071594238	Cruci_CruV_198	158	158	0	0	P_domain	Cruci_CruV_198	Cruci_CruV_198|Pdomain|Purple|record0	1	crucivirus	Purple	Purple	0.3563244	0	0	False	False	frozen_esm2_35m_head	Blue,Green,Red,Yellow	Purple	moderate_rna_like	True	False	True	crucivirus_scored_rna_like	0.6436756			
Sdomain	Purple	Cruci_CruV-805	1	0.3566081	0	False	0	False	0	False	/workspace/cruci-classifier/results/grid_esm35m_e50/Sdomain/Purple/eval/test_eval_results.csv	0	0.5010125041007996	Cruci_CruV-805	194	194	0	0	S_domain	Cruci_CruV-805	Cruci_CruV-805|Sdomain|Purple|record0	1	crucivirus	Purple	Purple	0.3566081	0	0	False	False	frozen_esm2_35m_head	Blue,Green,Red,Yellow	Purple	moderate_rna_like	True	False	True	crucivirus_scored_rna_like	0.6433919			
Sdomain	Red	Ribo_ND_044838	0	0.64337224	1	False	1	False	1	False	/workspace/cruci-classifier/results/grid_esm35m_e50/Sdomain/Red/eval/test_eval_results.csv	0	0.4007981121540069	Ribo_ND_044838	184	184	0	0	S_domain	Ribo_ND_044838	Ribo_ND_044838|Sdomain|Red|record0	0	rna_virus	Red	Red	0.64337224	1	1	False	False	frozen_esm2_35m_head	Blue,Green,Purple,Yellow	Red	moderate_crucivirus_like	True	False	True	rna_virus_scored_crucivirus_like	0.64337224			
Pdomain	Purple	Cruci_CruV_520	1	0.3567232	0	False	0	False	0	False	/workspace/cruci-classifier/results/grid_esm35m_e50/Pdomain/Purple/eval/test_eval_results.csv	0	0.4982953071594238	Cruci_CruV_520	160	160	0	0	P_domain	Cruci_CruV_520	Cruci_CruV_520|Pdomain|Purple|record0	1	crucivirus	Purple	Purple	0.3567232	0	0	False	False	frozen_esm2_35m_head	Blue,Green,Red,Yellow	Purple	moderate_rna_like	True	False	True	crucivirus_scored_rna_like	0.6432768			
Pdomain	Yellow	Ribo_Ga0007413J51701_1025822	0	0.6431611	1	False	1	False	1	False	/workspace/cruci-classifier/results/grid_esm35m_e50/Pdomain/Yellow/eval/test_eval_results.csv	0	0.4989717900753021	Ribo_Ga0007413J51701_1025822	150	150	0	0	P_domain	Ribo_Ga0007413J51701_1025822	Ribo_Ga0007413J51701_1025822|Pdomain|Yellow|record0	0	rna_virus	Yellow	Yellow	0.6431611	1	1	False	False	frozen_esm2_35m_head	Blue,Green,Purple,Red	Yellow	moderate_crucivirus_like	True	False	True	rna_virus_scored_crucivirus_like	0.6431611			
Rdomain	Purple	Cruci_CruV-825	1	0.35697713	0	False	0	False	0	False	/workspace/cruci-classifier/results/grid_esm35m_e50/Rdomain/Purple/eval/test_eval_results.csv	0	0.5012195110321045	Cruci_CruV-825	58	58	0	0	R_domain	Cruci_CruV-825	Cruci_CruV-825|Rdomain|Purple|record0	1	crucivirus	Purple	Purple	0.35697713	0	0	False	False	frozen_esm2_35m_head	Blue,Green,Red,Yellow	Purple	moderate_rna_like	True	False	True	crucivirus_scored_rna_like	0.64302287			
Pdomain	Yellow	Ribo_ND_251197	0	0.64298844	1	False	1	False	1	False	/workspace/cruci-classifier/results/grid_esm35m_e50/Pdomain/Yellow/eval/test_eval_results.csv	0	0.4989717900753021	Ribo_ND_251197	153	153	0	0	P_domain	Ribo_ND_251197	Ribo_ND_251197|Pdomain|Yellow|record0	0	rna_virus	Yellow	Yellow	0.64298844	1	1	False	False	frozen_esm2_35m_head	Blue,Green,Purple,Red	Yellow	moderate_crucivirus_like	True	False	True	rna_virus_scored_crucivirus_like	0.64298844			
fullCP	Purple	Cruci_Tisza_MK012518.1	1	0.35728812	0	False	0	False	0	False	/workspace/cruci-classifier/results/grid_esm35m_e50/fullCP/Purple/eval/test_eval_results.csv	0	0.4988135993480682	Cruci_Tisza_MK012518.1	508	509	1	0	full_capsid	Cruci_Tisza_MK012518.1	Cruci_Tisza_MK012518.1|fullCP|Purple|record0	1	crucivirus	Purple	Purple	0.35728812	0	0	False	False	frozen_esm2_35m_head	Blue,Green,Red,Yellow	Purple	moderate_rna_like	True	False	True	crucivirus_scored_rna_like	0.64271188			
Pdomain	Green	Ribo_NC_032880	0	0.6423848	1	False	1	False	1	False	/workspace/cruci-classifier/results/grid_esm35m_e50/Pdomain/Green/eval/test_eval_results.csv	0	0.5002309083938599	Ribo_NC_032880	227	227	0	0	P_domain	Ribo_NC_032880	Ribo_NC_032880|Pdomain|Green|record0	0	rna_virus	Green	Green	0.6423848	1	1	False	False	frozen_esm2_35m_head	Blue,Purple,Red,Yellow	Green	moderate_crucivirus_like	True	False	True	rna_virus_scored_crucivirus_like	0.6423848			
Pdomain	Green	Ribo_ND_018979	0	0.6423848	1	False	1	False	1	False	/workspace/cruci-classifier/results/grid_esm35m_e50/Pdomain/Green/eval/test_eval_results.csv	0	0.5002309083938599	Ribo_ND_018979	227	227	0	0	P_domain	Ribo_ND_018979	Ribo_ND_018979|Pdomain|Green|record0	0	rna_virus	Green	Green	0.6423848	1	1	False	False	frozen_esm2_35m_head	Blue,Purple,Red,Yellow	Green	moderate_crucivirus_like	True	False	True	rna_virus_scored_crucivirus_like	0.6423848			
Rdomain	Purple	Cruci_CruV-806	1	0.357718	0	False	0	False	0	False	/workspace/cruci-classifier/results/grid_esm35m_e50/Rdomain/Purple/eval/test_eval_results.csv	0	0.5012195110321045	Cruci_CruV-806	108	108	0	0	R_domain	Cruci_CruV-806	Cruci_CruV-806|Rdomain|Purple|record0	1	crucivirus	Purple	Purple	0.357718	0	0	False	False	frozen_esm2_35m_head	Blue,Green,Red,Yellow	Purple	moderate_rna_like	True	False	True	crucivirus_scored_rna_like	0.642282			
Sdomain	Blue	Ribo_ND_046330	0	0.6420412	1	False	1	False	1	False	/workspace/cruci-classifier/results/grid_esm35m_e50/Sdomain/Blue/eval/test_eval_results.csv	0	0.3950238227844238	Ribo_ND_046330	184	184	0	0	S_domain	Ribo_ND_046330	Ribo_ND_046330|Sdomain|Blue|record0	0	rna_virus	Blue	Blue	0.6420412	1	1	False	False	frozen_esm2_35m_head	Green,Purple,Red,Yellow	Blue	moderate_crucivirus_like	True	False	True	rna_virus_scored_crucivirus_like	0.6420412			
Rdomain	Yellow	Ribo_ND_028774	0	0.6419327	1	False	1	False	1	False	/workspace/cruci-classifier/results/grid_esm35m_e50/Rdomain/Yellow/eval/test_eval_results.csv	0	0.471052885055542	Ribo_ND_028774	90	90	0	0	R_domain	Ribo_ND_028774	Ribo_ND_028774|Rdomain|Yellow|record0	0	rna_virus	Yellow	Yellow	0.6419327	1	1	False	False	frozen_esm2_35m_head	Blue,Green,Purple,Red	Yellow	moderate_crucivirus_like	True	False	True	rna_virus_scored_crucivirus_like	0.6419327			
Pdomain	Yellow	Ribo_JAAOEH010001208.1	0	0.64185244	1	False	1	False	1	False	/workspace/cruci-classifier/results/grid_esm35m_e50/Pdomain/Yellow/eval/test_eval_results.csv	0	0.4989717900753021	Ribo_JAAOEH010001208.1	160	160	0	0	P_domain	Ribo_JAAOEH010001208.1	Ribo_JAAOEH010001208.1|Pdomain|Yellow|record0	0	rna_virus	Yellow	Yellow	0.64185244	1	1	False	False	frozen_esm2_35m_head	Blue,Green,Purple,Red	Yellow	moderate_crucivirus_like	True	False	True	rna_virus_scored_crucivirus_like	0.64185244			
Pdomain	Green	Ribo_ND_387582	0	0.641572	1	False	1	False	1	False	/workspace/cruci-classifier/results/grid_esm35m_e50/Pdomain/Green/eval/test_eval_results.csv	0	0.5002309083938599	Ribo_ND_387582	190	190	0	0	P_domain	Ribo_ND_387582	Ribo_ND_387582|Pdomain|Green|record0	0	rna_virus	Green	Green	0.641572	1	1	False	False	frozen_esm2_35m_head	Blue,Purple,Red,Yellow	Green	moderate_crucivirus_like	True	False	True	rna_virus_scored_crucivirus_like	0.641572			
fullCP	Purple	Cruci_CruV_135	1	0.35855052	0	False	0	False	0	False	/workspace/cruci-classifier/results/grid_esm35m_e50/fullCP/Purple/eval/test_eval_results.csv	0	0.4988135993480682	Cruci_CruV_135	529	530	1	0	full_capsid	Cruci_CruV_135	Cruci_CruV_135|fullCP|Purple|record0	1	crucivirus	Purple	Purple	0.35855052	0	0	False	False	frozen_esm2_35m_head	Blue,Green,Red,Yellow	Purple	moderate_rna_like	True	False	True	crucivirus_scored_rna_like	0.64144948			
Pdomain	Yellow	Ribo_JAAOEH010001830.1	0	0.6412009	1	False	1	False	1	False	/workspace/cruci-classifier/results/grid_esm35m_e50/Pdomain/Yellow/eval/test_eval_results.csv	0	0.4989717900753021	Ribo_JAAOEH010001830.1	152	152	0	0	P_domain	Ribo_JAAOEH010001830.1	Ribo_JAAOEH010001830.1|Pdomain|Yellow|record0	0	rna_virus	Yellow	Yellow	0.6412009	1	1	False	False	frozen_esm2_35m_head	Blue,Green,Purple,Red	Yellow	moderate_crucivirus_like	True	False	True	rna_virus_scored_crucivirus_like	0.6412009			
fullCP	Yellow	Ribo_ND_028680	0	0.6406773	1	False	1	False	1	False	/workspace/cruci-classifier/results/grid_esm35m_e50/fullCP/Yellow/eval/test_eval_results.csv	0	0.4986207485198974	Ribo_ND_028680	445	446	1	0	full_capsid	Ribo_ND_028680	Ribo_ND_028680|fullCP|Yellow|record0	0	rna_virus	Yellow	Yellow	0.6406773	1	1	False	False	frozen_esm2_35m_head	Blue,Green,Purple,Red	Yellow	moderate_crucivirus_like	True	False	True	rna_virus_scored_crucivirus_like	0.6406773			
Pdomain	Blue	Ribo_ND_067439	0	0.64053607	1	False	1	False	1	False	/workspace/cruci-classifier/results/grid_esm35m_e50/Pdomain/Blue/eval/test_eval_results.csv	0	0.4954362213611603	Ribo_ND_067439	241	241	0	0	P_domain	Ribo_ND_067439	Ribo_ND_067439|Pdomain|Blue|record0	0	rna_virus	Blue	Blue	0.64053607	1	1	False	False	frozen_esm2_35m_head	Green,Purple,Red,Yellow	Blue	moderate_crucivirus_like	True	False	True	rna_virus_scored_crucivirus_like	0.64053607			
Sdomain	Green	Cruci_CruV_287	1	0.3594717	0	False	0	False	0	False	/workspace/cruci-classifier/results/grid_esm35m_e50/Sdomain/Green/eval/test_eval_results.csv	0	0.5480888485908508	Cruci_CruV_287	180	180	0	0	S_domain	Cruci_CruV_287	Cruci_CruV_287|Sdomain|Green|record0	1	crucivirus	Green	Green	0.3594717	0	0	False	False	frozen_esm2_35m_head	Blue,Purple,Red,Yellow	Green	moderate_rna_like	True	False	True	crucivirus_scored_rna_like	0.6405282999999999			
Rdomain	Red	Ribo_ND_107279	0	0.6404528	1	False	1	False	1	False	/workspace/cruci-classifier/results/grid_esm35m_e50/Rdomain/Red/eval/test_eval_results.csv	0	0.512529730796814	Ribo_ND_107279	165	165	0	0	R_domain	Ribo_ND_107279	Ribo_ND_107279|Rdomain|Red|record0	0	rna_virus	Red	Red	0.6404528	1	1	False	False	frozen_esm2_35m_head	Blue,Green,Purple,Yellow	Red	moderate_crucivirus_like	True	False	True	rna_virus_scored_crucivirus_like	0.6404528			
Sdomain	Green	Cruci_CruV_489	1	0.35965842	0	False	0	False	0	False	/workspace/cruci-classifier/results/grid_esm35m_e50/Sdomain/Green/eval/test_eval_results.csv	0	0.5480888485908508	Cruci_CruV_489	200	200	0	0	S_domain	Cruci_CruV_489	Cruci_CruV_489|Sdomain|Green|record0	1	crucivirus	Green	Green	0.35965842	0	0	False	False	frozen_esm2_35m_head	Blue,Purple,Red,Yellow	Green	moderate_rna_like	True	False	True	crucivirus_scored_rna_like	0.6403415800000001			
Rdomain	Purple	Cruci_CruV_211	1	0.35974774	0	False	0	False	0	False	/workspace/cruci-classifier/results/grid_esm35m_e50/Rdomain/Purple/eval/test_eval_results.csv	0	0.5012195110321045	Cruci_CruV_211	91	91	0	0	R_domain	Cruci_CruV_211	Cruci_CruV_211|Rdomain|Purple|record0	1	crucivirus	Purple	Purple	0.35974774	0	0	False	False	frozen_esm2_35m_head	Blue,Green,Red,Yellow	Purple	moderate_rna_like	True	False	True	crucivirus_scored_rna_like	0.64025226			
Rdomain	Purple	Cruci_CruV_234	1	0.35974774	0	False	0	False	0	False	/workspace/cruci-classifier/results/grid_esm35m_e50/Rdomain/Purple/eval/test_eval_results.csv	0	0.5012195110321045	Cruci_CruV_234	91	91	0	0	R_domain	Cruci_CruV_234	Cruci_CruV_234|Rdomain|Purple|record0	1	crucivirus	Purple	Purple	0.35974774	0	0	False	False	frozen_esm2_35m_head	Blue,Green,Red,Yellow	Purple	moderate_rna_like	True	False	True	crucivirus_scored_rna_like	0.64025226			
Pdomain	Yellow	Ribo_ND_251219	0	0.6401483	1	False	1	False	1	False	/workspace/cruci-classifier/results/grid_esm35m_e50/Pdomain/Yellow/eval/test_eval_results.csv	0	0.4989717900753021	Ribo_ND_251219	151	151	0	0	P_domain	Ribo_ND_251219	Ribo_ND_251219|Pdomain|Yellow|record0	0	rna_virus	Yellow	Yellow	0.6401483	1	1	False	False	frozen_esm2_35m_head	Blue,Green,Purple,Red	Yellow	moderate_crucivirus_like	True	False	True	rna_virus_scored_crucivirus_like	0.6401483			
Pdomain	Yellow	Ribo_ND_025513	0	0.64012283	1	False	1	False	1	False	/workspace/cruci-classifier/results/grid_esm35m_e50/Pdomain/Yellow/eval/test_eval_results.csv	0	0.4989717900753021	Ribo_ND_025513	161	161	0	0	P_domain	Ribo_ND_025513	Ribo_ND_025513|Pdomain|Yellow|record0	0	rna_virus	Yellow	Yellow	0.64012283	1	1	False	False	frozen_esm2_35m_head	Blue,Green,Purple,Red	Yellow	moderate_crucivirus_like	True	False	True	rna_virus_scored_crucivirus_like	0.64012283			
fullCP	Blue	Ribo_ND_132404	0	0.6400448	1	False	1	False	1	False	/workspace/cruci-classifier/results/grid_esm35m_e50/fullCP/Blue/eval/test_eval_results.csv	0	0.4914703667163849	Ribo_ND_132404	609	610	1	0	full_capsid	Ribo_ND_132404	Ribo_ND_132404|fullCP|Blue|record0	0	rna_virus	Blue	Blue	0.6400448	1	1	False	False	frozen_esm2_35m_head	Green,Purple,Red,Yellow	Blue	moderate_crucivirus_like	True	False	True	rna_virus_scored_crucivirus_like	0.6400448			
Sdomain	Blue	Cruci_CruV-654	1	0.3602402	0	False	0	False	0	False	/workspace/cruci-classifier/results/grid_esm35m_e50/Sdomain/Blue/eval/test_eval_results.csv	0	0.3950238227844238	Cruci_CruV-654	185	185	0	0	S_domain	Cruci_CruV-654	Cruci_CruV-654|Sdomain|Blue|record0	1	crucivirus	Blue	Blue	0.3602402	0	0	False	False	frozen_esm2_35m_head	Green,Purple,Red,Yellow	Blue	moderate_rna_like	True	False	True	crucivirus_scored_rna_like	0.6397598			
fullCP	Green	Ribo_ND_147366	0	0.63960725	1	False	1	False	1	False	/workspace/cruci-classifier/results/grid_esm35m_e50/fullCP/Green/eval/test_eval_results.csv	0	0.4995022118091583	Ribo_ND_147366	359	360	1	0	full_capsid	Ribo_ND_147366	Ribo_ND_147366|fullCP|Green|record0	0	rna_virus	Green	Green	0.63960725	1	1	False	False	frozen_esm2_35m_head	Blue,Purple,Red,Yellow	Green	moderate_crucivirus_like	True	False	True	rna_virus_scored_crucivirus_like	0.63960725			
fullCP	Green	Ribo_ND_134565	0	0.63926274	1	False	1	False	1	False	/workspace/cruci-classifier/results/grid_esm35m_e50/fullCP/Green/eval/test_eval_results.csv	0	0.4995022118091583	Ribo_ND_134565	394	395	1	0	full_capsid	Ribo_ND_134565	Ribo_ND_134565|fullCP|Green|record0	0	rna_virus	Green	Green	0.63926274	1	1	False	False	frozen_esm2_35m_head	Blue,Purple,Red,Yellow	Green	moderate_crucivirus_like	True	False	True	rna_virus_scored_crucivirus_like	0.63926274			
Sdomain	Blue	Cruci_CruV_184	1	0.36077073	0	False	0	False	0	False	/workspace/cruci-classifier/results/grid_esm35m_e50/Sdomain/Blue/eval/test_eval_results.csv	0	0.3950238227844238	Cruci_CruV_184	185	185	0	0	S_domain	Cruci_CruV_184	Cruci_CruV_184|Sdomain|Blue|record0	1	crucivirus	Blue	Blue	0.36077073	0	0	False	False	frozen_esm2_35m_head	Green,Purple,Red,Yellow	Blue	moderate_rna_like	True	False	True	crucivirus_scored_rna_like	0.63922927			
Pdomain	Green	Ribo_ND_043886	0	0.63917524	1	False	1	False	1	False	/workspace/cruci-classifier/results/grid_esm35m_e50/Pdomain/Green/eval/test_eval_results.csv	0	0.5002309083938599	Ribo_ND_043886	136	136	0	0	P_domain	Ribo_ND_043886	Ribo_ND_043886|Pdomain|Green|record0	0	rna_virus	Green	Green	0.63917524	1	1	False	False	frozen_esm2_35m_head	Blue,Purple,Red,Yellow	Green	moderate_crucivirus_like	True	False	True	rna_virus_scored_crucivirus_like	0.63917524			
Sdomain	Purple	Cruci_CruV-608	1	0.36100662	0	False	0	False	0	False	/workspace/cruci-classifier/results/grid_esm35m_e50/Sdomain/Purple/eval/test_eval_results.csv	0	0.5010125041007996	Cruci_CruV-608	181	181	0	0	S_domain	Cruci_CruV-608	Cruci_CruV-608|Sdomain|Purple|record0	1	crucivirus	Purple	Purple	0.36100662	0	0	False	False	frozen_esm2_35m_head	Blue,Green,Red,Yellow	Purple	moderate_rna_like	True	False	True	crucivirus_scored_rna_like	0.63899338			
Pdomain	Blue	Cruci_CruV_289	1	0.36106983	0	False	0	False	0	False	/workspace/cruci-classifier/results/grid_esm35m_e50/Pdomain/Blue/eval/test_eval_results.csv	0	0.4954362213611603	Cruci_CruV_289	203	203	0	0	P_domain	Cruci_CruV_289	Cruci_CruV_289|Pdomain|Blue|record0	1	crucivirus	Blue	Blue	0.36106983	0	0	False	False	frozen_esm2_35m_head	Green,Purple,Red,Yellow	Blue	moderate_rna_like	True	False	True	crucivirus_scored_rna_like	0.6389301700000001			
Pdomain	Green	Cruci_CruV_529	1	0.36108696	0	False	0	False	0	False	/workspace/cruci-classifier/results/grid_esm35m_e50/Pdomain/Green/eval/test_eval_results.csv	0	0.5002309083938599	Cruci_CruV_529	167	167	0	0	P_domain	Cruci_CruV_529	Cruci_CruV_529|Pdomain|Green|record0	1	crucivirus	Green	Green	0.36108696	0	0	False	False	frozen_esm2_35m_head	Blue,Purple,Red,Yellow	Green	moderate_rna_like	True	False	True	crucivirus_scored_rna_like	0.63891304			
Pdomain	Blue	Cruci_CruV-701	1	0.36110914	0	False	0	False	0	False	/workspace/cruci-classifier/results/grid_esm35m_e50/Pdomain/Blue/eval/test_eval_results.csv	0	0.4954362213611603	Cruci_CruV-701	147	147	0	0	P_domain	Cruci_CruV-701	Cruci_CruV-701|Pdomain|Blue|record0	1	crucivirus	Blue	Blue	0.36110914	0	0	False	False	frozen_esm2_35m_head	Green,Purple,Red,Yellow	Blue	moderate_rna_like	True	False	True	crucivirus_scored_rna_like	0.6388908600000001			
Pdomain	Blue	Cruci_CruV-702	1	0.36110914	0	False	0	False	0	False	/workspace/cruci-classifier/results/grid_esm35m_e50/Pdomain/Blue/eval/test_eval_results.csv	0	0.4954362213611603	Cruci_CruV-702	147	147	0	0	P_domain	Cruci_CruV-702	Cruci_CruV-702|Pdomain|Blue|record0	1	crucivirus	Blue	Blue	0.36110914	0	0	False	False	frozen_esm2_35m_head	Green,Purple,Red,Yellow	Blue	moderate_rna_like	True	False	True	crucivirus_scored_rna_like	0.6388908600000001			
Pdomain	Yellow	Ribo_ND_044728	0	0.6385235	1	False	1	False	1	False	/workspace/cruci-classifier/results/grid_esm35m_e50/Pdomain/Yellow/eval/test_eval_results.csv	0	0.4989717900753021	Ribo_ND_044728	226	226	0	0	P_domain	Ribo_ND_044728	Ribo_ND_044728|Pdomain|Yellow|record0	0	rna_virus	Yellow	Yellow	0.6385235	1	1	False	False	frozen_esm2_35m_head	Blue,Green,Purple,Red	Yellow	moderate_crucivirus_like	True	False	True	rna_virus_scored_crucivirus_like	0.6385235			
Pdomain	Red	Ribo_ND_082480	0	0.6384219	1	False	1	False	1	False	/workspace/cruci-classifier/results/grid_esm35m_e50/Pdomain/Red/eval/test_eval_results.csv	0	0.4583896696567535	Ribo_ND_082480	163	163	0	0	P_domain	Ribo_ND_082480	Ribo_ND_082480|Pdomain|Red|record0	0	rna_virus	Red	Red	0.6384219	1	1	False	False	frozen_esm2_35m_head	Blue,Green,Purple,Yellow	Red	moderate_crucivirus_like	True	False	True	rna_virus_scored_crucivirus_like	0.6384219			
fullCP	Purple	Cruci_CruV-573	1	0.36171868	0	False	0	False	0	False	/workspace/cruci-classifier/results/grid_esm35m_e50/fullCP/Purple/eval/test_eval_results.csv	0	0.4988135993480682	Cruci_CruV-573	435	435	0	0	full_capsid	Cruci_CruV-573	Cruci_CruV-573|fullCP|Purple|record0	1	crucivirus	Purple	Purple	0.36171868	0	0	False	False	frozen_esm2_35m_head	Blue,Green,Red,Yellow	Purple	moderate_rna_like	True	False	True	crucivirus_scored_rna_like	0.6382813199999999			
Sdomain	Green	Cruci_CruV-852	1	0.36190104	0	False	0	False	0	False	/workspace/cruci-classifier/results/grid_esm35m_e50/Sdomain/Green/eval/test_eval_results.csv	0	0.5480888485908508	Cruci_CruV-852	190	190	0	0	S_domain	Cruci_CruV-852	Cruci_CruV-852|Sdomain|Green|record0	1	crucivirus	Green	Green	0.36190104	0	0	False	False	frozen_esm2_35m_head	Blue,Purple,Red,Yellow	Green	moderate_rna_like	True	False	True	crucivirus_scored_rna_like	0.63809896			
Sdomain	Yellow	Ribo_ND_363905	0	0.6380756	1	False	1	False	1	False	/workspace/cruci-classifier/results/grid_esm35m_e50/Sdomain/Yellow/eval/test_eval_results.csv	0	0.5087921023368835	Ribo_ND_363905	176	176	0	0	S_domain	Ribo_ND_363905	Ribo_ND_363905|Sdomain|Yellow|record0	0	rna_virus	Yellow	Yellow	0.6380756	1	1	False	False	frozen_esm2_35m_head	Blue,Green,Purple,Red	Yellow	moderate_crucivirus_like	True	False	True	rna_virus_scored_crucivirus_like	0.6380756			
fullCP	Blue	Ribo_ND_029450	0	0.63805944	1	False	1	False	1	False	/workspace/cruci-classifier/results/grid_esm35m_e50/fullCP/Blue/eval/test_eval_results.csv	0	0.4914703667163849	Ribo_ND_029450	429	430	1	0	full_capsid	Ribo_ND_029450	Ribo_ND_029450|fullCP|Blue|record0	0	rna_virus	Blue	Blue	0.63805944	1	1	False	False	frozen_esm2_35m_head	Green,Purple,Red,Yellow	Blue	moderate_crucivirus_like	True	False	True	rna_virus_scored_crucivirus_like	0.63805944			
Sdomain	Green	Cruci_CruV-934	1	0.3620698	0	False	0	False	0	False	/workspace/cruci-classifier/results/grid_esm35m_e50/Sdomain/Green/eval/test_eval_results.csv	0	0.5480888485908508	Cruci_CruV-934	200	200	0	0	S_domain	Cruci_CruV-934	Cruci_CruV-934|Sdomain|Green|record0	1	crucivirus	Green	Green	0.3620698	0	0	False	False	frozen_esm2_35m_head	Blue,Purple,Red,Yellow	Green	moderate_rna_like	True	False	True	crucivirus_scored_rna_like	0.6379302			
Rdomain	Purple	Cruci_CruV_391	1	0.3621659	0	False	0	False	0	False	/workspace/cruci-classifier/results/grid_esm35m_e50/Rdomain/Purple/eval/test_eval_results.csv	0	0.5012195110321045	Cruci_CruV_391	191	191	0	0	R_domain	Cruci_CruV_391	Cruci_CruV_391|Rdomain|Purple|record0	1	crucivirus	Purple	Purple	0.3621659	0	0	False	False	frozen_esm2_35m_head	Blue,Green,Red,Yellow	Purple	moderate_rna_like	True	False	True	crucivirus_scored_rna_like	0.6378341000000001			
fullCP	Green	Ribo_ND_299966	0	0.6376358	1	False	1	False	1	False	/workspace/cruci-classifier/results/grid_esm35m_e50/fullCP/Green/eval/test_eval_results.csv	0	0.4995022118091583	Ribo_ND_299966	330	331	1	0	full_capsid	Ribo_ND_299966	Ribo_ND_299966|fullCP|Green|record0	0	rna_virus	Green	Green	0.6376358	1	1	False	False	frozen_esm2_35m_head	Blue,Purple,Red,Yellow	Green	moderate_crucivirus_like	True	False	True	rna_virus_scored_crucivirus_like	0.6376358			
Pdomain	Green	Ribo_ND_059415	0	0.63762057	1	False	1	False	1	False	/workspace/cruci-classifier/results/grid_esm35m_e50/Pdomain/Green/eval/test_eval_results.csv	0	0.5002309083938599	Ribo_ND_059415	198	198	0	0	P_domain	Ribo_ND_059415	Ribo_ND_059415|Pdomain|Green|record0	0	rna_virus	Green	Green	0.63762057	1	1	False	False	frozen_esm2_35m_head	Blue,Purple,Red,Yellow	Green	moderate_crucivirus_like	True	False	True	rna_virus_scored_crucivirus_like	0.63762057			
Sdomain	Purple	Cruci_CruV_173	1	0.3625621	0	False	0	False	0	False	/workspace/cruci-classifier/results/grid_esm35m_e50/Sdomain/Purple/eval/test_eval_results.csv	0	0.5010125041007996	Cruci_CruV_173	185	185	0	0	S_domain	Cruci_CruV_173	Cruci_CruV_173|Sdomain|Purple|record0	1	crucivirus	Purple	Purple	0.3625621	0	0	False	False	frozen_esm2_35m_head	Blue,Green,Red,Yellow	Purple	moderate_rna_like	True	False	True	crucivirus_scored_rna_like	0.6374379			
Sdomain	Yellow	Ribo_ND_025188	0	0.6372862	1	False	1	False	1	False	/workspace/cruci-classifier/results/grid_esm35m_e50/Sdomain/Yellow/eval/test_eval_results.csv	0	0.5087921023368835	Ribo_ND_025188	182	182	0	0	S_domain	Ribo_ND_025188	Ribo_ND_025188|Sdomain|Yellow|record0	0	rna_virus	Yellow	Yellow	0.6372862	1	1	False	False	frozen_esm2_35m_head	Blue,Green,Purple,Red	Yellow	moderate_crucivirus_like	True	False	True	rna_virus_scored_crucivirus_like	0.6372862			
Pdomain	Blue	Cruci_CruV_306	1	0.3630143	0	False	0	False	0	False	/workspace/cruci-classifier/results/grid_esm35m_e50/Pdomain/Blue/eval/test_eval_results.csv	0	0.4954362213611603	Cruci_CruV_306	161	161	0	0	P_domain	Cruci_CruV_306	Cruci_CruV_306|Pdomain|Blue|record0	1	crucivirus	Blue	Blue	0.3630143	0	0	False	False	frozen_esm2_35m_head	Green,Purple,Red,Yellow	Blue	moderate_rna_like	True	False	True	crucivirus_scored_rna_like	0.6369857			
Pdomain	Purple	Cruci_CruV-564	1	0.3632566	0	False	0	False	0	False	/workspace/cruci-classifier/results/grid_esm35m_e50/Pdomain/Purple/eval/test_eval_results.csv	0	0.4982953071594238	Cruci_CruV-564	148	148	0	0	P_domain	Cruci_CruV-564	Cruci_CruV-564|Pdomain|Purple|record0	1	crucivirus	Purple	Purple	0.3632566	0	0	False	False	frozen_esm2_35m_head	Blue,Green,Red,Yellow	Purple	moderate_rna_like	True	False	True	crucivirus_scored_rna_like	0.6367434000000001			
Pdomain	Purple	Cruci_CruV-565	1	0.3632566	0	False	0	False	0	False	/workspace/cruci-classifier/results/grid_esm35m_e50/Pdomain/Purple/eval/test_eval_results.csv	0	0.4982953071594238	Cruci_CruV-565	148	148	0	0	P_domain	Cruci_CruV-565	Cruci_CruV-565|Pdomain|Purple|record0	1	crucivirus	Purple	Purple	0.3632566	0	0	False	False	frozen_esm2_35m_head	Blue,Green,Red,Yellow	Purple	moderate_rna_like	True	False	True	crucivirus_scored_rna_like	0.6367434000000001			
Rdomain	Yellow	Ribo_ND_026140	0	0.6366245	1	False	1	False	1	False	/workspace/cruci-classifier/results/grid_esm35m_e50/Rdomain/Yellow/eval/test_eval_results.csv	0	0.471052885055542	Ribo_ND_026140	92	92	0	0	R_domain	Ribo_ND_026140	Ribo_ND_026140|Rdomain|Yellow|record0	0	rna_virus	Yellow	Yellow	0.6366245	1	1	False	False	frozen_esm2_35m_head	Blue,Green,Purple,Red	Yellow	moderate_crucivirus_like	True	False	True	rna_virus_scored_crucivirus_like	0.6366245			
Sdomain	Yellow	Ribo_ND_155710	0	0.6365289	1	False	1	False	1	False	/workspace/cruci-classifier/results/grid_esm35m_e50/Sdomain/Yellow/eval/test_eval_results.csv	0	0.5087921023368835	Ribo_ND_155710	178	178	0	0	S_domain	Ribo_ND_155710	Ribo_ND_155710|Sdomain|Yellow|record0	0	rna_virus	Yellow	Yellow	0.6365289	1	1	False	False	frozen_esm2_35m_head	Blue,Green,Purple,Red	Yellow	moderate_crucivirus_like	True	False	True	rna_virus_scored_crucivirus_like	0.6365289			
Sdomain	Yellow	Ribo_ND_046317	0	0.6362581	1	False	1	False	1	False	/workspace/cruci-classifier/results/grid_esm35m_e50/Sdomain/Yellow/eval/test_eval_results.csv	0	0.5087921023368835	Ribo_ND_046317	189	189	0	0	S_domain	Ribo_ND_046317	Ribo_ND_046317|Sdomain|Yellow|record0	0	rna_virus	Yellow	Yellow	0.6362581	1	1	False	False	frozen_esm2_35m_head	Blue,Green,Purple,Red	Yellow	moderate_crucivirus_like	True	False	True	rna_virus_scored_crucivirus_like	0.6362581			
fullCP	Purple	Ribo_ND_221222	0	0.6359316	1	False	1	False	1	False	/workspace/cruci-classifier/results/grid_esm35m_e50/fullCP/Purple/eval/test_eval_results.csv	0	0.4988135993480682	Ribo_ND_221222	498	499	1	0	full_capsid	Ribo_ND_221222	Ribo_ND_221222|fullCP|Purple|record0	0	rna_virus	Purple	Purple	0.6359316	1	1	False	False	frozen_esm2_35m_head	Blue,Green,Red,Yellow	Purple	moderate_crucivirus_like	True	False	True	rna_virus_scored_crucivirus_like	0.6359316			
Rdomain	Red	Ribo_ND_134564	0	0.63587683	1	False	1	False	1	False	/workspace/cruci-classifier/results/grid_esm35m_e50/Rdomain/Red/eval/test_eval_results.csv	0	0.512529730796814	Ribo_ND_134564	211	211	0	0	R_domain	Ribo_ND_134564	Ribo_ND_134564|Rdomain|Red|record0	0	rna_virus	Red	Red	0.63587683	1	1	False	False	frozen_esm2_35m_head	Blue,Green,Purple,Yellow	Red	moderate_crucivirus_like	True	False	True	rna_virus_scored_crucivirus_like	0.63587683			
Sdomain	Blue	Ribo_ND_203489	0	0.63570863	1	False	1	False	1	False	/workspace/cruci-classifier/results/grid_esm35m_e50/Sdomain/Blue/eval/test_eval_results.csv	0	0.3950238227844238	Ribo_ND_203489	186	186	0	0	S_domain	Ribo_ND_203489	Ribo_ND_203489|Sdomain|Blue|record0	0	rna_virus	Blue	Blue	0.63570863	1	1	False	False	frozen_esm2_35m_head	Green,Purple,Red,Yellow	Blue	moderate_crucivirus_like	True	False	True	rna_virus_scored_crucivirus_like	0.63570863			
Rdomain	Red	Ribo_ND_024984	0	0.63567597	1	False	1	False	1	False	/workspace/cruci-classifier/results/grid_esm35m_e50/Rdomain/Red/eval/test_eval_results.csv	0	0.512529730796814	Ribo_ND_024984	143	143	0	0	R_domain	Ribo_ND_024984	Ribo_ND_024984|Rdomain|Red|record0	0	rna_virus	Red	Red	0.63567597	1	1	False	False	frozen_esm2_35m_head	Blue,Green,Purple,Yellow	Red	moderate_crucivirus_like	True	False	True	rna_virus_scored_crucivirus_like	0.63567597			
fullCP	Yellow	Ribo_ND_025139	0	0.63563037	1	False	1	False	1	False	/workspace/cruci-classifier/results/grid_esm35m_e50/fullCP/Yellow/eval/test_eval_results.csv	0	0.4986207485198974	Ribo_ND_025139	429	430	1	0	full_capsid	Ribo_ND_025139	Ribo_ND_025139|fullCP|Yellow|record0	0	rna_virus	Yellow	Yellow	0.63563037	1	1	False	False	frozen_esm2_35m_head	Blue,Green,Purple,Red	Yellow	moderate_crucivirus_like	True	False	True	rna_virus_scored_crucivirus_like	0.63563037			
Sdomain	Green	Cruci_CruV_421	1	0.36445665	0	False	0	False	0	False	/workspace/cruci-classifier/results/grid_esm35m_e50/Sdomain/Green/eval/test_eval_results.csv	0	0.5480888485908508	Cruci_CruV_421	175	175	0	0	S_domain	Cruci_CruV_421	Cruci_CruV_421|Sdomain|Green|record0	1	crucivirus	Green	Green	0.36445665	0	0	False	False	frozen_esm2_35m_head	Blue,Purple,Red,Yellow	Green	moderate_rna_like	True	False	True	crucivirus_scored_rna_like	0.6355433500000001			
Pdomain	Yellow	Ribo_ND_046666	0	0.6355139	1	False	1	False	1	False	/workspace/cruci-classifier/results/grid_esm35m_e50/Pdomain/Yellow/eval/test_eval_results.csv	0	0.4989717900753021	Ribo_ND_046666	155	155	0	0	P_domain	Ribo_ND_046666	Ribo_ND_046666|Pdomain|Yellow|record0	0	rna_virus	Yellow	Yellow	0.6355139	1	1	False	False	frozen_esm2_35m_head	Blue,Green,Purple,Red	Yellow	moderate_crucivirus_like	True	False	True	rna_virus_scored_crucivirus_like	0.6355139			
Pdomain	Purple	Cruci_CruV-691	1	0.3646005	0	False	0	False	0	False	/workspace/cruci-classifier/results/grid_esm35m_e50/Pdomain/Purple/eval/test_eval_results.csv	0	0.4982953071594238	Cruci_CruV-691	148	148	0	0	P_domain	Cruci_CruV-691	Cruci_CruV-691|Pdomain|Purple|record0	1	crucivirus	Purple	Purple	0.3646005	0	0	False	False	frozen_esm2_35m_head	Blue,Green,Red,Yellow	Purple	moderate_rna_like	True	False	True	crucivirus_scored_rna_like	0.6353995			
Pdomain	Purple	Cruci_CruV-948	1	0.3647987	0	False	0	False	0	False	/workspace/cruci-classifier/results/grid_esm35m_e50/Pdomain/Purple/eval/test_eval_results.csv	0	0.4982953071594238	Cruci_CruV-948	370	370	0	0	P_domain	Cruci_CruV-948	Cruci_CruV-948|Pdomain|Purple|record0	1	crucivirus	Purple	Purple	0.3647987	0	0	False	False	frozen_esm2_35m_head	Blue,Green,Red,Yellow	Purple	moderate_rna_like	True	False	True	crucivirus_scored_rna_like	0.6352013000000001			
Rdomain	Purple	Cruci_CruV_202	1	0.36484474	0	False	0	False	0	False	/workspace/cruci-classifier/results/grid_esm35m_e50/Rdomain/Purple/eval/test_eval_results.csv	0	0.5012195110321045	Cruci_CruV_202	108	108	0	0	R_domain	Cruci_CruV_202	Cruci_CruV_202|Rdomain|Purple|record0	1	crucivirus	Purple	Purple	0.36484474	0	0	False	False	frozen_esm2_35m_head	Blue,Green,Red,Yellow	Purple	moderate_rna_like	True	False	True	crucivirus_scored_rna_like	0.63515526			
Pdomain	Yellow	Ribo_ND_161323	0	0.63477093	1	False	1	False	1	False	/workspace/cruci-classifier/results/grid_esm35m_e50/Pdomain/Yellow/eval/test_eval_results.csv	0	0.4989717900753021	Ribo_ND_161323	151	151	0	0	P_domain	Ribo_ND_161323	Ribo_ND_161323|Pdomain|Yellow|record0	0	rna_virus	Yellow	Yellow	0.63477093	1	1	False	False	frozen_esm2_35m_head	Blue,Green,Purple,Red	Yellow	moderate_crucivirus_like	True	False	True	rna_virus_scored_crucivirus_like	0.63477093			
Sdomain	Yellow	Ribo_Ga0058860_10192148	0	0.6346361	1	False	1	False	1	False	/workspace/cruci-classifier/results/grid_esm35m_e50/Sdomain/Yellow/eval/test_eval_results.csv	0	0.5087921023368835	Ribo_Ga0058860_10192148	179	179	0	0	S_domain	Ribo_Ga0058860_10192148	Ribo_Ga0058860_10192148|Sdomain|Yellow|record0	0	rna_virus	Yellow	Yellow	0.6346361	1	1	False	False	frozen_esm2_35m_head	Blue,Green,Purple,Red	Yellow	moderate_crucivirus_like	True	False	True	rna_virus_scored_crucivirus_like	0.6346361			
Pdomain	Purple	Cruci_CruV-847	1	0.36543137	0	False	0	False	0	False	/workspace/cruci-classifier/results/grid_esm35m_e50/Pdomain/Purple/eval/test_eval_results.csv	0	0.4982953071594238	Cruci_CruV-847	162	162	0	0	P_domain	Cruci_CruV-847	Cruci_CruV-847|Pdomain|Purple|record0	1	crucivirus	Purple	Purple	0.36543137	0	0	False	False	frozen_esm2_35m_head	Blue,Green,Red,Yellow	Purple	moderate_rna_like	True	False	True	crucivirus_scored_rna_like	0.63456863			
Pdomain	Blue	Cruci_CruV_206	1	0.36545452	0	False	0	False	0	False	/workspace/cruci-classifier/results/grid_esm35m_e50/Pdomain/Blue/eval/test_eval_results.csv	0	0.4954362213611603	Cruci_CruV_206	159	159	0	0	P_domain	Cruci_CruV_206	Cruci_CruV_206|Pdomain|Blue|record0	1	crucivirus	Blue	Blue	0.36545452	0	0	False	False	frozen_esm2_35m_head	Green,Purple,Red,Yellow	Blue	moderate_rna_like	True	False	True	crucivirus_scored_rna_like	0.63454548			
Sdomain	Blue	Ribo_ND_092298	0	0.6344033	1	False	1	False	1	False	/workspace/cruci-classifier/results/grid_esm35m_e50/Sdomain/Blue/eval/test_eval_results.csv	0	0.3950238227844238	Ribo_ND_092298	182	182	0	0	S_domain	Ribo_ND_092298	Ribo_ND_092298|Sdomain|Blue|record0	0	rna_virus	Blue	Blue	0.6344033	1	1	False	False	frozen_esm2_35m_head	Green,Purple,Red,Yellow	Blue	moderate_crucivirus_like	True	False	True	rna_virus_scored_crucivirus_like	0.6344033			
Sdomain	Yellow	Ribo_ND_099728	0	0.6340318	1	False	1	False	1	False	/workspace/cruci-classifier/results/grid_esm35m_e50/Sdomain/Yellow/eval/test_eval_results.csv	0	0.5087921023368835	Ribo_ND_099728	180	180	0	0	S_domain	Ribo_ND_099728	Ribo_ND_099728|Sdomain|Yellow|record0	0	rna_virus	Yellow	Yellow	0.6340318	1	1	False	False	frozen_esm2_35m_head	Blue,Green,Purple,Red	Yellow	moderate_crucivirus_like	True	False	True	rna_virus_scored_crucivirus_like	0.6340318			
Pdomain	Blue	Cruci_CruV-621	1	0.36601207	0	False	0	False	0	False	/workspace/cruci-classifier/results/grid_esm35m_e50/Pdomain/Blue/eval/test_eval_results.csv	0	0.4954362213611603	Cruci_CruV-621	151	151	0	0	P_domain	Cruci_CruV-621	Cruci_CruV-621|Pdomain|Blue|record0	1	crucivirus	Blue	Blue	0.36601207	0	0	False	False	frozen_esm2_35m_head	Green,Purple,Red,Yellow	Blue	moderate_rna_like	True	False	True	crucivirus_scored_rna_like	0.63398793			
fullCP	Yellow	Ribo_ND_030242	0	0.63387436	1	False	1	False	1	False	/workspace/cruci-classifier/results/grid_esm35m_e50/fullCP/Yellow/eval/test_eval_results.csv	0	0.4986207485198974	Ribo_ND_030242	405	406	1	0	full_capsid	Ribo_ND_030242	Ribo_ND_030242|fullCP|Yellow|record0	0	rna_virus	Yellow	Yellow	0.63387436	1	1	False	False	frozen_esm2_35m_head	Blue,Green,Purple,Red	Yellow	moderate_crucivirus_like	True	False	True	rna_virus_scored_crucivirus_like	0.63387436			
Sdomain	Purple	Cruci_CruV-588	1	0.36614653	0	False	0	False	0	False	/workspace/cruci-classifier/results/grid_esm35m_e50/Sdomain/Purple/eval/test_eval_results.csv	0	0.5010125041007996	Cruci_CruV-588	189	189	0	0	S_domain	Cruci_CruV-588	Cruci_CruV-588|Sdomain|Purple|record0	1	crucivirus	Purple	Purple	0.36614653	0	0	False	False	frozen_esm2_35m_head	Blue,Green,Red,Yellow	Purple	moderate_rna_like	True	False	True	crucivirus_scored_rna_like	0.63385347			
Pdomain	Blue	Cruci_CruV-848	1	0.36652043	0	False	0	False	0	False	/workspace/cruci-classifier/results/grid_esm35m_e50/Pdomain/Blue/eval/test_eval_results.csv	0	0.4954362213611603	Cruci_CruV-848	167	167	0	0	P_domain	Cruci_CruV-848	Cruci_CruV-848|Pdomain|Blue|record0	1	crucivirus	Blue	Blue	0.36652043	0	0	False	False	frozen_esm2_35m_head	Green,Purple,Red,Yellow	Blue	moderate_rna_like	True	False	True	crucivirus_scored_rna_like	0.63347957			
Pdomain	Yellow	Ribo_ND_038050	0	0.6331826	1	False	1	False	1	False	/workspace/cruci-classifier/results/grid_esm35m_e50/Pdomain/Yellow/eval/test_eval_results.csv	0	0.4989717900753021	Ribo_ND_038050	151	151	0	0	P_domain	Ribo_ND_038050	Ribo_ND_038050|Pdomain|Yellow|record0	0	rna_virus	Yellow	Yellow	0.6331826	1	1	False	False	frozen_esm2_35m_head	Blue,Green,Purple,Red	Yellow	moderate_crucivirus_like	True	False	True	rna_virus_scored_crucivirus_like	0.6331826			
fullCP	Purple	Cruci_CruV-769	1	0.36683267	0	False	0	False	0	False	/workspace/cruci-classifier/results/grid_esm35m_e50/fullCP/Purple/eval/test_eval_results.csv	0	0.4988135993480682	Cruci_CruV-769	445	445	0	0	full_capsid	Cruci_CruV-769	Cruci_CruV-769|fullCP|Purple|record0	1	crucivirus	Purple	Purple	0.36683267	0	0	False	False	frozen_esm2_35m_head	Blue,Green,Red,Yellow	Purple	moderate_rna_like	True	False	True	crucivirus_scored_rna_like	0.63316733			
fullCP	Blue	Ribo_ND_364448	0	0.63310546	1	False	1	False	1	False	/workspace/cruci-classifier/results/grid_esm35m_e50/fullCP/Blue/eval/test_eval_results.csv	0	0.4914703667163849	Ribo_ND_364448	420	421	1	0	full_capsid	Ribo_ND_364448	Ribo_ND_364448|fullCP|Blue|record0	0	rna_virus	Blue	Blue	0.63310546	1	1	False	False	frozen_esm2_35m_head	Green,Purple,Red,Yellow	Blue	moderate_crucivirus_like	True	False	True	rna_virus_scored_crucivirus_like	0.63310546			
Rdomain	Yellow	Ribo_ND_152263	0	0.63308775	1	False	1	False	1	False	/workspace/cruci-classifier/results/grid_esm35m_e50/Rdomain/Yellow/eval/test_eval_results.csv	0	0.471052885055542	Ribo_ND_152263	131	131	0	0	R_domain	Ribo_ND_152263	Ribo_ND_152263|Rdomain|Yellow|record0	0	rna_virus	Yellow	Yellow	0.63308775	1	1	False	False	frozen_esm2_35m_head	Blue,Green,Purple,Red	Yellow	moderate_crucivirus_like	True	False	True	rna_virus_scored_crucivirus_like	0.63308775			
Pdomain	Blue	Cruci_CruV_363	1	0.3669503	0	False	0	False	0	False	/workspace/cruci-classifier/results/grid_esm35m_e50/Pdomain/Blue/eval/test_eval_results.csv	0	0.4954362213611603	Cruci_CruV_363	206	206	0	0	P_domain	Cruci_CruV_363	Cruci_CruV_363|Pdomain|Blue|record0	1	crucivirus	Blue	Blue	0.3669503	0	0	False	False	frozen_esm2_35m_head	Green,Purple,Red,Yellow	Blue	moderate_rna_like	True	False	True	crucivirus_scored_rna_like	0.6330496999999999			
Pdomain	Blue	Ribo_ND_250998	0	0.63289946	1	False	1	False	1	False	/workspace/cruci-classifier/results/grid_esm35m_e50/Pdomain/Blue/eval/test_eval_results.csv	0	0.4954362213611603	Ribo_ND_250998	153	153	0	0	P_domain	Ribo_ND_250998	Ribo_ND_250998|Pdomain|Blue|record0	0	rna_virus	Blue	Blue	0.63289946	1	1	False	False	frozen_esm2_35m_head	Green,Purple,Red,Yellow	Blue	moderate_crucivirus_like	True	False	True	rna_virus_scored_crucivirus_like	0.63289946			
Pdomain	Yellow	Ribo_ND_025671	0	0.63285124	1	False	1	False	1	False	/workspace/cruci-classifier/results/grid_esm35m_e50/Pdomain/Yellow/eval/test_eval_results.csv	0	0.4989717900753021	Ribo_ND_025671	157	157	0	0	P_domain	Ribo_ND_025671	Ribo_ND_025671|Pdomain|Yellow|record0	0	rna_virus	Yellow	Yellow	0.63285124	1	1	False	False	frozen_esm2_35m_head	Blue,Green,Purple,Red	Yellow	moderate_crucivirus_like	True	False	True	rna_virus_scored_crucivirus_like	0.63285124			
Pdomain	Blue	Cruci_CruV-658	1	0.36726132	0	False	0	False	0	False	/workspace/cruci-classifier/results/grid_esm35m_e50/Pdomain/Blue/eval/test_eval_results.csv	0	0.4954362213611603	Cruci_CruV-658	168	168	0	0	P_domain	Cruci_CruV-658	Cruci_CruV-658|Pdomain|Blue|record0	1	crucivirus	Blue	Blue	0.36726132	0	0	False	False	frozen_esm2_35m_head	Green,Purple,Red,Yellow	Blue	moderate_rna_like	True	False	True	crucivirus_scored_rna_like	0.63273868			
Sdomain	Yellow	Ribo_ND_249488	0	0.63273185	1	False	1	False	1	False	/workspace/cruci-classifier/results/grid_esm35m_e50/Sdomain/Yellow/eval/test_eval_results.csv	0	0.5087921023368835	Ribo_ND_249488	194	194	0	0	S_domain	Ribo_ND_249488	Ribo_ND_249488|Sdomain|Yellow|record0	0	rna_virus	Yellow	Yellow	0.63273185	1	1	False	False	frozen_esm2_35m_head	Blue,Green,Purple,Red	Yellow	moderate_crucivirus_like	True	False	True	rna_virus_scored_crucivirus_like	0.63273185			
Pdomain	Blue	Cruci_PB_KX388496	1	0.36746633	0	False	0	False	0	False	/workspace/cruci-classifier/results/grid_esm35m_e50/Pdomain/Blue/eval/test_eval_results.csv	0	0.4954362213611603	Cruci_PB_KX388496	148	148	0	0	P_domain	Cruci_PB_KX388496	Cruci_PB_KX388496|Pdomain|Blue|record0	1	crucivirus	Blue	Blue	0.36746633	0	0	False	False	frozen_esm2_35m_head	Green,Purple,Red,Yellow	Blue	moderate_rna_like	True	False	True	crucivirus_scored_rna_like	0.6325336699999999			
Pdomain	Yellow	Ribo_ND_248264	0	0.63248545	1	False	1	False	1	False	/workspace/cruci-classifier/results/grid_esm35m_e50/Pdomain/Yellow/eval/test_eval_results.csv	0	0.4989717900753021	Ribo_ND_248264	152	152	0	0	P_domain	Ribo_ND_248264	Ribo_ND_248264|Pdomain|Yellow|record0	0	rna_virus	Yellow	Yellow	0.63248545	1	1	False	False	frozen_esm2_35m_head	Blue,Green,Purple,Red	Yellow	moderate_crucivirus_like	True	False	True	rna_virus_scored_crucivirus_like	0.63248545			
fullCP	Yellow	Ribo_ND_198694	0	0.63236284	1	False	1	False	1	False	/workspace/cruci-classifier/results/grid_esm35m_e50/fullCP/Yellow/eval/test_eval_results.csv	0	0.4986207485198974	Ribo_ND_198694	444	445	1	0	full_capsid	Ribo_ND_198694	Ribo_ND_198694|fullCP|Yellow|record0	0	rna_virus	Yellow	Yellow	0.63236284	1	1	False	False	frozen_esm2_35m_head	Blue,Green,Purple,Red	Yellow	moderate_crucivirus_like	True	False	True	rna_virus_scored_crucivirus_like	0.63236284			
Pdomain	Yellow	Ribo_ND_044597	0	0.6321398	1	False	1	False	1	False	/workspace/cruci-classifier/results/grid_esm35m_e50/Pdomain/Yellow/eval/test_eval_results.csv	0	0.4989717900753021	Ribo_ND_044597	154	154	0	0	P_domain	Ribo_ND_044597	Ribo_ND_044597|Pdomain|Yellow|record0	0	rna_virus	Yellow	Yellow	0.6321398	1	1	False	False	frozen_esm2_35m_head	Blue,Green,Purple,Red	Yellow	moderate_crucivirus_like	True	False	True	rna_virus_scored_crucivirus_like	0.6321398			
Pdomain	Yellow	Ribo_JAAOEH010003560.1	0	0.63196903	1	False	1	False	1	False	/workspace/cruci-classifier/results/grid_esm35m_e50/Pdomain/Yellow/eval/test_eval_results.csv	0	0.4989717900753021	Ribo_JAAOEH010003560.1	131	131	0	0	P_domain	Ribo_JAAOEH010003560.1	Ribo_JAAOEH010003560.1|Pdomain|Yellow|record0	0	rna_virus	Yellow	Yellow	0.63196903	1	1	False	False	frozen_esm2_35m_head	Blue,Green,Purple,Red	Yellow	moderate_crucivirus_like	True	False	True	rna_virus_scored_crucivirus_like	0.63196903			
Sdomain	Yellow	Ribo_JAAOEH010004812.1	0	0.63162106	1	False	1	False	1	False	/workspace/cruci-classifier/results/grid_esm35m_e50/Sdomain/Yellow/eval/test_eval_results.csv	0	0.5087921023368835	Ribo_JAAOEH010004812.1	182	182	0	0	S_domain	Ribo_JAAOEH010004812.1	Ribo_JAAOEH010004812.1|Sdomain|Yellow|record0	0	rna_virus	Yellow	Yellow	0.63162106	1	1	False	False	frozen_esm2_35m_head	Blue,Green,Purple,Red	Yellow	moderate_crucivirus_like	True	False	True	rna_virus_scored_crucivirus_like	0.63162106			
Rdomain	Yellow	Ribo_JAAOEH010001932.1	0	0.63154125	1	False	1	False	1	False	/workspace/cruci-classifier/results/grid_esm35m_e50/Rdomain/Yellow/eval/test_eval_results.csv	0	0.471052885055542	Ribo_JAAOEH010001932.1	132	132	0	0	R_domain	Ribo_JAAOEH010001932.1	Ribo_JAAOEH010001932.1|Rdomain|Yellow|record0	0	rna_virus	Yellow	Yellow	0.63154125	1	1	False	False	frozen_esm2_35m_head	Blue,Green,Purple,Red	Yellow	moderate_crucivirus_like	True	False	True	rna_virus_scored_crucivirus_like	0.63154125			
Sdomain	Purple	Cruci_CruV-750	1	0.368482	0	False	0	False	0	False	/workspace/cruci-classifier/results/grid_esm35m_e50/Sdomain/Purple/eval/test_eval_results.csv	0	0.5010125041007996	Cruci_CruV-750	183	183	0	0	S_domain	Cruci_CruV-750	Cruci_CruV-750|Sdomain|Purple|record0	1	crucivirus	Purple	Purple	0.368482	0	0	False	False	frozen_esm2_35m_head	Blue,Green,Red,Yellow	Purple	moderate_rna_like	True	False	True	crucivirus_scored_rna_like	0.631518			
Sdomain	Blue	Ribo_ND_067439	0	0.6314627	1	False	1	False	1	False	/workspace/cruci-classifier/results/grid_esm35m_e50/Sdomain/Blue/eval/test_eval_results.csv	0	0.3950238227844238	Ribo_ND_067439	182	182	0	0	S_domain	Ribo_ND_067439	Ribo_ND_067439|Sdomain|Blue|record0	0	rna_virus	Blue	Blue	0.6314627	1	1	False	False	frozen_esm2_35m_head	Green,Purple,Red,Yellow	Blue	moderate_crucivirus_like	True	False	True	rna_virus_scored_crucivirus_like	0.6314627			
Pdomain	Blue	Cruci_PB_KX388497	1	0.3685792	0	False	0	False	0	False	/workspace/cruci-classifier/results/grid_esm35m_e50/Pdomain/Blue/eval/test_eval_results.csv	0	0.4954362213611603	Cruci_PB_KX388497	153	153	0	0	P_domain	Cruci_PB_KX388497	Cruci_PB_KX388497|Pdomain|Blue|record0	1	crucivirus	Blue	Blue	0.3685792	0	0	False	False	frozen_esm2_35m_head	Green,Purple,Red,Yellow	Blue	moderate_rna_like	True	False	True	crucivirus_scored_rna_like	0.6314208			
Pdomain	Purple	Cruci_CruV-670	1	0.36874226	0	False	0	False	0	False	/workspace/cruci-classifier/results/grid_esm35m_e50/Pdomain/Purple/eval/test_eval_results.csv	0	0.4982953071594238	Cruci_CruV-670	155	155	0	0	P_domain	Cruci_CruV-670	Cruci_CruV-670|Pdomain|Purple|record0	1	crucivirus	Purple	Purple	0.36874226	0	0	False	False	frozen_esm2_35m_head	Blue,Green,Red,Yellow	Purple	moderate_rna_like	True	False	True	crucivirus_scored_rna_like	0.63125774			
Pdomain	Green	Cruci_CruV_498	1	0.36883685	0	False	0	False	0	False	/workspace/cruci-classifier/results/grid_esm35m_e50/Pdomain/Green/eval/test_eval_results.csv	0	0.5002309083938599	Cruci_CruV_498	131	131	0	0	P_domain	Cruci_CruV_498	Cruci_CruV_498|Pdomain|Green|record0	1	crucivirus	Green	Green	0.36883685	0	0	False	False	frozen_esm2_35m_head	Blue,Purple,Red,Yellow	Green	moderate_rna_like	True	False	True	crucivirus_scored_rna_like	0.63116315			
Rdomain	Yellow	Ribo_ND_091396	0	0.6310566	1	False	1	False	1	False	/workspace/cruci-classifier/results/grid_esm35m_e50/Rdomain/Yellow/eval/test_eval_results.csv	0	0.471052885055542	Ribo_ND_091396	92	92	0	0	R_domain	Ribo_ND_091396	Ribo_ND_091396|Rdomain|Yellow|record0	0	rna_virus	Yellow	Yellow	0.6310566	1	1	False	False	frozen_esm2_35m_head	Blue,Green,Purple,Red	Yellow	moderate_crucivirus_like	True	False	True	rna_virus_scored_crucivirus_like	0.6310566			
Sdomain	Blue	Ribo_ND_389529	0	0.6310127	1	False	1	False	1	False	/workspace/cruci-classifier/results/grid_esm35m_e50/Sdomain/Blue/eval/test_eval_results.csv	0	0.3950238227844238	Ribo_ND_389529	179	179	0	0	S_domain	Ribo_ND_389529	Ribo_ND_389529|Sdomain|Blue|record0	0	rna_virus	Blue	Blue	0.6310127	1	1	False	False	frozen_esm2_35m_head	Green,Purple,Red,Yellow	Blue	moderate_crucivirus_like	True	False	True	rna_virus_scored_crucivirus_like	0.6310127			
Pdomain	Purple	Ribo_ND_182785	0	0.63098484	1	False	1	False	1	False	/workspace/cruci-classifier/results/grid_esm35m_e50/Pdomain/Purple/eval/test_eval_results.csv	0	0.4982953071594238	Ribo_ND_182785	145	145	0	0	P_domain	Ribo_ND_182785	Ribo_ND_182785|Pdomain|Purple|record0	0	rna_virus	Purple	Purple	0.63098484	1	1	False	False	frozen_esm2_35m_head	Blue,Green,Red,Yellow	Purple	moderate_crucivirus_like	True	False	True	rna_virus_scored_crucivirus_like	0.63098484			
fullCP	Purple	Cruci_CruV-676	1	0.3692801	0	False	0	False	0	False	/workspace/cruci-classifier/results/grid_esm35m_e50/fullCP/Purple/eval/test_eval_results.csv	0	0.4988135993480682	Cruci_CruV-676	430	430	0	0	full_capsid	Cruci_CruV-676	Cruci_CruV-676|fullCP|Purple|record0	1	crucivirus	Purple	Purple	0.3692801	0	0	False	False	frozen_esm2_35m_head	Blue,Green,Red,Yellow	Purple	moderate_rna_like	True	False	True	crucivirus_scored_rna_like	0.6307199			
fullCP	Purple	Cruci_CruV-677	1	0.3692801	0	False	0	False	0	False	/workspace/cruci-classifier/results/grid_esm35m_e50/fullCP/Purple/eval/test_eval_results.csv	0	0.4988135993480682	Cruci_CruV-677	430	430	0	0	full_capsid	Cruci_CruV-677	Cruci_CruV-677|fullCP|Purple|record0	1	crucivirus	Purple	Purple	0.3692801	0	0	False	False	frozen_esm2_35m_head	Blue,Green,Red,Yellow	Purple	moderate_rna_like	True	False	True	crucivirus_scored_rna_like	0.6307199			
Pdomain	Blue	Ribo_ND_209163	0	0.63013816	1	False	1	False	1	False	/workspace/cruci-classifier/results/grid_esm35m_e50/Pdomain/Blue/eval/test_eval_results.csv	0	0.4954362213611603	Ribo_ND_209163	194	194	0	0	P_domain	Ribo_ND_209163	Ribo_ND_209163|Pdomain|Blue|record0	0	rna_virus	Blue	Blue	0.63013816	1	1	False	False	frozen_esm2_35m_head	Green,Purple,Red,Yellow	Blue	moderate_crucivirus_like	True	False	True	rna_virus_scored_crucivirus_like	0.63013816			
Rdomain	Yellow	Ribo_ND_028067	0	0.6297905	1	False	1	False	1	False	/workspace/cruci-classifier/results/grid_esm35m_e50/Rdomain/Yellow/eval/test_eval_results.csv	0	0.471052885055542	Ribo_ND_028067	88	88	0	0	R_domain	Ribo_ND_028067	Ribo_ND_028067|Rdomain|Yellow|record0	0	rna_virus	Yellow	Yellow	0.6297905	1	1	False	False	frozen_esm2_35m_head	Blue,Green,Purple,Red	Yellow	moderate_crucivirus_like	True	False	True	rna_virus_scored_crucivirus_like	0.6297905			
fullCP	Green	Ribo_ND_128801	0	0.6296658	1	False	1	False	1	False	/workspace/cruci-classifier/results/grid_esm35m_e50/fullCP/Green/eval/test_eval_results.csv	0	0.4995022118091583	Ribo_ND_128801	390	391	1	0	full_capsid	Ribo_ND_128801	Ribo_ND_128801|fullCP|Green|record0	0	rna_virus	Green	Green	0.6296658	1	1	False	False	frozen_esm2_35m_head	Blue,Purple,Red,Yellow	Green	moderate_crucivirus_like	True	False	True	rna_virus_scored_crucivirus_like	0.6296658			
fullCP	Green	Ribo_ND_288214	0	0.62965536	1	False	1	False	1	False	/workspace/cruci-classifier/results/grid_esm35m_e50/fullCP/Green/eval/test_eval_results.csv	0	0.4995022118091583	Ribo_ND_288214	491	492	1	0	full_capsid	Ribo_ND_288214	Ribo_ND_288214|fullCP|Green|record0	0	rna_virus	Green	Green	0.62965536	1	1	False	False	frozen_esm2_35m_head	Blue,Purple,Red,Yellow	Green	moderate_crucivirus_like	True	False	True	rna_virus_scored_crucivirus_like	0.62965536			
Rdomain	Blue	Ribo_ND_132246	0	0.62947685	1	False	1	False	1	False	/workspace/cruci-classifier/results/grid_esm35m_e50/Rdomain/Blue/eval/test_eval_results.csv	0	0.4960196018218994	Ribo_ND_132246	131	131	0	0	R_domain	Ribo_ND_132246	Ribo_ND_132246|Rdomain|Blue|record0	0	rna_virus	Blue	Blue	0.62947685	1	1	False	False	frozen_esm2_35m_head	Green,Purple,Red,Yellow	Blue	moderate_crucivirus_like	True	False	True	rna_virus_scored_crucivirus_like	0.62947685			
fullCP	Purple	Cruci_CruV-578	1	0.37062064	0	False	0	False	0	False	/workspace/cruci-classifier/results/grid_esm35m_e50/fullCP/Purple/eval/test_eval_results.csv	0	0.4988135993480682	Cruci_CruV-578	435	435	0	0	full_capsid	Cruci_CruV-578	Cruci_CruV-578|fullCP|Purple|record0	1	crucivirus	Purple	Purple	0.37062064	0	0	False	False	frozen_esm2_35m_head	Blue,Green,Red,Yellow	Purple	moderate_rna_like	True	False	True	crucivirus_scored_rna_like	0.6293793599999999			
fullCP	Red	Ribo_ND_390447	0	0.62911934	1	False	1	False	1	False	/workspace/cruci-classifier/results/grid_esm35m_e50/fullCP/Red/eval/test_eval_results.csv	0	0.4925376772880554	Ribo_ND_390447	377	378	1	0	full_capsid	Ribo_ND_390447	Ribo_ND_390447|fullCP|Red|record0	0	rna_virus	Red	Red	0.62911934	1	1	False	False	frozen_esm2_35m_head	Blue,Green,Purple,Yellow	Red	moderate_crucivirus_like	True	False	True	rna_virus_scored_crucivirus_like	0.62911934			
Pdomain	Yellow	Cruci_CruV-900	1	0.37094602	0	False	0	False	0	False	/workspace/cruci-classifier/results/grid_esm35m_e50/Pdomain/Yellow/eval/test_eval_results.csv	0	0.4989717900753021	Cruci_CruV-900	399	399	0	0	P_domain	Cruci_CruV-900	Cruci_CruV-900|Pdomain|Yellow|record0	1	crucivirus	Yellow	Yellow	0.37094602	0	0	False	False	frozen_esm2_35m_head	Blue,Green,Purple,Red	Yellow	moderate_rna_like	True	False	True	crucivirus_scored_rna_like	0.62905398			
Sdomain	Blue	Ribo_ND_117606	0	0.62891895	1	False	1	False	1	False	/workspace/cruci-classifier/results/grid_esm35m_e50/Sdomain/Blue/eval/test_eval_results.csv	0	0.3950238227844238	Ribo_ND_117606	182	182	0	0	S_domain	Ribo_ND_117606	Ribo_ND_117606|Sdomain|Blue|record0	0	rna_virus	Blue	Blue	0.62891895	1	1	False	False	frozen_esm2_35m_head	Green,Purple,Red,Yellow	Blue	moderate_crucivirus_like	True	False	True	rna_virus_scored_crucivirus_like	0.62891895			
Rdomain	Purple	Cruci_CruV-774	1	0.37115785	0	False	0	False	0	False	/workspace/cruci-classifier/results/grid_esm35m_e50/Rdomain/Purple/eval/test_eval_results.csv	0	0.5012195110321045	Cruci_CruV-774	103	103	0	0	R_domain	Cruci_CruV-774	Cruci_CruV-774|Rdomain|Purple|record0	1	crucivirus	Purple	Purple	0.37115785	0	0	False	False	frozen_esm2_35m_head	Blue,Green,Red,Yellow	Purple	moderate_rna_like	True	False	True	crucivirus_scored_rna_like	0.62884215			
Rdomain	Red	Ribo_ND_382439	0	0.6287429	1	False	1	False	1	False	/workspace/cruci-classifier/results/grid_esm35m_e50/Rdomain/Red/eval/test_eval_results.csv	0	0.512529730796814	Ribo_ND_382439	46	46	0	0	R_domain	Ribo_ND_382439	Ribo_ND_382439|Rdomain|Red|record0	0	rna_virus	Red	Red	0.6287429	1	1	False	False	frozen_esm2_35m_head	Blue,Green,Purple,Yellow	Red	moderate_crucivirus_like	True	False	True	rna_virus_scored_crucivirus_like	0.6287429			
Pdomain	Yellow	Ribo_ND_107675	0	0.6283361	1	False	1	False	1	False	/workspace/cruci-classifier/results/grid_esm35m_e50/Pdomain/Yellow/eval/test_eval_results.csv	0	0.4989717900753021	Ribo_ND_107675	216	216	0	0	P_domain	Ribo_ND_107675	Ribo_ND_107675|Pdomain|Yellow|record0	0	rna_virus	Yellow	Yellow	0.6283361	1	1	False	False	frozen_esm2_35m_head	Blue,Green,Purple,Red	Yellow	moderate_crucivirus_like	True	False	True	rna_virus_scored_crucivirus_like	0.6283361			
Pdomain	Yellow	Ribo_ND_162119	0	0.62832844	1	False	1	False	1	False	/workspace/cruci-classifier/results/grid_esm35m_e50/Pdomain/Yellow/eval/test_eval_results.csv	0	0.4989717900753021	Ribo_ND_162119	154	154	0	0	P_domain	Ribo_ND_162119	Ribo_ND_162119|Pdomain|Yellow|record0	0	rna_virus	Yellow	Yellow	0.62832844	1	1	False	False	frozen_esm2_35m_head	Blue,Green,Purple,Red	Yellow	moderate_crucivirus_like	True	False	True	rna_virus_scored_crucivirus_like	0.62832844			
fullCP	Purple	Cruci_CruV_420	1	0.37175247	0	False	0	False	0	False	/workspace/cruci-classifier/results/grid_esm35m_e50/fullCP/Purple/eval/test_eval_results.csv	0	0.4988135993480682	Cruci_CruV_420	448	449	1	0	full_capsid	Cruci_CruV_420	Cruci_CruV_420|fullCP|Purple|record0	1	crucivirus	Purple	Purple	0.37175247	0	0	False	False	frozen_esm2_35m_head	Blue,Green,Red,Yellow	Purple	moderate_rna_like	True	False	True	crucivirus_scored_rna_like	0.62824753			
Pdomain	Yellow	Ribo_ND_060734	0	0.62817514	1	False	1	False	1	False	/workspace/cruci-classifier/results/grid_esm35m_e50/Pdomain/Yellow/eval/test_eval_results.csv	0	0.4989717900753021	Ribo_ND_060734	163	163	0	0	P_domain	Ribo_ND_060734	Ribo_ND_060734|Pdomain|Yellow|record0	0	rna_virus	Yellow	Yellow	0.62817514	1	1	False	False	frozen_esm2_35m_head	Blue,Green,Purple,Red	Yellow	moderate_crucivirus_like	True	False	True	rna_virus_scored_crucivirus_like	0.62817514			
Sdomain	Purple	Ribo_JAAOEH010001845.1	0	0.62814796	1	False	1	False	1	False	/workspace/cruci-classifier/results/grid_esm35m_e50/Sdomain/Purple/eval/test_eval_results.csv	0	0.5010125041007996	Ribo_JAAOEH010001845.1	182	182	0	0	S_domain	Ribo_JAAOEH010001845.1	Ribo_JAAOEH010001845.1|Sdomain|Purple|record0	0	rna_virus	Purple	Purple	0.62814796	1	1	False	False	frozen_esm2_35m_head	Blue,Green,Red,Yellow	Purple	moderate_crucivirus_like	True	False	True	rna_virus_scored_crucivirus_like	0.62814796			
Sdomain	Purple	Ribo_ND_025152	0	0.62814796	1	False	1	False	1	False	/workspace/cruci-classifier/results/grid_esm35m_e50/Sdomain/Purple/eval/test_eval_results.csv	0	0.5010125041007996	Ribo_ND_025152	182	182	0	0	S_domain	Ribo_ND_025152	Ribo_ND_025152|Sdomain|Purple|record0	0	rna_virus	Purple	Purple	0.62814796	1	1	False	False	frozen_esm2_35m_head	Blue,Green,Red,Yellow	Purple	moderate_crucivirus_like	True	False	True	rna_virus_scored_crucivirus_like	0.62814796			
Pdomain	Red	Ribo_ND_029646	0	0.6276999	1	False	1	False	1	False	/workspace/cruci-classifier/results/grid_esm35m_e50/Pdomain/Red/eval/test_eval_results.csv	0	0.4583896696567535	Ribo_ND_029646	198	198	0	0	P_domain	Ribo_ND_029646	Ribo_ND_029646|Pdomain|Red|record0	0	rna_virus	Red	Red	0.6276999	1	1	False	False	frozen_esm2_35m_head	Blue,Green,Purple,Yellow	Red	moderate_crucivirus_like	True	False	True	rna_virus_scored_crucivirus_like	0.6276999			
Sdomain	Purple	Ribo_ND_249738	0	0.6276167	1	False	1	False	1	False	/workspace/cruci-classifier/results/grid_esm35m_e50/Sdomain/Purple/eval/test_eval_results.csv	0	0.5010125041007996	Ribo_ND_249738	187	187	0	0	S_domain	Ribo_ND_249738	Ribo_ND_249738|Sdomain|Purple|record0	0	rna_virus	Purple	Purple	0.6276167	1	1	False	False	frozen_esm2_35m_head	Blue,Green,Red,Yellow	Purple	moderate_crucivirus_like	True	False	True	rna_virus_scored_crucivirus_like	0.6276167			
Pdomain	Blue	Cruci_CruV-914	1	0.3724623	0	False	0	False	0	False	/workspace/cruci-classifier/results/grid_esm35m_e50/Pdomain/Blue/eval/test_eval_results.csv	0	0.4954362213611603	Cruci_CruV-914	79	79	0	0	P_domain	Cruci_CruV-914	Cruci_CruV-914|Pdomain|Blue|record0	1	crucivirus	Blue	Blue	0.3724623	0	0	False	False	frozen_esm2_35m_head	Green,Purple,Red,Yellow	Blue	moderate_rna_like	True	False	True	crucivirus_scored_rna_like	0.6275377			
Sdomain	Yellow	Ribo_ND_378685	0	0.6274461	1	False	1	False	1	False	/workspace/cruci-classifier/results/grid_esm35m_e50/Sdomain/Yellow/eval/test_eval_results.csv	0	0.5087921023368835	Ribo_ND_378685	182	182	0	0	S_domain	Ribo_ND_378685	Ribo_ND_378685|Sdomain|Yellow|record0	0	rna_virus	Yellow	Yellow	0.6274461	1	1	False	False	frozen_esm2_35m_head	Blue,Green,Purple,Red	Yellow	moderate_crucivirus_like	True	False	True	rna_virus_scored_crucivirus_like	0.6274461			
Sdomain	Yellow	Ribo_Ga0006777J48905_1012910	0	0.62729484	1	False	1	False	1	False	/workspace/cruci-classifier/results/grid_esm35m_e50/Sdomain/Yellow/eval/test_eval_results.csv	0	0.5087921023368835	Ribo_Ga0006777J48905_1012910	177	177	0	0	S_domain	Ribo_Ga0006777J48905_1012910	Ribo_Ga0006777J48905_1012910|Sdomain|Yellow|record0	0	rna_virus	Yellow	Yellow	0.62729484	1	1	False	False	frozen_esm2_35m_head	Blue,Green,Purple,Red	Yellow	moderate_crucivirus_like	True	False	True	rna_virus_scored_crucivirus_like	0.62729484			
Sdomain	Yellow	Ribo_ND_037080	0	0.62729484	1	False	1	False	1	False	/workspace/cruci-classifier/results/grid_esm35m_e50/Sdomain/Yellow/eval/test_eval_results.csv	0	0.5087921023368835	Ribo_ND_037080	177	177	0	0	S_domain	Ribo_ND_037080	Ribo_ND_037080|Sdomain|Yellow|record0	0	rna_virus	Yellow	Yellow	0.62729484	1	1	False	False	frozen_esm2_35m_head	Blue,Green,Purple,Red	Yellow	moderate_crucivirus_like	True	False	True	rna_virus_scored_crucivirus_like	0.62729484			
fullCP	Yellow	Ribo_Ga0058858_1169066	0	0.62724185	1	False	1	False	1	False	/workspace/cruci-classifier/results/grid_esm35m_e50/fullCP/Yellow/eval/test_eval_results.csv	0	0.4986207485198974	Ribo_Ga0058858_1169066	490	490	0	0	full_capsid	Ribo_Ga0058858_1169066	Ribo_Ga0058858_1169066|fullCP|Yellow|record0	0	rna_virus	Yellow	Yellow	0.62724185	1	1	False	False	frozen_esm2_35m_head	Blue,Green,Purple,Red	Yellow	moderate_crucivirus_like	True	False	True	rna_virus_scored_crucivirus_like	0.62724185			
Pdomain	Yellow	Cruci_CruV-873	1	0.37285757	0	False	0	False	0	False	/workspace/cruci-classifier/results/grid_esm35m_e50/Pdomain/Yellow/eval/test_eval_results.csv	0	0.4989717900753021	Cruci_CruV-873	206	206	0	0	P_domain	Cruci_CruV-873	Cruci_CruV-873|Pdomain|Yellow|record0	1	crucivirus	Yellow	Yellow	0.37285757	0	0	False	False	frozen_esm2_35m_head	Blue,Green,Purple,Red	Yellow	moderate_rna_like	True	False	True	crucivirus_scored_rna_like	0.6271424299999999			
fullCP	Blue	Ribo_ND_215238	0	0.6270575	1	False	1	False	1	False	/workspace/cruci-classifier/results/grid_esm35m_e50/fullCP/Blue/eval/test_eval_results.csv	0	0.4914703667163849	Ribo_ND_215238	436	437	1	0	full_capsid	Ribo_ND_215238	Ribo_ND_215238|fullCP|Blue|record0	0	rna_virus	Blue	Blue	0.6270575	1	1	False	False	frozen_esm2_35m_head	Green,Purple,Red,Yellow	Blue	moderate_crucivirus_like	True	False	True	rna_virus_scored_crucivirus_like	0.6270575			
Sdomain	Yellow	Ribo_ND_166807	0	0.6268235	1	False	1	False	1	False	/workspace/cruci-classifier/results/grid_esm35m_e50/Sdomain/Yellow/eval/test_eval_results.csv	0	0.5087921023368835	Ribo_ND_166807	182	182	0	0	S_domain	Ribo_ND_166807	Ribo_ND_166807|Sdomain|Yellow|record0	0	rna_virus	Yellow	Yellow	0.6268235	1	1	False	False	frozen_esm2_35m_head	Blue,Green,Purple,Red	Yellow	moderate_crucivirus_like	True	False	True	rna_virus_scored_crucivirus_like	0.6268235			
Pdomain	Blue	Ribo_ND_025058	0	0.6265906	1	False	1	False	1	False	/workspace/cruci-classifier/results/grid_esm35m_e50/Pdomain/Blue/eval/test_eval_results.csv	0	0.4954362213611603	Ribo_ND_025058	161	161	0	0	P_domain	Ribo_ND_025058	Ribo_ND_025058|Pdomain|Blue|record0	0	rna_virus	Blue	Blue	0.6265906	1	1	False	False	frozen_esm2_35m_head	Green,Purple,Red,Yellow	Blue	moderate_crucivirus_like	True	False	True	rna_virus_scored_crucivirus_like	0.6265906			
fullCP	Yellow	Ribo_ND_104666	0	0.626409	1	False	1	False	1	False	/workspace/cruci-classifier/results/grid_esm35m_e50/fullCP/Yellow/eval/test_eval_results.csv	0	0.4986207485198974	Ribo_ND_104666	442	443	1	0	full_capsid	Ribo_ND_104666	Ribo_ND_104666|fullCP|Yellow|record0	0	rna_virus	Yellow	Yellow	0.626409	1	1	False	False	frozen_esm2_35m_head	Blue,Green,Purple,Red	Yellow	moderate_crucivirus_like	True	False	True	rna_virus_scored_crucivirus_like	0.626409			
Pdomain	Green	Ribo_ND_075631	0	0.626388	1	False	1	False	1	False	/workspace/cruci-classifier/results/grid_esm35m_e50/Pdomain/Green/eval/test_eval_results.csv	0	0.5002309083938599	Ribo_ND_075631	246	246	0	0	P_domain	Ribo_ND_075631	Ribo_ND_075631|Pdomain|Green|record0	0	rna_virus	Green	Green	0.626388	1	1	False	False	frozen_esm2_35m_head	Blue,Purple,Red,Yellow	Green	moderate_crucivirus_like	True	False	True	rna_virus_scored_crucivirus_like	0.626388			
Rdomain	Green	Cruci_CruV-969	1	0.37377495	0	False	0	False	0	False	/workspace/cruci-classifier/results/grid_esm35m_e50/Rdomain/Green/eval/test_eval_results.csv	0	0.5166996717453003	Cruci_CruV-969	103	103	0	0	R_domain	Cruci_CruV-969	Cruci_CruV-969|Rdomain|Green|record0	1	crucivirus	Green	Green	0.37377495	0	0	False	False	frozen_esm2_35m_head	Blue,Purple,Red,Yellow	Green	moderate_rna_like	True	False	True	crucivirus_scored_rna_like	0.62622505			
fullCP	Purple	Cruci_CruV-799	1	0.37387022	0	False	0	False	0	False	/workspace/cruci-classifier/results/grid_esm35m_e50/fullCP/Purple/eval/test_eval_results.csv	0	0.4988135993480682	Cruci_CruV-799	499	499	0	0	full_capsid	Cruci_CruV-799	Cruci_CruV-799|fullCP|Purple|record0	1	crucivirus	Purple	Purple	0.37387022	0	0	False	False	frozen_esm2_35m_head	Blue,Green,Red,Yellow	Purple	moderate_rna_like	True	False	True	crucivirus_scored_rna_like	0.6261297800000001			
Pdomain	Green	Ribo_ND_285201	0	0.62610054	1	False	1	False	1	False	/workspace/cruci-classifier/results/grid_esm35m_e50/Pdomain/Green/eval/test_eval_results.csv	0	0.5002309083938599	Ribo_ND_285201	191	191	0	0	P_domain	Ribo_ND_285201	Ribo_ND_285201|Pdomain|Green|record0	0	rna_virus	Green	Green	0.62610054	1	1	False	False	frozen_esm2_35m_head	Blue,Purple,Red,Yellow	Green	moderate_crucivirus_like	True	False	True	rna_virus_scored_crucivirus_like	0.62610054			
Pdomain	Purple	Cruci_CruV_274	1	0.37393492	0	False	0	False	0	False	/workspace/cruci-classifier/results/grid_esm35m_e50/Pdomain/Purple/eval/test_eval_results.csv	0	0.4982953071594238	Cruci_CruV_274	226	226	0	0	P_domain	Cruci_CruV_274	Cruci_CruV_274|Pdomain|Purple|record0	1	crucivirus	Purple	Purple	0.37393492	0	0	False	False	frozen_esm2_35m_head	Blue,Green,Red,Yellow	Purple	moderate_rna_like	True	False	True	crucivirus_scored_rna_like	0.62606508			
fullCP	Blue	Ribo_ND_132919	0	0.6255668	1	False	1	False	1	False	/workspace/cruci-classifier/results/grid_esm35m_e50/fullCP/Blue/eval/test_eval_results.csv	0	0.4914703667163849	Ribo_ND_132919	474	475	1	0	full_capsid	Ribo_ND_132919	Ribo_ND_132919|fullCP|Blue|record0	0	rna_virus	Blue	Blue	0.6255668	1	1	False	False	frozen_esm2_35m_head	Green,Purple,Red,Yellow	Blue	moderate_crucivirus_like	True	False	True	rna_virus_scored_crucivirus_like	0.6255668			
Sdomain	Green	Cruci_CruV-940	1	0.37450334	0	False	0	False	0	False	/workspace/cruci-classifier/results/grid_esm35m_e50/Sdomain/Green/eval/test_eval_results.csv	0	0.5480888485908508	Cruci_CruV-940	190	190	0	0	S_domain	Cruci_CruV-940	Cruci_CruV-940|Sdomain|Green|record0	1	crucivirus	Green	Green	0.37450334	0	0	False	False	frozen_esm2_35m_head	Blue,Purple,Red,Yellow	Green	moderate_rna_like	True	False	True	crucivirus_scored_rna_like	0.62549666			
Pdomain	Blue	Cruci_CruV_113	1	0.37451732	0	False	0	False	0	False	/workspace/cruci-classifier/results/grid_esm35m_e50/Pdomain/Blue/eval/test_eval_results.csv	0	0.4954362213611603	Cruci_CruV_113	164	164	0	0	P_domain	Cruci_CruV_113	Cruci_CruV_113|Pdomain|Blue|record0	1	crucivirus	Blue	Blue	0.37451732	0	0	False	False	frozen_esm2_35m_head	Green,Purple,Red,Yellow	Blue	moderate_rna_like	True	False	True	crucivirus_scored_rna_like	0.62548268			
Sdomain	Red	Ribo_ND_129922	0	0.62515545	1	False	1	False	1	False	/workspace/cruci-classifier/results/grid_esm35m_e50/Sdomain/Red/eval/test_eval_results.csv	0	0.4007981121540069	Ribo_ND_129922	169	169	0	0	S_domain	Ribo_ND_129922	Ribo_ND_129922|Sdomain|Red|record0	0	rna_virus	Red	Red	0.62515545	1	1	False	False	frozen_esm2_35m_head	Blue,Green,Purple,Yellow	Red	moderate_crucivirus_like	True	False	True	rna_virus_scored_crucivirus_like	0.62515545			
Rdomain	Purple	Cruci_CruV-924	1	0.37502027	0	False	0	False	0	False	/workspace/cruci-classifier/results/grid_esm35m_e50/Rdomain/Purple/eval/test_eval_results.csv	0	0.5012195110321045	Cruci_CruV-924	27	27	0	0	R_domain	Cruci_CruV-924	Cruci_CruV-924|Rdomain|Purple|record0	1	crucivirus	Purple	Purple	0.37502027	0	0	False	False	frozen_esm2_35m_head	Blue,Green,Red,Yellow	Purple	moderate_rna_like	True	False	True	crucivirus_scored_rna_like	0.62497973			
Pdomain	Yellow	Ribo_ND_349259	0	0.62461567	1	False	1	False	1	False	/workspace/cruci-classifier/results/grid_esm35m_e50/Pdomain/Yellow/eval/test_eval_results.csv	0	0.4989717900753021	Ribo_ND_349259	150	150	0	0	P_domain	Ribo_ND_349259	Ribo_ND_349259|Pdomain|Yellow|record0	0	rna_virus	Yellow	Yellow	0.62461567	1	1	False	False	frozen_esm2_35m_head	Blue,Green,Purple,Red	Yellow	moderate_crucivirus_like	True	False	True	rna_virus_scored_crucivirus_like	0.62461567			
Rdomain	Yellow	Ribo_ND_096464	0	0.6244437	1	False	1	False	1	False	/workspace/cruci-classifier/results/grid_esm35m_e50/Rdomain/Yellow/eval/test_eval_results.csv	0	0.471052885055542	Ribo_ND_096464	94	94	0	0	R_domain	Ribo_ND_096464	Ribo_ND_096464|Rdomain|Yellow|record0	0	rna_virus	Yellow	Yellow	0.6244437	1	1	False	False	frozen_esm2_35m_head	Blue,Green,Purple,Red	Yellow	moderate_crucivirus_like	True	False	True	rna_virus_scored_crucivirus_like	0.6244437			
Sdomain	Purple	Cruci_CruV_210	1	0.3758896	0	False	0	False	0	False	/workspace/cruci-classifier/results/grid_esm35m_e50/Sdomain/Purple/eval/test_eval_results.csv	0	0.5010125041007996	Cruci_CruV_210	188	188	0	0	S_domain	Cruci_CruV_210	Cruci_CruV_210|Sdomain|Purple|record0	1	crucivirus	Purple	Purple	0.3758896	0	0	False	False	frozen_esm2_35m_head	Blue,Green,Red,Yellow	Purple	moderate_rna_like	True	False	True	crucivirus_scored_rna_like	0.6241104			
Sdomain	Red	Ribo_ND_017768	0	0.62382346	1	False	1	False	1	False	/workspace/cruci-classifier/results/grid_esm35m_e50/Sdomain/Red/eval/test_eval_results.csv	0	0.4007981121540069	Ribo_ND_017768	170	170	0	0	S_domain	Ribo_ND_017768	Ribo_ND_017768|Sdomain|Red|record0	0	rna_virus	Red	Red	0.62382346	1	1	False	False	frozen_esm2_35m_head	Blue,Green,Purple,Yellow	Red	moderate_crucivirus_like	True	False	True	rna_virus_scored_crucivirus_like	0.62382346			
Pdomain	Green	Ribo_ND_095265	0	0.6236456	1	False	1	False	1	False	/workspace/cruci-classifier/results/grid_esm35m_e50/Pdomain/Green/eval/test_eval_results.csv	0	0.5002309083938599	Ribo_ND_095265	142	142	0	0	P_domain	Ribo_ND_095265	Ribo_ND_095265|Pdomain|Green|record0	0	rna_virus	Green	Green	0.6236456	1	1	False	False	frozen_esm2_35m_head	Blue,Purple,Red,Yellow	Green	moderate_crucivirus_like	True	False	True	rna_virus_scored_crucivirus_like	0.6236456			
Pdomain	Yellow	Ribo_ND_025610	0	0.6236436	1	False	1	False	1	False	/workspace/cruci-classifier/results/grid_esm35m_e50/Pdomain/Yellow/eval/test_eval_results.csv	0	0.4989717900753021	Ribo_ND_025610	155	155	0	0	P_domain	Ribo_ND_025610	Ribo_ND_025610|Pdomain|Yellow|record0	0	rna_virus	Yellow	Yellow	0.6236436	1	1	False	False	frozen_esm2_35m_head	Blue,Green,Purple,Red	Yellow	moderate_crucivirus_like	True	False	True	rna_virus_scored_crucivirus_like	0.6236436			
Pdomain	Purple	Ribo_ND_024707	0	0.6233608	1	False	1	False	1	False	/workspace/cruci-classifier/results/grid_esm35m_e50/Pdomain/Purple/eval/test_eval_results.csv	0	0.4982953071594238	Ribo_ND_024707	147	147	0	0	P_domain	Ribo_ND_024707	Ribo_ND_024707|Pdomain|Purple|record0	0	rna_virus	Purple	Purple	0.6233608	1	1	False	False	frozen_esm2_35m_head	Blue,Green,Red,Yellow	Purple	moderate_crucivirus_like	True	False	True	rna_virus_scored_crucivirus_like	0.6233608			
Pdomain	Yellow	Ribo_ND_301024	0	0.62296516	1	False	1	False	1	False	/workspace/cruci-classifier/results/grid_esm35m_e50/Pdomain/Yellow/eval/test_eval_results.csv	0	0.4989717900753021	Ribo_ND_301024	146	146	0	0	P_domain	Ribo_ND_301024	Ribo_ND_301024|Pdomain|Yellow|record0	0	rna_virus	Yellow	Yellow	0.62296516	1	1	False	False	frozen_esm2_35m_head	Blue,Green,Purple,Red	Yellow	moderate_crucivirus_like	True	False	True	rna_virus_scored_crucivirus_like	0.62296516			
Sdomain	Green	Cruci_IWaV278_CircoRep	1	0.3770568	0	False	0	False	0	False	/workspace/cruci-classifier/results/grid_esm35m_e50/Sdomain/Green/eval/test_eval_results.csv	0	0.5480888485908508	Cruci_IWaV278_CircoRep	194	194	0	0	S_domain	Cruci_IWaV278_CircoRep	Cruci_IWaV278_CircoRep|Sdomain|Green|record0	1	crucivirus	Green	Green	0.3770568	0	0	False	False	frozen_esm2_35m_head	Blue,Purple,Red,Yellow	Green	moderate_rna_like	True	False	True	crucivirus_scored_rna_like	0.6229431999999999			
fullCP	Blue	Cruci_CruV-759	1	0.37741715	0	False	0	False	0	False	/workspace/cruci-classifier/results/grid_esm35m_e50/fullCP/Blue/eval/test_eval_results.csv	0	0.4914703667163849	Cruci_CruV-759	574	574	0	0	full_capsid	Cruci_CruV-759	Cruci_CruV-759|fullCP|Blue|record0	1	crucivirus	Blue	Blue	0.37741715	0	0	False	False	frozen_esm2_35m_head	Green,Purple,Red,Yellow	Blue	moderate_rna_like	True	False	True	crucivirus_scored_rna_like	0.62258285			
Sdomain	Red	Ribo_ND_184896	0	0.6225644	1	False	1	False	1	False	/workspace/cruci-classifier/results/grid_esm35m_e50/Sdomain/Red/eval/test_eval_results.csv	0	0.4007981121540069	Ribo_ND_184896	179	179	0	0	S_domain	Ribo_ND_184896	Ribo_ND_184896|Sdomain|Red|record0	0	rna_virus	Red	Red	0.6225644	1	1	False	False	frozen_esm2_35m_head	Blue,Green,Purple,Yellow	Red	moderate_crucivirus_like	True	False	True	rna_virus_scored_crucivirus_like	0.6225644			
fullCP	Red	Ribo_ND_128914	0	0.62253636	1	False	1	False	1	False	/workspace/cruci-classifier/results/grid_esm35m_e50/fullCP/Red/eval/test_eval_results.csv	0	0.4925376772880554	Ribo_ND_128914	481	482	1	0	full_capsid	Ribo_ND_128914	Ribo_ND_128914|fullCP|Red|record0	0	rna_virus	Red	Red	0.62253636	1	1	False	False	frozen_esm2_35m_head	Blue,Green,Purple,Yellow	Red	moderate_crucivirus_like	True	False	True	rna_virus_scored_crucivirus_like	0.62253636			
Sdomain	Green	Cruci_CruV-955	1	0.37748882	0	False	0	False	0	False	/workspace/cruci-classifier/results/grid_esm35m_e50/Sdomain/Green/eval/test_eval_results.csv	0	0.5480888485908508	Cruci_CruV-955	218	218	0	0	S_domain	Cruci_CruV-955	Cruci_CruV-955|Sdomain|Green|record0	1	crucivirus	Green	Green	0.37748882	0	0	False	False	frozen_esm2_35m_head	Blue,Purple,Red,Yellow	Green	moderate_rna_like	True	False	True	crucivirus_scored_rna_like	0.62251118			
fullCP	Yellow	Ribo_JAAOEH010002449.1	0	0.6223207	1	False	1	False	1	False	/workspace/cruci-classifier/results/grid_esm35m_e50/fullCP/Yellow/eval/test_eval_results.csv	0	0.4986207485198974	Ribo_JAAOEH010002449.1	576	577	1	0	full_capsid	Ribo_JAAOEH010002449.1	Ribo_JAAOEH010002449.1|fullCP|Yellow|record0	0	rna_virus	Yellow	Yellow	0.6223207	1	1	False	False	frozen_esm2_35m_head	Blue,Green,Purple,Red	Yellow	moderate_crucivirus_like	True	False	True	rna_virus_scored_crucivirus_like	0.6223207			
fullCP	Yellow	Ribo_ND_152451	0	0.6222391	1	False	1	False	1	False	/workspace/cruci-classifier/results/grid_esm35m_e50/fullCP/Yellow/eval/test_eval_results.csv	0	0.4986207485198974	Ribo_ND_152451	607	608	1	0	full_capsid	Ribo_ND_152451	Ribo_ND_152451|fullCP|Yellow|record0	0	rna_virus	Yellow	Yellow	0.6222391	1	1	False	False	frozen_esm2_35m_head	Blue,Green,Purple,Red	Yellow	moderate_crucivirus_like	True	False	True	rna_virus_scored_crucivirus_like	0.6222391			
Sdomain	Yellow	Ribo_ND_365502	0	0.6221791	1	False	1	False	1	False	/workspace/cruci-classifier/results/grid_esm35m_e50/Sdomain/Yellow/eval/test_eval_results.csv	0	0.5087921023368835	Ribo_ND_365502	177	177	0	0	S_domain	Ribo_ND_365502	Ribo_ND_365502|Sdomain|Yellow|record0	0	rna_virus	Yellow	Yellow	0.6221791	1	1	False	False	frozen_esm2_35m_head	Blue,Green,Purple,Red	Yellow	moderate_crucivirus_like	True	False	True	rna_virus_scored_crucivirus_like	0.6221791			
Pdomain	Yellow	Ribo_ND_270988	0	0.62215877	1	False	1	False	1	False	/workspace/cruci-classifier/results/grid_esm35m_e50/Pdomain/Yellow/eval/test_eval_results.csv	0	0.4989717900753021	Ribo_ND_270988	142	142	0	0	P_domain	Ribo_ND_270988	Ribo_ND_270988|Pdomain|Yellow|record0	0	rna_virus	Yellow	Yellow	0.62215877	1	1	False	False	frozen_esm2_35m_head	Blue,Green,Purple,Red	Yellow	moderate_crucivirus_like	True	False	True	rna_virus_scored_crucivirus_like	0.62215877			
Rdomain	Yellow	Ribo_JAAOEH010003334.1	0	0.62199974	1	False	1	False	1	False	/workspace/cruci-classifier/results/grid_esm35m_e50/Rdomain/Yellow/eval/test_eval_results.csv	0	0.471052885055542	Ribo_JAAOEH010003334.1	93	93	0	0	R_domain	Ribo_JAAOEH010003334.1	Ribo_JAAOEH010003334.1|Rdomain|Yellow|record0	0	rna_virus	Yellow	Yellow	0.62199974	1	1	False	False	frozen_esm2_35m_head	Blue,Green,Purple,Red	Yellow	moderate_crucivirus_like	True	False	True	rna_virus_scored_crucivirus_like	0.62199974			
fullCP	Green	Cruci_CruV-925	1	0.37808806	0	False	0	False	0	False	/workspace/cruci-classifier/results/grid_esm35m_e50/fullCP/Green/eval/test_eval_results.csv	0	0.4995022118091583	Cruci_CruV-925	384	384	0	0	full_capsid	Cruci_CruV-925	Cruci_CruV-925|fullCP|Green|record0	1	crucivirus	Green	Green	0.37808806	0	0	False	False	frozen_esm2_35m_head	Blue,Purple,Red,Yellow	Green	moderate_rna_like	True	False	True	crucivirus_scored_rna_like	0.6219119399999999			
Pdomain	Yellow	Ribo_ND_113307	0	0.6218799	1	False	1	False	1	False	/workspace/cruci-classifier/results/grid_esm35m_e50/Pdomain/Yellow/eval/test_eval_results.csv	0	0.4989717900753021	Ribo_ND_113307	161	161	0	0	P_domain	Ribo_ND_113307	Ribo_ND_113307|Pdomain|Yellow|record0	0	rna_virus	Yellow	Yellow	0.6218799	1	1	False	False	frozen_esm2_35m_head	Blue,Green,Purple,Red	Yellow	moderate_crucivirus_like	True	False	True	rna_virus_scored_crucivirus_like	0.6218799			
Sdomain	Yellow	Ribo_ND_026010	0	0.6218608	1	False	1	False	1	False	/workspace/cruci-classifier/results/grid_esm35m_e50/Sdomain/Yellow/eval/test_eval_results.csv	0	0.5087921023368835	Ribo_ND_026010	177	177	0	0	S_domain	Ribo_ND_026010	Ribo_ND_026010|Sdomain|Yellow|record0	0	rna_virus	Yellow	Yellow	0.6218608	1	1	False	False	frozen_esm2_35m_head	Blue,Green,Purple,Red	Yellow	moderate_crucivirus_like	True	False	True	rna_virus_scored_crucivirus_like	0.6218608			
Sdomain	Red	Cruci_CruV-861	1	0.37829083	0	False	0	False	0	False	/workspace/cruci-classifier/results/grid_esm35m_e50/Sdomain/Red/eval/test_eval_results.csv	0	0.4007981121540069	Cruci_CruV-861	176	176	0	0	S_domain	Cruci_CruV-861	Cruci_CruV-861|Sdomain|Red|record0	1	crucivirus	Red	Red	0.37829083	0	0	False	False	frozen_esm2_35m_head	Blue,Green,Purple,Yellow	Red	moderate_rna_like	True	False	True	crucivirus_scored_rna_like	0.6217091699999999			
Pdomain	Yellow	Ribo_ND_356789	0	0.6216834	1	False	1	False	1	False	/workspace/cruci-classifier/results/grid_esm35m_e50/Pdomain/Yellow/eval/test_eval_results.csv	0	0.4989717900753021	Ribo_ND_356789	141	141	0	0	P_domain	Ribo_ND_356789	Ribo_ND_356789|Pdomain|Yellow|record0	0	rna_virus	Yellow	Yellow	0.6216834	1	1	False	False	frozen_esm2_35m_head	Blue,Green,Purple,Red	Yellow	moderate_crucivirus_like	True	False	True	rna_virus_scored_crucivirus_like	0.6216834			
Sdomain	Red	Ribo_ND_065538	0	0.6216494	1	False	1	False	1	False	/workspace/cruci-classifier/results/grid_esm35m_e50/Sdomain/Red/eval/test_eval_results.csv	0	0.4007981121540069	Ribo_ND_065538	174	174	0	0	S_domain	Ribo_ND_065538	Ribo_ND_065538|Sdomain|Red|record0	0	rna_virus	Red	Red	0.6216494	1	1	False	False	frozen_esm2_35m_head	Blue,Green,Purple,Yellow	Red	moderate_crucivirus_like	True	False	True	rna_virus_scored_crucivirus_like	0.6216494			
Rdomain	Yellow	Ribo_JAAOEH010003560.1	0	0.6215982	1	False	1	False	1	False	/workspace/cruci-classifier/results/grid_esm35m_e50/Rdomain/Yellow/eval/test_eval_results.csv	0	0.471052885055542	Ribo_JAAOEH010003560.1	97	97	0	0	R_domain	Ribo_JAAOEH010003560.1	Ribo_JAAOEH010003560.1|Rdomain|Yellow|record0	0	rna_virus	Yellow	Yellow	0.6215982	1	1	False	False	frozen_esm2_35m_head	Blue,Green,Purple,Red	Yellow	moderate_crucivirus_like	True	False	True	rna_virus_scored_crucivirus_like	0.6215982			
Pdomain	Purple	Cruci_CruV_365	1	0.37840477	0	False	0	False	0	False	/workspace/cruci-classifier/results/grid_esm35m_e50/Pdomain/Purple/eval/test_eval_results.csv	0	0.4982953071594238	Cruci_CruV_365	154	154	0	0	P_domain	Cruci_CruV_365	Cruci_CruV_365|Pdomain|Purple|record0	1	crucivirus	Purple	Purple	0.37840477	0	0	False	False	frozen_esm2_35m_head	Blue,Green,Red,Yellow	Purple	moderate_rna_like	True	False	True	crucivirus_scored_rna_like	0.62159523			
fullCP	Blue	Cruci_CruV_403	1	0.37854552	0	False	0	False	0	False	/workspace/cruci-classifier/results/grid_esm35m_e50/fullCP/Blue/eval/test_eval_results.csv	0	0.4914703667163849	Cruci_CruV_403	523	524	1	0	full_capsid	Cruci_CruV_403	Cruci_CruV_403|fullCP|Blue|record0	1	crucivirus	Blue	Blue	0.37854552	0	0	False	False	frozen_esm2_35m_head	Green,Purple,Red,Yellow	Blue	moderate_rna_like	True	False	True	crucivirus_scored_rna_like	0.6214544799999999			
fullCP	Red	Ribo_ND_387053	0	0.62132907	1	False	1	False	1	False	/workspace/cruci-classifier/results/grid_esm35m_e50/fullCP/Red/eval/test_eval_results.csv	0	0.4925376772880554	Ribo_ND_387053	401	402	1	0	full_capsid	Ribo_ND_387053	Ribo_ND_387053|fullCP|Red|record0	0	rna_virus	Red	Red	0.62132907	1	1	False	False	frozen_esm2_35m_head	Blue,Green,Purple,Yellow	Red	moderate_crucivirus_like	True	False	True	rna_virus_scored_crucivirus_like	0.62132907			
Sdomain	Yellow	Ribo_ND_028931	0	0.6213177	1	False	1	False	1	False	/workspace/cruci-classifier/results/grid_esm35m_e50/Sdomain/Yellow/eval/test_eval_results.csv	0	0.5087921023368835	Ribo_ND_028931	182	182	0	0	S_domain	Ribo_ND_028931	Ribo_ND_028931|Sdomain|Yellow|record0	0	rna_virus	Yellow	Yellow	0.6213177	1	1	False	False	frozen_esm2_35m_head	Blue,Green,Purple,Red	Yellow	moderate_crucivirus_like	True	False	True	rna_virus_scored_crucivirus_like	0.6213177			
Rdomain	Green	Cruci_Oys_GWHBFST00001923_circ	1	0.37872326	0	False	0	False	0	False	/workspace/cruci-classifier/results/grid_esm35m_e50/Rdomain/Green/eval/test_eval_results.csv	0	0.5166996717453003	Cruci_Oys_GWHBFST00001923_circ	202	202	0	0	R_domain	Cruci_Oys_GWHBFST00001923_circ	Cruci_Oys_GWHBFST00001923_circ|Rdomain|Green|record0	1	crucivirus	Green	Green	0.37872326	0	0	False	False	frozen_esm2_35m_head	Blue,Purple,Red,Yellow	Green	moderate_rna_like	True	False	True	crucivirus_scored_rna_like	0.62127674			
Rdomain	Purple	Cruci_CruV_461	1	0.37876347	0	False	0	False	0	False	/workspace/cruci-classifier/results/grid_esm35m_e50/Rdomain/Purple/eval/test_eval_results.csv	0	0.5012195110321045	Cruci_CruV_461	95	95	0	0	R_domain	Cruci_CruV_461	Cruci_CruV_461|Rdomain|Purple|record0	1	crucivirus	Purple	Purple	0.37876347	0	0	False	False	frozen_esm2_35m_head	Blue,Green,Red,Yellow	Purple	moderate_rna_like	True	False	True	crucivirus_scored_rna_like	0.62123653			
Sdomain	Purple	Cruci_CruV-578	1	0.37892807	0	False	0	False	0	False	/workspace/cruci-classifier/results/grid_esm35m_e50/Sdomain/Purple/eval/test_eval_results.csv	0	0.5010125041007996	Cruci_CruV-578	185	185	0	0	S_domain	Cruci_CruV-578	Cruci_CruV-578|Sdomain|Purple|record0	1	crucivirus	Purple	Purple	0.37892807	0	0	False	False	frozen_esm2_35m_head	Blue,Green,Red,Yellow	Purple	moderate_rna_like	True	False	True	crucivirus_scored_rna_like	0.62107193			
Pdomain	Blue	Cruci_CruV-797	1	0.3790734	0	False	0	False	0	False	/workspace/cruci-classifier/results/grid_esm35m_e50/Pdomain/Blue/eval/test_eval_results.csv	0	0.4954362213611603	Cruci_CruV-797	161	161	0	0	P_domain	Cruci_CruV-797	Cruci_CruV-797|Pdomain|Blue|record0	1	crucivirus	Blue	Blue	0.3790734	0	0	False	False	frozen_esm2_35m_head	Green,Purple,Red,Yellow	Blue	moderate_rna_like	True	False	True	crucivirus_scored_rna_like	0.6209266			
Sdomain	Yellow	Ribo_ND_249709	0	0.6208414	1	False	1	False	1	False	/workspace/cruci-classifier/results/grid_esm35m_e50/Sdomain/Yellow/eval/test_eval_results.csv	0	0.5087921023368835	Ribo_ND_249709	182	182	0	0	S_domain	Ribo_ND_249709	Ribo_ND_249709|Sdomain|Yellow|record0	0	rna_virus	Yellow	Yellow	0.6208414	1	1	False	False	frozen_esm2_35m_head	Blue,Green,Purple,Red	Yellow	moderate_crucivirus_like	True	False	True	rna_virus_scored_crucivirus_like	0.6208414			
Pdomain	Purple	Ribo_ND_221222	0	0.62058264	1	False	1	False	1	False	/workspace/cruci-classifier/results/grid_esm35m_e50/Pdomain/Purple/eval/test_eval_results.csv	0	0.4982953071594238	Ribo_ND_221222	157	157	0	0	P_domain	Ribo_ND_221222	Ribo_ND_221222|Pdomain|Purple|record0	0	rna_virus	Purple	Purple	0.62058264	1	1	False	False	frozen_esm2_35m_head	Blue,Green,Red,Yellow	Purple	moderate_crucivirus_like	True	False	True	rna_virus_scored_crucivirus_like	0.62058264			
Sdomain	Yellow	Ribo_ND_044597	0	0.6203183	1	False	1	False	1	False	/workspace/cruci-classifier/results/grid_esm35m_e50/Sdomain/Yellow/eval/test_eval_results.csv	0	0.5087921023368835	Ribo_ND_044597	189	189	0	0	S_domain	Ribo_ND_044597	Ribo_ND_044597|Sdomain|Yellow|record0	0	rna_virus	Yellow	Yellow	0.6203183	1	1	False	False	frozen_esm2_35m_head	Blue,Green,Purple,Red	Yellow	moderate_crucivirus_like	True	False	True	rna_virus_scored_crucivirus_like	0.6203183			
Sdomain	Yellow	Ribo_ND_100007	0	0.6203154	1	False	1	False	1	False	/workspace/cruci-classifier/results/grid_esm35m_e50/Sdomain/Yellow/eval/test_eval_results.csv	0	0.5087921023368835	Ribo_ND_100007	185	185	0	0	S_domain	Ribo_ND_100007	Ribo_ND_100007|Sdomain|Yellow|record0	0	rna_virus	Yellow	Yellow	0.6203154	1	1	False	False	frozen_esm2_35m_head	Blue,Green,Purple,Red	Yellow	moderate_crucivirus_like	True	False	True	rna_virus_scored_crucivirus_like	0.6203154			
Sdomain	Yellow	Ribo_ND_025352	0	0.62021697	1	False	1	False	1	False	/workspace/cruci-classifier/results/grid_esm35m_e50/Sdomain/Yellow/eval/test_eval_results.csv	0	0.5087921023368835	Ribo_ND_025352	181	181	0	0	S_domain	Ribo_ND_025352	Ribo_ND_025352|Sdomain|Yellow|record0	0	rna_virus	Yellow	Yellow	0.62021697	1	1	False	False	frozen_esm2_35m_head	Blue,Green,Purple,Red	Yellow	moderate_crucivirus_like	True	False	True	rna_virus_scored_crucivirus_like	0.62021697			
Sdomain	Yellow	Cruci_CruV-822	1	0.38025743	0	False	0	False	0	False	/workspace/cruci-classifier/results/grid_esm35m_e50/Sdomain/Yellow/eval/test_eval_results.csv	0	0.5087921023368835	Cruci_CruV-822	182	182	0	0	S_domain	Cruci_CruV-822	Cruci_CruV-822|Sdomain|Yellow|record0	1	crucivirus	Yellow	Yellow	0.38025743	0	0	False	False	frozen_esm2_35m_head	Blue,Green,Purple,Red	Yellow	moderate_rna_like	True	False	True	crucivirus_scored_rna_like	0.61974257			
Sdomain	Yellow	Ribo_ND_109190	0	0.61971354	1	False	1	False	1	False	/workspace/cruci-classifier/results/grid_esm35m_e50/Sdomain/Yellow/eval/test_eval_results.csv	0	0.5087921023368835	Ribo_ND_109190	182	182	0	0	S_domain	Ribo_ND_109190	Ribo_ND_109190|Sdomain|Yellow|record0	0	rna_virus	Yellow	Yellow	0.61971354	1	1	False	False	frozen_esm2_35m_head	Blue,Green,Purple,Red	Yellow	moderate_crucivirus_like	True	False	True	rna_virus_scored_crucivirus_like	0.61971354			
fullCP	Purple	Ribo_ND_045743	0	0.6195686	1	False	1	False	1	False	/workspace/cruci-classifier/results/grid_esm35m_e50/fullCP/Purple/eval/test_eval_results.csv	0	0.4988135993480682	Ribo_ND_045743	473	474	1	0	full_capsid	Ribo_ND_045743	Ribo_ND_045743|fullCP|Purple|record0	0	rna_virus	Purple	Purple	0.6195686	1	1	False	False	frozen_esm2_35m_head	Blue,Green,Red,Yellow	Purple	moderate_crucivirus_like	True	False	True	rna_virus_scored_crucivirus_like	0.6195686			
Sdomain	Green	Cruci_CruV_381	1	0.38044342	0	False	0	False	0	False	/workspace/cruci-classifier/results/grid_esm35m_e50/Sdomain/Green/eval/test_eval_results.csv	0	0.5480888485908508	Cruci_CruV_381	183	183	0	0	S_domain	Cruci_CruV_381	Cruci_CruV_381|Sdomain|Green|record0	1	crucivirus	Green	Green	0.38044342	0	0	False	False	frozen_esm2_35m_head	Blue,Purple,Red,Yellow	Green	moderate_rna_like	True	False	True	crucivirus_scored_rna_like	0.61955658			
Sdomain	Yellow	Ribo_JAAOEH010004908.1	0	0.61937344	1	False	1	False	1	False	/workspace/cruci-classifier/results/grid_esm35m_e50/Sdomain/Yellow/eval/test_eval_results.csv	0	0.5087921023368835	Ribo_JAAOEH010004908.1	182	182	0	0	S_domain	Ribo_JAAOEH010004908.1	Ribo_JAAOEH010004908.1|Sdomain|Yellow|record0	0	rna_virus	Yellow	Yellow	0.61937344	1	1	False	False	frozen_esm2_35m_head	Blue,Green,Purple,Red	Yellow	moderate_crucivirus_like	True	False	True	rna_virus_scored_crucivirus_like	0.61937344			
Pdomain	Purple	Cruci_CruV-770	1	0.38076383	0	False	0	False	0	False	/workspace/cruci-classifier/results/grid_esm35m_e50/Pdomain/Purple/eval/test_eval_results.csv	0	0.4982953071594238	Cruci_CruV-770	288	288	0	0	P_domain	Cruci_CruV-770	Cruci_CruV-770|Pdomain|Purple|record0	1	crucivirus	Purple	Purple	0.38076383	0	0	False	False	frozen_esm2_35m_head	Blue,Green,Red,Yellow	Purple	moderate_rna_like	True	False	True	crucivirus_scored_rna_like	0.61923617			
Pdomain	Red	Ribo_ND_188635	0	0.6189542	1	False	1	False	1	False	/workspace/cruci-classifier/results/grid_esm35m_e50/Pdomain/Red/eval/test_eval_results.csv	0	0.4583896696567535	Ribo_ND_188635	142	142	0	0	P_domain	Ribo_ND_188635	Ribo_ND_188635|Pdomain|Red|record0	0	rna_virus	Red	Red	0.6189542	1	1	False	False	frozen_esm2_35m_head	Blue,Green,Purple,Yellow	Red	moderate_crucivirus_like	True	False	True	rna_virus_scored_crucivirus_like	0.6189542			
Sdomain	Green	Cruci_CruV_392	1	0.38106135	0	False	0	False	0	False	/workspace/cruci-classifier/results/grid_esm35m_e50/Sdomain/Green/eval/test_eval_results.csv	0	0.5480888485908508	Cruci_CruV_392	189	189	0	0	S_domain	Cruci_CruV_392	Cruci_CruV_392|Sdomain|Green|record0	1	crucivirus	Green	Green	0.38106135	0	0	False	False	frozen_esm2_35m_head	Blue,Purple,Red,Yellow	Green	moderate_rna_like	True	False	True	crucivirus_scored_rna_like	0.61893865			
Pdomain	Yellow	Ribo_ND_181386	0	0.6189013	1	False	1	False	1	False	/workspace/cruci-classifier/results/grid_esm35m_e50/Pdomain/Yellow/eval/test_eval_results.csv	0	0.4989717900753021	Ribo_ND_181386	326	326	0	0	P_domain	Ribo_ND_181386	Ribo_ND_181386|Pdomain|Yellow|record0	0	rna_virus	Yellow	Yellow	0.6189013	1	1	False	False	frozen_esm2_35m_head	Blue,Green,Purple,Red	Yellow	moderate_crucivirus_like	True	False	True	rna_virus_scored_crucivirus_like	0.6189013			
Pdomain	Red	Ribo_ND_093435	0	0.6188424	1	False	1	False	1	False	/workspace/cruci-classifier/results/grid_esm35m_e50/Pdomain/Red/eval/test_eval_results.csv	0	0.4583896696567535	Ribo_ND_093435	233	233	0	0	P_domain	Ribo_ND_093435	Ribo_ND_093435|Pdomain|Red|record0	0	rna_virus	Red	Red	0.6188424	1	1	False	False	frozen_esm2_35m_head	Blue,Green,Purple,Yellow	Red	moderate_crucivirus_like	True	False	True	rna_virus_scored_crucivirus_like	0.6188424			
Pdomain	Red	Ribo_ND_109125	0	0.61864996	1	False	1	False	1	False	/workspace/cruci-classifier/results/grid_esm35m_e50/Pdomain/Red/eval/test_eval_results.csv	0	0.4583896696567535	Ribo_ND_109125	152	152	0	0	P_domain	Ribo_ND_109125	Ribo_ND_109125|Pdomain|Red|record0	0	rna_virus	Red	Red	0.61864996	1	1	False	False	frozen_esm2_35m_head	Blue,Green,Purple,Yellow	Red	moderate_crucivirus_like	True	False	True	rna_virus_scored_crucivirus_like	0.61864996			
Pdomain	Purple	Cruci_CruV-896	1	0.3814508	0	False	0	False	0	False	/workspace/cruci-classifier/results/grid_esm35m_e50/Pdomain/Purple/eval/test_eval_results.csv	0	0.4982953071594238	Cruci_CruV-896	160	160	0	0	P_domain	Cruci_CruV-896	Cruci_CruV-896|Pdomain|Purple|record0	1	crucivirus	Purple	Purple	0.3814508	0	0	False	False	frozen_esm2_35m_head	Blue,Green,Red,Yellow	Purple	moderate_rna_like	True	False	True	crucivirus_scored_rna_like	0.6185492			
Pdomain	Blue	Cruci_CruV_327	1	0.38147682	0	False	0	False	0	False	/workspace/cruci-classifier/results/grid_esm35m_e50/Pdomain/Blue/eval/test_eval_results.csv	0	0.4954362213611603	Cruci_CruV_327	236	236	0	0	P_domain	Cruci_CruV_327	Cruci_CruV_327|Pdomain|Blue|record0	1	crucivirus	Blue	Blue	0.38147682	0	0	False	False	frozen_esm2_35m_head	Green,Purple,Red,Yellow	Blue	moderate_rna_like	True	False	True	crucivirus_scored_rna_like	0.61852318			
Sdomain	Blue	Cruci_CruV-908	1	0.3815089	0	False	0	False	0	False	/workspace/cruci-classifier/results/grid_esm35m_e50/Sdomain/Blue/eval/test_eval_results.csv	0	0.3950238227844238	Cruci_CruV-908	192	192	0	0	S_domain	Cruci_CruV-908	Cruci_CruV-908|Sdomain|Blue|record0	1	crucivirus	Blue	Blue	0.3815089	0	0	False	False	frozen_esm2_35m_head	Green,Purple,Red,Yellow	Blue	moderate_rna_like	True	False	True	crucivirus_scored_rna_like	0.6184911			
Sdomain	Green	Cruci_CruV_496	1	0.38173485	0	False	0	False	0	False	/workspace/cruci-classifier/results/grid_esm35m_e50/Sdomain/Green/eval/test_eval_results.csv	0	0.5480888485908508	Cruci_CruV_496	207	207	0	0	S_domain	Cruci_CruV_496	Cruci_CruV_496|Sdomain|Green|record0	1	crucivirus	Green	Green	0.38173485	0	0	False	False	frozen_esm2_35m_head	Blue,Purple,Red,Yellow	Green	moderate_rna_like	True	False	True	crucivirus_scored_rna_like	0.61826515			
Rdomain	Green	Cruci_CruV-842	1	0.38177732	0	False	0	False	0	False	/workspace/cruci-classifier/results/grid_esm35m_e50/Rdomain/Green/eval/test_eval_results.csv	0	0.5166996717453003	Cruci_CruV-842	234	234	0	0	R_domain	Cruci_CruV-842	Cruci_CruV-842|Rdomain|Green|record0	1	crucivirus	Green	Green	0.38177732	0	0	False	False	frozen_esm2_35m_head	Blue,Purple,Red,Yellow	Green	moderate_rna_like	True	False	True	crucivirus_scored_rna_like	0.61822268			
Pdomain	Yellow	Ribo_ND_046929	0	0.61793184	1	False	1	False	1	False	/workspace/cruci-classifier/results/grid_esm35m_e50/Pdomain/Yellow/eval/test_eval_results.csv	0	0.4989717900753021	Ribo_ND_046929	147	147	0	0	P_domain	Ribo_ND_046929	Ribo_ND_046929|Pdomain|Yellow|record0	0	rna_virus	Yellow	Yellow	0.61793184	1	1	False	False	frozen_esm2_35m_head	Blue,Green,Purple,Red	Yellow	moderate_crucivirus_like	True	False	True	rna_virus_scored_crucivirus_like	0.61793184			
Pdomain	Purple	Cruci_CruV-767	1	0.382109	0	False	0	False	0	False	/workspace/cruci-classifier/results/grid_esm35m_e50/Pdomain/Purple/eval/test_eval_results.csv	0	0.4982953071594238	Cruci_CruV-767	225	225	0	0	P_domain	Cruci_CruV-767	Cruci_CruV-767|Pdomain|Purple|record0	1	crucivirus	Purple	Purple	0.382109	0	0	False	False	frozen_esm2_35m_head	Blue,Green,Red,Yellow	Purple	moderate_rna_like	True	False	True	crucivirus_scored_rna_like	0.617891			
Sdomain	Yellow	Ribo_ND_176763	0	0.6175456	1	False	1	False	1	False	/workspace/cruci-classifier/results/grid_esm35m_e50/Sdomain/Yellow/eval/test_eval_results.csv	0	0.5087921023368835	Ribo_ND_176763	189	189	0	0	S_domain	Ribo_ND_176763	Ribo_ND_176763|Sdomain|Yellow|record0	0	rna_virus	Yellow	Yellow	0.6175456	1	1	False	False	frozen_esm2_35m_head	Blue,Green,Purple,Red	Yellow	moderate_crucivirus_like	True	False	True	rna_virus_scored_crucivirus_like	0.6175456			
Sdomain	Yellow	Ribo_ND_181386	0	0.6175456	1	False	1	False	1	False	/workspace/cruci-classifier/results/grid_esm35m_e50/Sdomain/Yellow/eval/test_eval_results.csv	0	0.5087921023368835	Ribo_ND_181386	189	189	0	0	S_domain	Ribo_ND_181386	Ribo_ND_181386|Sdomain|Yellow|record0	0	rna_virus	Yellow	Yellow	0.6175456	1	1	False	False	frozen_esm2_35m_head	Blue,Green,Purple,Red	Yellow	moderate_crucivirus_like	True	False	True	rna_virus_scored_crucivirus_like	0.6175456			
Pdomain	Yellow	Ribo_ND_321947	0	0.61752594	1	False	1	False	1	False	/workspace/cruci-classifier/results/grid_esm35m_e50/Pdomain/Yellow/eval/test_eval_results.csv	0	0.4989717900753021	Ribo_ND_321947	171	171	0	0	P_domain	Ribo_ND_321947	Ribo_ND_321947|Pdomain|Yellow|record0	0	rna_virus	Yellow	Yellow	0.61752594	1	1	False	False	frozen_esm2_35m_head	Blue,Green,Purple,Red	Yellow	moderate_crucivirus_like	True	False	True	rna_virus_scored_crucivirus_like	0.61752594			
Sdomain	Blue	Ribo_ND_132598	0	0.6175174	1	False	1	False	1	False	/workspace/cruci-classifier/results/grid_esm35m_e50/Sdomain/Blue/eval/test_eval_results.csv	0	0.3950238227844238	Ribo_ND_132598	176	176	0	0	S_domain	Ribo_ND_132598	Ribo_ND_132598|Sdomain|Blue|record0	0	rna_virus	Blue	Blue	0.6175174	1	1	False	False	frozen_esm2_35m_head	Green,Purple,Red,Yellow	Blue	moderate_crucivirus_like	True	False	True	rna_virus_scored_crucivirus_like	0.6175174			
Sdomain	Red	Ribo_ND_338439	0	0.6172051	1	False	1	False	1	False	/workspace/cruci-classifier/results/grid_esm35m_e50/Sdomain/Red/eval/test_eval_results.csv	0	0.4007981121540069	Ribo_ND_338439	169	169	0	0	S_domain	Ribo_ND_338439	Ribo_ND_338439|Sdomain|Red|record0	0	rna_virus	Red	Red	0.6172051	1	1	False	False	frozen_esm2_35m_head	Blue,Green,Purple,Yellow	Red	moderate_crucivirus_like	True	False	True	rna_virus_scored_crucivirus_like	0.6172051			
Sdomain	Yellow	Ribo_ND_293220	0	0.6169493	1	False	1	False	1	False	/workspace/cruci-classifier/results/grid_esm35m_e50/Sdomain/Yellow/eval/test_eval_results.csv	0	0.5087921023368835	Ribo_ND_293220	182	182	0	0	S_domain	Ribo_ND_293220	Ribo_ND_293220|Sdomain|Yellow|record0	0	rna_virus	Yellow	Yellow	0.6169493	1	1	False	False	frozen_esm2_35m_head	Blue,Green,Purple,Red	Yellow	moderate_crucivirus_like	True	False	True	rna_virus_scored_crucivirus_like	0.6169493			
Sdomain	Purple	Cruci_CruV_378	1	0.38327318	0	False	0	False	0	False	/workspace/cruci-classifier/results/grid_esm35m_e50/Sdomain/Purple/eval/test_eval_results.csv	0	0.5010125041007996	Cruci_CruV_378	184	184	0	0	S_domain	Cruci_CruV_378	Cruci_CruV_378|Sdomain|Purple|record0	1	crucivirus	Purple	Purple	0.38327318	0	0	False	False	frozen_esm2_35m_head	Blue,Green,Red,Yellow	Purple	moderate_rna_like	True	False	True	crucivirus_scored_rna_like	0.61672682			
Pdomain	Purple	Cruci_CruV-566	1	0.38362414	0	False	0	False	0	False	/workspace/cruci-classifier/results/grid_esm35m_e50/Pdomain/Purple/eval/test_eval_results.csv	0	0.4982953071594238	Cruci_CruV-566	153	153	0	0	P_domain	Cruci_CruV-566	Cruci_CruV-566|Pdomain|Purple|record0	1	crucivirus	Purple	Purple	0.38362414	0	0	False	False	frozen_esm2_35m_head	Blue,Green,Red,Yellow	Purple	moderate_rna_like	True	False	True	crucivirus_scored_rna_like	0.61637586			
Sdomain	Blue	Ribo_ND_276858	0	0.6163223	1	False	1	False	1	False	/workspace/cruci-classifier/results/grid_esm35m_e50/Sdomain/Blue/eval/test_eval_results.csv	0	0.3950238227844238	Ribo_ND_276858	183	183	0	0	S_domain	Ribo_ND_276858	Ribo_ND_276858|Sdomain|Blue|record0	0	rna_virus	Blue	Blue	0.6163223	1	1	False	False	frozen_esm2_35m_head	Green,Purple,Red,Yellow	Blue	moderate_crucivirus_like	True	False	True	rna_virus_scored_crucivirus_like	0.6163223			
Pdomain	Purple	Cruci_Mire_OM154314	1	0.3838856	0	False	0	False	0	False	/workspace/cruci-classifier/results/grid_esm35m_e50/Pdomain/Purple/eval/test_eval_results.csv	0	0.4982953071594238	Cruci_Mire_OM154314	152	152	0	0	P_domain	Cruci_Mire_OM154314	Cruci_Mire_OM154314|Pdomain|Purple|record0	1	crucivirus	Purple	Purple	0.3838856	0	0	False	False	frozen_esm2_35m_head	Blue,Green,Red,Yellow	Purple	moderate_rna_like	True	False	True	crucivirus_scored_rna_like	0.6161144000000001			
Pdomain	Green	Cruci_CruV_483	1	0.3840276	0	False	0	False	0	False	/workspace/cruci-classifier/results/grid_esm35m_e50/Pdomain/Green/eval/test_eval_results.csv	0	0.5002309083938599	Cruci_CruV_483	199	199	0	0	P_domain	Cruci_CruV_483	Cruci_CruV_483|Pdomain|Green|record0	1	crucivirus	Green	Green	0.3840276	0	0	False	False	frozen_esm2_35m_head	Blue,Purple,Red,Yellow	Green	moderate_rna_like	True	False	True	crucivirus_scored_rna_like	0.6159724			
Pdomain	Yellow	Ribo_JAAOEH010005851.1	0	0.6158427	1	False	1	False	1	False	/workspace/cruci-classifier/results/grid_esm35m_e50/Pdomain/Yellow/eval/test_eval_results.csv	0	0.4989717900753021	Ribo_JAAOEH010005851.1	143	143	0	0	P_domain	Ribo_JAAOEH010005851.1	Ribo_JAAOEH010005851.1|Pdomain|Yellow|record0	0	rna_virus	Yellow	Yellow	0.6158427	1	1	False	False	frozen_esm2_35m_head	Blue,Green,Purple,Red	Yellow	moderate_crucivirus_like	True	False	True	rna_virus_scored_crucivirus_like	0.6158427			
Rdomain	Yellow	Ribo_ND_089790	0	0.61576575	1	False	1	False	1	False	/workspace/cruci-classifier/results/grid_esm35m_e50/Rdomain/Yellow/eval/test_eval_results.csv	0	0.471052885055542	Ribo_ND_089790	88	88	0	0	R_domain	Ribo_ND_089790	Ribo_ND_089790|Rdomain|Yellow|record0	0	rna_virus	Yellow	Yellow	0.61576575	1	1	False	False	frozen_esm2_35m_head	Blue,Green,Purple,Red	Yellow	moderate_crucivirus_like	True	False	True	rna_virus_scored_crucivirus_like	0.61576575			
Sdomain	Yellow	Ribo_ND_025344	0	0.6156438	1	False	1	False	1	False	/workspace/cruci-classifier/results/grid_esm35m_e50/Sdomain/Yellow/eval/test_eval_results.csv	0	0.5087921023368835	Ribo_ND_025344	181	181	0	0	S_domain	Ribo_ND_025344	Ribo_ND_025344|Sdomain|Yellow|record0	0	rna_virus	Yellow	Yellow	0.6156438	1	1	False	False	frozen_esm2_35m_head	Blue,Green,Purple,Red	Yellow	moderate_crucivirus_like	True	False	True	rna_virus_scored_crucivirus_like	0.6156438			
Sdomain	Yellow	Ribo_ND_107474	0	0.6155255	1	False	1	False	1	False	/workspace/cruci-classifier/results/grid_esm35m_e50/Sdomain/Yellow/eval/test_eval_results.csv	0	0.5087921023368835	Ribo_ND_107474	177	177	0	0	S_domain	Ribo_ND_107474	Ribo_ND_107474|Sdomain|Yellow|record0	0	rna_virus	Yellow	Yellow	0.6155255	1	1	False	False	frozen_esm2_35m_head	Blue,Green,Purple,Red	Yellow	moderate_crucivirus_like	True	False	True	rna_virus_scored_crucivirus_like	0.6155255			
Pdomain	Yellow	Ribo_ND_025138	0	0.6153233	1	False	1	False	1	False	/workspace/cruci-classifier/results/grid_esm35m_e50/Pdomain/Yellow/eval/test_eval_results.csv	0	0.4989717900753021	Ribo_ND_025138	157	157	0	0	P_domain	Ribo_ND_025138	Ribo_ND_025138|Pdomain|Yellow|record0	0	rna_virus	Yellow	Yellow	0.6153233	1	1	False	False	frozen_esm2_35m_head	Blue,Green,Purple,Red	Yellow	moderate_crucivirus_like	True	False	True	rna_virus_scored_crucivirus_like	0.6153233			
Sdomain	Purple	Cruci_CruV-824	1	0.3846788	0	False	0	False	0	False	/workspace/cruci-classifier/results/grid_esm35m_e50/Sdomain/Purple/eval/test_eval_results.csv	0	0.5010125041007996	Cruci_CruV-824	182	182	0	0	S_domain	Cruci_CruV-824	Cruci_CruV-824|Sdomain|Purple|record0	1	crucivirus	Purple	Purple	0.3846788	0	0	False	False	frozen_esm2_35m_head	Blue,Green,Red,Yellow	Purple	moderate_rna_like	True	False	True	crucivirus_scored_rna_like	0.6153212			
fullCP	Green	Ribo_ND_385286	0	0.61526436	1	False	1	False	1	False	/workspace/cruci-classifier/results/grid_esm35m_e50/fullCP/Green/eval/test_eval_results.csv	0	0.4995022118091583	Ribo_ND_385286	443	444	1	0	full_capsid	Ribo_ND_385286	Ribo_ND_385286|fullCP|Green|record0	0	rna_virus	Green	Green	0.61526436	1	1	False	False	frozen_esm2_35m_head	Blue,Purple,Red,Yellow	Green	moderate_crucivirus_like	True	False	True	rna_virus_scored_crucivirus_like	0.61526436			
Rdomain	Green	Ribo_NC_033438	0	0.6150733	1	False	1	False	1	False	/workspace/cruci-classifier/results/grid_esm35m_e50/Rdomain/Green/eval/test_eval_results.csv	0	0.5166996717453003	Ribo_NC_033438	18	18	0	0	R_domain	Ribo_NC_033438	Ribo_NC_033438|Rdomain|Green|record0	0	rna_virus	Green	Green	0.6150733	1	1	False	False	frozen_esm2_35m_head	Blue,Purple,Red,Yellow	Green	moderate_crucivirus_like	True	False	True	rna_virus_scored_crucivirus_like	0.6150733			
Pdomain	Blue	Cruci_CruV_388	1	0.38499233	0	False	0	False	0	False	/workspace/cruci-classifier/results/grid_esm35m_e50/Pdomain/Blue/eval/test_eval_results.csv	0	0.4954362213611603	Cruci_CruV_388	156	156	0	0	P_domain	Cruci_CruV_388	Cruci_CruV_388|Pdomain|Blue|record0	1	crucivirus	Blue	Blue	0.38499233	0	0	False	False	frozen_esm2_35m_head	Green,Purple,Red,Yellow	Blue	moderate_rna_like	True	False	True	crucivirus_scored_rna_like	0.61500767			
Sdomain	Yellow	Ribo_ND_107245	0	0.61490273	1	False	1	False	1	False	/workspace/cruci-classifier/results/grid_esm35m_e50/Sdomain/Yellow/eval/test_eval_results.csv	0	0.5087921023368835	Ribo_ND_107245	180	180	0	0	S_domain	Ribo_ND_107245	Ribo_ND_107245|Sdomain|Yellow|record0	0	rna_virus	Yellow	Yellow	0.61490273	1	1	False	False	frozen_esm2_35m_head	Blue,Green,Purple,Red	Yellow	moderate_crucivirus_like	True	False	True	rna_virus_scored_crucivirus_like	0.61490273			
Sdomain	Green	Cruci_CruV_412	1	0.3851142	0	False	0	False	0	False	/workspace/cruci-classifier/results/grid_esm35m_e50/Sdomain/Green/eval/test_eval_results.csv	0	0.5480888485908508	Cruci_CruV_412	189	189	0	0	S_domain	Cruci_CruV_412	Cruci_CruV_412|Sdomain|Green|record0	1	crucivirus	Green	Green	0.3851142	0	0	False	False	frozen_esm2_35m_head	Blue,Purple,Red,Yellow	Green	moderate_rna_like	True	False	True	crucivirus_scored_rna_like	0.6148857999999999			
Sdomain	Yellow	Ribo_ND_249717	0	0.6148613	1	False	1	False	1	False	/workspace/cruci-classifier/results/grid_esm35m_e50/Sdomain/Yellow/eval/test_eval_results.csv	0	0.5087921023368835	Ribo_ND_249717	180	180	0	0	S_domain	Ribo_ND_249717	Ribo_ND_249717|Sdomain|Yellow|record0	0	rna_virus	Yellow	Yellow	0.6148613	1	1	False	False	frozen_esm2_35m_head	Blue,Green,Purple,Red	Yellow	moderate_crucivirus_like	True	False	True	rna_virus_scored_crucivirus_like	0.6148613			
Sdomain	Green	Cruci_CruV_483	1	0.3853999	0	False	0	False	0	False	/workspace/cruci-classifier/results/grid_esm35m_e50/Sdomain/Green/eval/test_eval_results.csv	0	0.5480888485908508	Cruci_CruV_483	190	190	0	0	S_domain	Cruci_CruV_483	Cruci_CruV_483|Sdomain|Green|record0	1	crucivirus	Green	Green	0.3853999	0	0	False	False	frozen_esm2_35m_head	Blue,Purple,Red,Yellow	Green	moderate_rna_like	True	False	True	crucivirus_scored_rna_like	0.6146001			
Pdomain	Yellow	Cruci_CruV_166	1	0.38584968	0	False	0	False	0	False	/workspace/cruci-classifier/results/grid_esm35m_e50/Pdomain/Yellow/eval/test_eval_results.csv	0	0.4989717900753021	Cruci_CruV_166	143	143	0	0	P_domain	Cruci_CruV_166	Cruci_CruV_166|Pdomain|Yellow|record0	1	crucivirus	Yellow	Yellow	0.38584968	0	0	False	False	frozen_esm2_35m_head	Blue,Green,Purple,Red	Yellow	moderate_rna_like	True	False	True	crucivirus_scored_rna_like	0.61415032			
Pdomain	Purple	Cruci_CruV-679	1	0.38595054	0	False	0	False	0	False	/workspace/cruci-classifier/results/grid_esm35m_e50/Pdomain/Purple/eval/test_eval_results.csv	0	0.4982953071594238	Cruci_CruV-679	244	244	0	0	P_domain	Cruci_CruV-679	Cruci_CruV-679|Pdomain|Purple|record0	1	crucivirus	Purple	Purple	0.38595054	0	0	False	False	frozen_esm2_35m_head	Blue,Green,Red,Yellow	Purple	moderate_rna_like	True	False	True	crucivirus_scored_rna_like	0.6140494599999999			
Rdomain	Red	Ribo_ND_295007	0	0.61403376	1	False	1	False	1	False	/workspace/cruci-classifier/results/grid_esm35m_e50/Rdomain/Red/eval/test_eval_results.csv	0	0.512529730796814	Ribo_ND_295007	12	12	0	0	R_domain	Ribo_ND_295007	Ribo_ND_295007|Rdomain|Red|record0	0	rna_virus	Red	Red	0.61403376	1	1	False	False	frozen_esm2_35m_head	Blue,Green,Purple,Yellow	Red	moderate_crucivirus_like	True	False	True	rna_virus_scored_crucivirus_like	0.61403376			
Rdomain	Yellow	Cruci_CruV_438	1	0.38624743	0	False	0	False	0	False	/workspace/cruci-classifier/results/grid_esm35m_e50/Rdomain/Yellow/eval/test_eval_results.csv	0	0.471052885055542	Cruci_CruV_438	70	70	0	0	R_domain	Cruci_CruV_438	Cruci_CruV_438|Rdomain|Yellow|record0	1	crucivirus	Yellow	Yellow	0.38624743	0	0	False	False	frozen_esm2_35m_head	Blue,Green,Purple,Red	Yellow	moderate_rna_like	True	False	True	crucivirus_scored_rna_like	0.6137525699999999			
fullCP	Yellow	Ribo_JAAOEH010003334.1	0	0.61372507	1	False	1	False	1	False	/workspace/cruci-classifier/results/grid_esm35m_e50/fullCP/Yellow/eval/test_eval_results.csv	0	0.4986207485198974	Ribo_JAAOEH010003334.1	440	441	1	0	full_capsid	Ribo_JAAOEH010003334.1	Ribo_JAAOEH010003334.1|fullCP|Yellow|record0	0	rna_virus	Yellow	Yellow	0.61372507	1	1	False	False	frozen_esm2_35m_head	Blue,Green,Purple,Red	Yellow	moderate_crucivirus_like	True	False	True	rna_virus_scored_crucivirus_like	0.61372507			
Pdomain	Yellow	Ribo_ND_146063	0	0.61371905	1	False	1	False	1	False	/workspace/cruci-classifier/results/grid_esm35m_e50/Pdomain/Yellow/eval/test_eval_results.csv	0	0.4989717900753021	Ribo_ND_146063	152	152	0	0	P_domain	Ribo_ND_146063	Ribo_ND_146063|Pdomain|Yellow|record0	0	rna_virus	Yellow	Yellow	0.61371905	1	1	False	False	frozen_esm2_35m_head	Blue,Green,Purple,Red	Yellow	moderate_crucivirus_like	True	False	True	rna_virus_scored_crucivirus_like	0.61371905			
Pdomain	Yellow	Ribo_ND_329968	0	0.61367637	1	False	1	False	1	False	/workspace/cruci-classifier/results/grid_esm35m_e50/Pdomain/Yellow/eval/test_eval_results.csv	0	0.4989717900753021	Ribo_ND_329968	151	151	0	0	P_domain	Ribo_ND_329968	Ribo_ND_329968|Pdomain|Yellow|record0	0	rna_virus	Yellow	Yellow	0.61367637	1	1	False	False	frozen_esm2_35m_head	Blue,Green,Purple,Red	Yellow	moderate_crucivirus_like	True	False	True	rna_virus_scored_crucivirus_like	0.61367637			
Sdomain	Blue	Ribo_ND_389800	0	0.6135005	1	False	1	False	1	False	/workspace/cruci-classifier/results/grid_esm35m_e50/Sdomain/Blue/eval/test_eval_results.csv	0	0.3950238227844238	Ribo_ND_389800	178	178	0	0	S_domain	Ribo_ND_389800	Ribo_ND_389800|Sdomain|Blue|record0	0	rna_virus	Blue	Blue	0.6135005	1	1	False	False	frozen_esm2_35m_head	Green,Purple,Red,Yellow	Blue	moderate_crucivirus_like	True	False	True	rna_virus_scored_crucivirus_like	0.6135005			
Pdomain	Purple	Cruci_CruV-723	1	0.38681442	0	False	0	False	0	False	/workspace/cruci-classifier/results/grid_esm35m_e50/Pdomain/Purple/eval/test_eval_results.csv	0	0.4982953071594238	Cruci_CruV-723	260	260	0	0	P_domain	Cruci_CruV-723	Cruci_CruV-723|Pdomain|Purple|record0	1	crucivirus	Purple	Purple	0.38681442	0	0	False	False	frozen_esm2_35m_head	Blue,Green,Red,Yellow	Purple	moderate_rna_like	True	False	True	crucivirus_scored_rna_like	0.61318558			
fullCP	Yellow	Ribo_ND_113984	0	0.61310124	1	False	1	False	1	False	/workspace/cruci-classifier/results/grid_esm35m_e50/fullCP/Yellow/eval/test_eval_results.csv	0	0.4986207485198974	Ribo_ND_113984	428	429	1	0	full_capsid	Ribo_ND_113984	Ribo_ND_113984|fullCP|Yellow|record0	0	rna_virus	Yellow	Yellow	0.61310124	1	1	False	False	frozen_esm2_35m_head	Blue,Green,Purple,Red	Yellow	moderate_crucivirus_like	True	False	True	rna_virus_scored_crucivirus_like	0.61310124			
Pdomain	Green	Cruci_CruV_531	1	0.38694137	0	False	0	False	0	False	/workspace/cruci-classifier/results/grid_esm35m_e50/Pdomain/Green/eval/test_eval_results.csv	0	0.5002309083938599	Cruci_CruV_531	139	139	0	0	P_domain	Cruci_CruV_531	Cruci_CruV_531|Pdomain|Green|record0	1	crucivirus	Green	Green	0.38694137	0	0	False	False	frozen_esm2_35m_head	Blue,Purple,Red,Yellow	Green	moderate_rna_like	True	False	True	crucivirus_scored_rna_like	0.61305863			
Sdomain	Yellow	Ribo_ND_025258	0	0.61275315	1	False	1	False	1	False	/workspace/cruci-classifier/results/grid_esm35m_e50/Sdomain/Yellow/eval/test_eval_results.csv	0	0.5087921023368835	Ribo_ND_025258	181	181	0	0	S_domain	Ribo_ND_025258	Ribo_ND_025258|Sdomain|Yellow|record0	0	rna_virus	Yellow	Yellow	0.61275315	1	1	False	False	frozen_esm2_35m_head	Blue,Green,Purple,Red	Yellow	moderate_crucivirus_like	True	False	True	rna_virus_scored_crucivirus_like	0.61275315			
Pdomain	Purple	Cruci_PB_KX388503	1	0.38725072	0	False	0	False	0	False	/workspace/cruci-classifier/results/grid_esm35m_e50/Pdomain/Purple/eval/test_eval_results.csv	0	0.4982953071594238	Cruci_PB_KX388503	286	286	0	0	P_domain	Cruci_PB_KX388503	Cruci_PB_KX388503|Pdomain|Purple|record0	1	crucivirus	Purple	Purple	0.38725072	0	0	False	False	frozen_esm2_35m_head	Blue,Green,Red,Yellow	Purple	moderate_rna_like	True	False	True	crucivirus_scored_rna_like	0.6127492800000001			
Sdomain	Yellow	Ribo_ND_025079	0	0.6126233	1	False	1	False	1	False	/workspace/cruci-classifier/results/grid_esm35m_e50/Sdomain/Yellow/eval/test_eval_results.csv	0	0.5087921023368835	Ribo_ND_025079	182	182	0	0	S_domain	Ribo_ND_025079	Ribo_ND_025079|Sdomain|Yellow|record0	0	rna_virus	Yellow	Yellow	0.6126233	1	1	False	False	frozen_esm2_35m_head	Blue,Green,Purple,Red	Yellow	moderate_crucivirus_like	True	False	True	rna_virus_scored_crucivirus_like	0.6126233			
Sdomain	Yellow	Ribo_ND_370416	0	0.61258113	1	False	1	False	1	False	/workspace/cruci-classifier/results/grid_esm35m_e50/Sdomain/Yellow/eval/test_eval_results.csv	0	0.5087921023368835	Ribo_ND_370416	177	177	0	0	S_domain	Ribo_ND_370416	Ribo_ND_370416|Sdomain|Yellow|record0	0	rna_virus	Yellow	Yellow	0.61258113	1	1	False	False	frozen_esm2_35m_head	Blue,Green,Purple,Red	Yellow	moderate_crucivirus_like	True	False	True	rna_virus_scored_crucivirus_like	0.61258113			
Pdomain	Yellow	Ribo_ND_304663	0	0.61250395	1	False	1	False	1	False	/workspace/cruci-classifier/results/grid_esm35m_e50/Pdomain/Yellow/eval/test_eval_results.csv	0	0.4989717900753021	Ribo_ND_304663	147	147	0	0	P_domain	Ribo_ND_304663	Ribo_ND_304663|Pdomain|Yellow|record0	0	rna_virus	Yellow	Yellow	0.61250395	1	1	False	False	frozen_esm2_35m_head	Blue,Green,Purple,Red	Yellow	moderate_crucivirus_like	True	False	True	rna_virus_scored_crucivirus_like	0.61250395			
Sdomain	Blue	Ribo_ND_045532	0	0.61234623	1	False	1	False	1	False	/workspace/cruci-classifier/results/grid_esm35m_e50/Sdomain/Blue/eval/test_eval_results.csv	0	0.3950238227844238	Ribo_ND_045532	182	182	0	0	S_domain	Ribo_ND_045532	Ribo_ND_045532|Sdomain|Blue|record0	0	rna_virus	Blue	Blue	0.61234623	1	1	False	False	frozen_esm2_35m_head	Green,Purple,Red,Yellow	Blue	moderate_crucivirus_like	True	False	True	rna_virus_scored_crucivirus_like	0.61234623			
Sdomain	Purple	Ribo_ND_123948	0	0.6120631	1	False	1	False	1	False	/workspace/cruci-classifier/results/grid_esm35m_e50/Sdomain/Purple/eval/test_eval_results.csv	0	0.5010125041007996	Ribo_ND_123948	185	185	0	0	S_domain	Ribo_ND_123948	Ribo_ND_123948|Sdomain|Purple|record0	0	rna_virus	Purple	Purple	0.6120631	1	1	False	False	frozen_esm2_35m_head	Blue,Green,Red,Yellow	Purple	moderate_crucivirus_like	True	False	True	rna_virus_scored_crucivirus_like	0.6120631			
Pdomain	Green	Ribo_ND_056260	0	0.6119173	1	False	1	False	1	False	/workspace/cruci-classifier/results/grid_esm35m_e50/Pdomain/Green/eval/test_eval_results.csv	0	0.5002309083938599	Ribo_ND_056260	331	331	0	0	P_domain	Ribo_ND_056260	Ribo_ND_056260|Pdomain|Green|record0	0	rna_virus	Green	Green	0.6119173	1	1	False	False	frozen_esm2_35m_head	Blue,Purple,Red,Yellow	Green	moderate_crucivirus_like	True	False	True	rna_virus_scored_crucivirus_like	0.6119173			
Sdomain	Yellow	Ribo_ND_161999	0	0.6118197	1	False	1	False	1	False	/workspace/cruci-classifier/results/grid_esm35m_e50/Sdomain/Yellow/eval/test_eval_results.csv	0	0.5087921023368835	Ribo_ND_161999	191	191	0	0	S_domain	Ribo_ND_161999	Ribo_ND_161999|Sdomain|Yellow|record0	0	rna_virus	Yellow	Yellow	0.6118197	1	1	False	False	frozen_esm2_35m_head	Blue,Green,Purple,Red	Yellow	moderate_crucivirus_like	True	False	True	rna_virus_scored_crucivirus_like	0.6118197			
Pdomain	Yellow	Ribo_ND_299981	0	0.6117418	1	False	1	False	1	False	/workspace/cruci-classifier/results/grid_esm35m_e50/Pdomain/Yellow/eval/test_eval_results.csv	0	0.4989717900753021	Ribo_ND_299981	149	149	0	0	P_domain	Ribo_ND_299981	Ribo_ND_299981|Pdomain|Yellow|record0	0	rna_virus	Yellow	Yellow	0.6117418	1	1	False	False	frozen_esm2_35m_head	Blue,Green,Purple,Red	Yellow	moderate_crucivirus_like	True	False	True	rna_virus_scored_crucivirus_like	0.6117418			
Sdomain	Blue	Ribo_ND_132795	0	0.61145914	1	False	1	False	1	False	/workspace/cruci-classifier/results/grid_esm35m_e50/Sdomain/Blue/eval/test_eval_results.csv	0	0.3950238227844238	Ribo_ND_132795	182	182	0	0	S_domain	Ribo_ND_132795	Ribo_ND_132795|Sdomain|Blue|record0	0	rna_virus	Blue	Blue	0.61145914	1	1	False	False	frozen_esm2_35m_head	Green,Purple,Red,Yellow	Blue	moderate_crucivirus_like	True	False	True	rna_virus_scored_crucivirus_like	0.61145914			
fullCP	Yellow	Ribo_Ga0187795_1158440	0	0.6113415	1	False	1	False	1	False	/workspace/cruci-classifier/results/grid_esm35m_e50/fullCP/Yellow/eval/test_eval_results.csv	0	0.4986207485198974	Ribo_Ga0187795_1158440	425	425	0	0	full_capsid	Ribo_Ga0187795_1158440	Ribo_Ga0187795_1158440|fullCP|Yellow|record0	0	rna_virus	Yellow	Yellow	0.6113415	1	1	False	False	frozen_esm2_35m_head	Blue,Green,Purple,Red	Yellow	moderate_crucivirus_like	True	False	True	rna_virus_scored_crucivirus_like	0.6113415			
fullCP	Green	Ribo_ND_102430	0	0.61132175	1	False	1	False	1	False	/workspace/cruci-classifier/results/grid_esm35m_e50/fullCP/Green/eval/test_eval_results.csv	0	0.4995022118091583	Ribo_ND_102430	471	472	1	0	full_capsid	Ribo_ND_102430	Ribo_ND_102430|fullCP|Green|record0	0	rna_virus	Green	Green	0.61132175	1	1	False	False	frozen_esm2_35m_head	Blue,Purple,Red,Yellow	Green	moderate_crucivirus_like	True	False	True	rna_virus_scored_crucivirus_like	0.61132175			
fullCP	Green	Ribo_ND_379299	0	0.61128795	1	False	1	False	1	False	/workspace/cruci-classifier/results/grid_esm35m_e50/fullCP/Green/eval/test_eval_results.csv	0	0.4995022118091583	Ribo_ND_379299	458	459	1	0	full_capsid	Ribo_ND_379299	Ribo_ND_379299|fullCP|Green|record0	0	rna_virus	Green	Green	0.61128795	1	1	False	False	frozen_esm2_35m_head	Blue,Purple,Red,Yellow	Green	moderate_crucivirus_like	True	False	True	rna_virus_scored_crucivirus_like	0.61128795			
Pdomain	Yellow	Ribo_JAAOEH010003866.1	0	0.6111471	1	False	1	False	1	False	/workspace/cruci-classifier/results/grid_esm35m_e50/Pdomain/Yellow/eval/test_eval_results.csv	0	0.4989717900753021	Ribo_JAAOEH010003866.1	160	160	0	0	P_domain	Ribo_JAAOEH010003866.1	Ribo_JAAOEH010003866.1|Pdomain|Yellow|record0	0	rna_virus	Yellow	Yellow	0.6111471	1	1	False	False	frozen_esm2_35m_head	Blue,Green,Purple,Red	Yellow	moderate_crucivirus_like	True	False	True	rna_virus_scored_crucivirus_like	0.6111471			
Sdomain	Blue	Ribo_ND_209163	0	0.6109609	1	False	1	False	1	False	/workspace/cruci-classifier/results/grid_esm35m_e50/Sdomain/Blue/eval/test_eval_results.csv	0	0.3950238227844238	Ribo_ND_209163	180	180	0	0	S_domain	Ribo_ND_209163	Ribo_ND_209163|Sdomain|Blue|record0	0	rna_virus	Blue	Blue	0.6109609	1	1	False	False	frozen_esm2_35m_head	Green,Purple,Red,Yellow	Blue	moderate_crucivirus_like	True	False	True	rna_virus_scored_crucivirus_like	0.6109609			
Pdomain	Blue	Ribo_ND_043347	0	0.61080366	1	False	1	False	1	False	/workspace/cruci-classifier/results/grid_esm35m_e50/Pdomain/Blue/eval/test_eval_results.csv	0	0.4954362213611603	Ribo_ND_043347	152	152	0	0	P_domain	Ribo_ND_043347	Ribo_ND_043347|Pdomain|Blue|record0	0	rna_virus	Blue	Blue	0.61080366	1	1	False	False	frozen_esm2_35m_head	Green,Purple,Red,Yellow	Blue	moderate_crucivirus_like	True	False	True	rna_virus_scored_crucivirus_like	0.61080366			
Sdomain	Green	Cruci_CruV-855	1	0.38955525	0	False	0	False	0	False	/workspace/cruci-classifier/results/grid_esm35m_e50/Sdomain/Green/eval/test_eval_results.csv	0	0.5480888485908508	Cruci_CruV-855	194	194	0	0	S_domain	Cruci_CruV-855	Cruci_CruV-855|Sdomain|Green|record0	1	crucivirus	Green	Green	0.38955525	0	0	False	False	frozen_esm2_35m_head	Blue,Purple,Red,Yellow	Green	moderate_rna_like	True	False	True	crucivirus_scored_rna_like	0.61044475			
Sdomain	Yellow	Ribo_ND_090573	0	0.61033046	1	False	1	False	1	False	/workspace/cruci-classifier/results/grid_esm35m_e50/Sdomain/Yellow/eval/test_eval_results.csv	0	0.5087921023368835	Ribo_ND_090573	182	182	0	0	S_domain	Ribo_ND_090573	Ribo_ND_090573|Sdomain|Yellow|record0	0	rna_virus	Yellow	Yellow	0.61033046	1	1	False	False	frozen_esm2_35m_head	Blue,Green,Purple,Red	Yellow	moderate_crucivirus_like	True	False	True	rna_virus_scored_crucivirus_like	0.61033046			
Sdomain	Yellow	Ribo_ND_094808	0	0.609953	1	False	1	False	1	False	/workspace/cruci-classifier/results/grid_esm35m_e50/Sdomain/Yellow/eval/test_eval_results.csv	0	0.5087921023368835	Ribo_ND_094808	183	183	0	0	S_domain	Ribo_ND_094808	Ribo_ND_094808|Sdomain|Yellow|record0	0	rna_virus	Yellow	Yellow	0.609953	1	1	False	False	frozen_esm2_35m_head	Blue,Green,Purple,Red	Yellow	moderate_crucivirus_like	True	False	True	rna_virus_scored_crucivirus_like	0.609953			
Sdomain	Yellow	Ribo_ND_232461	0	0.6098019	1	False	1	False	1	False	/workspace/cruci-classifier/results/grid_esm35m_e50/Sdomain/Yellow/eval/test_eval_results.csv	0	0.5087921023368835	Ribo_ND_232461	187	187	0	0	S_domain	Ribo_ND_232461	Ribo_ND_232461|Sdomain|Yellow|record0	0	rna_virus	Yellow	Yellow	0.6098019	1	1	False	False	frozen_esm2_35m_head	Blue,Green,Purple,Red	Yellow	moderate_crucivirus_like	True	False	True	rna_virus_scored_crucivirus_like	0.6098019			
Pdomain	Purple	Cruci_CruV-660	1	0.3905439	0	False	0	False	0	False	/workspace/cruci-classifier/results/grid_esm35m_e50/Pdomain/Purple/eval/test_eval_results.csv	0	0.4982953071594238	Cruci_CruV-660	146	146	0	0	P_domain	Cruci_CruV-660	Cruci_CruV-660|Pdomain|Purple|record0	1	crucivirus	Purple	Purple	0.3905439	0	0	False	False	frozen_esm2_35m_head	Blue,Green,Red,Yellow	Purple	moderate_rna_like	True	False	True	crucivirus_scored_rna_like	0.6094561000000001			
Pdomain	Red	Ribo_ND_124702	0	0.6094225	1	False	1	False	1	False	/workspace/cruci-classifier/results/grid_esm35m_e50/Pdomain/Red/eval/test_eval_results.csv	0	0.4583896696567535	Ribo_ND_124702	153	153	0	0	P_domain	Ribo_ND_124702	Ribo_ND_124702|Pdomain|Red|record0	0	rna_virus	Red	Red	0.6094225	1	1	False	False	frozen_esm2_35m_head	Blue,Green,Purple,Yellow	Red	moderate_crucivirus_like	True	False	True	rna_virus_scored_crucivirus_like	0.6094225			
Pdomain	Yellow	Ribo_ND_180510	0	0.6090565	1	False	1	False	1	False	/workspace/cruci-classifier/results/grid_esm35m_e50/Pdomain/Yellow/eval/test_eval_results.csv	0	0.4989717900753021	Ribo_ND_180510	153	153	0	0	P_domain	Ribo_ND_180510	Ribo_ND_180510|Pdomain|Yellow|record0	0	rna_virus	Yellow	Yellow	0.6090565	1	1	False	False	frozen_esm2_35m_head	Blue,Green,Purple,Red	Yellow	moderate_crucivirus_like	True	False	True	rna_virus_scored_crucivirus_like	0.6090565			
Pdomain	Purple	Ribo_ND_046378	0	0.60899156	1	False	1	False	1	False	/workspace/cruci-classifier/results/grid_esm35m_e50/Pdomain/Purple/eval/test_eval_results.csv	0	0.4982953071594238	Ribo_ND_046378	200	200	0	0	P_domain	Ribo_ND_046378	Ribo_ND_046378|Pdomain|Purple|record0	0	rna_virus	Purple	Purple	0.60899156	1	1	False	False	frozen_esm2_35m_head	Blue,Green,Red,Yellow	Purple	moderate_crucivirus_like	True	False	True	rna_virus_scored_crucivirus_like	0.60899156			
Sdomain	Yellow	Ribo_ND_251219	0	0.6089478	1	False	1	False	1	False	/workspace/cruci-classifier/results/grid_esm35m_e50/Sdomain/Yellow/eval/test_eval_results.csv	0	0.5087921023368835	Ribo_ND_251219	180	180	0	0	S_domain	Ribo_ND_251219	Ribo_ND_251219|Sdomain|Yellow|record0	0	rna_virus	Yellow	Yellow	0.6089478	1	1	False	False	frozen_esm2_35m_head	Blue,Green,Purple,Red	Yellow	moderate_crucivirus_like	True	False	True	rna_virus_scored_crucivirus_like	0.6089478			
Sdomain	Yellow	Cruci_PB_KX388513	1	0.39107776	0	False	0	False	0	False	/workspace/cruci-classifier/results/grid_esm35m_e50/Sdomain/Yellow/eval/test_eval_results.csv	0	0.5087921023368835	Cruci_PB_KX388513	186	186	0	0	S_domain	Cruci_PB_KX388513	Cruci_PB_KX388513|Sdomain|Yellow|record0	1	crucivirus	Yellow	Yellow	0.39107776	0	0	False	False	frozen_esm2_35m_head	Blue,Green,Purple,Red	Yellow	moderate_rna_like	True	False	True	crucivirus_scored_rna_like	0.6089222400000001			
Pdomain	Green	Ribo_ND_251071	0	0.6086207	1	False	1	False	1	False	/workspace/cruci-classifier/results/grid_esm35m_e50/Pdomain/Green/eval/test_eval_results.csv	0	0.5002309083938599	Ribo_ND_251071	252	252	0	0	P_domain	Ribo_ND_251071	Ribo_ND_251071|Pdomain|Green|record0	0	rna_virus	Green	Green	0.6086207	1	1	False	False	frozen_esm2_35m_head	Blue,Purple,Red,Yellow	Green	moderate_crucivirus_like	True	False	True	rna_virus_scored_crucivirus_like	0.6086207			
Pdomain	Yellow	Ribo_ND_025088	0	0.60860777	1	False	1	False	1	False	/workspace/cruci-classifier/results/grid_esm35m_e50/Pdomain/Yellow/eval/test_eval_results.csv	0	0.4989717900753021	Ribo_ND_025088	153	153	0	0	P_domain	Ribo_ND_025088	Ribo_ND_025088|Pdomain|Yellow|record0	0	rna_virus	Yellow	Yellow	0.60860777	1	1	False	False	frozen_esm2_35m_head	Blue,Green,Purple,Red	Yellow	moderate_crucivirus_like	True	False	True	rna_virus_scored_crucivirus_like	0.60860777			
Rdomain	Purple	Cruci_CruV-917	1	0.39146984	0	False	0	False	0	False	/workspace/cruci-classifier/results/grid_esm35m_e50/Rdomain/Purple/eval/test_eval_results.csv	0	0.5012195110321045	Cruci_CruV-917	24	24	0	0	R_domain	Cruci_CruV-917	Cruci_CruV-917|Rdomain|Purple|record0	1	crucivirus	Purple	Purple	0.39146984	0	0	False	False	frozen_esm2_35m_head	Blue,Green,Red,Yellow	Purple	moderate_rna_like	True	False	True	crucivirus_scored_rna_like	0.6085301599999999			
Rdomain	Blue	Cruci_CruV-848	1	0.3915282	0	False	0	False	0	False	/workspace/cruci-classifier/results/grid_esm35m_e50/Rdomain/Blue/eval/test_eval_results.csv	0	0.4960196018218994	Cruci_CruV-848	40	40	0	0	R_domain	Cruci_CruV-848	Cruci_CruV-848|Rdomain|Blue|record0	1	crucivirus	Blue	Blue	0.3915282	0	0	False	False	frozen_esm2_35m_head	Green,Purple,Red,Yellow	Blue	moderate_rna_like	True	False	True	crucivirus_scored_rna_like	0.6084718			
Rdomain	Purple	Cruci_CruV-577	1	0.3916158	0	False	0	False	0	False	/workspace/cruci-classifier/results/grid_esm35m_e50/Rdomain/Purple/eval/test_eval_results.csv	0	0.5012195110321045	Cruci_CruV-577	112	112	0	0	R_domain	Cruci_CruV-577	Cruci_CruV-577|Rdomain|Purple|record0	1	crucivirus	Purple	Purple	0.3916158	0	0	False	False	frozen_esm2_35m_head	Blue,Green,Red,Yellow	Purple	moderate_rna_like	True	False	True	crucivirus_scored_rna_like	0.6083841999999999			
fullCP	Yellow	Ribo_ND_026140	0	0.6082164	1	False	1	False	1	False	/workspace/cruci-classifier/results/grid_esm35m_e50/fullCP/Yellow/eval/test_eval_results.csv	0	0.4986207485198974	Ribo_ND_026140	422	423	1	0	full_capsid	Ribo_ND_026140	Ribo_ND_026140|fullCP|Yellow|record0	0	rna_virus	Yellow	Yellow	0.6082164	1	1	False	False	frozen_esm2_35m_head	Blue,Green,Purple,Red	Yellow	moderate_crucivirus_like	True	False	True	rna_virus_scored_crucivirus_like	0.6082164			
fullCP	Blue	Ribo_ND_045532	0	0.6081594	1	False	1	False	1	False	/workspace/cruci-classifier/results/grid_esm35m_e50/fullCP/Blue/eval/test_eval_results.csv	0	0.4914703667163849	Ribo_ND_045532	373	374	1	0	full_capsid	Ribo_ND_045532	Ribo_ND_045532|fullCP|Blue|record0	0	rna_virus	Blue	Blue	0.6081594	1	1	False	False	frozen_esm2_35m_head	Green,Purple,Red,Yellow	Blue	moderate_crucivirus_like	True	False	True	rna_virus_scored_crucivirus_like	0.6081594			
fullCP	Red	Cruci_CruV_523	1	0.39187643	0	False	0	False	0	False	/workspace/cruci-classifier/results/grid_esm35m_e50/fullCP/Red/eval/test_eval_results.csv	0	0.4925376772880554	Cruci_CruV_523	446	447	1	0	full_capsid	Cruci_CruV_523	Cruci_CruV_523|fullCP|Red|record0	1	crucivirus	Red	Red	0.39187643	0	0	False	False	frozen_esm2_35m_head	Blue,Green,Purple,Yellow	Red	moderate_rna_like	True	False	True	crucivirus_scored_rna_like	0.6081235700000001			
Pdomain	Blue	Cruci_CruV-662	1	0.39187992	0	False	0	False	0	False	/workspace/cruci-classifier/results/grid_esm35m_e50/Pdomain/Blue/eval/test_eval_results.csv	0	0.4954362213611603	Cruci_CruV-662	166	166	0	0	P_domain	Cruci_CruV-662	Cruci_CruV-662|Pdomain|Blue|record0	1	crucivirus	Blue	Blue	0.39187992	0	0	False	False	frozen_esm2_35m_head	Green,Purple,Red,Yellow	Blue	moderate_rna_like	True	False	True	crucivirus_scored_rna_like	0.60812008			
Pdomain	Yellow	Ribo_ND_025122	0	0.60769105	1	False	1	False	1	False	/workspace/cruci-classifier/results/grid_esm35m_e50/Pdomain/Yellow/eval/test_eval_results.csv	0	0.4989717900753021	Ribo_ND_025122	152	152	0	0	P_domain	Ribo_ND_025122	Ribo_ND_025122|Pdomain|Yellow|record0	0	rna_virus	Yellow	Yellow	0.60769105	1	1	False	False	frozen_esm2_35m_head	Blue,Green,Purple,Red	Yellow	moderate_crucivirus_like	True	False	True	rna_virus_scored_crucivirus_like	0.60769105			
Pdomain	Blue	Cruci_CruV_415	1	0.39240962	0	False	0	False	0	False	/workspace/cruci-classifier/results/grid_esm35m_e50/Pdomain/Blue/eval/test_eval_results.csv	0	0.4954362213611603	Cruci_CruV_415	146	146	0	0	P_domain	Cruci_CruV_415	Cruci_CruV_415|Pdomain|Blue|record0	1	crucivirus	Blue	Blue	0.39240962	0	0	False	False	frozen_esm2_35m_head	Green,Purple,Red,Yellow	Blue	moderate_rna_like	True	False	True	crucivirus_scored_rna_like	0.60759038			
fullCP	Yellow	Ribo_ND_046666	0	0.60750157	1	False	1	False	1	False	/workspace/cruci-classifier/results/grid_esm35m_e50/fullCP/Yellow/eval/test_eval_results.csv	0	0.4986207485198974	Ribo_ND_046666	425	426	1	0	full_capsid	Ribo_ND_046666	Ribo_ND_046666|fullCP|Yellow|record0	0	rna_virus	Yellow	Yellow	0.60750157	1	1	False	False	frozen_esm2_35m_head	Blue,Green,Purple,Red	Yellow	moderate_crucivirus_like	True	False	True	rna_virus_scored_crucivirus_like	0.60750157			
Sdomain	Green	Cruci_CruV_460	1	0.39257592	0	False	0	False	0	False	/workspace/cruci-classifier/results/grid_esm35m_e50/Sdomain/Green/eval/test_eval_results.csv	0	0.5480888485908508	Cruci_CruV_460	201	201	0	0	S_domain	Cruci_CruV_460	Cruci_CruV_460|Sdomain|Green|record0	1	crucivirus	Green	Green	0.39257592	0	0	False	False	frozen_esm2_35m_head	Blue,Purple,Red,Yellow	Green	moderate_rna_like	True	False	True	crucivirus_scored_rna_like	0.6074240799999999			
Pdomain	Blue	Ribo_ND_156943	0	0.6074121	1	False	1	False	1	False	/workspace/cruci-classifier/results/grid_esm35m_e50/Pdomain/Blue/eval/test_eval_results.csv	0	0.4954362213611603	Ribo_ND_156943	159	159	0	0	P_domain	Ribo_ND_156943	Ribo_ND_156943|Pdomain|Blue|record0	0	rna_virus	Blue	Blue	0.6074121	1	1	False	False	frozen_esm2_35m_head	Green,Purple,Red,Yellow	Blue	moderate_crucivirus_like	True	False	True	rna_virus_scored_crucivirus_like	0.6074121			
Rdomain	Purple	Cruci_CruV_135	1	0.39267883	0	False	0	False	0	False	/workspace/cruci-classifier/results/grid_esm35m_e50/Rdomain/Purple/eval/test_eval_results.csv	0	0.5012195110321045	Cruci_CruV_135	173	173	0	0	R_domain	Cruci_CruV_135	Cruci_CruV_135|Rdomain|Purple|record0	1	crucivirus	Purple	Purple	0.39267883	0	0	False	False	frozen_esm2_35m_head	Blue,Green,Red,Yellow	Purple	moderate_rna_like	True	False	True	crucivirus_scored_rna_like	0.6073211700000001			
fullCP	Purple	Cruci_CruV_183	1	0.3928674	0	False	0	False	0	False	/workspace/cruci-classifier/results/grid_esm35m_e50/fullCP/Purple/eval/test_eval_results.csv	0	0.4988135993480682	Cruci_CruV_183	526	527	1	0	full_capsid	Cruci_CruV_183	Cruci_CruV_183|fullCP|Purple|record0	1	crucivirus	Purple	Purple	0.3928674	0	0	False	False	frozen_esm2_35m_head	Blue,Green,Red,Yellow	Purple	moderate_rna_like	True	False	True	crucivirus_scored_rna_like	0.6071326			
fullCP	Green	Ribo_ND_093545	0	0.60698634	1	False	1	False	1	False	/workspace/cruci-classifier/results/grid_esm35m_e50/fullCP/Green/eval/test_eval_results.csv	0	0.4995022118091583	Ribo_ND_093545	469	470	1	0	full_capsid	Ribo_ND_093545	Ribo_ND_093545|fullCP|Green|record0	0	rna_virus	Green	Green	0.60698634	1	1	False	False	frozen_esm2_35m_head	Blue,Purple,Red,Yellow	Green	moderate_crucivirus_like	True	False	True	rna_virus_scored_crucivirus_like	0.60698634			
Rdomain	Yellow	Ribo_ND_249722	0	0.6068708	1	False	1	False	1	False	/workspace/cruci-classifier/results/grid_esm35m_e50/Rdomain/Yellow/eval/test_eval_results.csv	0	0.471052885055542	Ribo_ND_249722	88	88	0	0	R_domain	Ribo_ND_249722	Ribo_ND_249722|Rdomain|Yellow|record0	0	rna_virus	Yellow	Yellow	0.6068708	1	1	False	False	frozen_esm2_35m_head	Blue,Green,Purple,Red	Yellow	moderate_crucivirus_like	True	False	True	rna_virus_scored_crucivirus_like	0.6068708			
Rdomain	Yellow	Cruci_CruV_260	1	0.39376348	0	False	0	False	0	False	/workspace/cruci-classifier/results/grid_esm35m_e50/Rdomain/Yellow/eval/test_eval_results.csv	0	0.471052885055542	Cruci_CruV_260	92	92	0	0	R_domain	Cruci_CruV_260	Cruci_CruV_260|Rdomain|Yellow|record0	1	crucivirus	Yellow	Yellow	0.39376348	0	0	False	False	frozen_esm2_35m_head	Blue,Green,Purple,Red	Yellow	moderate_rna_like	True	False	True	crucivirus_scored_rna_like	0.60623652			
Rdomain	Blue	Ribo_ND_125752	0	0.6061693	1	False	1	False	1	False	/workspace/cruci-classifier/results/grid_esm35m_e50/Rdomain/Blue/eval/test_eval_results.csv	0	0.4960196018218994	Ribo_ND_125752	104	104	0	0	R_domain	Ribo_ND_125752	Ribo_ND_125752|Rdomain|Blue|record0	0	rna_virus	Blue	Blue	0.6061693	1	1	False	False	frozen_esm2_35m_head	Green,Purple,Red,Yellow	Blue	moderate_crucivirus_like	True	False	True	rna_virus_scored_crucivirus_like	0.6061693			
Sdomain	Red	Ribo_ND_082626	0	0.6056336	1	False	1	False	1	False	/workspace/cruci-classifier/results/grid_esm35m_e50/Sdomain/Red/eval/test_eval_results.csv	0	0.4007981121540069	Ribo_ND_082626	170	170	0	0	S_domain	Ribo_ND_082626	Ribo_ND_082626|Sdomain|Red|record0	0	rna_virus	Red	Red	0.6056336	1	1	False	False	frozen_esm2_35m_head	Blue,Green,Purple,Yellow	Red	moderate_crucivirus_like	True	False	True	rna_virus_scored_crucivirus_like	0.6056336			
Pdomain	Purple	Cruci_CruV-730	1	0.3944625	0	False	0	False	0	False	/workspace/cruci-classifier/results/grid_esm35m_e50/Pdomain/Purple/eval/test_eval_results.csv	0	0.4982953071594238	Cruci_CruV-730	168	168	0	0	P_domain	Cruci_CruV-730	Cruci_CruV-730|Pdomain|Purple|record0	1	crucivirus	Purple	Purple	0.3944625	0	0	False	False	frozen_esm2_35m_head	Blue,Green,Red,Yellow	Purple	moderate_rna_like	True	False	True	crucivirus_scored_rna_like	0.6055375000000001			
Sdomain	Blue	Ribo_ND_179968	0	0.60549355	1	False	1	False	1	False	/workspace/cruci-classifier/results/grid_esm35m_e50/Sdomain/Blue/eval/test_eval_results.csv	0	0.3950238227844238	Ribo_ND_179968	185	185	0	0	S_domain	Ribo_ND_179968	Ribo_ND_179968|Sdomain|Blue|record0	0	rna_virus	Blue	Blue	0.60549355	1	1	False	False	frozen_esm2_35m_head	Green,Purple,Red,Yellow	Blue	moderate_crucivirus_like	True	False	True	rna_virus_scored_crucivirus_like	0.60549355			
Sdomain	Yellow	Ribo_ND_363032	0	0.6051944	1	False	1	False	1	False	/workspace/cruci-classifier/results/grid_esm35m_e50/Sdomain/Yellow/eval/test_eval_results.csv	0	0.5087921023368835	Ribo_ND_363032	182	182	0	0	S_domain	Ribo_ND_363032	Ribo_ND_363032|Sdomain|Yellow|record0	0	rna_virus	Yellow	Yellow	0.6051944	1	1	False	False	frozen_esm2_35m_head	Blue,Green,Purple,Red	Yellow	moderate_crucivirus_like	True	False	True	rna_virus_scored_crucivirus_like	0.6051944			
Pdomain	Blue	Ribo_JAAOEH010002630.1	0	0.6051673	1	False	1	False	1	False	/workspace/cruci-classifier/results/grid_esm35m_e50/Pdomain/Blue/eval/test_eval_results.csv	0	0.4954362213611603	Ribo_JAAOEH010002630.1	217	217	0	0	P_domain	Ribo_JAAOEH010002630.1	Ribo_JAAOEH010002630.1|Pdomain|Blue|record0	0	rna_virus	Blue	Blue	0.6051673	1	1	False	False	frozen_esm2_35m_head	Green,Purple,Red,Yellow	Blue	moderate_crucivirus_like	True	False	True	rna_virus_scored_crucivirus_like	0.6051673			
Pdomain	Yellow	Ribo_ND_292467	0	0.60509956	1	False	1	False	1	False	/workspace/cruci-classifier/results/grid_esm35m_e50/Pdomain/Yellow/eval/test_eval_results.csv	0	0.4989717900753021	Ribo_ND_292467	143	143	0	0	P_domain	Ribo_ND_292467	Ribo_ND_292467|Pdomain|Yellow|record0	0	rna_virus	Yellow	Yellow	0.60509956	1	1	False	False	frozen_esm2_35m_head	Blue,Green,Purple,Red	Yellow	moderate_crucivirus_like	True	False	True	rna_virus_scored_crucivirus_like	0.60509956			
Pdomain	Red	Ribo_ND_345505	0	0.6048344	1	False	1	False	1	False	/workspace/cruci-classifier/results/grid_esm35m_e50/Pdomain/Red/eval/test_eval_results.csv	0	0.4583896696567535	Ribo_ND_345505	183	183	0	0	P_domain	Ribo_ND_345505	Ribo_ND_345505|Pdomain|Red|record0	0	rna_virus	Red	Red	0.6048344	1	1	False	False	frozen_esm2_35m_head	Blue,Green,Purple,Yellow	Red	moderate_crucivirus_like	True	False	True	rna_virus_scored_crucivirus_like	0.6048344			
Sdomain	Purple	Ribo_ND_264019	0	0.6047485	1	False	1	False	1	False	/workspace/cruci-classifier/results/grid_esm35m_e50/Sdomain/Purple/eval/test_eval_results.csv	0	0.5010125041007996	Ribo_ND_264019	181	181	0	0	S_domain	Ribo_ND_264019	Ribo_ND_264019|Sdomain|Purple|record0	0	rna_virus	Purple	Purple	0.6047485	1	1	False	False	frozen_esm2_35m_head	Blue,Green,Red,Yellow	Purple	moderate_crucivirus_like	True	False	True	rna_virus_scored_crucivirus_like	0.6047485			
fullCP	Purple	Cruci_CruV_132	1	0.3952977	0	False	0	False	0	False	/workspace/cruci-classifier/results/grid_esm35m_e50/fullCP/Purple/eval/test_eval_results.csv	0	0.4988135993480682	Cruci_CruV_132	436	437	1	0	full_capsid	Cruci_CruV_132	Cruci_CruV_132|fullCP|Purple|record0	1	crucivirus	Purple	Purple	0.3952977	0	0	False	False	frozen_esm2_35m_head	Blue,Green,Red,Yellow	Purple	moderate_rna_like	True	False	True	crucivirus_scored_rna_like	0.6047023			
Sdomain	Green	Cruci_CruV_416	1	0.39537287	0	False	0	False	0	False	/workspace/cruci-classifier/results/grid_esm35m_e50/Sdomain/Green/eval/test_eval_results.csv	0	0.5480888485908508	Cruci_CruV_416	203	203	0	0	S_domain	Cruci_CruV_416	Cruci_CruV_416|Sdomain|Green|record0	1	crucivirus	Green	Green	0.39537287	0	0	False	False	frozen_esm2_35m_head	Blue,Purple,Red,Yellow	Green	moderate_rna_like	True	False	True	crucivirus_scored_rna_like	0.60462713			
Sdomain	Yellow	Ribo_JAAOEH010003560.1	0	0.60452193	1	False	1	False	1	False	/workspace/cruci-classifier/results/grid_esm35m_e50/Sdomain/Yellow/eval/test_eval_results.csv	0	0.5087921023368835	Ribo_JAAOEH010003560.1	184	184	0	0	S_domain	Ribo_JAAOEH010003560.1	Ribo_JAAOEH010003560.1|Sdomain|Yellow|record0	0	rna_virus	Yellow	Yellow	0.60452193	1	1	False	False	frozen_esm2_35m_head	Blue,Green,Purple,Red	Yellow	moderate_crucivirus_like	True	False	True	rna_virus_scored_crucivirus_like	0.60452193			
Sdomain	Red	Ribo_ND_239648	0	0.60406166	1	False	1	False	1	False	/workspace/cruci-classifier/results/grid_esm35m_e50/Sdomain/Red/eval/test_eval_results.csv	0	0.4007981121540069	Ribo_ND_239648	174	174	0	0	S_domain	Ribo_ND_239648	Ribo_ND_239648|Sdomain|Red|record0	0	rna_virus	Red	Red	0.60406166	1	1	False	False	frozen_esm2_35m_head	Blue,Green,Purple,Yellow	Red	moderate_crucivirus_like	True	False	True	rna_virus_scored_crucivirus_like	0.60406166			
Rdomain	Yellow	Ribo_NC_032866	0	0.6039795	1	False	1	False	1	False	/workspace/cruci-classifier/results/grid_esm35m_e50/Rdomain/Yellow/eval/test_eval_results.csv	0	0.471052885055542	Ribo_NC_032866	98	98	0	0	R_domain	Ribo_NC_032866	Ribo_NC_032866|Rdomain|Yellow|record0	0	rna_virus	Yellow	Yellow	0.6039795	1	1	False	False	frozen_esm2_35m_head	Blue,Green,Purple,Red	Yellow	moderate_crucivirus_like	True	False	True	rna_virus_scored_crucivirus_like	0.6039795			
Pdomain	Yellow	Cruci_CruV_438	1	0.3963112	0	False	0	False	0	False	/workspace/cruci-classifier/results/grid_esm35m_e50/Pdomain/Yellow/eval/test_eval_results.csv	0	0.4989717900753021	Cruci_CruV_438	178	178	0	0	P_domain	Cruci_CruV_438	Cruci_CruV_438|Pdomain|Yellow|record0	1	crucivirus	Yellow	Yellow	0.3963112	0	0	False	False	frozen_esm2_35m_head	Blue,Green,Purple,Red	Yellow	moderate_rna_like	True	False	True	crucivirus_scored_rna_like	0.6036888			
fullCP	Purple	Cruci_CruV-736	1	0.39642355	0	False	0	False	0	False	/workspace/cruci-classifier/results/grid_esm35m_e50/fullCP/Purple/eval/test_eval_results.csv	0	0.4988135993480682	Cruci_CruV-736	533	533	0	0	full_capsid	Cruci_CruV-736	Cruci_CruV-736|fullCP|Purple|record0	1	crucivirus	Purple	Purple	0.39642355	0	0	False	False	frozen_esm2_35m_head	Blue,Green,Red,Yellow	Purple	moderate_rna_like	True	False	True	crucivirus_scored_rna_like	0.60357645			
Rdomain	Purple	Cruci_CruV-609	1	0.39653525	0	False	0	False	0	False	/workspace/cruci-classifier/results/grid_esm35m_e50/Rdomain/Purple/eval/test_eval_results.csv	0	0.5012195110321045	Cruci_CruV-609	104	104	0	0	R_domain	Cruci_CruV-609	Cruci_CruV-609|Rdomain|Purple|record0	1	crucivirus	Purple	Purple	0.39653525	0	0	False	False	frozen_esm2_35m_head	Blue,Green,Red,Yellow	Purple	moderate_rna_like	True	False	True	crucivirus_scored_rna_like	0.60346475			
Sdomain	Green	Cruci_CruCGE-944	1	0.3965527	0	False	0	False	0	False	/workspace/cruci-classifier/results/grid_esm35m_e50/Sdomain/Green/eval/test_eval_results.csv	0	0.5480888485908508	Cruci_CruCGE-944	197	197	0	0	S_domain	Cruci_CruCGE-944	Cruci_CruCGE-944|Sdomain|Green|record0	1	crucivirus	Green	Green	0.3965527	0	0	False	False	frozen_esm2_35m_head	Blue,Purple,Red,Yellow	Green	moderate_rna_like	True	False	True	crucivirus_scored_rna_like	0.6034473			
Sdomain	Blue	Ribo_ND_364448	0	0.60320973	1	False	1	False	1	False	/workspace/cruci-classifier/results/grid_esm35m_e50/Sdomain/Blue/eval/test_eval_results.csv	0	0.3950238227844238	Ribo_ND_364448	179	179	0	0	S_domain	Ribo_ND_364448	Ribo_ND_364448|Sdomain|Blue|record0	0	rna_virus	Blue	Blue	0.60320973	1	1	False	False	frozen_esm2_35m_head	Green,Purple,Red,Yellow	Blue	moderate_crucivirus_like	True	False	True	rna_virus_scored_crucivirus_like	0.60320973			
Sdomain	Yellow	Ribo_ND_025116	0	0.6029604	1	False	1	False	1	False	/workspace/cruci-classifier/results/grid_esm35m_e50/Sdomain/Yellow/eval/test_eval_results.csv	0	0.5087921023368835	Ribo_ND_025116	179	179	0	0	S_domain	Ribo_ND_025116	Ribo_ND_025116|Sdomain|Yellow|record0	0	rna_virus	Yellow	Yellow	0.6029604	1	1	False	False	frozen_esm2_35m_head	Blue,Green,Purple,Red	Yellow	moderate_crucivirus_like	True	False	True	rna_virus_scored_crucivirus_like	0.6029604			
Pdomain	Yellow	Ribo_ND_089790	0	0.60273206	1	False	1	False	1	False	/workspace/cruci-classifier/results/grid_esm35m_e50/Pdomain/Yellow/eval/test_eval_results.csv	0	0.4989717900753021	Ribo_ND_089790	150	150	0	0	P_domain	Ribo_ND_089790	Ribo_ND_089790|Pdomain|Yellow|record0	0	rna_virus	Yellow	Yellow	0.60273206	1	1	False	False	frozen_esm2_35m_head	Blue,Green,Purple,Red	Yellow	moderate_crucivirus_like	True	False	True	rna_virus_scored_crucivirus_like	0.60273206			
Rdomain	Purple	Cruci_CruV_81	1	0.39738145	0	False	0	False	0	False	/workspace/cruci-classifier/results/grid_esm35m_e50/Rdomain/Purple/eval/test_eval_results.csv	0	0.5012195110321045	Cruci_CruV_81	95	95	0	0	R_domain	Cruci_CruV_81	Cruci_CruV_81|Rdomain|Purple|record0	1	crucivirus	Purple	Purple	0.39738145	0	0	False	False	frozen_esm2_35m_head	Blue,Green,Red,Yellow	Purple	moderate_rna_like	True	False	True	crucivirus_scored_rna_like	0.60261855			
Rdomain	Yellow	Ribo_JAAOEH010002410.1	0	0.60258913	1	False	1	False	1	False	/workspace/cruci-classifier/results/grid_esm35m_e50/Rdomain/Yellow/eval/test_eval_results.csv	0	0.471052885055542	Ribo_JAAOEH010002410.1	162	162	0	0	R_domain	Ribo_JAAOEH010002410.1	Ribo_JAAOEH010002410.1|Rdomain|Yellow|record0	0	rna_virus	Yellow	Yellow	0.60258913	1	1	False	False	frozen_esm2_35m_head	Blue,Green,Purple,Red	Yellow	moderate_crucivirus_like	True	False	True	rna_virus_scored_crucivirus_like	0.60258913			
Sdomain	Yellow	Ribo_ND_030312	0	0.60226893	1	False	1	False	1	False	/workspace/cruci-classifier/results/grid_esm35m_e50/Sdomain/Yellow/eval/test_eval_results.csv	0	0.5087921023368835	Ribo_ND_030312	182	182	0	0	S_domain	Ribo_ND_030312	Ribo_ND_030312|Sdomain|Yellow|record0	0	rna_virus	Yellow	Yellow	0.60226893	1	1	False	False	frozen_esm2_35m_head	Blue,Green,Purple,Red	Yellow	moderate_crucivirus_like	True	False	True	rna_virus_scored_crucivirus_like	0.60226893			
Sdomain	Yellow	Ribo_ND_114758	0	0.6021644	1	False	1	False	1	False	/workspace/cruci-classifier/results/grid_esm35m_e50/Sdomain/Yellow/eval/test_eval_results.csv	0	0.5087921023368835	Ribo_ND_114758	185	185	0	0	S_domain	Ribo_ND_114758	Ribo_ND_114758|Sdomain|Yellow|record0	0	rna_virus	Yellow	Yellow	0.6021644	1	1	False	False	frozen_esm2_35m_head	Blue,Green,Purple,Red	Yellow	moderate_crucivirus_like	True	False	True	rna_virus_scored_crucivirus_like	0.6021644			
Pdomain	Purple	Ribo_ND_366110	0	0.6020791	1	False	1	False	1	False	/workspace/cruci-classifier/results/grid_esm35m_e50/Pdomain/Purple/eval/test_eval_results.csv	0	0.4982953071594238	Ribo_ND_366110	153	153	0	0	P_domain	Ribo_ND_366110	Ribo_ND_366110|Pdomain|Purple|record0	0	rna_virus	Purple	Purple	0.6020791	1	1	False	False	frozen_esm2_35m_head	Blue,Green,Red,Yellow	Purple	moderate_crucivirus_like	True	False	True	rna_virus_scored_crucivirus_like	0.6020791			
Sdomain	Green	Cruci_CruV-945	1	0.39801738	0	False	0	False	0	False	/workspace/cruci-classifier/results/grid_esm35m_e50/Sdomain/Green/eval/test_eval_results.csv	0	0.5480888485908508	Cruci_CruV-945	184	184	0	0	S_domain	Cruci_CruV-945	Cruci_CruV-945|Sdomain|Green|record0	1	crucivirus	Green	Green	0.39801738	0	0	False	False	frozen_esm2_35m_head	Blue,Purple,Red,Yellow	Green	moderate_rna_like	True	False	True	crucivirus_scored_rna_like	0.60198262			
Pdomain	Purple	Cruci_CruV_116	1	0.39802158	0	False	0	False	0	False	/workspace/cruci-classifier/results/grid_esm35m_e50/Pdomain/Purple/eval/test_eval_results.csv	0	0.4982953071594238	Cruci_CruV_116	153	153	0	0	P_domain	Cruci_CruV_116	Cruci_CruV_116|Pdomain|Purple|record0	1	crucivirus	Purple	Purple	0.39802158	0	0	False	False	frozen_esm2_35m_head	Blue,Green,Red,Yellow	Purple	moderate_rna_like	True	False	True	crucivirus_scored_rna_like	0.60197842			
Rdomain	Purple	Cruci_CruV_237	1	0.39803767	0	False	0	False	0	False	/workspace/cruci-classifier/results/grid_esm35m_e50/Rdomain/Purple/eval/test_eval_results.csv	0	0.5012195110321045	Cruci_CruV_237	244	244	0	0	R_domain	Cruci_CruV_237	Cruci_CruV_237|Rdomain|Purple|record0	1	crucivirus	Purple	Purple	0.39803767	0	0	False	False	frozen_esm2_35m_head	Blue,Green,Red,Yellow	Purple	moderate_rna_like	True	False	True	crucivirus_scored_rna_like	0.60196233			
Sdomain	Yellow	Ribo_ND_030655	0	0.6019592	1	False	1	False	1	False	/workspace/cruci-classifier/results/grid_esm35m_e50/Sdomain/Yellow/eval/test_eval_results.csv	0	0.5087921023368835	Ribo_ND_030655	182	182	0	0	S_domain	Ribo_ND_030655	Ribo_ND_030655|Sdomain|Yellow|record0	0	rna_virus	Yellow	Yellow	0.6019592	1	1	False	False	frozen_esm2_35m_head	Blue,Green,Purple,Red	Yellow	moderate_crucivirus_like	True	False	True	rna_virus_scored_crucivirus_like	0.6019592			
Pdomain	Blue	Ribo_ND_172658	0	0.60193163	1	False	1	False	1	False	/workspace/cruci-classifier/results/grid_esm35m_e50/Pdomain/Blue/eval/test_eval_results.csv	0	0.4954362213611603	Ribo_ND_172658	148	148	0	0	P_domain	Ribo_ND_172658	Ribo_ND_172658|Pdomain|Blue|record0	0	rna_virus	Blue	Blue	0.60193163	1	1	False	False	frozen_esm2_35m_head	Green,Purple,Red,Yellow	Blue	moderate_crucivirus_like	True	False	True	rna_virus_scored_crucivirus_like	0.60193163			
Pdomain	Purple	Cruci_CruV_202	1	0.39809448	0	False	0	False	0	False	/workspace/cruci-classifier/results/grid_esm35m_e50/Pdomain/Purple/eval/test_eval_results.csv	0	0.4982953071594238	Cruci_CruV_202	153	153	0	0	P_domain	Cruci_CruV_202	Cruci_CruV_202|Pdomain|Purple|record0	1	crucivirus	Purple	Purple	0.39809448	0	0	False	False	frozen_esm2_35m_head	Blue,Green,Red,Yellow	Purple	moderate_rna_like	True	False	True	crucivirus_scored_rna_like	0.6019055200000001			
fullCP	Yellow	Cruci_CruV-885	1	0.3982124	0	False	0	False	0	False	/workspace/cruci-classifier/results/grid_esm35m_e50/fullCP/Yellow/eval/test_eval_results.csv	0	0.4986207485198974	Cruci_CruV-885	508	508	0	0	full_capsid	Cruci_CruV-885	Cruci_CruV-885|fullCP|Yellow|record0	1	crucivirus	Yellow	Yellow	0.3982124	0	0	False	False	frozen_esm2_35m_head	Blue,Green,Purple,Red	Yellow	moderate_rna_like	True	False	True	crucivirus_scored_rna_like	0.6017876			
Pdomain	Purple	Ribo_ND_122116	0	0.60176796	1	False	1	False	1	False	/workspace/cruci-classifier/results/grid_esm35m_e50/Pdomain/Purple/eval/test_eval_results.csv	0	0.4982953071594238	Ribo_ND_122116	188	188	0	0	P_domain	Ribo_ND_122116	Ribo_ND_122116|Pdomain|Purple|record0	0	rna_virus	Purple	Purple	0.60176796	1	1	False	False	frozen_esm2_35m_head	Blue,Green,Red,Yellow	Purple	moderate_crucivirus_like	True	False	True	rna_virus_scored_crucivirus_like	0.60176796			
Sdomain	Purple	Cruci_CruV_290	1	0.39825684	0	False	0	False	0	False	/workspace/cruci-classifier/results/grid_esm35m_e50/Sdomain/Purple/eval/test_eval_results.csv	0	0.5010125041007996	Cruci_CruV_290	185	185	0	0	S_domain	Cruci_CruV_290	Cruci_CruV_290|Sdomain|Purple|record0	1	crucivirus	Purple	Purple	0.39825684	0	0	False	False	frozen_esm2_35m_head	Blue,Green,Red,Yellow	Purple	moderate_rna_like	True	False	True	crucivirus_scored_rna_like	0.60174316			
fullCP	Blue	Cruci_CruV_117	1	0.39858422	0	False	0	False	0	False	/workspace/cruci-classifier/results/grid_esm35m_e50/fullCP/Blue/eval/test_eval_results.csv	0	0.4914703667163849	Cruci_CruV_117	449	450	1	0	full_capsid	Cruci_CruV_117	Cruci_CruV_117|fullCP|Blue|record0	1	crucivirus	Blue	Blue	0.39858422	0	0	False	False	frozen_esm2_35m_head	Green,Purple,Red,Yellow	Blue	moderate_rna_like	True	False	True	crucivirus_scored_rna_like	0.60141578			
Pdomain	Red	Ribo_ND_082351	0	0.6008312	1	False	1	False	1	False	/workspace/cruci-classifier/results/grid_esm35m_e50/Pdomain/Red/eval/test_eval_results.csv	0	0.4583896696567535	Ribo_ND_082351	152	152	0	0	P_domain	Ribo_ND_082351	Ribo_ND_082351|Pdomain|Red|record0	0	rna_virus	Red	Red	0.6008312	1	1	False	False	frozen_esm2_35m_head	Blue,Green,Purple,Yellow	Red	moderate_crucivirus_like	True	False	True	rna_virus_scored_crucivirus_like	0.6008312			
Sdomain	Green	Cruci_CruV_482	1	0.39940268	0	False	0	False	0	False	/workspace/cruci-classifier/results/grid_esm35m_e50/Sdomain/Green/eval/test_eval_results.csv	0	0.5480888485908508	Cruci_CruV_482	191	191	0	0	S_domain	Cruci_CruV_482	Cruci_CruV_482|Sdomain|Green|record0	1	crucivirus	Green	Green	0.39940268	0	0	False	False	frozen_esm2_35m_head	Blue,Purple,Red,Yellow	Green	moderate_rna_like	True	False	True	crucivirus_scored_rna_like	0.60059732			
Sdomain	Red	Ribo_ND_168815	0	0.6005003	1	False	1	False	1	False	/workspace/cruci-classifier/results/grid_esm35m_e50/Sdomain/Red/eval/test_eval_results.csv	0	0.4007981121540069	Ribo_ND_168815	173	173	0	0	S_domain	Ribo_ND_168815	Ribo_ND_168815|Sdomain|Red|record0	0	rna_virus	Red	Red	0.6005003	1	1	False	False	frozen_esm2_35m_head	Blue,Green,Purple,Yellow	Red	moderate_crucivirus_like	True	False	True	rna_virus_scored_crucivirus_like	0.6005003			
Pdomain	Blue	Ribo_ND_115280	0	0.6003677	1	False	1	False	1	False	/workspace/cruci-classifier/results/grid_esm35m_e50/Pdomain/Blue/eval/test_eval_results.csv	0	0.4954362213611603	Ribo_ND_115280	173	173	0	0	P_domain	Ribo_ND_115280	Ribo_ND_115280|Pdomain|Blue|record0	0	rna_virus	Blue	Blue	0.6003677	1	1	False	False	frozen_esm2_35m_head	Green,Purple,Red,Yellow	Blue	moderate_crucivirus_like	True	False	True	rna_virus_scored_crucivirus_like	0.6003677			
Pdomain	Blue	Cruci_CruV-623	1	0.39971215	0	False	0	False	0	False	/workspace/cruci-classifier/results/grid_esm35m_e50/Pdomain/Blue/eval/test_eval_results.csv	0	0.4954362213611603	Cruci_CruV-623	165	165	0	0	P_domain	Cruci_CruV-623	Cruci_CruV-623|Pdomain|Blue|record0	1	crucivirus	Blue	Blue	0.39971215	0	0	False	False	frozen_esm2_35m_head	Green,Purple,Red,Yellow	Blue	moderate_rna_like	True	False	True	crucivirus_scored_rna_like	0.60028785			
Sdomain	Yellow	Ribo_ND_025218	0	0.6001019	1	False	1	False	1	False	/workspace/cruci-classifier/results/grid_esm35m_e50/Sdomain/Yellow/eval/test_eval_results.csv	0	0.5087921023368835	Ribo_ND_025218	182	182	0	0	S_domain	Ribo_ND_025218	Ribo_ND_025218|Sdomain|Yellow|record0	0	rna_virus	Yellow	Yellow	0.6001019	1	1	False	False	frozen_esm2_35m_head	Blue,Green,Purple,Red	Yellow	moderate_crucivirus_like	True	False	True	rna_virus_scored_crucivirus_like	0.6001019			
