sequence_id	virus_type	true_label	cluster_id	fold_id	full_capsid_score	full_capsid_prediction_0_5	full_capsid_prediction_validation_threshold	full_capsid_correct_0_5	full_capsid_correct_validation_threshold	full_capsid_length	full_capsid_score_band	full_capsid_high_confidence_discordant	full_capsid_moderate_discordant	full_capsid_record_count	R_domain_score	R_domain_prediction_0_5	R_domain_prediction_validation_threshold	R_domain_correct_0_5	R_domain_correct_validation_threshold	R_domain_length	R_domain_score_band	R_domain_high_confidence_discordant	R_domain_moderate_discordant	R_domain_record_count	S_domain_score	S_domain_prediction_0_5	S_domain_prediction_validation_threshold	S_domain_correct_0_5	S_domain_correct_validation_threshold	S_domain_length	S_domain_score_band	S_domain_high_confidence_discordant	S_domain_moderate_discordant	S_domain_record_count	P_domain_score	P_domain_prediction_0_5	P_domain_prediction_validation_threshold	P_domain_correct_0_5	P_domain_correct_validation_threshold	P_domain_length	P_domain_score_band	P_domain_high_confidence_discordant	P_domain_moderate_discordant	P_domain_record_count	full_R_score_delta	full_R_mean_score	full_R_both_high_confidence_discordant	full_R_both_moderate_discordant
Cruci_CruV_540	crucivirus	1	Blue	Blue	0.64322186	1.0	1.0	1.0	1.0	539.0	moderate_crucivirus_like	False	False	1.0	0.72792614	1.0	1.0	1.0	1.0	24.0	moderate_crucivirus_like	False	False	1.0	0.91294	1.0	1.0	1.0	1.0	198.0	strong_crucivirus_like	False	False	1.0	0.6205282	1.0	1.0	1.0	1.0	317.0	moderate_crucivirus_like	False	False	1.0	-0.08470427999999997	0.685574	False	False
Cruci_CruV-849	crucivirus	1	Blue	Blue	0.6957284	1.0	1.0	1.0	1.0	684.0	moderate_crucivirus_like	False	False	1.0	0.6197711	1.0	1.0	1.0	1.0	339.0	moderate_crucivirus_like	False	False	1.0	0.46228224	0.0	1.0	0.0	1.0	181.0	ambiguous	False	False	1.0	0.61065274	1.0	1.0	1.0	1.0	164.0	moderate_crucivirus_like	False	False	1.0	0.0759573	0.65774975	False	False
Cruci_Schm_JAMFLK010001929_circular	crucivirus	1	Blue	Blue	0.8572146	1.0	1.0	1.0	1.0	573.0	strong_crucivirus_like	False	False	1.0	0.78945357	1.0	1.0	1.0	1.0	241.0	moderate_crucivirus_like	False	False	1.0	0.7455891	1.0	1.0	1.0	1.0	181.0	moderate_crucivirus_like	False	False	1.0	0.5218351	1.0	1.0	1.0	1.0	151.0	ambiguous	False	False	1.0	0.06776103	0.823334085	False	False
Cruci_CruV_187	crucivirus	1	Blue	Blue	0.9676693	1.0	1.0	1.0	1.0	472.0	strong_crucivirus_like	False	False	1.0	0.9842345	1.0	1.0	1.0	1.0	141.0	strong_crucivirus_like	False	False	1.0	0.5893002	1.0	1.0	1.0	1.0	181.0	ambiguous	False	False	1.0	0.35322866	0.0	0.0	0.0	0.0	150.0	moderate_rna_like	False	True	1.0	-0.016565200000000058	0.9759519	False	False
Cruci_CruV_332	crucivirus	1	Blue	Blue	0.5446804	1.0	1.0	1.0	1.0	398.0	ambiguous	False	False	1.0	0.32309294	0.0	0.0	0.0	0.0	68.0	moderate_rna_like	False	True	1.0	0.81868714	1.0	1.0	1.0	1.0	181.0	strong_crucivirus_like	False	False	1.0	0.4361525	0.0	0.0	0.0	0.0	149.0	ambiguous	False	False	1.0	0.22158745999999996	0.43388667	False	False
Cruci_CruV_191	crucivirus	1	Blue	Blue	0.9613363	1.0	1.0	1.0	1.0	470.0	strong_crucivirus_like	False	False	1.0	0.99067545	1.0	1.0	1.0	1.0	141.0	strong_crucivirus_like	False	False	1.0	0.5770483	1.0	1.0	1.0	1.0	181.0	ambiguous	False	False	1.0	0.4141653	0.0	0.0	0.0	0.0	148.0	ambiguous	False	False	1.0	-0.02933914999999998	0.976005875	False	False
Cruci_Ariz_MW697566	crucivirus	1	Blue	Blue	0.97175264	1.0	1.0	1.0	1.0	546.0	strong_crucivirus_like	False	False	1.0	0.9833023	1.0	1.0	1.0	1.0	111.0	strong_crucivirus_like	False	False	1.0	0.6587738	1.0	1.0	1.0	1.0	180.0	moderate_crucivirus_like	False	False	1.0	0.5299525	1.0	1.0	1.0	1.0	255.0	ambiguous	False	False	1.0	-0.011549660000000017	0.97752747	False	False
Cruci_CruV_242	crucivirus	1	Blue	Blue	0.89552957	1.0	1.0	1.0	1.0	445.0	strong_crucivirus_like	False	False	1.0	0.9653423	1.0	1.0	1.0	1.0	117.0	strong_crucivirus_like	False	False	1.0	0.7445438	1.0	1.0	1.0	1.0	180.0	moderate_crucivirus_like	False	False	1.0	0.29756668	0.0	0.0	0.0	0.0	148.0	moderate_rna_like	False	True	1.0	-0.06981272999999999	0.930435935	False	False
Cruci_PB_KX388496	crucivirus	1	Blue	Blue	0.9701305	1.0	1.0	1.0	1.0	434.0	strong_crucivirus_like	False	False	1.0	0.966169	1.0	1.0	1.0	1.0	106.0	strong_crucivirus_like	False	False	1.0	0.5351374	1.0	1.0	1.0	1.0	180.0	ambiguous	False	False	1.0	0.36746633	0.0	0.0	0.0	0.0	148.0	moderate_rna_like	False	True	1.0	0.003961500000000062	0.96814975	False	False
Cruci_CruV_344	crucivirus	1	Blue	Blue	0.898021	1.0	1.0	1.0	1.0	445.0	strong_crucivirus_like	False	False	1.0	0.98324627	1.0	1.0	1.0	1.0	117.0	strong_crucivirus_like	False	False	1.0	0.5848611	1.0	1.0	1.0	1.0	180.0	ambiguous	False	False	1.0	0.49894103	0.0	1.0	0.0	1.0	148.0	ambiguous	False	False	1.0	-0.08522527000000002	0.940633635	False	False
Cruci_CruV_415	crucivirus	1	Blue	Blue	0.98289317	1.0	1.0	1.0	1.0	438.0	strong_crucivirus_like	False	False	1.0	0.9934082	1.0	1.0	1.0	1.0	112.0	strong_crucivirus_like	False	False	1.0	0.7061049	1.0	1.0	1.0	1.0	180.0	moderate_crucivirus_like	False	False	1.0	0.39240962	0.0	0.0	0.0	0.0	146.0	moderate_rna_like	False	True	1.0	-0.01051502999999998	0.9881506849999999	False	False
Cruci_PB_KX388498	crucivirus	1	Blue	Blue	0.9502691	1.0	1.0	1.0	1.0	435.0	strong_crucivirus_like	False	False	1.0	0.942567	1.0	1.0	1.0	1.0	105.0	strong_crucivirus_like	False	False	1.0	0.62980604	1.0	1.0	1.0	1.0	180.0	moderate_crucivirus_like	False	False	1.0	0.5533848	1.0	1.0	1.0	1.0	150.0	ambiguous	False	False	1.0	0.007702099999999934	0.94641805	False	False
Cruci_PB_KX388499	crucivirus	1	Blue	Blue	0.9502691	1.0	1.0	1.0	1.0	435.0	strong_crucivirus_like	False	False	1.0	0.942567	1.0	1.0	1.0	1.0	105.0	strong_crucivirus_like	False	False	1.0	0.62980604	1.0	1.0	1.0	1.0	180.0	moderate_crucivirus_like	False	False	1.0	0.5533848	1.0	1.0	1.0	1.0	150.0	ambiguous	False	False	1.0	0.007702099999999934	0.94641805	False	False
Cruci_PB_KX388500	crucivirus	1	Blue	Blue	0.9481039	1.0	1.0	1.0	1.0	435.0	strong_crucivirus_like	False	False	1.0	0.942567	1.0	1.0	1.0	1.0	105.0	strong_crucivirus_like	False	False	1.0	0.62980604	1.0	1.0	1.0	1.0	180.0	moderate_crucivirus_like	False	False	1.0	0.55751175	1.0	1.0	1.0	1.0	150.0	ambiguous	False	False	1.0	0.005536899999999956	0.94533545	False	False
Cruci_PB_KX388501	crucivirus	1	Blue	Blue	0.9481039	1.0	1.0	1.0	1.0	435.0	strong_crucivirus_like	False	False	1.0	0.942567	1.0	1.0	1.0	1.0	105.0	strong_crucivirus_like	False	False	1.0	0.62980604	1.0	1.0	1.0	1.0	180.0	moderate_crucivirus_like	False	False	1.0	0.55751175	1.0	1.0	1.0	1.0	150.0	ambiguous	False	False	1.0	0.005536899999999956	0.94533545	False	False
Cruci_PB_KX388497	crucivirus	1	Blue	Blue	0.9556867	1.0	1.0	1.0	1.0	445.0	strong_crucivirus_like	False	False	1.0	0.9899094	1.0	1.0	1.0	1.0	112.0	strong_crucivirus_like	False	False	1.0	0.7204777	1.0	1.0	1.0	1.0	180.0	moderate_crucivirus_like	False	False	1.0	0.3685792	0.0	0.0	0.0	0.0	153.0	moderate_rna_like	False	True	1.0	-0.03422270000000005	0.97279805	False	False
Cruci_CruV_395	crucivirus	1	Blue	Blue	0.7603069	1.0	1.0	1.0	1.0	406.0	moderate_crucivirus_like	False	False	1.0	0.7321824	1.0	1.0	1.0	1.0	77.0	moderate_crucivirus_like	False	False	1.0	0.5681857	1.0	1.0	1.0	1.0	180.0	ambiguous	False	False	1.0	0.5262162	1.0	1.0	1.0	1.0	149.0	ambiguous	False	False	1.0	0.028124499999999997	0.74624465	False	False
Cruci_CruV_349	crucivirus	1	Blue	Blue	0.9773196	1.0	1.0	1.0	1.0	431.0	strong_crucivirus_like	False	False	1.0	0.98953	1.0	1.0	1.0	1.0	98.0	strong_crucivirus_like	False	False	1.0	0.6566304	1.0	1.0	1.0	1.0	180.0	moderate_crucivirus_like	False	False	1.0	0.51449186	1.0	1.0	1.0	1.0	153.0	ambiguous	False	False	1.0	-0.012210400000000066	0.9834248	False	False
Cruci_CruV_353	crucivirus	1	Blue	Blue	0.9773196	1.0	1.0	1.0	1.0	431.0	strong_crucivirus_like	False	False	1.0	0.98953	1.0	1.0	1.0	1.0	98.0	strong_crucivirus_like	False	False	1.0	0.6566304	1.0	1.0	1.0	1.0	180.0	moderate_crucivirus_like	False	False	1.0	0.51449186	1.0	1.0	1.0	1.0	153.0	ambiguous	False	False	1.0	-0.012210400000000066	0.9834248	False	False
Cruci_CruV_398	crucivirus	1	Blue	Blue	0.695232	1.0	1.0	1.0	1.0	432.0	moderate_crucivirus_like	False	False	1.0	0.93411297	1.0	1.0	1.0	1.0	101.0	strong_crucivirus_like	False	False	1.0	0.59713024	1.0	1.0	1.0	1.0	180.0	ambiguous	False	False	1.0	0.67037135	1.0	1.0	1.0	1.0	151.0	moderate_crucivirus_like	False	False	1.0	-0.23888097000000008	0.814672485	False	False
Cruci_CruV_334	crucivirus	1	Blue	Blue	0.78088117	1.0	1.0	1.0	1.0	425.0	moderate_crucivirus_like	False	False	1.0	0.82396084	1.0	1.0	1.0	1.0	99.0	strong_crucivirus_like	False	False	1.0	0.7569968	1.0	1.0	1.0	1.0	180.0	moderate_crucivirus_like	False	False	1.0	0.40932316	0.0	0.0	0.0	0.0	146.0	ambiguous	False	False	1.0	-0.043079670000000014	0.802421005	False	False
Cruci_CruV_352	crucivirus	1	Blue	Blue	0.53107125	1.0	1.0	1.0	1.0	422.0	ambiguous	False	False	1.0	0.5063159	1.0	1.0	1.0	1.0	96.0	ambiguous	False	False	1.0	0.58190763	1.0	1.0	1.0	1.0	180.0	ambiguous	False	False	1.0	0.56148887	1.0	1.0	1.0	1.0	146.0	ambiguous	False	False	1.0	0.024755349999999954	0.518693575	False	False
Cruci_Ariz_MW697567	crucivirus	1	Blue	Blue	0.95053464	1.0	1.0	1.0	1.0	447.0	strong_crucivirus_like	False	False	1.0	0.9462631	1.0	1.0	1.0	1.0	120.0	strong_crucivirus_like	False	False	1.0	0.6909605	1.0	1.0	1.0	1.0	180.0	moderate_crucivirus_like	False	False	1.0	0.6804042	1.0	1.0	1.0	1.0	147.0	moderate_crucivirus_like	False	False	1.0	0.004271539999999963	0.94839887	False	False
Ribo_ND_091979	rna_virus	0	Blue	Blue	0.18583168	0.0	0.0	1.0	1.0	441.0	strong_rna_like	False	False	1.0	0.37043452	0.0	0.0	1.0	1.0	97.0	moderate_rna_like	False	False	1.0	0.371038	0.0	0.0	1.0	1.0	181.0	moderate_rna_like	False	False	1.0	0.75836295	1.0	1.0	0.0	0.0	163.0	moderate_crucivirus_like	False	True	1.0	-0.18460284	0.2781331	False	False
Cruci_CruV_403	crucivirus	1	Blue	Blue	0.37854552	0.0	0.0	0.0	0.0	523.0	moderate_rna_like	False	True	1.0	0.56951505	1.0	1.0	1.0	1.0	186.0	ambiguous	False	False	1.0	0.5670309	1.0	1.0	1.0	1.0	183.0	ambiguous	False	False	1.0	0.5877249	1.0	1.0	1.0	1.0	154.0	ambiguous	False	False	1.0	-0.19096953	0.474030285	False	False
Cruci_CruV-764	crucivirus	1	Blue	Blue	0.6770443	1.0	1.0	1.0	1.0	462.0	moderate_crucivirus_like	False	False	1.0	0.9382072	1.0	1.0	1.0	1.0	125.0	strong_crucivirus_like	False	False	1.0	0.78685415	1.0	1.0	1.0	1.0	183.0	moderate_crucivirus_like	False	False	1.0	0.6210238	1.0	1.0	1.0	1.0	154.0	moderate_crucivirus_like	False	False	1.0	-0.2611629	0.80762575	False	False
Cruci_PSU_CruV-239	crucivirus	1	Blue	Blue	0.63628006	1.0	1.0	1.0	1.0	353.0	moderate_crucivirus_like	False	False	1.0	0.62341344	1.0	1.0	1.0	1.0	16.0	moderate_crucivirus_like	False	False	1.0	0.78166854	1.0	1.0	1.0	1.0	183.0	moderate_crucivirus_like	False	False	1.0	0.63651603	1.0	1.0	1.0	1.0	154.0	moderate_crucivirus_like	False	False	1.0	0.01286662000000005	0.62984675	False	False
Cruci_CruV_366	crucivirus	1	Blue	Blue	0.6283343	1.0	1.0	1.0	1.0	458.0	moderate_crucivirus_like	False	False	1.0	0.88776493	1.0	1.0	1.0	1.0	121.0	strong_crucivirus_like	False	False	1.0	0.7409177	1.0	1.0	1.0	1.0	183.0	moderate_crucivirus_like	False	False	1.0	0.5951294	1.0	1.0	1.0	1.0	154.0	ambiguous	False	False	1.0	-0.25943063	0.758049615	False	False
Ribo_JAAOEH010001751.1	rna_virus	0	Blue	Blue	0.20238079	0.0	0.0	1.0	1.0	412.0	moderate_rna_like	False	False	1.0	0.27184623	0.0	0.0	1.0	1.0	79.0	moderate_rna_like	False	False	1.0	0.4449336	0.0	1.0	1.0	0.0	183.0	ambiguous	False	False	1.0	0.4951284	0.0	0.0	1.0	1.0	150.0	ambiguous	False	False	1.0	-0.06946544000000002	0.23711351000000003	False	False
Cruci_CruV_425	crucivirus	1	Blue	Blue	0.73024213	1.0	1.0	1.0	1.0	436.0	moderate_crucivirus_like	False	False	1.0	0.8921541	1.0	1.0	1.0	1.0	95.0	strong_crucivirus_like	False	False	1.0	0.31205407	0.0	0.0	0.0	0.0	183.0	moderate_rna_like	False	True	1.0	0.5122574	1.0	1.0	1.0	1.0	158.0	ambiguous	False	False	1.0	-0.1619119699999999	0.811198115	False	False
Ribo_ND_162083	rna_virus	0	Blue	Blue	0.025242537	0.0	0.0	1.0	1.0	465.0	strong_rna_like	False	False	1.0	0.017475236	0.0	0.0	1.0	1.0	119.0	strong_rna_like	False	False	1.0	0.65100324	1.0	1.0	0.0	0.0	185.0	moderate_crucivirus_like	False	True	1.0	0.44110525	0.0	0.0	1.0	1.0	161.0	ambiguous	False	False	1.0	0.007767300999999997	0.0213588865	False	False
Cruci_CruV_96	crucivirus	1	Blue	Blue	0.9807983	1.0	1.0	1.0	1.0	462.0	strong_crucivirus_like	False	False	1.0	0.9848118	1.0	1.0	1.0	1.0	129.0	strong_crucivirus_like	False	False	1.0	0.9118634	1.0	1.0	1.0	1.0	181.0	strong_crucivirus_like	False	False	1.0	0.635731	1.0	1.0	1.0	1.0	152.0	moderate_crucivirus_like	False	False	1.0	-0.004013500000000003	0.9828050500000001	False	False
Cruci_PB_KX388495	crucivirus	1	Blue	Blue	0.8379127	1.0	1.0	1.0	1.0	426.0	strong_crucivirus_like	False	False	1.0	0.89303946	1.0	1.0	1.0	1.0	91.0	strong_crucivirus_like	False	False	1.0	0.9304078	1.0	1.0	1.0	1.0	181.0	strong_crucivirus_like	False	False	1.0	0.51929814	1.0	1.0	1.0	1.0	154.0	ambiguous	False	False	1.0	-0.05512676000000005	0.86547608	False	False
Cruci_CruV_176	crucivirus	1	Blue	Blue	0.565174	1.0	1.0	1.0	1.0	437.0	ambiguous	False	False	1.0	0.5778622	1.0	1.0	1.0	1.0	104.0	ambiguous	False	False	1.0	0.8886414	1.0	1.0	1.0	1.0	181.0	strong_crucivirus_like	False	False	1.0	0.74123746	1.0	1.0	1.0	1.0	152.0	moderate_crucivirus_like	False	False	1.0	-0.012688200000000038	0.5715181	False	False
Cruci_CruV_393	crucivirus	1	Blue	Blue	0.84266686	1.0	1.0	1.0	1.0	539.0	strong_crucivirus_like	False	False	1.0	0.87906605	1.0	1.0	1.0	1.0	105.0	strong_crucivirus_like	False	False	1.0	0.760741	1.0	1.0	1.0	1.0	179.0	moderate_crucivirus_like	False	False	1.0	0.4954783	0.0	1.0	0.0	1.0	255.0	ambiguous	False	False	1.0	-0.036399190000000026	0.860866455	False	False
Cruci_CruV_350	crucivirus	1	Blue	Blue	0.9815554	1.0	1.0	1.0	1.0	536.0	strong_crucivirus_like	False	False	1.0	0.9816991	1.0	1.0	1.0	1.0	122.0	strong_crucivirus_like	False	False	1.0	0.8382407	1.0	1.0	1.0	1.0	180.0	strong_crucivirus_like	False	False	1.0	0.86469007	1.0	1.0	1.0	1.0	234.0	strong_crucivirus_like	False	False	1.0	-0.00014370000000007987	0.9816272500000001	False	False
Cruci_CruV_356	crucivirus	1	Blue	Blue	0.9353526	1.0	1.0	1.0	1.0	491.0	strong_crucivirus_like	False	False	1.0	0.9764872	1.0	1.0	1.0	1.0	141.0	strong_crucivirus_like	False	False	1.0	0.6311142	1.0	1.0	1.0	1.0	186.0	moderate_crucivirus_like	False	False	1.0	0.48424426	0.0	0.0	0.0	0.0	164.0	ambiguous	False	False	1.0	-0.04113460000000002	0.9559199	False	False
Cruci_CruV-658	crucivirus	1	Blue	Blue	0.58804727	1.0	1.0	1.0	1.0	475.0	ambiguous	False	False	1.0	0.8609379	1.0	1.0	1.0	1.0	126.0	strong_crucivirus_like	False	False	1.0	0.5430224	1.0	1.0	1.0	1.0	181.0	ambiguous	False	False	1.0	0.36726132	0.0	0.0	0.0	0.0	168.0	moderate_rna_like	False	True	1.0	-0.27289063	0.724492585	False	False
Cruci_CruV-626	crucivirus	1	Blue	Blue	0.90504	1.0	1.0	1.0	1.0	470.0	strong_crucivirus_like	False	False	1.0	0.91963136	1.0	1.0	1.0	1.0	116.0	strong_crucivirus_like	False	False	1.0	0.6164101	1.0	1.0	1.0	1.0	181.0	moderate_crucivirus_like	False	False	1.0	0.55653006	1.0	1.0	1.0	1.0	173.0	ambiguous	False	False	1.0	-0.014591360000000053	0.91233568	False	False
Cruci_CruV-576	crucivirus	1	Blue	Blue	0.94553596	1.0	1.0	1.0	1.0	460.0	strong_crucivirus_like	False	False	1.0	0.96973866	1.0	1.0	1.0	1.0	120.0	strong_crucivirus_like	False	False	1.0	0.45660627	0.0	1.0	0.0	1.0	181.0	ambiguous	False	False	1.0	0.4911784	0.0	0.0	0.0	0.0	159.0	ambiguous	False	False	1.0	-0.02420270000000002	0.95763731	False	False
Cruci_CruV-681	crucivirus	1	Blue	Blue	0.9934509	1.0	1.0	1.0	1.0	472.0	strong_crucivirus_like	False	False	1.0	0.99544	1.0	1.0	1.0	1.0	134.0	strong_crucivirus_like	False	False	1.0	0.72571284	1.0	1.0	1.0	1.0	179.0	moderate_crucivirus_like	False	False	1.0	0.476047	0.0	0.0	0.0	0.0	159.0	ambiguous	False	False	1.0	-0.001989099999999966	0.99444545	False	False
Cruci_CruV-567	crucivirus	1	Blue	Blue	0.85795546	1.0	1.0	1.0	1.0	460.0	strong_crucivirus_like	False	False	1.0	0.9519188	1.0	1.0	1.0	1.0	115.0	strong_crucivirus_like	False	False	1.0	0.829022	1.0	1.0	1.0	1.0	181.0	strong_crucivirus_like	False	False	1.0	0.30969304	0.0	0.0	0.0	0.0	164.0	moderate_rna_like	False	True	1.0	-0.09396333999999995	0.90493713	False	False
Cruci_CruV_87	crucivirus	1	Blue	Blue	0.43078914	0.0	0.0	0.0	0.0	459.0	ambiguous	False	False	1.0	0.7137454	1.0	1.0	1.0	1.0	130.0	moderate_crucivirus_like	False	False	1.0	0.8142049	1.0	1.0	1.0	1.0	180.0	strong_crucivirus_like	False	False	1.0	0.33747545	0.0	0.0	0.0	0.0	149.0	moderate_rna_like	False	True	1.0	-0.28295625999999996	0.57226727	False	False
Cruci_CruV-603	crucivirus	1	Blue	Blue	0.8239805	1.0	1.0	1.0	1.0	439.0	strong_crucivirus_like	False	False	1.0	0.9152199	1.0	1.0	1.0	1.0	111.0	strong_crucivirus_like	False	False	1.0	0.77877593	1.0	1.0	1.0	1.0	180.0	moderate_crucivirus_like	False	False	1.0	0.6311009	1.0	1.0	1.0	1.0	148.0	moderate_crucivirus_like	False	False	1.0	-0.09123939999999997	0.8696002	False	False
Cruci_CruV_145	crucivirus	1	Blue	Blue	0.9900005	1.0	1.0	1.0	1.0	458.0	strong_crucivirus_like	False	False	1.0	0.9969997	1.0	1.0	1.0	1.0	129.0	strong_crucivirus_like	False	False	1.0	0.77477074	1.0	1.0	1.0	1.0	180.0	moderate_crucivirus_like	False	False	1.0	0.24022605	0.0	0.0	0.0	0.0	149.0	moderate_rna_like	False	True	1.0	-0.006999200000000094	0.9935001	False	False
Cruci_CruV-701	crucivirus	1	Blue	Blue	0.84293836	1.0	1.0	1.0	1.0	436.0	strong_crucivirus_like	False	False	1.0	0.95896643	1.0	1.0	1.0	1.0	109.0	strong_crucivirus_like	False	False	1.0	0.59022325	1.0	1.0	1.0	1.0	180.0	ambiguous	False	False	1.0	0.36110914	0.0	0.0	0.0	0.0	147.0	moderate_rna_like	False	True	1.0	-0.11602807000000004	0.900952395	False	False
Cruci_CruV-702	crucivirus	1	Blue	Blue	0.84293836	1.0	1.0	1.0	1.0	436.0	strong_crucivirus_like	False	False	1.0	0.95896643	1.0	1.0	1.0	1.0	109.0	strong_crucivirus_like	False	False	1.0	0.59022325	1.0	1.0	1.0	1.0	180.0	ambiguous	False	False	1.0	0.36110914	0.0	0.0	0.0	0.0	147.0	moderate_rna_like	False	True	1.0	-0.11602807000000004	0.900952395	False	False
Cruci_CruV_161	crucivirus	1	Blue	Blue	0.76635224	1.0	1.0	1.0	1.0	459.0	moderate_crucivirus_like	False	False	1.0	0.82901937	1.0	1.0	1.0	1.0	136.0	strong_crucivirus_like	False	False	1.0	0.7682179	1.0	1.0	1.0	1.0	179.0	moderate_crucivirus_like	False	False	1.0	0.19167665	0.0	0.0	0.0	0.0	144.0	strong_rna_like	True	True	1.0	-0.06266713000000002	0.797685805	False	False
Cruci_CruV-672	crucivirus	1	Blue	Blue	0.94263405	1.0	1.0	1.0	1.0	458.0	strong_crucivirus_like	False	False	1.0	0.9421744	1.0	1.0	1.0	1.0	133.0	strong_crucivirus_like	False	False	1.0	0.71422714	1.0	1.0	1.0	1.0	180.0	moderate_crucivirus_like	False	False	1.0	0.2863506	0.0	0.0	0.0	0.0	145.0	moderate_rna_like	False	True	1.0	0.00045965000000003364	0.942404225	False	False
Cruci_CruV-637	crucivirus	1	Blue	Blue	0.8288442	1.0	1.0	1.0	1.0	452.0	strong_crucivirus_like	False	False	1.0	0.863174	1.0	1.0	1.0	1.0	126.0	strong_crucivirus_like	False	False	1.0	0.7460055	1.0	1.0	1.0	1.0	178.0	moderate_crucivirus_like	False	False	1.0	0.45319223	0.0	0.0	0.0	0.0	148.0	ambiguous	False	False	1.0	-0.034329799999999966	0.8460091000000001	False	False
Cruci_CruV-621	crucivirus	1	Blue	Blue	0.7148895	1.0	1.0	1.0	1.0	452.0	moderate_crucivirus_like	False	False	1.0	0.96107	1.0	1.0	1.0	1.0	123.0	strong_crucivirus_like	False	False	1.0	0.65947884	1.0	1.0	1.0	1.0	178.0	moderate_crucivirus_like	False	False	1.0	0.36601207	0.0	0.0	0.0	0.0	151.0	moderate_rna_like	False	True	1.0	-0.24618050000000002	0.8379797499999999	False	False
Cruci_CruV-674	crucivirus	1	Blue	Blue	0.5162104	1.0	1.0	1.0	1.0	477.0	ambiguous	False	False	1.0	0.87377965	1.0	1.0	1.0	1.0	151.0	strong_crucivirus_like	False	False	1.0	0.55803925	1.0	1.0	1.0	1.0	178.0	ambiguous	False	False	1.0	0.46845633	0.0	0.0	0.0	0.0	148.0	ambiguous	False	False	1.0	-0.35756925000000006	0.694995025	False	False
Cruci_CruV-629	crucivirus	1	Blue	Blue	0.721716	1.0	1.0	1.0	1.0	442.0	moderate_crucivirus_like	False	False	1.0	0.8664121	1.0	1.0	1.0	1.0	116.0	strong_crucivirus_like	False	False	1.0	0.74312884	1.0	1.0	1.0	1.0	176.0	moderate_crucivirus_like	False	False	1.0	0.41412324	0.0	0.0	0.0	0.0	150.0	ambiguous	False	False	1.0	-0.1446961	0.79406405	False	False
Cruci_CruV-630	crucivirus	1	Blue	Blue	0.721716	1.0	1.0	1.0	1.0	442.0	moderate_crucivirus_like	False	False	1.0	0.8664121	1.0	1.0	1.0	1.0	116.0	strong_crucivirus_like	False	False	1.0	0.74312884	1.0	1.0	1.0	1.0	176.0	moderate_crucivirus_like	False	False	1.0	0.41412324	0.0	0.0	0.0	0.0	150.0	ambiguous	False	False	1.0	-0.1446961	0.79406405	False	False
Cruci_Ariz_MW697543	crucivirus	1	Blue	Blue	0.8273115	1.0	1.0	1.0	1.0	433.0	strong_crucivirus_like	False	False	1.0	0.8654115	1.0	1.0	1.0	1.0	105.0	strong_crucivirus_like	False	False	1.0	0.8210398	1.0	1.0	1.0	1.0	179.0	strong_crucivirus_like	False	False	1.0	0.57691175	1.0	1.0	1.0	1.0	149.0	ambiguous	False	False	1.0	-0.03810000000000002	0.8463615	False	False
Cruci_CruV_784	crucivirus	1	Blue	Blue	0.9772181	1.0	1.0	1.0	1.0	453.0	strong_crucivirus_like	False	False	1.0	0.96600837	1.0	1.0	1.0	1.0	122.0	strong_crucivirus_like	False	False	1.0	0.74101603	1.0	1.0	1.0	1.0	183.0	moderate_crucivirus_like	False	False	1.0	0.30096632	0.0	0.0	0.0	0.0	148.0	moderate_rna_like	False	True	1.0	0.011209730000000029	0.971613235	False	False
Ribo_ND_215238	rna_virus	0	Blue	Blue	0.6270575	1.0	1.0	0.0	0.0	436.0	moderate_crucivirus_like	False	True	1.0	0.43951243	0.0	0.0	1.0	1.0	107.0	ambiguous	False	False	1.0	0.72528255	1.0	1.0	0.0	0.0	183.0	moderate_crucivirus_like	False	True	1.0	0.58258355	1.0	1.0	0.0	0.0	146.0	ambiguous	False	False	1.0	0.18754507000000004	0.533284965	False	False
Cruci_PB_KX388504	crucivirus	1	Blue	Blue	0.9107275	1.0	1.0	1.0	1.0	455.0	strong_crucivirus_like	False	False	1.0	0.90292096	1.0	1.0	1.0	1.0	109.0	strong_crucivirus_like	False	False	1.0	0.7415857	1.0	1.0	1.0	1.0	190.0	moderate_crucivirus_like	False	False	1.0	0.50139564	1.0	1.0	1.0	1.0	156.0	ambiguous	False	False	1.0	0.0078065400000000285	0.90682423	False	False
Cruci_CruV-585	crucivirus	1	Blue	Blue	0.8006055	1.0	1.0	1.0	1.0	439.0	strong_crucivirus_like	False	False	1.0	0.7293086	1.0	1.0	1.0	1.0	105.0	moderate_crucivirus_like	False	False	1.0	0.8514486	1.0	1.0	1.0	1.0	184.0	strong_crucivirus_like	False	False	1.0	0.45512167	0.0	0.0	0.0	0.0	150.0	ambiguous	False	False	1.0	0.0712969	0.76495705	False	False
Cruci_CruV_731	crucivirus	1	Blue	Blue	0.7948291	1.0	1.0	1.0	1.0	464.0	moderate_crucivirus_like	False	False	1.0	0.98031956	1.0	1.0	1.0	1.0	136.0	strong_crucivirus_like	False	False	1.0	0.41102314	0.0	1.0	0.0	1.0	179.0	ambiguous	False	False	1.0	0.530236	1.0	1.0	1.0	1.0	149.0	ambiguous	False	False	1.0	-0.18549046000000002	0.88757433	False	False
Cruci_CruV_214	crucivirus	1	Blue	Blue	0.9610916	1.0	1.0	1.0	1.0	564.0	strong_crucivirus_like	False	False	1.0	0.96434903	1.0	1.0	1.0	1.0	113.0	strong_crucivirus_like	False	False	1.0	0.60278416	1.0	1.0	1.0	1.0	180.0	moderate_crucivirus_like	False	False	1.0	0.54029256	1.0	1.0	1.0	1.0	271.0	ambiguous	False	False	1.0	-0.0032574300000000056	0.9627203150000001	False	False
Cruci_CruV_369	crucivirus	1	Blue	Blue	0.939209	1.0	1.0	1.0	1.0	536.0	strong_crucivirus_like	False	False	1.0	0.94069886	1.0	1.0	1.0	1.0	102.0	strong_crucivirus_like	False	False	1.0	0.68051505	1.0	1.0	1.0	1.0	180.0	moderate_crucivirus_like	False	False	1.0	0.59081644	1.0	1.0	1.0	1.0	254.0	ambiguous	False	False	1.0	-0.001489860000000065	0.9399539299999999	False	False
Cruci_CruV-685	crucivirus	1	Blue	Blue	0.94209903	1.0	1.0	1.0	1.0	542.0	strong_crucivirus_like	False	False	1.0	0.862993	1.0	1.0	1.0	1.0	110.0	strong_crucivirus_like	False	False	1.0	0.88414454	1.0	1.0	1.0	1.0	180.0	strong_crucivirus_like	False	False	1.0	0.5974467	1.0	1.0	1.0	1.0	252.0	ambiguous	False	False	1.0	0.07910602999999994	0.902546015	False	False
Cruci_CruV_189	crucivirus	1	Blue	Blue	0.7189751	1.0	1.0	1.0	1.0	514.0	moderate_crucivirus_like	False	False	1.0	0.71789604	1.0	1.0	1.0	1.0	85.0	moderate_crucivirus_like	False	False	1.0	0.73298454	1.0	1.0	1.0	1.0	180.0	moderate_crucivirus_like	False	False	1.0	0.5325708	1.0	1.0	1.0	1.0	249.0	ambiguous	False	False	1.0	0.0010790600000000206	0.71843557	False	False
Cruci_CruV-619	crucivirus	1	Blue	Blue	0.5449507	1.0	1.0	1.0	1.0	419.0	ambiguous	False	False	1.0	0.42244276	0.0	0.0	0.0	0.0	88.0	ambiguous	False	False	1.0	0.8964541	1.0	1.0	1.0	1.0	184.0	strong_crucivirus_like	False	False	1.0	0.44390896	0.0	0.0	0.0	0.0	147.0	ambiguous	False	False	1.0	0.12250794000000004	0.48369673	False	False
Ribo_ND_251225	rna_virus	0	Blue	Blue	0.24970305	0.0	0.0	1.0	1.0	451.0	moderate_rna_like	False	False	1.0	0.18613093	0.0	0.0	1.0	1.0	127.0	strong_rna_like	False	False	1.0	0.5753898	1.0	1.0	0.0	0.0	180.0	ambiguous	False	False	1.0	0.5659036	1.0	1.0	0.0	0.0	144.0	ambiguous	False	False	1.0	0.06357212000000001	0.21791699	False	False
Cruci_CruV_317	crucivirus	1	Blue	Blue	0.78837043	1.0	1.0	1.0	1.0	430.0	moderate_crucivirus_like	False	False	1.0	0.82055664	1.0	1.0	1.0	1.0	96.0	strong_crucivirus_like	False	False	1.0	0.7644001	1.0	1.0	1.0	1.0	181.0	moderate_crucivirus_like	False	False	1.0	0.84166986	1.0	1.0	1.0	1.0	153.0	strong_crucivirus_like	False	False	1.0	-0.03218620999999999	0.804463535	False	False
Cruci_CruV_337	crucivirus	1	Blue	Blue	0.84247154	1.0	1.0	1.0	1.0	458.0	strong_crucivirus_like	False	False	1.0	0.9610383	1.0	1.0	1.0	1.0	130.0	strong_crucivirus_like	False	False	1.0	0.80048114	1.0	1.0	1.0	1.0	181.0	strong_crucivirus_like	False	False	1.0	0.52159923	1.0	1.0	1.0	1.0	147.0	ambiguous	False	False	1.0	-0.11856676	0.90175492	False	False
Cruci_CruV_259	crucivirus	1	Blue	Blue	0.4890176	0.0	0.0	0.0	0.0	443.0	ambiguous	False	False	1.0	0.34528995	0.0	0.0	0.0	0.0	115.0	moderate_rna_like	False	True	1.0	0.8923461	1.0	1.0	1.0	1.0	181.0	strong_crucivirus_like	False	False	1.0	0.4557008	0.0	0.0	0.0	0.0	147.0	ambiguous	False	False	1.0	0.14372764999999998	0.417153775	False	False
Cruci_CruV-697	crucivirus	1	Blue	Blue	0.66126084	1.0	1.0	1.0	1.0	333.0	moderate_crucivirus_like	False	False	1.0	0.6504946	1.0	1.0	1.0	1.0	5.0	moderate_crucivirus_like	False	False	1.0	0.8923461	1.0	1.0	1.0	1.0	181.0	strong_crucivirus_like	False	False	1.0	0.4557008	0.0	0.0	0.0	0.0	147.0	ambiguous	False	False	1.0	0.010766239999999927	0.65587772	False	False
Cruci_CruV_113	crucivirus	1	Blue	Blue	0.87200075	1.0	1.0	1.0	1.0	430.0	strong_crucivirus_like	False	False	1.0	0.8907519	1.0	1.0	1.0	1.0	86.0	strong_crucivirus_like	False	False	1.0	0.8130989	1.0	1.0	1.0	1.0	180.0	strong_crucivirus_like	False	False	1.0	0.37451732	0.0	0.0	0.0	0.0	164.0	moderate_rna_like	False	True	1.0	-0.01875115000000005	0.881376325	False	False
Ribo_ND_025058	rna_virus	0	Blue	Blue	0.2157469	0.0	0.0	1.0	1.0	418.0	moderate_rna_like	False	False	1.0	0.40868405	0.0	0.0	1.0	1.0	78.0	ambiguous	False	False	1.0	0.4024369	0.0	1.0	1.0	0.0	179.0	ambiguous	False	False	1.0	0.6265906	1.0	1.0	0.0	0.0	161.0	moderate_crucivirus_like	False	True	1.0	-0.19293715000000003	0.312215475	False	False
Ribo_ND_089888	rna_virus	0	Blue	Blue	0.47325754	0.0	0.0	1.0	1.0	385.0	ambiguous	False	False	1.0	0.43334332	0.0	0.0	1.0	1.0	45.0	ambiguous	False	False	1.0	0.4132176	0.0	1.0	1.0	0.0	179.0	ambiguous	False	False	1.0	0.5753068	1.0	1.0	0.0	0.0	161.0	ambiguous	False	False	1.0	0.03991422	0.45330043	False	False
Ribo_ND_025223	rna_virus	0	Blue	Blue	0.13131207	0.0	0.0	1.0	1.0	418.0	strong_rna_like	False	False	1.0	0.16732998	0.0	0.0	1.0	1.0	82.0	strong_rna_like	False	False	1.0	0.28274325	0.0	0.0	1.0	1.0	179.0	moderate_rna_like	False	False	1.0	0.76418346	1.0	1.0	0.0	0.0	157.0	moderate_crucivirus_like	False	True	1.0	-0.036017909999999986	0.149321025	False	False
Ribo_ND_028994	rna_virus	0	Blue	Blue	0.28233424	0.0	0.0	1.0	1.0	406.0	moderate_rna_like	False	False	1.0	0.3853516	0.0	0.0	1.0	1.0	83.0	moderate_rna_like	False	False	1.0	0.3364685	0.0	0.0	1.0	1.0	179.0	moderate_rna_like	False	False	1.0	0.55757743	1.0	1.0	0.0	0.0	144.0	ambiguous	False	False	1.0	-0.10301736	0.33384292000000004	False	False
Ribo_ND_250998	rna_virus	0	Blue	Blue	0.08232354	0.0	0.0	1.0	1.0	422.0	strong_rna_like	False	False	1.0	0.1921094	0.0	0.0	1.0	1.0	90.0	strong_rna_like	False	False	1.0	0.3010213	0.0	0.0	1.0	1.0	179.0	moderate_rna_like	False	False	1.0	0.63289946	1.0	1.0	0.0	0.0	153.0	moderate_crucivirus_like	False	True	1.0	-0.10978586000000001	0.13721647	False	False
Ribo_ND_043347	rna_virus	0	Blue	Blue	0.21758483	0.0	0.0	1.0	1.0	408.0	moderate_rna_like	False	False	1.0	0.28567672	0.0	0.0	1.0	1.0	77.0	moderate_rna_like	False	False	1.0	0.30365282	0.0	0.0	1.0	1.0	179.0	moderate_rna_like	False	False	1.0	0.61080366	1.0	1.0	0.0	0.0	152.0	moderate_crucivirus_like	False	True	1.0	-0.06809188999999999	0.251630775	False	False
Ribo_ND_166662	rna_virus	0	Blue	Blue	0.18729505	0.0	0.0	1.0	1.0	406.0	strong_rna_like	False	False	1.0	0.16242762	0.0	0.0	1.0	1.0	76.0	strong_rna_like	False	False	1.0	0.32799062	0.0	0.0	1.0	1.0	179.0	moderate_rna_like	False	False	1.0	0.49377826	0.0	0.0	1.0	1.0	151.0	ambiguous	False	False	1.0	0.024867429999999996	0.174861335	False	False
Ribo_ND_166546	rna_virus	0	Blue	Blue	0.2168321	0.0	0.0	1.0	1.0	404.0	moderate_rna_like	False	False	1.0	0.11393069	0.0	0.0	1.0	1.0	77.0	strong_rna_like	False	False	1.0	0.47331125	0.0	1.0	1.0	0.0	179.0	ambiguous	False	False	1.0	0.84424746	1.0	1.0	0.0	0.0	148.0	strong_crucivirus_like	True	True	1.0	0.10290141	0.165381395	False	False
Ribo_ND_085733	rna_virus	0	Blue	Blue	0.26676965	0.0	0.0	1.0	1.0	344.0	moderate_rna_like	False	False	1.0	0.14287876	0.0	0.0	1.0	1.0	70.0	strong_rna_like	False	False	1.0	0.7307747	1.0	1.0	0.0	0.0	179.0	moderate_crucivirus_like	False	True	1.0	0.483045	0.0	0.0	1.0	1.0	95.0	ambiguous	False	False	1.0	0.12389089000000003	0.204824205	False	False
Ribo_ND_249648	rna_virus	0	Blue	Blue	0.20719661	0.0	0.0	1.0	1.0	430.0	moderate_rna_like	False	False	1.0	0.36494708	0.0	0.0	1.0	1.0	91.0	moderate_rna_like	False	False	1.0	0.46436742	0.0	1.0	1.0	0.0	179.0	ambiguous	False	False	1.0	0.8793555	1.0	1.0	0.0	0.0	160.0	strong_crucivirus_like	True	True	1.0	-0.15775046999999998	0.286071845	False	False
Ribo_ND_090381	rna_virus	0	Blue	Blue	0.25507703	0.0	0.0	1.0	1.0	410.0	moderate_rna_like	False	False	1.0	0.25546739	0.0	0.0	1.0	1.0	79.0	moderate_rna_like	False	False	1.0	0.49943808	0.0	1.0	1.0	0.0	179.0	ambiguous	False	False	1.0	0.7718155	1.0	1.0	0.0	0.0	152.0	moderate_crucivirus_like	False	True	1.0	-0.000390360000000034	0.25527221	False	False
Ribo_ND_187940	rna_virus	0	Blue	Blue	0.15207356	0.0	0.0	1.0	1.0	408.0	strong_rna_like	False	False	1.0	0.2423938	0.0	0.0	1.0	1.0	80.0	moderate_rna_like	False	False	1.0	0.41239628	0.0	1.0	1.0	0.0	179.0	ambiguous	False	False	1.0	0.68784666	1.0	1.0	0.0	0.0	149.0	moderate_crucivirus_like	False	True	1.0	-0.09032024	0.19723368	False	False
Ribo_ND_160106	rna_virus	0	Blue	Blue	0.06869312	0.0	0.0	1.0	1.0	406.0	strong_rna_like	False	False	1.0	0.13865857	0.0	0.0	1.0	1.0	73.0	strong_rna_like	False	False	1.0	0.57464004	1.0	1.0	0.0	0.0	179.0	ambiguous	False	False	1.0	0.7015536	1.0	1.0	0.0	0.0	154.0	moderate_crucivirus_like	False	True	1.0	-0.06996545000000001	0.103675845	False	False
Ribo_ND_364448	rna_virus	0	Blue	Blue	0.63310546	1.0	1.0	0.0	0.0	420.0	moderate_crucivirus_like	False	True	1.0	0.58493483	1.0	1.0	0.0	0.0	90.0	ambiguous	False	False	1.0	0.60320973	1.0	1.0	0.0	0.0	179.0	moderate_crucivirus_like	False	True	1.0	0.45648015	0.0	0.0	1.0	1.0	151.0	ambiguous	False	False	1.0	0.04817062999999999	0.609020145	False	False
Ribo_ND_364444	rna_virus	0	Blue	Blue	0.3426691	0.0	0.0	1.0	1.0	418.0	moderate_rna_like	False	False	1.0	0.21283686	0.0	0.0	1.0	1.0	88.0	moderate_rna_like	False	False	1.0	0.49370006	0.0	1.0	1.0	0.0	179.0	ambiguous	False	False	1.0	0.4341112	0.0	0.0	1.0	1.0	151.0	ambiguous	False	False	1.0	0.12983224000000002	0.27775298	False	False
Ribo_ND_389529	rna_virus	0	Blue	Blue	0.4897016	0.0	0.0	1.0	1.0	418.0	ambiguous	False	False	1.0	0.50907826	1.0	1.0	0.0	0.0	88.0	ambiguous	False	False	1.0	0.6310127	1.0	1.0	0.0	0.0	179.0	moderate_crucivirus_like	False	True	1.0	0.30522734	0.0	0.0	1.0	1.0	151.0	moderate_rna_like	False	False	1.0	-0.01937665999999999	0.49938993	False	False
Ribo_ND_086105	rna_virus	0	Blue	Blue	0.42064822	0.0	0.0	1.0	1.0	426.0	ambiguous	False	False	1.0	0.23387696	0.0	0.0	1.0	1.0	92.0	moderate_rna_like	False	False	1.0	0.5629579	1.0	1.0	0.0	0.0	181.0	ambiguous	False	False	1.0	0.29467267	0.0	0.0	1.0	1.0	153.0	moderate_rna_like	False	False	1.0	0.18677126000000002	0.32726259	False	False
Ribo_ND_028934	rna_virus	0	Blue	Blue	0.77163714	1.0	1.0	0.0	0.0	466.0	moderate_crucivirus_like	False	True	1.0	0.863863	1.0	1.0	0.0	0.0	92.0	strong_crucivirus_like	True	True	1.0	0.47930783	0.0	1.0	1.0	0.0	179.0	ambiguous	False	False	1.0	0.09615239	0.0	0.0	1.0	1.0	195.0	strong_rna_like	False	False	1.0	-0.09222585999999999	0.81775007	False	True
Ribo_ND_163010	rna_virus	0	Blue	Blue	0.22741969	0.0	0.0	1.0	1.0	432.0	moderate_rna_like	False	False	1.0	0.114459045	0.0	0.0	1.0	1.0	93.0	strong_rna_like	False	False	1.0	0.34423625	0.0	0.0	1.0	1.0	178.0	moderate_rna_like	False	False	1.0	0.13168754	0.0	0.0	1.0	1.0	161.0	strong_rna_like	False	False	1.0	0.11296064500000001	0.1709393675	False	False
Ribo_ND_030566	rna_virus	0	Blue	Blue	0.84377605	1.0	1.0	0.0	0.0	527.0	strong_crucivirus_like	True	True	1.0	0.8992296	1.0	1.0	0.0	0.0	106.0	strong_crucivirus_like	True	True	1.0	0.2304596	0.0	0.0	1.0	1.0	180.0	moderate_rna_like	False	False	1.0	0.45653492	0.0	0.0	1.0	1.0	241.0	ambiguous	False	False	1.0	-0.05545354999999996	0.871502825	True	True
Ribo_ND_188581	rna_virus	0	Blue	Blue	0.5829528	1.0	1.0	0.0	0.0	549.0	ambiguous	False	False	1.0	0.6946289	1.0	1.0	0.0	0.0	111.0	moderate_crucivirus_like	False	True	1.0	0.2976417	0.0	0.0	1.0	1.0	180.0	moderate_rna_like	False	False	1.0	0.35678646	0.0	0.0	1.0	1.0	258.0	moderate_rna_like	False	False	1.0	-0.11167609999999994	0.63879085	False	False
Ribo_ND_190317	rna_virus	0	Blue	Blue	0.5785973	1.0	1.0	0.0	0.0	554.0	ambiguous	False	False	1.0	0.80589825	1.0	1.0	0.0	0.0	111.0	strong_crucivirus_like	True	True	1.0	0.34101766	0.0	0.0	1.0	1.0	180.0	moderate_rna_like	False	False	1.0	0.3106422	0.0	0.0	1.0	1.0	263.0	moderate_rna_like	False	False	1.0	-0.22730095000000006	0.692247775	False	False
Ribo_ND_132327	rna_virus	0	Blue	Blue	0.4787617	0.0	0.0	1.0	1.0	323.0	ambiguous	False	False	1.0	0.9609992	1.0	1.0	0.0	0.0	1.0	strong_crucivirus_like	True	True	1.0	0.8458893	1.0	1.0	0.0	0.0	182.0	strong_crucivirus_like	True	True	1.0	0.5903094	1.0	1.0	0.0	0.0	140.0	ambiguous	False	False	1.0	-0.48223750000000004	0.71988045	False	False
Ribo_ND_030308	rna_virus	0	Blue	Blue	0.6563458	1.0	1.0	0.0	0.0	432.0	moderate_crucivirus_like	False	True	1.0	0.7400691	1.0	1.0	0.0	0.0	112.0	moderate_crucivirus_like	False	True	1.0	0.7070457	1.0	1.0	0.0	0.0	182.0	moderate_crucivirus_like	False	True	1.0	0.3773743	0.0	0.0	1.0	1.0	138.0	moderate_rna_like	False	False	1.0	-0.08372330000000006	0.69820745	False	True
Ribo_ND_100095	rna_virus	0	Blue	Blue	0.4625225	0.0	0.0	1.0	1.0	478.0	ambiguous	False	False	1.0	0.5611255	1.0	1.0	0.0	0.0	101.0	ambiguous	False	False	1.0	0.4736794	0.0	1.0	1.0	0.0	180.0	ambiguous	False	False	1.0	0.34296867	0.0	0.0	1.0	1.0	197.0	moderate_rna_like	False	False	1.0	-0.09860300000000005	0.5118240000000001	False	False
Ribo_ND_361906	rna_virus	0	Blue	Blue	0.42728558	0.0	0.0	1.0	1.0	528.0	ambiguous	False	False	1.0	0.45582342	0.0	0.0	1.0	1.0	141.0	ambiguous	False	False	1.0	0.31808215	0.0	0.0	1.0	1.0	180.0	moderate_rna_like	False	False	1.0	0.4017475	0.0	0.0	1.0	1.0	207.0	ambiguous	False	False	1.0	-0.02853783999999998	0.44155449999999996	False	False
Cruci_CruV_235	crucivirus	1	Blue	Blue	0.84657717	1.0	1.0	1.0	1.0	518.0	strong_crucivirus_like	False	False	1.0	0.9289821	1.0	1.0	1.0	1.0	132.0	strong_crucivirus_like	False	False	1.0	0.556667	1.0	1.0	1.0	1.0	185.0	ambiguous	False	False	1.0	0.28402776	0.0	0.0	0.0	0.0	201.0	moderate_rna_like	False	True	1.0	-0.08240493000000004	0.887779635	False	False
Cruci_CruV_252	crucivirus	1	Blue	Blue	0.8860759	1.0	1.0	1.0	1.0	506.0	strong_crucivirus_like	False	False	1.0	0.93656504	1.0	1.0	1.0	1.0	132.0	strong_crucivirus_like	False	False	1.0	0.50521535	1.0	1.0	1.0	1.0	185.0	ambiguous	False	False	1.0	0.59854484	1.0	1.0	1.0	1.0	189.0	ambiguous	False	False	1.0	-0.05048913999999993	0.9113204699999999	False	False
Cruci_CruV_254	crucivirus	1	Blue	Blue	0.8942526	1.0	1.0	1.0	1.0	505.0	strong_crucivirus_like	False	False	1.0	0.94103205	1.0	1.0	1.0	1.0	131.0	strong_crucivirus_like	False	False	1.0	0.5861204	1.0	1.0	1.0	1.0	185.0	ambiguous	False	False	1.0	0.54400533	1.0	1.0	1.0	1.0	189.0	ambiguous	False	False	1.0	-0.046779450000000056	0.917642325	False	False
Cruci_CruV_343	crucivirus	1	Blue	Blue	0.43711758	0.0	0.0	0.0	0.0	515.0	ambiguous	False	False	1.0	0.4141156	0.0	0.0	0.0	0.0	134.0	ambiguous	False	False	1.0	0.6358028	1.0	1.0	1.0	1.0	185.0	moderate_crucivirus_like	False	False	1.0	0.3354327	0.0	0.0	0.0	0.0	196.0	moderate_rna_like	False	True	1.0	0.023001980000000033	0.42561658999999996	False	False
Cruci_CruV_289	crucivirus	1	Blue	Blue	0.7902838	1.0	1.0	1.0	1.0	502.0	moderate_crucivirus_like	False	False	1.0	0.8167657	1.0	1.0	1.0	1.0	114.0	strong_crucivirus_like	False	False	1.0	0.57632685	1.0	1.0	1.0	1.0	185.0	ambiguous	False	False	1.0	0.36106983	0.0	0.0	0.0	0.0	203.0	moderate_rna_like	False	True	1.0	-0.026481900000000058	0.80352475	False	False
Cruci_Tisza_MK012506.1	crucivirus	1	Blue	Blue	0.58678615	1.0	1.0	1.0	1.0	461.0	ambiguous	False	False	1.0	0.65935403	1.0	1.0	1.0	1.0	116.0	moderate_crucivirus_like	False	False	1.0	0.5803398	1.0	1.0	1.0	1.0	185.0	ambiguous	False	False	1.0	0.6816211	1.0	1.0	1.0	1.0	160.0	moderate_crucivirus_like	False	False	1.0	-0.07256788000000003	0.62307009	False	False
Cruci_CruV_318	crucivirus	1	Blue	Blue	0.65933293	1.0	1.0	1.0	1.0	501.0	moderate_crucivirus_like	False	False	1.0	0.81003773	1.0	1.0	1.0	1.0	115.0	strong_crucivirus_like	False	False	1.0	0.5542695	1.0	1.0	1.0	1.0	185.0	ambiguous	False	False	1.0	0.49282345	0.0	0.0	0.0	0.0	201.0	ambiguous	False	False	1.0	-0.15070479999999997	0.73468533	False	False
Cruci_CruV_315	crucivirus	1	Blue	Blue	0.5955191	1.0	1.0	1.0	1.0	499.0	ambiguous	False	False	1.0	0.82853353	1.0	1.0	1.0	1.0	114.0	strong_crucivirus_like	False	False	1.0	0.5102988	1.0	1.0	1.0	1.0	185.0	ambiguous	False	False	1.0	0.46418217	0.0	0.0	0.0	0.0	200.0	ambiguous	False	False	1.0	-0.23301443	0.7120263149999999	False	False
Cruci_CruV_348	crucivirus	1	Blue	Blue	0.8939344	1.0	1.0	1.0	1.0	501.0	strong_crucivirus_like	False	False	1.0	0.9038046	1.0	1.0	1.0	1.0	118.0	strong_crucivirus_like	False	False	1.0	0.69100994	1.0	1.0	1.0	1.0	185.0	moderate_crucivirus_like	False	False	1.0	0.6117366	1.0	1.0	1.0	1.0	198.0	moderate_crucivirus_like	False	False	1.0	-0.00987019999999994	0.8988695	False	False
Cruci_CruV-654	crucivirus	1	Blue	Blue	0.7155526	1.0	1.0	1.0	1.0	503.0	moderate_crucivirus_like	False	False	1.0	0.887446	1.0	1.0	1.0	1.0	124.0	strong_crucivirus_like	False	False	1.0	0.3602402	0.0	0.0	0.0	0.0	185.0	moderate_rna_like	False	True	1.0	0.6122605	1.0	1.0	1.0	1.0	194.0	moderate_crucivirus_like	False	False	1.0	-0.17189339999999997	0.8014992999999999	False	False
Cruci_Tisza_MK012526.1	crucivirus	1	Blue	Blue	0.85523164	1.0	1.0	1.0	1.0	463.0	strong_crucivirus_like	False	False	1.0	0.874622	1.0	1.0	1.0	1.0	119.0	strong_crucivirus_like	False	False	1.0	0.5231173	1.0	1.0	1.0	1.0	185.0	ambiguous	False	False	1.0	0.5316942	1.0	1.0	1.0	1.0	159.0	ambiguous	False	False	1.0	-0.01939036000000005	0.86492682	False	False
Cruci_CruV_197	crucivirus	1	Blue	Blue	0.70308983	1.0	1.0	1.0	1.0	488.0	moderate_crucivirus_like	False	False	1.0	0.94976056	1.0	1.0	1.0	1.0	133.0	strong_crucivirus_like	False	False	1.0	0.47061786	0.0	1.0	0.0	1.0	185.0	ambiguous	False	False	1.0	0.6009783	1.0	1.0	1.0	1.0	170.0	moderate_crucivirus_like	False	False	1.0	-0.24667072999999995	0.826425195	False	False
Cruci_CruV_193	crucivirus	1	Blue	Blue	0.7004532	1.0	1.0	1.0	1.0	471.0	moderate_crucivirus_like	False	False	1.0	0.8666227	1.0	1.0	1.0	1.0	121.0	strong_crucivirus_like	False	False	1.0	0.54090255	1.0	1.0	1.0	1.0	185.0	ambiguous	False	False	1.0	0.5026382	1.0	1.0	1.0	1.0	165.0	ambiguous	False	False	1.0	-0.16616949999999997	0.7835379499999999	False	False
Cruci_CruV_233	crucivirus	1	Blue	Blue	0.83628315	1.0	1.0	1.0	1.0	465.0	strong_crucivirus_like	False	False	1.0	0.9185242	1.0	1.0	1.0	1.0	120.0	strong_crucivirus_like	False	False	1.0	0.444792	0.0	1.0	0.0	1.0	185.0	ambiguous	False	False	1.0	0.5712144	1.0	1.0	1.0	1.0	160.0	ambiguous	False	False	1.0	-0.08224105000000004	0.877403675	False	False
Cruci_CruV_253	crucivirus	1	Blue	Blue	0.8366439	1.0	1.0	1.0	1.0	499.0	strong_crucivirus_like	False	False	1.0	0.81282544	1.0	1.0	1.0	1.0	112.0	strong_crucivirus_like	False	False	1.0	0.45653808	0.0	1.0	0.0	1.0	185.0	ambiguous	False	False	1.0	0.40137222	0.0	0.0	0.0	0.0	202.0	ambiguous	False	False	1.0	0.023818459999999986	0.82473467	False	False
Cruci_CruV_285	crucivirus	1	Blue	Blue	0.6806447	1.0	1.0	1.0	1.0	503.0	moderate_crucivirus_like	False	False	1.0	0.7123117	1.0	1.0	1.0	1.0	131.0	moderate_crucivirus_like	False	False	1.0	0.5323913	1.0	1.0	1.0	1.0	186.0	ambiguous	False	False	1.0	0.51195246	1.0	1.0	1.0	1.0	186.0	ambiguous	False	False	1.0	-0.031667	0.6964782	False	False
Cruci_Tisza_MK012503.1	crucivirus	1	Blue	Blue	0.4843873	0.0	0.0	0.0	0.0	459.0	ambiguous	False	False	1.0	0.6315048	1.0	1.0	1.0	1.0	108.0	moderate_crucivirus_like	False	False	1.0	0.49912214	0.0	1.0	0.0	1.0	185.0	ambiguous	False	False	1.0	0.624903	1.0	1.0	1.0	1.0	166.0	moderate_crucivirus_like	False	False	1.0	-0.14711749999999996	0.55794605	False	False
Cruci_CruV-623	crucivirus	1	Blue	Blue	0.5940883	1.0	1.0	1.0	1.0	456.0	ambiguous	False	False	1.0	0.7595278	1.0	1.0	1.0	1.0	106.0	moderate_crucivirus_like	False	False	1.0	0.4797163	0.0	1.0	0.0	1.0	185.0	ambiguous	False	False	1.0	0.39971215	0.0	0.0	0.0	0.0	165.0	moderate_rna_like	False	True	1.0	-0.16543949999999996	0.67680805	False	False
Cruci_CruV-710	crucivirus	1	Blue	Blue	0.7274157	1.0	1.0	1.0	1.0	479.0	moderate_crucivirus_like	False	False	1.0	0.634956	1.0	1.0	1.0	1.0	132.0	moderate_crucivirus_like	False	False	1.0	0.5236209	1.0	1.0	1.0	1.0	185.0	ambiguous	False	False	1.0	0.45391	0.0	0.0	0.0	0.0	162.0	ambiguous	False	False	1.0	0.09245970000000003	0.68118585	False	False
Cruci_CruV-663	crucivirus	1	Blue	Blue	0.72246	1.0	1.0	1.0	1.0	457.0	moderate_crucivirus_like	False	False	1.0	0.61734366	1.0	1.0	1.0	1.0	114.0	moderate_crucivirus_like	False	False	1.0	0.67498446	1.0	1.0	1.0	1.0	185.0	moderate_crucivirus_like	False	False	1.0	0.24161157	0.0	0.0	0.0	0.0	158.0	moderate_rna_like	False	True	1.0	0.10511634000000003	0.6699018299999999	False	False
Cruci_CruV_262	crucivirus	1	Blue	Blue	0.31056592	0.0	0.0	0.0	0.0	432.0	moderate_rna_like	False	True	1.0	0.2777988	0.0	0.0	0.0	0.0	89.0	moderate_rna_like	False	True	1.0	0.56028104	1.0	1.0	1.0	1.0	185.0	ambiguous	False	False	1.0	0.34606674	0.0	0.0	0.0	0.0	158.0	moderate_rna_like	False	True	1.0	0.03276711999999998	0.29418236	False	True
Cruci_CruV_321	crucivirus	1	Blue	Blue	0.66210353	1.0	1.0	1.0	1.0	465.0	moderate_crucivirus_like	False	False	1.0	0.90135926	1.0	1.0	1.0	1.0	116.0	strong_crucivirus_like	False	False	1.0	0.49784455	0.0	1.0	0.0	1.0	185.0	ambiguous	False	False	1.0	0.41870037	0.0	0.0	0.0	0.0	164.0	ambiguous	False	False	1.0	-0.23925573	0.781731395	False	False
Cruci_CruV_333	crucivirus	1	Blue	Blue	0.7435169	1.0	1.0	1.0	1.0	460.0	moderate_crucivirus_like	False	False	1.0	0.83360094	1.0	1.0	1.0	1.0	117.0	strong_crucivirus_like	False	False	1.0	0.4309503	0.0	1.0	0.0	1.0	185.0	ambiguous	False	False	1.0	0.25633547	0.0	0.0	0.0	0.0	158.0	moderate_rna_like	False	True	1.0	-0.09008403999999992	0.78855892	False	False
Cruci_CruV_299	crucivirus	1	Blue	Blue	0.8591685	1.0	1.0	1.0	1.0	468.0	strong_crucivirus_like	False	False	1.0	0.95211107	1.0	1.0	1.0	1.0	124.0	strong_crucivirus_like	False	False	1.0	0.3098076	0.0	0.0	0.0	0.0	185.0	moderate_rna_like	False	True	1.0	0.25539684	0.0	0.0	0.0	0.0	159.0	moderate_rna_like	False	True	1.0	-0.09294256999999995	0.905639785	False	False
Cruci_CruV_280	crucivirus	1	Blue	Blue	0.7510016	1.0	1.0	1.0	1.0	461.0	moderate_crucivirus_like	False	False	1.0	0.796823	1.0	1.0	1.0	1.0	112.0	moderate_crucivirus_like	False	False	1.0	0.49222243	0.0	1.0	0.0	1.0	185.0	ambiguous	False	False	1.0	0.5159606	1.0	1.0	1.0	1.0	164.0	ambiguous	False	False	1.0	-0.0458213999999999	0.7739123	False	False
Cruci_CruV_295	crucivirus	1	Blue	Blue	0.7979349	1.0	1.0	1.0	1.0	450.0	moderate_crucivirus_like	False	False	1.0	0.76564044	1.0	1.0	1.0	1.0	108.0	moderate_crucivirus_like	False	False	1.0	0.51890016	1.0	1.0	1.0	1.0	185.0	ambiguous	False	False	1.0	0.50213647	1.0	1.0	1.0	1.0	157.0	ambiguous	False	False	1.0	0.032294460000000025	0.7817876699999999	False	False
Cruci_Tisza_MK012433.1	crucivirus	1	Blue	Blue	0.8325466	1.0	1.0	1.0	1.0	467.0	strong_crucivirus_like	False	False	1.0	0.86769384	1.0	1.0	1.0	1.0	118.0	strong_crucivirus_like	False	False	1.0	0.6620629	1.0	1.0	1.0	1.0	185.0	moderate_crucivirus_like	False	False	1.0	0.4577948	0.0	0.0	0.0	0.0	164.0	ambiguous	False	False	1.0	-0.035147240000000024	0.85012022	False	False
Cruci_CruV_231	crucivirus	1	Blue	Blue	0.68630624	1.0	1.0	1.0	1.0	463.0	moderate_crucivirus_like	False	False	1.0	0.8179487	1.0	1.0	1.0	1.0	122.0	strong_crucivirus_like	False	False	1.0	0.7695623	1.0	1.0	1.0	1.0	185.0	moderate_crucivirus_like	False	False	1.0	0.22336408	0.0	0.0	0.0	0.0	156.0	moderate_rna_like	False	True	1.0	-0.13164246000000002	0.75212747	False	False
Cruci_CruV-665	crucivirus	1	Blue	Blue	0.7325966	1.0	1.0	1.0	1.0	471.0	moderate_crucivirus_like	False	False	1.0	0.7986429	1.0	1.0	1.0	1.0	130.0	moderate_crucivirus_like	False	False	1.0	0.5690123	1.0	1.0	1.0	1.0	185.0	ambiguous	False	False	1.0	0.45512646	0.0	0.0	0.0	0.0	156.0	ambiguous	False	False	1.0	-0.0660463	0.76561975	False	False
Cruci_CruV_215	crucivirus	1	Blue	Blue	0.34940404	0.0	0.0	0.0	0.0	458.0	moderate_rna_like	False	True	1.0	0.5659085	1.0	1.0	1.0	1.0	118.0	ambiguous	False	False	1.0	0.48789522	0.0	1.0	0.0	1.0	185.0	ambiguous	False	False	1.0	0.46556127	0.0	0.0	0.0	0.0	155.0	ambiguous	False	False	1.0	-0.21650446	0.45765627000000003	False	False
Cruci_CruV_206	crucivirus	1	Blue	Blue	0.6963414	1.0	1.0	1.0	1.0	458.0	moderate_crucivirus_like	False	False	1.0	0.78511614	1.0	1.0	1.0	1.0	114.0	moderate_crucivirus_like	False	False	1.0	0.6057695	1.0	1.0	1.0	1.0	185.0	moderate_crucivirus_like	False	False	1.0	0.36545452	0.0	0.0	0.0	0.0	159.0	moderate_rna_like	False	True	1.0	-0.08877473999999996	0.74072877	False	False
Cruci_CruV_217	crucivirus	1	Blue	Blue	0.6290906	1.0	1.0	1.0	1.0	442.0	moderate_crucivirus_like	False	False	1.0	0.83055246	1.0	1.0	1.0	1.0	110.0	strong_crucivirus_like	False	False	1.0	0.47526684	0.0	1.0	0.0	1.0	185.0	ambiguous	False	False	1.0	0.6119525	1.0	1.0	1.0	1.0	147.0	moderate_crucivirus_like	False	False	1.0	-0.20146186	0.72982153	False	False
Cruci_CruV_171	crucivirus	1	Blue	Blue	0.59462893	1.0	1.0	1.0	1.0	465.0	ambiguous	False	False	1.0	0.7270822	1.0	1.0	1.0	1.0	124.0	moderate_crucivirus_like	False	False	1.0	0.41730458	0.0	1.0	0.0	1.0	185.0	ambiguous	False	False	1.0	0.53411466	1.0	1.0	1.0	1.0	156.0	ambiguous	False	False	1.0	-0.13245326999999996	0.6608555650000001	False	False
Cruci_CruV-696	crucivirus	1	Blue	Blue	0.626136	1.0	1.0	1.0	1.0	468.0	moderate_crucivirus_like	False	False	1.0	0.7739153	1.0	1.0	1.0	1.0	113.0	moderate_crucivirus_like	False	False	1.0	0.5717166	1.0	1.0	1.0	1.0	185.0	ambiguous	False	False	1.0	0.4472112	0.0	0.0	0.0	0.0	170.0	ambiguous	False	False	1.0	-0.14777929999999995	0.7000256499999999	False	False
Cruci_CruV_314	crucivirus	1	Blue	Blue	0.8885738	1.0	1.0	1.0	1.0	491.0	strong_crucivirus_like	False	False	1.0	0.95556587	1.0	1.0	1.0	1.0	106.0	strong_crucivirus_like	False	False	1.0	0.31218842	0.0	0.0	0.0	0.0	185.0	moderate_rna_like	False	True	1.0	0.5218772	1.0	1.0	1.0	1.0	200.0	ambiguous	False	False	1.0	-0.06699207000000007	0.9220698350000001	False	False
Cruci_CruV_359	crucivirus	1	Blue	Blue	0.6648619	1.0	1.0	1.0	1.0	454.0	moderate_crucivirus_like	False	False	1.0	0.76479024	1.0	1.0	1.0	1.0	110.0	moderate_crucivirus_like	False	False	1.0	0.71138257	1.0	1.0	1.0	1.0	185.0	moderate_crucivirus_like	False	False	1.0	0.7097474	1.0	1.0	1.0	1.0	159.0	moderate_crucivirus_like	False	False	1.0	-0.09992833999999995	0.71482607	False	False
Cruci_CruV_159	crucivirus	1	Blue	Blue	0.7749069	1.0	1.0	1.0	1.0	461.0	moderate_crucivirus_like	False	False	1.0	0.91542614	1.0	1.0	1.0	1.0	115.0	strong_crucivirus_like	False	False	1.0	0.6443122	1.0	1.0	1.0	1.0	185.0	moderate_crucivirus_like	False	False	1.0	0.6522678	1.0	1.0	1.0	1.0	161.0	moderate_crucivirus_like	False	False	1.0	-0.14051924000000005	0.84516652	False	False
Cruci_CruV-787	crucivirus	1	Blue	Blue	0.5401464	1.0	1.0	1.0	1.0	512.0	ambiguous	False	False	1.0	0.7779022	1.0	1.0	1.0	1.0	158.0	moderate_crucivirus_like	False	False	1.0	0.5452508	1.0	1.0	1.0	1.0	185.0	ambiguous	False	False	1.0	0.6535141	1.0	1.0	1.0	1.0	169.0	moderate_crucivirus_like	False	False	1.0	-0.23775579999999996	0.6590243	False	False
Cruci_Schm_JAMFLK010002076_circular	crucivirus	1	Blue	Blue	0.7500391	1.0	1.0	1.0	1.0	474.0	moderate_crucivirus_like	False	False	1.0	0.9349824	1.0	1.0	1.0	1.0	129.0	strong_crucivirus_like	False	False	1.0	0.5953248	1.0	1.0	1.0	1.0	185.0	ambiguous	False	False	1.0	0.6182908	1.0	1.0	1.0	1.0	160.0	moderate_crucivirus_like	False	False	1.0	-0.18494330000000003	0.84251075	False	False
Cruci_CruV_273	crucivirus	1	Blue	Blue	0.89244145	1.0	1.0	1.0	1.0	472.0	strong_crucivirus_like	False	False	1.0	0.9285275	1.0	1.0	1.0	1.0	114.0	strong_crucivirus_like	False	False	1.0	0.75207525	1.0	1.0	1.0	1.0	185.0	moderate_crucivirus_like	False	False	1.0	0.60059065	1.0	1.0	1.0	1.0	173.0	moderate_crucivirus_like	False	False	1.0	-0.03608604999999998	0.910484475	False	False
Cruci_PB_KX388512	crucivirus	1	Blue	Blue	0.8386367	1.0	1.0	1.0	1.0	471.0	strong_crucivirus_like	False	False	1.0	0.972022	1.0	1.0	1.0	1.0	117.0	strong_crucivirus_like	False	False	1.0	0.5209381	1.0	1.0	1.0	1.0	187.0	ambiguous	False	False	1.0	0.48950687	0.0	0.0	0.0	0.0	167.0	ambiguous	False	False	1.0	-0.13338530000000004	0.90532935	False	False
Cruci_CruV-671	crucivirus	1	Blue	Blue	0.75940365	1.0	1.0	1.0	1.0	464.0	moderate_crucivirus_like	False	False	1.0	0.9428578	1.0	1.0	1.0	1.0	114.0	strong_crucivirus_like	False	False	1.0	0.67594755	1.0	1.0	1.0	1.0	185.0	moderate_crucivirus_like	False	False	1.0	0.5872659	1.0	1.0	1.0	1.0	165.0	ambiguous	False	False	1.0	-0.18345414999999998	0.851130725	False	False
Cruci_CruV-631	crucivirus	1	Blue	Blue	0.7170722	1.0	1.0	1.0	1.0	451.0	moderate_crucivirus_like	False	False	1.0	0.8335804	1.0	1.0	1.0	1.0	104.0	strong_crucivirus_like	False	False	1.0	0.6950688	1.0	1.0	1.0	1.0	185.0	moderate_crucivirus_like	False	False	1.0	0.426114	0.0	0.0	0.0	0.0	162.0	ambiguous	False	False	1.0	-0.11650819999999995	0.7753263	False	False
Cruci_CruV-684	crucivirus	1	Blue	Blue	0.89040303	1.0	1.0	1.0	1.0	448.0	strong_crucivirus_like	False	False	1.0	0.97414654	1.0	1.0	1.0	1.0	112.0	strong_crucivirus_like	False	False	1.0	0.62628925	1.0	1.0	1.0	1.0	185.0	moderate_crucivirus_like	False	False	1.0	0.3438708	0.0	0.0	0.0	0.0	151.0	moderate_rna_like	False	True	1.0	-0.08374351000000002	0.9322747849999999	False	False
Cruci_Tisza_MK012508.1	crucivirus	1	Blue	Blue	0.35394028	0.0	0.0	0.0	0.0	467.0	moderate_rna_like	False	True	1.0	0.83556455	1.0	1.0	1.0	1.0	120.0	strong_crucivirus_like	False	False	1.0	0.6286015	1.0	1.0	1.0	1.0	185.0	moderate_crucivirus_like	False	False	1.0	0.584477	1.0	1.0	1.0	1.0	162.0	ambiguous	False	False	1.0	-0.48162426999999997	0.594752415	False	False
Cruci_CruV-675	crucivirus	1	Blue	Blue	0.50208	1.0	1.0	1.0	1.0	468.0	ambiguous	False	False	1.0	0.92855555	1.0	1.0	1.0	1.0	117.0	strong_crucivirus_like	False	False	1.0	0.5438008	1.0	1.0	1.0	1.0	185.0	ambiguous	False	False	1.0	0.28957593	0.0	0.0	0.0	0.0	166.0	moderate_rna_like	False	True	1.0	-0.42647555000000004	0.7153177749999999	False	False
Cruci_CruV_137	crucivirus	1	Blue	Blue	0.66061914	1.0	1.0	1.0	1.0	456.0	moderate_crucivirus_like	False	False	1.0	0.92232686	1.0	1.0	1.0	1.0	109.0	strong_crucivirus_like	False	False	1.0	0.7195945	1.0	1.0	1.0	1.0	185.0	moderate_crucivirus_like	False	False	1.0	0.50999606	1.0	1.0	1.0	1.0	162.0	ambiguous	False	False	1.0	-0.26170772	0.791473	False	False
Cruci_CruV_136	crucivirus	1	Blue	Blue	0.35273153	0.0	0.0	0.0	0.0	468.0	moderate_rna_like	False	True	1.0	0.74994075	1.0	1.0	1.0	1.0	122.0	moderate_crucivirus_like	False	False	1.0	0.66184133	1.0	1.0	1.0	1.0	185.0	moderate_crucivirus_like	False	False	1.0	0.4187175	0.0	0.0	0.0	0.0	161.0	ambiguous	False	False	1.0	-0.39720922000000003	0.5513361400000001	False	False
Cruci_CruV_363	crucivirus	1	Blue	Blue	0.93354285	1.0	1.0	1.0	1.0	493.0	strong_crucivirus_like	False	False	1.0	0.96663284	1.0	1.0	1.0	1.0	103.0	strong_crucivirus_like	False	False	1.0	0.7201637	1.0	1.0	1.0	1.0	184.0	moderate_crucivirus_like	False	False	1.0	0.3669503	0.0	0.0	0.0	0.0	206.0	moderate_rna_like	False	True	1.0	-0.033089990000000014	0.9500878450000001	False	False
Cruci_CruV-650	crucivirus	1	Blue	Blue	0.6073241	1.0	1.0	1.0	1.0	473.0	moderate_crucivirus_like	False	False	1.0	0.84016305	1.0	1.0	1.0	1.0	124.0	strong_crucivirus_like	False	False	1.0	0.5804213	1.0	1.0	1.0	1.0	185.0	ambiguous	False	False	1.0	0.404906	0.0	0.0	0.0	0.0	164.0	ambiguous	False	False	1.0	-0.23283895	0.7237435750000001	False	False
Cruci_Tisza_MK012490.1	crucivirus	1	Blue	Blue	0.67999005	1.0	1.0	1.0	1.0	472.0	moderate_crucivirus_like	False	False	1.0	0.9864281	1.0	1.0	1.0	1.0	125.0	strong_crucivirus_like	False	False	1.0	0.43976274	0.0	1.0	0.0	1.0	185.0	ambiguous	False	False	1.0	0.30117273	0.0	0.0	0.0	0.0	162.0	moderate_rna_like	False	True	1.0	-0.30643805	0.8332090750000001	False	False
Cruci_CruV-634	crucivirus	1	Blue	Blue	0.59425527	1.0	1.0	1.0	1.0	448.0	ambiguous	False	False	1.0	0.8249259	1.0	1.0	1.0	1.0	106.0	strong_crucivirus_like	False	False	1.0	0.5744304	1.0	1.0	1.0	1.0	185.0	ambiguous	False	False	1.0	0.35433683	0.0	0.0	0.0	0.0	157.0	moderate_rna_like	False	True	1.0	-0.23067063	0.7095905849999999	False	False
Cruci_CruV_306	crucivirus	1	Blue	Blue	0.55789137	1.0	1.0	1.0	1.0	461.0	ambiguous	False	False	1.0	0.87582886	1.0	1.0	1.0	1.0	115.0	strong_crucivirus_like	False	False	1.0	0.7575822	1.0	1.0	1.0	1.0	185.0	moderate_crucivirus_like	False	False	1.0	0.3630143	0.0	0.0	0.0	0.0	161.0	moderate_rna_like	False	True	1.0	-0.31793749000000004	0.716860115	False	False
Cruci_CruV_388	crucivirus	1	Blue	Blue	0.78400624	1.0	1.0	1.0	1.0	455.0	moderate_crucivirus_like	False	False	1.0	0.74489963	1.0	1.0	1.0	1.0	113.0	moderate_crucivirus_like	False	False	1.0	0.6413451	1.0	1.0	1.0	1.0	186.0	moderate_crucivirus_like	False	False	1.0	0.38499233	0.0	0.0	0.0	0.0	156.0	moderate_rna_like	False	True	1.0	0.03910660999999993	0.764452935	False	False
Cruci_CruV_230	crucivirus	1	Blue	Blue	0.9301888	1.0	1.0	1.0	1.0	471.0	strong_crucivirus_like	False	False	1.0	0.9696605	1.0	1.0	1.0	1.0	121.0	strong_crucivirus_like	False	False	1.0	0.5064139	1.0	1.0	1.0	1.0	187.0	ambiguous	False	False	1.0	0.56346965	1.0	1.0	1.0	1.0	163.0	ambiguous	False	False	1.0	-0.0394717	0.94992465	False	False
Cruci_CruV-680	crucivirus	1	Blue	Blue	0.8146278	1.0	1.0	1.0	1.0	460.0	strong_crucivirus_like	False	False	1.0	0.9045953	1.0	1.0	1.0	1.0	112.0	strong_crucivirus_like	False	False	1.0	0.6358861	1.0	1.0	1.0	1.0	185.0	moderate_crucivirus_like	False	False	1.0	0.7843339	1.0	1.0	1.0	1.0	163.0	moderate_crucivirus_like	False	False	1.0	-0.08996749999999998	0.85961155	False	False
Cruci_CruV_154	crucivirus	1	Blue	Blue	0.4230914	0.0	0.0	0.0	0.0	446.0	ambiguous	False	False	1.0	0.78957206	1.0	1.0	1.0	1.0	98.0	moderate_crucivirus_like	False	False	1.0	0.6648285	1.0	1.0	1.0	1.0	185.0	moderate_crucivirus_like	False	False	1.0	0.6935398	1.0	1.0	1.0	1.0	163.0	moderate_crucivirus_like	False	False	1.0	-0.36648066	0.60633173	False	False
Cruci_CruV-661	crucivirus	1	Blue	Blue	0.63345176	1.0	1.0	1.0	1.0	462.0	moderate_crucivirus_like	False	False	1.0	0.6710937	1.0	1.0	1.0	1.0	112.0	moderate_crucivirus_like	False	False	1.0	0.6021715	1.0	1.0	1.0	1.0	185.0	moderate_crucivirus_like	False	False	1.0	0.33991557	0.0	0.0	0.0	0.0	165.0	moderate_rna_like	False	True	1.0	-0.037641939999999985	0.65227273	False	False
Cruci_CruV-748	crucivirus	1	Blue	Blue	0.8856224	1.0	1.0	1.0	1.0	457.0	strong_crucivirus_like	False	False	1.0	0.9286999	1.0	1.0	1.0	1.0	111.0	strong_crucivirus_like	False	False	1.0	0.68071914	1.0	1.0	1.0	1.0	185.0	moderate_crucivirus_like	False	False	1.0	0.40274245	0.0	0.0	0.0	0.0	161.0	ambiguous	False	False	1.0	-0.04307749999999999	0.9071611500000001	False	False
Cruci_Tisza_MK012505.1	crucivirus	1	Blue	Blue	0.7646144	1.0	1.0	1.0	1.0	449.0	moderate_crucivirus_like	False	False	1.0	0.90867156	1.0	1.0	1.0	1.0	121.0	strong_crucivirus_like	False	False	1.0	0.47504833	0.0	1.0	0.0	1.0	185.0	ambiguous	False	False	1.0	0.47065175	0.0	0.0	0.0	0.0	143.0	ambiguous	False	False	1.0	-0.14405716000000002	0.83664298	False	False
Cruci_CruV-688	crucivirus	1	Blue	Blue	0.86649007	1.0	1.0	1.0	1.0	437.0	strong_crucivirus_like	False	False	1.0	0.9270987	1.0	1.0	1.0	1.0	109.0	strong_crucivirus_like	False	False	1.0	0.5737724	1.0	1.0	1.0	1.0	185.0	ambiguous	False	False	1.0	0.46432382	0.0	0.0	0.0	0.0	143.0	ambiguous	False	False	1.0	-0.06060863000000005	0.896794385	False	False
Cruci_chiv_CHIV14_NC_027196	crucivirus	1	Blue	Blue	0.9489677	1.0	1.0	1.0	1.0	455.0	strong_crucivirus_like	False	False	1.0	0.96573037	1.0	1.0	1.0	1.0	120.0	strong_crucivirus_like	False	False	1.0	0.7305139	1.0	1.0	1.0	1.0	185.0	moderate_crucivirus_like	False	False	1.0	0.467867	0.0	0.0	0.0	0.0	150.0	ambiguous	False	False	1.0	-0.01676266999999998	0.957349035	False	False
Cruci_CruV_267	crucivirus	1	Blue	Blue	0.8954468	1.0	1.0	1.0	1.0	448.0	strong_crucivirus_like	False	False	1.0	0.9418789	1.0	1.0	1.0	1.0	112.0	strong_crucivirus_like	False	False	1.0	0.728598	1.0	1.0	1.0	1.0	185.0	moderate_crucivirus_like	False	False	1.0	0.5539195	1.0	1.0	1.0	1.0	151.0	ambiguous	False	False	1.0	-0.046432099999999976	0.91866285	False	False
Cruci_CruV_128	crucivirus	1	Blue	Blue	0.61644274	1.0	1.0	1.0	1.0	442.0	moderate_crucivirus_like	False	False	1.0	0.8698775	1.0	1.0	1.0	1.0	107.0	strong_crucivirus_like	False	False	1.0	0.8137077	1.0	1.0	1.0	1.0	185.0	strong_crucivirus_like	False	False	1.0	0.7241672	1.0	1.0	1.0	1.0	150.0	moderate_crucivirus_like	False	False	1.0	-0.25343476	0.74316012	False	False
Cruci_CruV_292	crucivirus	1	Blue	Blue	0.7563741	1.0	1.0	1.0	1.0	443.0	moderate_crucivirus_like	False	False	1.0	0.8367814	1.0	1.0	1.0	1.0	110.0	strong_crucivirus_like	False	False	1.0	0.618136	1.0	1.0	1.0	1.0	185.0	moderate_crucivirus_like	False	False	1.0	0.47371218	0.0	0.0	0.0	0.0	148.0	ambiguous	False	False	1.0	-0.08040729999999996	0.79657775	False	False
Cruci_CruV-645	crucivirus	1	Blue	Blue	0.83877593	1.0	1.0	1.0	1.0	441.0	strong_crucivirus_like	False	False	1.0	0.83611906	1.0	1.0	1.0	1.0	107.0	strong_crucivirus_like	False	False	1.0	0.6005726	1.0	1.0	1.0	1.0	185.0	moderate_crucivirus_like	False	False	1.0	0.7966638	1.0	1.0	1.0	1.0	149.0	moderate_crucivirus_like	False	False	1.0	0.0026568699999999223	0.8374474949999999	False	False
Cruci_CruV-711	crucivirus	1	Blue	Blue	0.20126677	0.0	0.0	0.0	0.0	492.0	moderate_rna_like	False	True	1.0	0.46228898	0.0	0.0	0.0	0.0	142.0	ambiguous	False	False	1.0	0.5752796	1.0	1.0	1.0	1.0	185.0	ambiguous	False	False	1.0	0.44609872	0.0	0.0	0.0	0.0	165.0	ambiguous	False	False	1.0	-0.26102221000000003	0.331777875	False	False
Cruci_CruV_303	crucivirus	1	Blue	Blue	0.47565588	0.0	0.0	0.0	0.0	504.0	ambiguous	False	False	1.0	0.7511308	1.0	1.0	1.0	1.0	160.0	moderate_crucivirus_like	False	False	1.0	0.7702794	1.0	1.0	1.0	1.0	185.0	moderate_crucivirus_like	False	False	1.0	0.62193537	1.0	1.0	1.0	1.0	159.0	moderate_crucivirus_like	False	False	1.0	-0.27547492	0.61339334	False	False
Cruci_CruV-646	crucivirus	1	Blue	Blue	0.48411795	0.0	0.0	0.0	0.0	473.0	ambiguous	False	False	1.0	0.7267033	1.0	1.0	1.0	1.0	116.0	moderate_crucivirus_like	False	False	1.0	0.7797356	1.0	1.0	1.0	1.0	185.0	moderate_crucivirus_like	False	False	1.0	0.30332366	0.0	0.0	0.0	0.0	172.0	moderate_rna_like	False	True	1.0	-0.24258535000000003	0.605410625	False	False
Cruci_CruV-647	crucivirus	1	Blue	Blue	0.48411795	0.0	0.0	0.0	0.0	473.0	ambiguous	False	False	1.0	0.7267033	1.0	1.0	1.0	1.0	116.0	moderate_crucivirus_like	False	False	1.0	0.7797356	1.0	1.0	1.0	1.0	185.0	moderate_crucivirus_like	False	False	1.0	0.30332366	0.0	0.0	0.0	0.0	172.0	moderate_rna_like	False	True	1.0	-0.24258535000000003	0.605410625	False	False
Cruci_CruV-648	crucivirus	1	Blue	Blue	0.48411795	0.0	0.0	0.0	0.0	473.0	ambiguous	False	False	1.0	0.7267033	1.0	1.0	1.0	1.0	116.0	moderate_crucivirus_like	False	False	1.0	0.7797356	1.0	1.0	1.0	1.0	185.0	moderate_crucivirus_like	False	False	1.0	0.30332366	0.0	0.0	0.0	0.0	172.0	moderate_rna_like	False	True	1.0	-0.24258535000000003	0.605410625	False	False
Cruci_CruV-628	crucivirus	1	Blue	Blue	0.56356376	1.0	1.0	1.0	1.0	479.0	ambiguous	False	False	1.0	0.87099385	1.0	1.0	1.0	1.0	127.0	strong_crucivirus_like	False	False	1.0	0.5656154	1.0	1.0	1.0	1.0	184.0	ambiguous	False	False	1.0	0.44533426	0.0	0.0	0.0	0.0	168.0	ambiguous	False	False	1.0	-0.30743009	0.717278805	False	False
Cruci_CruV-641	crucivirus	1	Blue	Blue	0.7253363	1.0	1.0	1.0	1.0	457.0	moderate_crucivirus_like	False	False	1.0	0.7452521	1.0	1.0	1.0	1.0	107.0	moderate_crucivirus_like	False	False	1.0	0.5910614	1.0	1.0	1.0	1.0	185.0	ambiguous	False	False	1.0	0.59250003	1.0	1.0	1.0	1.0	165.0	ambiguous	False	False	1.0	-0.019915799999999928	0.7352942	False	False
Cruci_CruV-793	crucivirus	1	Blue	Blue	0.99002355	1.0	1.0	1.0	1.0	471.0	strong_crucivirus_like	False	False	1.0	0.99443215	1.0	1.0	1.0	1.0	125.0	strong_crucivirus_like	False	False	1.0	0.63751143	1.0	1.0	1.0	1.0	185.0	moderate_crucivirus_like	False	False	1.0	0.41123152	0.0	0.0	0.0	0.0	161.0	ambiguous	False	False	1.0	-0.004408599999999985	0.9922278499999999	False	False
Cruci_CruV-797	crucivirus	1	Blue	Blue	0.98760146	1.0	1.0	1.0	1.0	469.0	strong_crucivirus_like	False	False	1.0	0.9946156	1.0	1.0	1.0	1.0	123.0	strong_crucivirus_like	False	False	1.0	0.63751143	1.0	1.0	1.0	1.0	185.0	moderate_crucivirus_like	False	False	1.0	0.3790734	0.0	0.0	0.0	0.0	161.0	moderate_rna_like	False	True	1.0	-0.007014140000000002	0.99110853	False	False
Cruci_CruV_354	crucivirus	1	Blue	Blue	0.8558889	1.0	1.0	1.0	1.0	495.0	strong_crucivirus_like	False	False	1.0	0.8831103	1.0	1.0	1.0	1.0	107.0	strong_crucivirus_like	False	False	1.0	0.6564783	1.0	1.0	1.0	1.0	185.0	moderate_crucivirus_like	False	False	1.0	0.21201959	0.0	0.0	0.0	0.0	203.0	moderate_rna_like	False	True	1.0	-0.027221400000000062	0.8694995999999999	False	False
Cruci_CruV_222	crucivirus	1	Blue	Blue	0.7639205	1.0	1.0	1.0	1.0	448.0	moderate_crucivirus_like	False	False	1.0	0.8813408	1.0	1.0	1.0	1.0	106.0	strong_crucivirus_like	False	False	1.0	0.55522615	1.0	1.0	1.0	1.0	188.0	ambiguous	False	False	1.0	0.5101804	1.0	1.0	1.0	1.0	154.0	ambiguous	False	False	1.0	-0.11742030000000003	0.82263065	False	False
Cruci_CruV_184	crucivirus	1	Blue	Blue	0.6779752	1.0	1.0	1.0	1.0	502.0	moderate_crucivirus_like	False	False	1.0	0.88724494	1.0	1.0	1.0	1.0	114.0	strong_crucivirus_like	False	False	1.0	0.36077073	0.0	0.0	0.0	0.0	185.0	moderate_rna_like	False	True	1.0	0.42781204	0.0	0.0	0.0	0.0	203.0	ambiguous	False	False	1.0	-0.20926973999999998	0.78261007	False	False
Cruci_CruV-725	crucivirus	1	Blue	Blue	0.8858886	1.0	1.0	1.0	1.0	468.0	strong_crucivirus_like	False	False	1.0	0.9870509	1.0	1.0	1.0	1.0	117.0	strong_crucivirus_like	False	False	1.0	0.5812838	1.0	1.0	1.0	1.0	184.0	ambiguous	False	False	1.0	0.23199734	0.0	0.0	0.0	0.0	167.0	moderate_rna_like	False	True	1.0	-0.10116229999999993	0.93646975	False	False
Cruci_PB_KX388511	crucivirus	1	Blue	Blue	0.91894484	1.0	1.0	1.0	1.0	438.0	strong_crucivirus_like	False	False	1.0	0.9333263	1.0	1.0	1.0	1.0	92.0	strong_crucivirus_like	False	False	1.0	0.8070573	1.0	1.0	1.0	1.0	187.0	strong_crucivirus_like	False	False	1.0	0.4956578	0.0	1.0	0.0	1.0	159.0	ambiguous	False	False	1.0	-0.014381460000000068	0.92613557	False	False
Cruci_CruV_212	crucivirus	1	Blue	Blue	0.9195562	1.0	1.0	1.0	1.0	439.0	strong_crucivirus_like	False	False	1.0	0.9081234	1.0	1.0	1.0	1.0	93.0	strong_crucivirus_like	False	False	1.0	0.8400243	1.0	1.0	1.0	1.0	188.0	strong_crucivirus_like	False	False	1.0	0.2172516	0.0	0.0	0.0	0.0	158.0	moderate_rna_like	False	True	1.0	0.01143280000000002	0.9138398000000001	False	False
Cruci_CruV-744	crucivirus	1	Blue	Blue	0.8686063	1.0	1.0	1.0	1.0	510.0	strong_crucivirus_like	False	False	1.0	0.93606704	1.0	1.0	1.0	1.0	128.0	strong_crucivirus_like	False	False	1.0	0.9006586	1.0	1.0	1.0	1.0	190.0	strong_crucivirus_like	False	False	1.0	0.6527169	1.0	1.0	1.0	1.0	192.0	moderate_crucivirus_like	False	False	1.0	-0.06746073999999991	0.90233667	False	False
Cruci_CruV-720	crucivirus	1	Blue	Blue	0.71861595	1.0	1.0	1.0	1.0	506.0	moderate_crucivirus_like	False	False	1.0	0.80736727	1.0	1.0	1.0	1.0	107.0	strong_crucivirus_like	False	False	1.0	0.67166436	1.0	1.0	1.0	1.0	190.0	moderate_crucivirus_like	False	False	1.0	0.29221168	0.0	0.0	0.0	0.0	209.0	moderate_rna_like	False	True	1.0	-0.08875131999999997	0.76299161	False	False
Ribo_ND_239311	rna_virus	0	Blue	Blue	0.22243308	0.0	0.0	1.0	1.0	431.0	moderate_rna_like	False	False	1.0	0.31555152	0.0	0.0	1.0	1.0	105.0	moderate_rna_like	False	False	1.0	0.7252318	1.0	1.0	0.0	0.0	182.0	moderate_crucivirus_like	False	True	1.0	0.5246784	1.0	1.0	0.0	0.0	144.0	ambiguous	False	False	1.0	-0.09311843999999997	0.26899229999999996	False	False
Cruci_CruV_437	crucivirus	1	Blue	Blue	0.96721977	1.0	1.0	1.0	1.0	449.0	strong_crucivirus_like	False	False	1.0	0.98448074	1.0	1.0	1.0	1.0	103.0	strong_crucivirus_like	False	False	1.0	0.5799368	1.0	1.0	1.0	1.0	186.0	ambiguous	False	False	1.0	0.7407538	1.0	1.0	1.0	1.0	160.0	moderate_crucivirus_like	False	False	1.0	-0.01726096999999993	0.975850255	False	False
Cruci_CruV_383	crucivirus	1	Blue	Blue	0.7655182	1.0	1.0	1.0	1.0	443.0	moderate_crucivirus_like	False	False	1.0	0.9060792	1.0	1.0	1.0	1.0	106.0	strong_crucivirus_like	False	False	1.0	0.42434207	0.0	1.0	0.0	1.0	190.0	ambiguous	False	False	1.0	0.74230576	1.0	1.0	1.0	1.0	147.0	moderate_crucivirus_like	False	False	1.0	-0.14056099999999994	0.8357987	False	False
Cruci_CruV_326	crucivirus	1	Blue	Blue	0.8911855	1.0	1.0	1.0	1.0	472.0	strong_crucivirus_like	False	False	1.0	0.90510976	1.0	1.0	1.0	1.0	117.0	strong_crucivirus_like	False	False	1.0	0.5974977	1.0	1.0	1.0	1.0	187.0	ambiguous	False	False	1.0	0.68716395	1.0	1.0	1.0	1.0	168.0	moderate_crucivirus_like	False	False	1.0	-0.013924260000000022	0.89814763	False	False
Cruci_CruCGE_118	crucivirus	1	Blue	Blue	0.6059815	1.0	1.0	1.0	1.0	453.0	moderate_crucivirus_like	False	False	1.0	0.8243184	1.0	1.0	1.0	1.0	100.0	strong_crucivirus_like	False	False	1.0	0.7725052	1.0	1.0	1.0	1.0	187.0	moderate_crucivirus_like	False	False	1.0	0.51531345	1.0	1.0	1.0	1.0	166.0	ambiguous	False	False	1.0	-0.21833690000000006	0.71514995	False	False
Cruci_CruV_181	crucivirus	1	Blue	Blue	0.92198575	1.0	1.0	1.0	1.0	472.0	strong_crucivirus_like	False	False	1.0	0.81417334	1.0	1.0	1.0	1.0	122.0	strong_crucivirus_like	False	False	1.0	0.8845088	1.0	1.0	1.0	1.0	181.0	strong_crucivirus_like	False	False	1.0	0.48919442	0.0	0.0	0.0	0.0	169.0	ambiguous	False	False	1.0	0.10781241000000008	0.8680795450000001	False	False
Ribo_ND_132962	rna_virus	0	Blue	Blue	0.6535899	1.0	1.0	0.0	0.0	467.0	moderate_crucivirus_like	False	True	1.0	0.44995818	0.0	0.0	1.0	1.0	121.0	ambiguous	False	False	1.0	0.561009	1.0	1.0	0.0	0.0	184.0	ambiguous	False	False	1.0	0.6758213	1.0	1.0	0.0	0.0	162.0	moderate_crucivirus_like	False	True	1.0	0.20363171999999996	0.55177404	False	False
Cruci_PSU_CruV-268	crucivirus	1	Blue	Blue	0.9079792	1.0	1.0	1.0	1.0	443.0	strong_crucivirus_like	False	False	1.0	0.87276113	1.0	1.0	1.0	1.0	102.0	strong_crucivirus_like	False	False	1.0	0.94155633	1.0	1.0	1.0	1.0	182.0	strong_crucivirus_like	False	False	1.0	0.43543002	0.0	0.0	0.0	0.0	159.0	ambiguous	False	False	1.0	0.03521806999999999	0.890370165	False	False
Ribo_ND_040244	rna_virus	0	Blue	Blue	0.13577308	0.0	0.0	1.0	1.0	469.0	strong_rna_like	False	False	1.0	0.02133851	0.0	0.0	1.0	1.0	112.0	strong_rna_like	False	False	1.0	0.5034219	1.0	1.0	0.0	0.0	184.0	ambiguous	False	False	1.0	0.4153758	0.0	0.0	1.0	1.0	173.0	ambiguous	False	False	1.0	0.11443456999999999	0.078555795	False	False
Ribo_ND_115280	rna_virus	0	Blue	Blue	0.5131107	1.0	1.0	0.0	0.0	453.0	ambiguous	False	False	1.0	0.22755812	0.0	0.0	1.0	1.0	96.0	moderate_rna_like	False	False	1.0	0.42328554	0.0	1.0	1.0	0.0	184.0	ambiguous	False	False	1.0	0.6003677	1.0	1.0	0.0	0.0	173.0	moderate_crucivirus_like	False	True	1.0	0.28555258000000006	0.37033441	False	False
Cruci_CruV-614	crucivirus	1	Blue	Blue	0.6603393	1.0	1.0	1.0	1.0	413.0	moderate_crucivirus_like	False	False	1.0	0.5231145	1.0	1.0	1.0	1.0	76.0	ambiguous	False	False	1.0	0.62479603	1.0	1.0	1.0	1.0	181.0	moderate_crucivirus_like	False	False	1.0	0.730399	1.0	1.0	1.0	1.0	156.0	moderate_crucivirus_like	False	False	1.0	0.13722479999999992	0.5917269000000001	False	False
Cruci_CruV-759	crucivirus	1	Blue	Blue	0.37741715	0.0	0.0	0.0	0.0	574.0	moderate_rna_like	False	True	1.0	0.099964745	0.0	0.0	0.0	0.0	232.0	strong_rna_like	True	True	1.0	0.44074473	0.0	1.0	0.0	1.0	191.0	ambiguous	False	False	1.0	0.6316563	1.0	1.0	1.0	1.0	151.0	moderate_crucivirus_like	False	False	1.0	0.277452405	0.23869094749999997	False	True
Cruci_Ariz_MW697557	crucivirus	1	Blue	Blue	0.97913706	1.0	1.0	1.0	1.0	479.0	strong_crucivirus_like	False	False	1.0	0.9710014	1.0	1.0	1.0	1.0	141.0	strong_crucivirus_like	False	False	1.0	0.857037	1.0	1.0	1.0	1.0	186.0	strong_crucivirus_like	False	False	1.0	0.42758635	0.0	0.0	0.0	0.0	152.0	ambiguous	False	False	1.0	0.008135659999999989	0.97506923	False	False
Ribo_JAAOEH010002630.1	rna_virus	0	Blue	Blue	0.24152818	0.0	0.0	1.0	1.0	512.0	moderate_rna_like	False	False	1.0	0.09351245	0.0	0.0	1.0	1.0	116.0	strong_rna_like	False	False	1.0	0.49931204	0.0	1.0	1.0	0.0	179.0	ambiguous	False	False	1.0	0.6051673	1.0	1.0	0.0	0.0	217.0	moderate_crucivirus_like	False	True	1.0	0.14801573	0.167520315	False	False
Cruci_CruV_216	crucivirus	1	Blue	Blue	0.9329839	1.0	1.0	1.0	1.0	479.0	strong_crucivirus_like	False	False	1.0	0.9725227	1.0	1.0	1.0	1.0	92.0	strong_crucivirus_like	False	False	1.0	0.8718273	1.0	1.0	1.0	1.0	184.0	strong_crucivirus_like	False	False	1.0	0.73504287	1.0	1.0	1.0	1.0	203.0	moderate_crucivirus_like	False	False	1.0	-0.039538799999999985	0.9527532999999999	False	False
Cruci_CruV_286	crucivirus	1	Blue	Blue	0.5090351	1.0	1.0	1.0	1.0	475.0	ambiguous	False	False	1.0	0.46742254	0.0	0.0	0.0	0.0	100.0	ambiguous	False	False	1.0	0.84862703	1.0	1.0	1.0	1.0	183.0	strong_crucivirus_like	False	False	1.0	0.73141456	1.0	1.0	1.0	1.0	192.0	moderate_crucivirus_like	False	False	1.0	0.041612559999999965	0.48822882	False	False
Cruci_CruV_225	crucivirus	1	Blue	Blue	0.7028379	1.0	1.0	1.0	1.0	470.0	moderate_crucivirus_like	False	False	1.0	0.65334964	1.0	1.0	1.0	1.0	98.0	moderate_crucivirus_like	False	False	1.0	0.8975686	1.0	1.0	1.0	1.0	183.0	strong_crucivirus_like	False	False	1.0	0.6879666	1.0	1.0	1.0	1.0	189.0	moderate_crucivirus_like	False	False	1.0	0.04948826000000006	0.67809377	False	False
Cruci_CruV_177	crucivirus	1	Blue	Blue	0.9297126	1.0	1.0	1.0	1.0	478.0	strong_crucivirus_like	False	False	1.0	0.95578635	1.0	1.0	1.0	1.0	90.0	strong_crucivirus_like	False	False	1.0	0.8887624	1.0	1.0	1.0	1.0	184.0	strong_crucivirus_like	False	False	1.0	0.87671417	1.0	1.0	1.0	1.0	204.0	strong_crucivirus_like	False	False	1.0	-0.026073750000000007	0.9427494750000001	False	False
Cruci_CruV-715	crucivirus	1	Blue	Blue	0.7365518	1.0	1.0	1.0	1.0	444.0	moderate_crucivirus_like	False	False	1.0	0.7945832	1.0	1.0	1.0	1.0	78.0	moderate_crucivirus_like	False	False	1.0	0.8750489	1.0	1.0	1.0	1.0	184.0	strong_crucivirus_like	False	False	1.0	0.25952566	0.0	0.0	0.0	0.0	182.0	moderate_rna_like	False	True	1.0	-0.058031400000000066	0.7655675	False	False
Cruci_chiv_Lake_Pavin_contig10824	crucivirus	1	Blue	Blue	0.49673733	0.0	1.0	0.0	1.0	437.0	ambiguous	False	False	1.0	0.6852378	1.0	1.0	1.0	1.0	70.0	moderate_crucivirus_like	False	False	1.0	0.80998904	1.0	1.0	1.0	1.0	184.0	strong_crucivirus_like	False	False	1.0	0.5062086	1.0	1.0	1.0	1.0	183.0	ambiguous	False	False	1.0	-0.18850047000000003	0.590987565	False	False
Cruci_CruV-575	crucivirus	1	Blue	Blue	0.9207224	1.0	1.0	1.0	1.0	420.0	strong_crucivirus_like	False	False	1.0	0.9211873	1.0	1.0	1.0	1.0	93.0	strong_crucivirus_like	False	False	1.0	0.7107778	1.0	1.0	1.0	1.0	180.0	moderate_crucivirus_like	False	False	1.0	0.6194785	1.0	1.0	1.0	1.0	147.0	moderate_crucivirus_like	False	False	1.0	-0.0004648999999999903	0.92095485	False	False
Ribo_ND_025434	rna_virus	0	Blue	Blue	0.20655775	0.0	0.0	1.0	1.0	420.0	moderate_rna_like	False	False	1.0	0.23513979	0.0	0.0	1.0	1.0	93.0	moderate_rna_like	False	False	1.0	0.71572757	1.0	1.0	0.0	0.0	178.0	moderate_crucivirus_like	False	True	1.0	0.5367043	1.0	1.0	0.0	0.0	149.0	ambiguous	False	False	1.0	-0.028582039999999975	0.22084877	False	False
Ribo_ND_025280	rna_virus	0	Blue	Blue	0.5708298	1.0	1.0	0.0	0.0	434.0	ambiguous	False	False	1.0	0.18285546	0.0	0.0	1.0	1.0	107.0	strong_rna_like	False	False	1.0	0.6636542	1.0	1.0	0.0	0.0	178.0	moderate_crucivirus_like	False	True	1.0	0.44050592	0.0	0.0	1.0	1.0	149.0	ambiguous	False	False	1.0	0.3879743400000001	0.37684263	False	False
Ribo_ND_175739	rna_virus	0	Blue	Blue											0.7277987	1.0	1.0	0.0	0.0	88.0	moderate_crucivirus_like	False	True	1.0	0.44115788	0.0	1.0	1.0	0.0	178.0	ambiguous	False	False	1.0	0.09453009	0.0	0.0	1.0	1.0	142.0	strong_rna_like	False	False	1.0		0.7277987	False	False
Ribo_ND_215017	rna_virus	0	Blue	Blue	0.41178164	0.0	0.0	1.0	1.0	423.0	ambiguous	False	False	1.0	0.5762751	1.0	1.0	0.0	0.0	95.0	ambiguous	False	False	1.0	0.4452113	0.0	1.0	1.0	0.0	179.0	ambiguous	False	False	1.0	0.43913832	0.0	0.0	1.0	1.0	149.0	ambiguous	False	False	1.0	-0.16449346000000004	0.49402837	False	False
Ribo_ND_343517	rna_virus	0	Blue	Blue	0.42492813	0.0	0.0	1.0	1.0	436.0	ambiguous	False	False	1.0	0.35384303	0.0	0.0	1.0	1.0	107.0	moderate_rna_like	False	False	1.0	0.58727753	1.0	1.0	0.0	0.0	177.0	ambiguous	False	False	1.0	0.22627802	0.0	0.0	1.0	1.0	152.0	moderate_rna_like	False	False	1.0	0.07108510000000001	0.38938558	False	False
Ribo_ND_305901	rna_virus	0	Blue	Blue	0.81986606	1.0	1.0	0.0	0.0	614.0	strong_crucivirus_like	True	True	1.0	0.70743424	1.0	1.0	0.0	0.0	91.0	moderate_crucivirus_like	False	True	1.0	0.7872439	1.0	1.0	0.0	0.0	178.0	moderate_crucivirus_like	False	True	1.0	0.25785887	0.0	0.0	1.0	1.0	345.0	moderate_rna_like	False	False	1.0	0.11243181999999996	0.7636501499999999	False	True
Ribo_ND_156851	rna_virus	0	Blue	Blue	0.71546644	1.0	1.0	0.0	0.0	530.0	moderate_crucivirus_like	False	True	1.0	0.5406658	1.0	1.0	0.0	0.0	112.0	ambiguous	False	False	1.0	0.49466032	0.0	1.0	1.0	0.0	178.0	ambiguous	False	False	1.0	0.23630789	0.0	0.0	1.0	1.0	240.0	moderate_rna_like	False	False	1.0	0.17480064000000006	0.62806612	False	False
Ribo_ND_028676	rna_virus	0	Blue	Blue	0.7396202	1.0	1.0	0.0	0.0	528.0	moderate_crucivirus_like	False	True	1.0	0.47691083	0.0	0.0	1.0	1.0	108.0	ambiguous	False	False	1.0	0.5186537	1.0	1.0	0.0	0.0	178.0	ambiguous	False	False	1.0	0.21566428	0.0	0.0	1.0	1.0	242.0	moderate_rna_like	False	False	1.0	0.26270936999999994	0.608265515	False	False
Ribo_ND_046601	rna_virus	0	Blue	Blue	0.44695768	0.0	0.0	1.0	1.0	447.0	ambiguous	False	False	1.0	0.8389691	1.0	1.0	0.0	0.0	115.0	strong_crucivirus_like	True	True	1.0	0.49552464	0.0	1.0	1.0	0.0	177.0	ambiguous	False	False	1.0	0.7567293	1.0	1.0	0.0	0.0	155.0	moderate_crucivirus_like	False	True	1.0	-0.39201142	0.64296339	False	False
Ribo_ND_183795	rna_virus	0	Blue	Blue	0.8837335	1.0	1.0	0.0	0.0	539.0	strong_crucivirus_like	True	True	1.0	0.8676843	1.0	1.0	0.0	0.0	104.0	strong_crucivirus_like	True	True	1.0	0.73642796	1.0	1.0	0.0	0.0	178.0	moderate_crucivirus_like	False	True	1.0	0.07715743	0.0	0.0	1.0	1.0	257.0	strong_rna_like	False	False	1.0	0.016049199999999986	0.8757089	True	True
Ribo_ND_389800	rna_virus	0	Blue	Blue	0.7027658	1.0	1.0	0.0	0.0	446.0	moderate_crucivirus_like	False	True	1.0	0.37775868	0.0	0.0	1.0	1.0	93.0	moderate_rna_like	False	False	1.0	0.6135005	1.0	1.0	0.0	0.0	178.0	moderate_crucivirus_like	False	True	1.0	0.5863938	1.0	1.0	0.0	0.0	175.0	ambiguous	False	False	1.0	0.32500712	0.54026224	False	False
Ribo_ND_093303	rna_virus	0	Blue	Blue	0.8770797	1.0	1.0	0.0	0.0	516.0	strong_crucivirus_like	True	True	1.0	0.9056941	1.0	1.0	0.0	0.0	118.0	strong_crucivirus_like	True	True	1.0	0.44845408	0.0	1.0	1.0	0.0	178.0	ambiguous	False	False	1.0	0.12768991	0.0	0.0	1.0	1.0	220.0	strong_rna_like	False	False	1.0	-0.02861439999999993	0.8913869	True	True
Ribo_ND_156205	rna_virus	0	Blue	Blue	0.5297013	1.0	1.0	0.0	0.0	552.0	ambiguous	False	False	1.0	0.40512174	0.0	0.0	1.0	1.0	121.0	ambiguous	False	False	1.0	0.5794124	1.0	1.0	0.0	0.0	178.0	ambiguous	False	False	1.0	0.22107291	0.0	0.0	1.0	1.0	253.0	moderate_rna_like	False	False	1.0	0.12457956000000003	0.46741152	False	False
Ribo_ND_125752	rna_virus	0	Blue	Blue	0.8183072	1.0	1.0	0.0	0.0	559.0	strong_crucivirus_like	True	True	1.0	0.6061693	1.0	1.0	0.0	0.0	104.0	moderate_crucivirus_like	False	True	1.0	0.7316681	1.0	1.0	0.0	0.0	177.0	moderate_crucivirus_like	False	True	1.0	0.25914952	0.0	0.0	1.0	1.0	278.0	moderate_rna_like	False	False	1.0	0.2121379	0.71223825	False	True
Ribo_ND_081500	rna_virus	0	Blue	Blue	0.75456613	1.0	1.0	0.0	0.0	545.0	moderate_crucivirus_like	False	True	1.0	0.82159096	1.0	1.0	0.0	0.0	97.0	strong_crucivirus_like	True	True	1.0	0.5921704	1.0	1.0	0.0	0.0	177.0	ambiguous	False	False	1.0	0.29879433	0.0	0.0	1.0	1.0	271.0	moderate_rna_like	False	False	1.0	-0.06702483000000004	0.788078545	False	True
Ribo_ND_052692	rna_virus	0	Blue	Blue	0.3343611	0.0	0.0	1.0	1.0	494.0	moderate_rna_like	False	False	1.0	0.278639	0.0	0.0	1.0	1.0	90.0	moderate_rna_like	False	False	1.0	0.3311197	0.0	0.0	1.0	1.0	177.0	moderate_rna_like	False	False	1.0	0.369495	0.0	0.0	1.0	1.0	227.0	moderate_rna_like	False	False	1.0	0.0557221	0.30650005	False	False
Ribo_ND_178256	rna_virus	0	Blue	Blue	0.83553636	1.0	1.0	0.0	0.0	561.0	strong_crucivirus_like	True	True	1.0	0.9403662	1.0	1.0	0.0	0.0	109.0	strong_crucivirus_like	True	True	1.0	0.47783273	0.0	1.0	1.0	0.0	179.0	ambiguous	False	False	1.0	0.33541352	0.0	0.0	1.0	1.0	273.0	moderate_rna_like	False	False	1.0	-0.10482984000000006	0.88795128	True	True
Ribo_ND_207626	rna_virus	0	Blue	Blue	0.8493606	1.0	1.0	0.0	0.0	586.0	strong_crucivirus_like	True	True	1.0	0.8907192	1.0	1.0	0.0	0.0	104.0	strong_crucivirus_like	True	True	1.0	0.524631	1.0	1.0	0.0	0.0	179.0	ambiguous	False	False	1.0	0.1716144	0.0	0.0	1.0	1.0	303.0	strong_rna_like	False	False	1.0	-0.04135860000000002	0.8700399000000001	True	True
Ribo_ND_184904	rna_virus	0	Blue	Blue	0.5416403	1.0	1.0	0.0	0.0	487.0	ambiguous	False	False	1.0	0.5540791	1.0	1.0	0.0	0.0	84.0	ambiguous	False	False	1.0	0.5301296	1.0	1.0	0.0	0.0	185.0	ambiguous	False	False	1.0	0.3071814	0.0	0.0	1.0	1.0	218.0	moderate_rna_like	False	False	1.0	-0.012438800000000083	0.5478597000000001	False	False
Ribo_ND_215889	rna_virus	0	Blue	Blue	0.47464275	0.0	0.0	1.0	1.0	426.0	ambiguous	False	False	1.0	0.47312006	0.0	0.0	1.0	1.0	107.0	ambiguous	False	False	1.0	0.8145136	1.0	1.0	0.0	0.0	177.0	strong_crucivirus_like	True	True	1.0	0.48324525	0.0	0.0	1.0	1.0	142.0	ambiguous	False	False	1.0	0.0015226899999999932	0.473881405	False	False
Cruci_CruV_272	crucivirus	1	Blue	Blue	0.35058135	0.0	0.0	0.0	0.0	486.0	moderate_rna_like	False	True	1.0	0.4727585	0.0	0.0	0.0	0.0	154.0	ambiguous	False	False	1.0	0.430658	0.0	1.0	0.0	1.0	180.0	ambiguous	False	False	1.0	0.41314182	0.0	0.0	0.0	0.0	152.0	ambiguous	False	False	1.0	-0.12217715000000001	0.411669925	False	False
Cruci_CruV_277	crucivirus	1	Blue	Blue	0.35058135	0.0	0.0	0.0	0.0	486.0	moderate_rna_like	False	True	1.0	0.4727585	0.0	0.0	0.0	0.0	154.0	ambiguous	False	False	1.0	0.430658	0.0	1.0	0.0	1.0	180.0	ambiguous	False	False	1.0	0.41314182	0.0	0.0	0.0	0.0	152.0	ambiguous	False	False	1.0	-0.12217715000000001	0.411669925	False	False
Cruci_CruV_281	crucivirus	1	Blue	Blue	0.35058135	0.0	0.0	0.0	0.0	486.0	moderate_rna_like	False	True	1.0	0.4727585	0.0	0.0	0.0	0.0	154.0	ambiguous	False	False	1.0	0.430658	0.0	1.0	0.0	1.0	180.0	ambiguous	False	False	1.0	0.41314182	0.0	0.0	0.0	0.0	152.0	ambiguous	False	False	1.0	-0.12217715000000001	0.411669925	False	False
Cruci_CruV_291	crucivirus	1	Blue	Blue	0.35154936	0.0	0.0	0.0	0.0	486.0	moderate_rna_like	False	True	1.0	0.4727585	0.0	0.0	0.0	0.0	154.0	ambiguous	False	False	1.0	0.430658	0.0	1.0	0.0	1.0	180.0	ambiguous	False	False	1.0	0.41666687	0.0	0.0	0.0	0.0	152.0	ambiguous	False	False	1.0	-0.12120914000000005	0.41215393	False	False
Cruci_CruV_282	crucivirus	1	Blue	Blue	0.3467704	0.0	0.0	0.0	0.0	486.0	moderate_rna_like	False	True	1.0	0.4727585	0.0	0.0	0.0	0.0	154.0	ambiguous	False	False	1.0	0.44811198	0.0	1.0	0.0	1.0	180.0	ambiguous	False	False	1.0	0.41314155	0.0	0.0	0.0	0.0	152.0	ambiguous	False	False	1.0	-0.12598810000000005	0.40976445	False	False
Cruci_CruV_364	crucivirus	1	Blue	Blue	0.85485137	1.0	1.0	1.0	1.0	422.0	strong_crucivirus_like	False	False	1.0	0.7935192	1.0	1.0	1.0	1.0	90.0	moderate_crucivirus_like	False	False	1.0	0.430658	0.0	1.0	0.0	1.0	180.0	ambiguous	False	False	1.0	0.41314155	0.0	0.0	0.0	0.0	152.0	ambiguous	False	False	1.0	0.06133217000000002	0.824185285	False	False
Cruci_CruV_158	crucivirus	1	Blue	Blue	0.175059	0.0	0.0	0.0	0.0	439.0	strong_rna_like	True	True	1.0	0.091904715	0.0	0.0	0.0	0.0	101.0	strong_rna_like	True	True	1.0	0.4948758	0.0	1.0	0.0	1.0	185.0	ambiguous	False	False	1.0	0.8511285	1.0	1.0	1.0	1.0	153.0	strong_crucivirus_like	False	False	1.0	0.083154285	0.1334818575	True	True
Cruci_CruV_190	crucivirus	1	Blue	Blue	0.59071803	1.0	1.0	1.0	1.0	424.0	ambiguous	False	False	1.0	0.42507157	0.0	0.0	0.0	0.0	93.0	ambiguous	False	False	1.0	0.48723748	0.0	1.0	0.0	1.0	187.0	ambiguous	False	False	1.0	0.5525923	1.0	1.0	1.0	1.0	144.0	ambiguous	False	False	1.0	0.16564646	0.5078948	False	False
Cruci_CruV_203	crucivirus	1	Blue	Blue	0.69376576	1.0	1.0	1.0	1.0	427.0	moderate_crucivirus_like	False	False	1.0	0.7167362	1.0	1.0	1.0	1.0	84.0	moderate_crucivirus_like	False	False	1.0	0.45854267	0.0	1.0	0.0	1.0	184.0	ambiguous	False	False	1.0	0.71357733	1.0	1.0	1.0	1.0	159.0	moderate_crucivirus_like	False	False	1.0	-0.022970440000000036	0.70525098	False	False
Ribo_ND_209405	rna_virus	0	Blue	Blue	0.46342033	0.0	0.0	1.0	1.0	421.0	ambiguous	False	False	1.0	0.2598882	0.0	0.0	1.0	1.0	86.0	moderate_rna_like	False	False	1.0	0.5136067	1.0	1.0	0.0	0.0	182.0	ambiguous	False	False	1.0	0.21464486	0.0	0.0	1.0	1.0	153.0	moderate_rna_like	False	False	1.0	0.20353212999999998	0.361654265	False	False
Ribo_ND_156208	rna_virus	0	Blue	Blue	0.5511288	1.0	1.0	0.0	0.0	420.0	ambiguous	False	False	1.0	0.21167672	0.0	0.0	1.0	1.0	90.0	moderate_rna_like	False	False	1.0	0.5043534	1.0	1.0	0.0	0.0	182.0	ambiguous	False	False	1.0	0.20542622	0.0	0.0	1.0	1.0	148.0	moderate_rna_like	False	False	1.0	0.33945207999999993	0.38140276	False	False
Ribo_ND_156943	rna_virus	0	Blue	Blue	0.14220099	0.0	0.0	1.0	1.0	429.0	strong_rna_like	False	False	1.0	0.11338509	0.0	0.0	1.0	1.0	88.0	strong_rna_like	False	False	1.0	0.5681451	1.0	1.0	0.0	0.0	182.0	ambiguous	False	False	1.0	0.6074121	1.0	1.0	0.0	0.0	159.0	moderate_crucivirus_like	False	True	1.0	0.028815900000000005	0.12779304	False	False
Ribo_ND_319688	rna_virus	0	Blue	Blue	0.10060555	0.0	0.0	1.0	1.0	422.0	strong_rna_like	False	False	1.0	0.1233901	0.0	0.0	1.0	1.0	85.0	strong_rna_like	False	False	1.0	0.22207536	0.0	0.0	1.0	1.0	182.0	moderate_rna_like	False	False	1.0	0.75172627	1.0	1.0	0.0	0.0	155.0	moderate_crucivirus_like	False	True	1.0	-0.02278455	0.111997825	False	False
Ribo_ND_112150	rna_virus	0	Blue	Blue	0.38392937	0.0	0.0	1.0	1.0	413.0	moderate_rna_like	False	False	1.0	0.41983563	0.0	0.0	1.0	1.0	89.0	ambiguous	False	False	1.0	0.5252225	1.0	1.0	0.0	0.0	182.0	ambiguous	False	False	1.0	0.17436743	0.0	0.0	1.0	1.0	142.0	strong_rna_like	False	False	1.0	-0.03590626000000002	0.40188250000000003	False	False
Ribo_ND_159755	rna_virus	0	Blue	Blue	0.378366	0.0	0.0	1.0	1.0	421.0	moderate_rna_like	False	False	1.0	0.43003163	0.0	0.0	1.0	1.0	90.0	ambiguous	False	False	1.0	0.43236604	0.0	1.0	1.0	0.0	182.0	ambiguous	False	False	1.0	0.4038715	0.0	0.0	1.0	1.0	149.0	ambiguous	False	False	1.0	-0.05166563000000002	0.404198815	False	False
Ribo_ND_030549	rna_virus	0	Blue	Blue	0.33724484	0.0	0.0	1.0	1.0	459.0	moderate_rna_like	False	False	1.0	0.42703807	0.0	0.0	1.0	1.0	124.0	ambiguous	False	False	1.0	0.5858648	1.0	1.0	0.0	0.0	180.0	ambiguous	False	False	1.0	0.41947067	0.0	0.0	1.0	1.0	155.0	ambiguous	False	False	1.0	-0.08979323	0.38214145499999996	False	False
Ribo_ND_030247	rna_virus	0	Blue	Blue	0.28517002	0.0	0.0	1.0	1.0	451.0	moderate_rna_like	False	False	1.0	0.7961516	1.0	1.0	0.0	0.0	116.0	moderate_crucivirus_like	False	True	1.0	0.76254016	1.0	1.0	0.0	0.0	180.0	moderate_crucivirus_like	False	True	1.0	0.4186704	0.0	0.0	1.0	1.0	155.0	ambiguous	False	False	1.0	-0.5109815799999999	0.54066081	False	False
Ribo_ND_302803	rna_virus	0	Blue	Blue	0.1701701	0.0	0.0	1.0	1.0	438.0	strong_rna_like	False	False	1.0	0.21771926	0.0	0.0	1.0	1.0	99.0	moderate_rna_like	False	False	1.0	0.4263244	0.0	1.0	1.0	0.0	186.0	ambiguous	False	False	1.0	0.43700308	0.0	0.0	1.0	1.0	153.0	ambiguous	False	False	1.0	-0.04754916000000001	0.19394467999999998	False	False
Ribo_ND_124074	rna_virus	0	Blue	Blue	0.0974738	0.0	0.0	1.0	1.0	440.0	strong_rna_like	False	False	1.0	0.026697652	0.0	0.0	1.0	1.0	110.0	strong_rna_like	False	False	1.0	0.5159429	1.0	1.0	0.0	0.0	185.0	ambiguous	False	False	1.0	0.52210253	1.0	1.0	0.0	0.0	145.0	ambiguous	False	False	1.0	0.070776148	0.062085726	False	False
Ribo_Ga0187794_1338946	rna_virus	0	Blue	Blue	0.18110666	0.0	0.0	1.0	1.0	437.0	strong_rna_like	False	False	1.0	0.08199519	0.0	0.0	1.0	1.0	112.0	strong_rna_like	False	False	1.0	0.5159429	1.0	1.0	0.0	0.0	185.0	ambiguous	False	False	1.0	0.5261643	1.0	1.0	0.0	0.0	140.0	ambiguous	False	False	1.0	0.09911147000000001	0.13155092499999999	False	False
Ribo_ND_366190	rna_virus	0	Blue	Blue	0.1584363	0.0	0.0	1.0	1.0	433.0	strong_rna_like	False	False	1.0	0.21518807	0.0	0.0	1.0	1.0	88.0	moderate_rna_like	False	False	1.0	0.22455318	0.0	0.0	1.0	1.0	188.0	moderate_rna_like	False	False	1.0	0.5201343	1.0	1.0	0.0	0.0	157.0	ambiguous	False	False	1.0	-0.05675177000000001	0.18681218500000002	False	False
Ribo_ND_105187	rna_virus	0	Blue	Blue	0.4430553	0.0	0.0	1.0	1.0	445.0	ambiguous	False	False	1.0	0.2696629	0.0	0.0	1.0	1.0	107.0	moderate_rna_like	False	False	1.0	0.58434397	1.0	1.0	0.0	0.0	185.0	ambiguous	False	False	1.0	0.40117428	0.0	0.0	1.0	1.0	153.0	ambiguous	False	False	1.0	0.1733924	0.3563591	False	False
Ribo_ND_043235	rna_virus	0	Blue	Blue	0.101969466	0.0	0.0	1.0	1.0	419.0	strong_rna_like	False	False	1.0	0.07328762	0.0	0.0	1.0	1.0	98.0	strong_rna_like	False	False	1.0	0.20229825	0.0	0.0	1.0	1.0	181.0	moderate_rna_like	False	False	1.0	0.32614452	0.0	0.0	1.0	1.0	140.0	moderate_rna_like	False	False	1.0	0.028681845999999997	0.087628543	False	False
Ribo_ND_166631	rna_virus	0	Blue	Blue	0.097327895	0.0	0.0	1.0	1.0	531.0	strong_rna_like	False	False	1.0	0.39614147	0.0	0.0	1.0	1.0	204.0	moderate_rna_like	False	False	1.0	0.20207117	0.0	0.0	1.0	1.0	182.0	moderate_rna_like	False	False	1.0	0.22656722	0.0	0.0	1.0	1.0	145.0	moderate_rna_like	False	False	1.0	-0.298813575	0.2467346825	False	False
Ribo_ND_163335	rna_virus	0	Blue	Blue	0.57960117	1.0	1.0	0.0	0.0	412.0	ambiguous	False	False	1.0	0.38375172	0.0	0.0	1.0	1.0	87.0	moderate_rna_like	False	False	1.0	0.54095113	1.0	1.0	0.0	0.0	184.0	ambiguous	False	False	1.0	0.18480437	0.0	0.0	1.0	1.0	141.0	strong_rna_like	False	False	1.0	0.19584944999999998	0.481676445	False	False
Ribo_ND_092976	rna_virus	0	Blue	Blue	0.14303666	0.0	0.0	1.0	1.0	417.0	strong_rna_like	False	False	1.0	0.08252262	0.0	0.0	1.0	1.0	86.0	strong_rna_like	False	False	1.0	0.30888426	0.0	0.0	1.0	1.0	186.0	moderate_rna_like	False	False	1.0	0.32839185	0.0	0.0	1.0	1.0	145.0	moderate_rna_like	False	False	1.0	0.060514040000000005	0.11277964000000001	False	False
Ribo_ND_306739	rna_virus	0	Blue	Blue	0.085279614	0.0	0.0	1.0	1.0	442.0	strong_rna_like	False	False	1.0	0.15125701	0.0	0.0	1.0	1.0	110.0	strong_rna_like	False	False	1.0	0.43450946	0.0	1.0	1.0	0.0	186.0	ambiguous	False	False	1.0	0.75272685	1.0	1.0	0.0	0.0	146.0	moderate_crucivirus_like	False	True	1.0	-0.065977396	0.118268312	False	False
Ribo_ND_251191	rna_virus	0	Blue	Blue	0.3664041	0.0	0.0	1.0	1.0	427.0	moderate_rna_like	False	False	1.0	0.49104103	0.0	0.0	1.0	1.0	97.0	ambiguous	False	False	1.0	0.49961138	0.0	1.0	1.0	0.0	184.0	ambiguous	False	False	1.0	0.27235207	0.0	0.0	1.0	1.0	146.0	moderate_rna_like	False	False	1.0	-0.12463692999999998	0.428722565	False	False
Ribo_ND_046859	rna_virus	0	Blue	Blue	0.39523134	0.0	0.0	1.0	1.0	425.0	moderate_rna_like	False	False	1.0	0.2708767	0.0	0.0	1.0	1.0	91.0	moderate_rna_like	False	False	1.0	0.35853317	0.0	0.0	1.0	1.0	184.0	moderate_rna_like	False	False	1.0	0.5360671	1.0	1.0	0.0	0.0	150.0	ambiguous	False	False	1.0	0.12435463999999996	0.33305402	False	False
Ribo_ND_300454	rna_virus	0	Blue	Blue	0.09630251	0.0	0.0	1.0	1.0	433.0	strong_rna_like	False	False	1.0	0.07157535	0.0	0.0	1.0	1.0	104.0	strong_rna_like	False	False	1.0	0.4581291	0.0	1.0	1.0	0.0	184.0	ambiguous	False	False	1.0	0.36456504	0.0	0.0	1.0	1.0	145.0	moderate_rna_like	False	False	1.0	0.024727159999999998	0.08393893	False	False
Ribo_ND_205490	rna_virus	0	Blue	Blue	0.5033497	1.0	1.0	0.0	0.0	440.0	ambiguous	False	False	1.0	0.23256922	0.0	0.0	1.0	1.0	109.0	moderate_rna_like	False	False	1.0	0.74262613	1.0	1.0	0.0	0.0	184.0	moderate_crucivirus_like	False	True	1.0	0.5108335	1.0	1.0	0.0	0.0	147.0	ambiguous	False	False	1.0	0.27078048	0.36795946	False	False
Ribo_NC_032826	rna_virus	0	Blue	Blue	0.13400477	0.0	0.0	1.0	1.0	416.0	strong_rna_like	False	False	1.0	0.19015092	0.0	0.0	1.0	1.0	86.0	strong_rna_like	False	False	1.0	0.29531682	0.0	0.0	1.0	1.0	184.0	moderate_rna_like	False	False	1.0	0.72528607	1.0	1.0	0.0	0.0	146.0	moderate_crucivirus_like	False	True	1.0	-0.056146150000000006	0.162077845	False	False
Ribo_ND_147194	rna_virus	0	Blue	Blue	0.20587325	0.0	0.0	1.0	1.0	419.0	moderate_rna_like	False	False	1.0	0.119950764	0.0	0.0	1.0	1.0	84.0	strong_rna_like	False	False	1.0	0.33060995	0.0	0.0	1.0	1.0	184.0	moderate_rna_like	False	False	1.0	0.49574873	0.0	1.0	1.0	0.0	151.0	ambiguous	False	False	1.0	0.085922486	0.162912007	False	False
Ribo_ND_029689	rna_virus	0	Blue	Blue	0.15993282	0.0	0.0	1.0	1.0	416.0	strong_rna_like	False	False	1.0	0.2366325	0.0	0.0	1.0	1.0	86.0	moderate_rna_like	False	False	1.0	0.31335118	0.0	0.0	1.0	1.0	184.0	moderate_rna_like	False	False	1.0	0.71379465	1.0	1.0	0.0	0.0	146.0	moderate_crucivirus_like	False	True	1.0	-0.07669967999999999	0.19828266	False	False
Ribo_ND_155767	rna_virus	0	Blue	Blue	0.2506814	0.0	0.0	1.0	1.0	419.0	moderate_rna_like	False	False	1.0	0.11448601	0.0	0.0	1.0	1.0	84.0	strong_rna_like	False	False	1.0	0.40544987	0.0	1.0	1.0	0.0	184.0	ambiguous	False	False	1.0	0.51229835	1.0	1.0	0.0	0.0	151.0	ambiguous	False	False	1.0	0.13619539	0.18258370499999999	False	False
Ribo_ND_175194	rna_virus	0	Blue	Blue	0.21709396	0.0	0.0	1.0	1.0	425.0	moderate_rna_like	False	False	1.0	0.1900987	0.0	0.0	1.0	1.0	91.0	strong_rna_like	False	False	1.0	0.33920243	0.0	0.0	1.0	1.0	184.0	moderate_rna_like	False	False	1.0	0.49025762	0.0	0.0	1.0	1.0	150.0	ambiguous	False	False	1.0	0.026995259999999993	0.20359633	False	False
Ribo_ND_108971	rna_virus	0	Blue	Blue	0.26954424	0.0	0.0	1.0	1.0	429.0	moderate_rna_like	False	False	1.0	0.2970836	0.0	0.0	1.0	1.0	98.0	moderate_rna_like	False	False	1.0	0.5470389	1.0	1.0	0.0	0.0	184.0	ambiguous	False	False	1.0	0.7512314	1.0	1.0	0.0	0.0	147.0	moderate_crucivirus_like	False	True	1.0	-0.027539360000000013	0.28331392	False	False
Ribo_ND_050395	rna_virus	0	Blue	Blue	0.30647963	0.0	0.0	1.0	1.0	435.0	moderate_rna_like	False	False	1.0	0.31286436	0.0	0.0	1.0	1.0	93.0	moderate_rna_like	False	False	1.0	0.69880724	1.0	1.0	0.0	0.0	184.0	moderate_crucivirus_like	False	True	1.0	0.39129788	0.0	0.0	1.0	1.0	158.0	moderate_rna_like	False	False	1.0	-0.006384730000000005	0.309671995	False	False
Ribo_ND_113583	rna_virus	0	Blue	Blue	0.19398466	0.0	0.0	1.0	1.0	428.0	strong_rna_like	False	False	1.0	0.171526	0.0	0.0	1.0	1.0	100.0	strong_rna_like	False	False	1.0	0.57324463	1.0	1.0	0.0	0.0	183.0	ambiguous	False	False	1.0	0.38919243	0.0	0.0	1.0	1.0	145.0	moderate_rna_like	False	False	1.0	0.02245865999999999	0.18275533	False	False
Ribo_ND_099772	rna_virus	0	Blue	Blue	0.28725332	0.0	0.0	1.0	1.0	463.0	moderate_rna_like	False	False	1.0	0.07277203	0.0	0.0	1.0	1.0	123.0	strong_rna_like	False	False	1.0	0.65199673	1.0	1.0	0.0	0.0	186.0	moderate_crucivirus_like	False	True	1.0	0.33064038	0.0	0.0	1.0	1.0	154.0	moderate_rna_like	False	False	1.0	0.21448129	0.18001267499999998	False	False
Ribo_ND_099892	rna_virus	0	Blue	Blue	0.18336932	0.0	0.0	1.0	1.0	436.0	strong_rna_like	False	False	1.0	0.0663277	0.0	0.0	1.0	1.0	101.0	strong_rna_like	False	False	1.0	0.6956965	1.0	1.0	0.0	0.0	186.0	moderate_crucivirus_like	False	True	1.0	0.2270362	0.0	0.0	1.0	1.0	149.0	moderate_rna_like	False	False	1.0	0.11704162	0.12484851	False	False
Ribo_ND_321729	rna_virus	0	Blue	Blue	0.43301445	0.0	0.0	1.0	1.0	438.0	ambiguous	False	False	1.0	0.40559816	0.0	0.0	1.0	1.0	100.0	ambiguous	False	False	1.0	0.7529441	1.0	1.0	0.0	0.0	185.0	moderate_crucivirus_like	False	True	1.0	0.34484163	0.0	0.0	1.0	1.0	153.0	moderate_rna_like	False	False	1.0	0.02741629000000001	0.419306305	False	False
Ribo_ND_029416	rna_virus	0	Blue	Blue	0.11742299	0.0	0.0	1.0	1.0	462.0	strong_rna_like	False	False	1.0	0.19161187	0.0	0.0	1.0	1.0	126.0	strong_rna_like	False	False	1.0	0.8304481	1.0	1.0	0.0	0.0	185.0	strong_crucivirus_like	True	True	1.0	0.14641552	0.0	0.0	1.0	1.0	151.0	strong_rna_like	False	False	1.0	-0.07418887999999998	0.15451743	False	False
Ribo_ND_178506	rna_virus	0	Blue	Blue	0.096336566	0.0	0.0	1.0	1.0	447.0	strong_rna_like	False	False	1.0	0.048333425	0.0	0.0	1.0	1.0	100.0	strong_rna_like	False	False	1.0	0.7380714	1.0	1.0	0.0	0.0	192.0	moderate_crucivirus_like	False	True	1.0	0.5897414	1.0	1.0	0.0	0.0	155.0	ambiguous	False	False	1.0	0.048003141	0.0723349955	False	False
Ribo_ND_239075	rna_virus	0	Blue	Blue	0.4601965	0.0	0.0	1.0	1.0	474.0	ambiguous	False	False	1.0	0.34544772	0.0	0.0	1.0	1.0	127.0	moderate_rna_like	False	False	1.0	0.76501	1.0	1.0	0.0	0.0	192.0	moderate_crucivirus_like	False	True	1.0	0.6672159	1.0	1.0	0.0	0.0	155.0	moderate_crucivirus_like	False	True	1.0	0.11474878	0.40282211	False	False
Ribo_ND_044832	rna_virus	0	Blue	Blue	0.31085625	0.0	0.0	1.0	1.0	450.0	moderate_rna_like	False	False	1.0	0.30735222	0.0	0.0	1.0	1.0	111.0	moderate_rna_like	False	False	1.0	0.56854725	1.0	1.0	0.0	0.0	183.0	ambiguous	False	False	1.0	0.6665766	1.0	1.0	0.0	0.0	156.0	moderate_crucivirus_like	False	True	1.0	0.0035040299999999913	0.309104235	False	False
Ribo_ND_044604	rna_virus	0	Blue	Blue	0.09697581	0.0	0.0	1.0	1.0	437.0	strong_rna_like	False	False	1.0	0.048197217	0.0	0.0	1.0	1.0	95.0	strong_rna_like	False	False	1.0	0.7442324	1.0	1.0	0.0	0.0	185.0	moderate_crucivirus_like	False	True	1.0	0.67254573	1.0	1.0	0.0	0.0	157.0	moderate_crucivirus_like	False	True	1.0	0.048778592999999995	0.0725865135	False	False
Ribo_ND_094133	rna_virus	0	Blue	Blue	0.2980311	0.0	0.0	1.0	1.0	415.0	moderate_rna_like	False	False	1.0	0.11250708	0.0	0.0	1.0	1.0	87.0	strong_rna_like	False	False	1.0	0.510584	1.0	1.0	0.0	0.0	184.0	ambiguous	False	False	1.0	0.47212127	0.0	0.0	1.0	1.0	144.0	ambiguous	False	False	1.0	0.18552402	0.20526909	False	False
Ribo_ND_157972	rna_virus	0	Blue	Blue	0.3542456	0.0	0.0	1.0	1.0	448.0	moderate_rna_like	False	False	1.0	0.37218177	0.0	0.0	1.0	1.0	106.0	moderate_rna_like	False	False	1.0	0.55029225	1.0	1.0	0.0	0.0	185.0	ambiguous	False	False	1.0	0.44359815	0.0	0.0	1.0	1.0	157.0	ambiguous	False	False	1.0	-0.01793617000000003	0.363213685	False	False
Ribo_ND_388134	rna_virus	0	Blue	Blue	0.7234143	1.0	1.0	0.0	0.0	448.0	moderate_crucivirus_like	False	True	1.0	0.562966	1.0	1.0	0.0	0.0	114.0	ambiguous	False	False	1.0	0.6653728	1.0	1.0	0.0	0.0	183.0	moderate_crucivirus_like	False	True	1.0	0.38227624	0.0	0.0	1.0	1.0	151.0	moderate_rna_like	False	False	1.0	0.1604483	0.6431901499999999	False	False
Ribo_ND_046668	rna_virus	0	Blue	Blue	0.5880258	1.0	1.0	0.0	0.0	443.0	ambiguous	False	False	1.0	0.30126417	0.0	0.0	1.0	1.0	107.0	moderate_rna_like	False	False	1.0	0.8379703	1.0	1.0	0.0	0.0	183.0	strong_crucivirus_like	True	True	1.0	0.34140608	0.0	0.0	1.0	1.0	153.0	moderate_rna_like	False	False	1.0	0.28676163000000005	0.44464498500000005	False	False
Ribo_ND_112677	rna_virus	0	Blue	Blue	0.36987966	0.0	0.0	1.0	1.0	460.0	moderate_rna_like	False	False	1.0	0.32485119	0.0	0.0	1.0	1.0	124.0	moderate_rna_like	False	False	1.0	0.7791898	1.0	1.0	0.0	0.0	184.0	moderate_crucivirus_like	False	True	1.0	0.44880596	0.0	0.0	1.0	1.0	152.0	ambiguous	False	False	1.0	0.04502846999999999	0.347365425	False	False
Ribo_ND_203489	rna_virus	0	Blue	Blue	0.08508032	0.0	0.0	1.0	1.0	441.0	strong_rna_like	False	False	1.0	0.12691924	0.0	0.0	1.0	1.0	97.0	strong_rna_like	False	False	1.0	0.63570863	1.0	1.0	0.0	0.0	186.0	moderate_crucivirus_like	False	True	1.0	0.46593365	0.0	0.0	1.0	1.0	158.0	ambiguous	False	False	1.0	-0.04183891999999999	0.10599977999999999	False	False
Ribo_ND_237671	rna_virus	0	Blue	Blue	0.34237728	0.0	0.0	1.0	1.0	430.0	moderate_rna_like	False	False	1.0	0.19615313	0.0	0.0	1.0	1.0	99.0	strong_rna_like	False	False	1.0	0.751194	1.0	1.0	0.0	0.0	186.0	moderate_crucivirus_like	False	True	1.0	0.6823781	1.0	1.0	0.0	0.0	145.0	moderate_crucivirus_like	False	True	1.0	0.14622415	0.269265205	False	False
Ribo_ND_216514	rna_virus	0	Blue	Blue	0.5631718	1.0	1.0	0.0	0.0	456.0	ambiguous	False	False	1.0	0.3136994	0.0	0.0	1.0	1.0	111.0	moderate_rna_like	False	False	1.0	0.70009804	1.0	1.0	0.0	0.0	185.0	moderate_crucivirus_like	False	True	1.0	0.36118734	0.0	0.0	1.0	1.0	160.0	moderate_rna_like	False	False	1.0	0.24947239999999998	0.43843560000000004	False	False
Ribo_ND_046330	rna_virus	0	Blue	Blue	0.4269681	0.0	0.0	1.0	1.0	456.0	ambiguous	False	False	1.0	0.30757007	0.0	0.0	1.0	1.0	112.0	moderate_rna_like	False	False	1.0	0.6420412	1.0	1.0	0.0	0.0	184.0	moderate_crucivirus_like	False	True	1.0	0.45249024	0.0	0.0	1.0	1.0	160.0	ambiguous	False	False	1.0	0.11939803000000004	0.367269085	False	False
Ribo_ND_025131	rna_virus	0	Blue	Blue	0.32538435	0.0	0.0	1.0	1.0	413.0	moderate_rna_like	False	False	1.0	0.31741518	0.0	0.0	1.0	1.0	73.0	moderate_rna_like	False	False	1.0	0.34518394	0.0	0.0	1.0	1.0	180.0	moderate_rna_like	False	False	1.0	0.6976653	1.0	1.0	0.0	0.0	160.0	moderate_crucivirus_like	False	True	1.0	0.00796916999999997	0.321399765	False	False
Ribo_ND_163049	rna_virus	0	Blue	Blue	0.24452528	0.0	0.0	1.0	1.0	398.0	moderate_rna_like	False	False	1.0	0.19514444	0.0	0.0	1.0	1.0	69.0	strong_rna_like	False	False	1.0	0.20765373	0.0	0.0	1.0	1.0	180.0	moderate_rna_like	False	False	1.0	0.4283548	0.0	0.0	1.0	1.0	149.0	ambiguous	False	False	1.0	0.04938084000000001	0.21983486000000002	False	False
Ribo_ND_164988	rna_virus	0	Blue	Blue	0.16412285	0.0	0.0	1.0	1.0	420.0	strong_rna_like	False	False	1.0	0.28114262	0.0	0.0	1.0	1.0	90.0	moderate_rna_like	False	False	1.0	0.7597349	1.0	1.0	0.0	0.0	180.0	moderate_crucivirus_like	False	True	1.0	0.28640747	0.0	0.0	1.0	1.0	150.0	moderate_rna_like	False	False	1.0	-0.11701977000000002	0.222632735	False	False
Ribo_ND_162284	rna_virus	0	Blue	Blue	0.26935232	0.0	0.0	1.0	1.0	410.0	moderate_rna_like	False	False	1.0	0.20050308	0.0	0.0	1.0	1.0	80.0	moderate_rna_like	False	False	1.0	0.74258345	1.0	1.0	0.0	0.0	180.0	moderate_crucivirus_like	False	True	1.0	0.5426332	1.0	1.0	0.0	0.0	150.0	ambiguous	False	False	1.0	0.06884923999999998	0.2349277	False	False
Ribo_ND_084192	rna_virus	0	Blue	Blue	0.12155734	0.0	0.0	1.0	1.0	424.0	strong_rna_like	False	False	1.0	0.20514981	0.0	0.0	1.0	1.0	97.0	moderate_rna_like	False	False	1.0	0.33609688	0.0	0.0	1.0	1.0	179.0	moderate_rna_like	False	False	1.0	0.41824785	0.0	0.0	1.0	1.0	148.0	ambiguous	False	False	1.0	-0.08359246999999999	0.163353575	False	False
Ribo_JAAOEH010002777.1	rna_virus	0	Blue	Blue	0.11677084	0.0	0.0	1.0	1.0	424.0	strong_rna_like	False	False	1.0	0.19280745	0.0	0.0	1.0	1.0	97.0	strong_rna_like	False	False	1.0	0.30747753	0.0	0.0	1.0	1.0	179.0	moderate_rna_like	False	False	1.0	0.36899123	0.0	0.0	1.0	1.0	148.0	moderate_rna_like	False	False	1.0	-0.07603660999999999	0.154789145	False	False
Ribo_ND_143535	rna_virus	0	Blue	Blue	0.30792552	0.0	0.0	1.0	1.0	446.0	moderate_rna_like	False	False	1.0	0.19260362	0.0	0.0	1.0	1.0	119.0	strong_rna_like	False	False	1.0	0.3750618	0.0	0.0	1.0	1.0	179.0	moderate_rna_like	False	False	1.0	0.240603	0.0	0.0	1.0	1.0	148.0	moderate_rna_like	False	False	1.0	0.1153219	0.25026457	False	False
Ribo_ND_155687	rna_virus	0	Blue	Blue	0.14148	0.0	0.0	1.0	1.0	426.0	strong_rna_like	False	False	1.0	0.19514517	0.0	0.0	1.0	1.0	93.0	strong_rna_like	False	False	1.0	0.49507868	0.0	1.0	1.0	0.0	179.0	ambiguous	False	False	1.0	0.38507926	0.0	0.0	1.0	1.0	154.0	moderate_rna_like	False	False	1.0	-0.05366517000000001	0.16831258500000001	False	False
Ribo_ND_099920	rna_virus	0	Blue	Blue	0.08173639	0.0	0.0	1.0	1.0	419.0	strong_rna_like	False	False	1.0	0.22131069	0.0	0.0	1.0	1.0	92.0	moderate_rna_like	False	False	1.0	0.29847616	0.0	0.0	1.0	1.0	180.0	moderate_rna_like	False	False	1.0	0.32871684	0.0	0.0	1.0	1.0	147.0	moderate_rna_like	False	False	1.0	-0.13957429999999998	0.15152354	False	False
Ribo_ND_249718	rna_virus	0	Blue	Blue	0.12750638	0.0	0.0	1.0	1.0	396.0	strong_rna_like	False	False	1.0	0.08509851	0.0	0.0	1.0	1.0	75.0	strong_rna_like	False	False	1.0	0.35263866	0.0	0.0	1.0	1.0	180.0	moderate_rna_like	False	False	1.0	0.47782534	0.0	0.0	1.0	1.0	141.0	ambiguous	False	False	1.0	0.04240787	0.106302445	False	False
Ribo_ND_172658	rna_virus	0	Blue	Blue	0.31903574	0.0	0.0	1.0	1.0	426.0	moderate_rna_like	False	False	1.0	0.1312275	0.0	0.0	1.0	1.0	98.0	strong_rna_like	False	False	1.0	0.22574738	0.0	0.0	1.0	1.0	180.0	moderate_rna_like	False	False	1.0	0.60193163	1.0	1.0	0.0	0.0	148.0	moderate_crucivirus_like	False	True	1.0	0.18780824000000002	0.22513162	False	False
Ribo_ND_029450	rna_virus	0	Blue	Blue	0.63805944	1.0	1.0	0.0	0.0	429.0	moderate_crucivirus_like	False	True	1.0	0.370667	0.0	0.0	1.0	1.0	103.0	moderate_rna_like	False	False	1.0	0.57942677	1.0	1.0	0.0	0.0	177.0	ambiguous	False	False	1.0	0.52221954	1.0	1.0	0.0	0.0	149.0	ambiguous	False	False	1.0	0.26739244	0.50436322	False	False
Ribo_ND_025286	rna_virus	0	Blue	Blue	0.33262303	0.0	0.0	1.0	1.0	413.0	moderate_rna_like	False	False	1.0	0.1644829	0.0	0.0	1.0	1.0	87.0	strong_rna_like	False	False	1.0	0.40330592	0.0	1.0	1.0	0.0	181.0	ambiguous	False	False	1.0	0.29288942	0.0	0.0	1.0	1.0	145.0	moderate_rna_like	False	False	1.0	0.16814013	0.248552965	False	False
Ribo_ND_331194	rna_virus	0	Blue	Blue	0.18474883	0.0	0.0	1.0	1.0	449.0	strong_rna_like	False	False	1.0	0.19022009	0.0	0.0	1.0	1.0	112.0	strong_rna_like	False	False	1.0	0.5619671	1.0	1.0	0.0	0.0	183.0	ambiguous	False	False	1.0	0.31663394	0.0	0.0	1.0	1.0	154.0	moderate_rna_like	False	False	1.0	-0.0054712600000000056	0.18748446000000002	False	False
Ribo_ND_220610	rna_virus	0	Blue	Blue	0.135983	0.0	0.0	1.0	1.0	440.0	strong_rna_like	False	False	1.0	0.29318875	0.0	0.0	1.0	1.0	105.0	moderate_rna_like	False	False	1.0	0.40339056	0.0	1.0	1.0	0.0	183.0	ambiguous	False	False	1.0	0.4251104	0.0	0.0	1.0	1.0	152.0	ambiguous	False	False	1.0	-0.15720575	0.21458587499999998	False	False
Ribo_ND_118715	rna_virus	0	Blue	Blue	0.11020791	0.0	0.0	1.0	1.0	444.0	strong_rna_like	False	False	1.0	0.110187896	0.0	0.0	1.0	1.0	111.0	strong_rna_like	False	False	1.0	0.25023028	0.0	0.0	1.0	1.0	183.0	moderate_rna_like	False	False	1.0	0.44057527	0.0	0.0	1.0	1.0	150.0	ambiguous	False	False	1.0	2.0014000000012633e-05	0.110197903	False	False
Ribo_ND_240609	rna_virus	0	Blue	Blue	0.17545132	0.0	0.0	1.0	1.0	438.0	strong_rna_like	False	False	1.0	0.15676537	0.0	0.0	1.0	1.0	107.0	strong_rna_like	False	False	1.0	0.45607254	0.0	1.0	1.0	0.0	183.0	ambiguous	False	False	1.0	0.32578573	0.0	0.0	1.0	1.0	148.0	moderate_rna_like	False	False	1.0	0.018685950000000007	0.166108345	False	False
Ribo_ND_370389	rna_virus	0	Blue	Blue	0.1924919	0.0	0.0	1.0	1.0	454.0	strong_rna_like	False	False	1.0	0.1722402	0.0	0.0	1.0	1.0	111.0	strong_rna_like	False	False	1.0	0.55852455	1.0	1.0	0.0	0.0	183.0	ambiguous	False	False	1.0	0.25974494	0.0	0.0	1.0	1.0	160.0	moderate_rna_like	False	False	1.0	0.020251699999999984	0.18236605	False	False
Ribo_ND_216740	rna_virus	0	Blue	Blue	0.16523929	0.0	0.0	1.0	1.0	431.0	strong_rna_like	False	False	1.0	0.29745215	0.0	0.0	1.0	1.0	102.0	moderate_rna_like	False	False	1.0	0.66310835	1.0	1.0	0.0	0.0	182.0	moderate_crucivirus_like	False	True	1.0	0.5833742	1.0	1.0	0.0	0.0	147.0	ambiguous	False	False	1.0	-0.13221286000000002	0.23134572000000003	False	False
Ribo_Ga0184599_128623	rna_virus	0	Blue	Blue	0.32433364	0.0	0.0	1.0	1.0	446.0	moderate_rna_like	False	False	1.0	0.21318957	0.0	0.0	1.0	1.0	119.0	moderate_rna_like	False	False	1.0	0.39323446	0.0	0.0	1.0	1.0	182.0	moderate_rna_like	False	False	1.0	0.1982833	0.0	0.0	1.0	1.0	145.0	strong_rna_like	False	False	1.0	0.11114406999999998	0.268761605	False	False
Ribo_ND_239309	rna_virus	0	Blue	Blue	0.18494985	0.0	0.0	1.0	1.0	437.0	strong_rna_like	False	False	1.0	0.16080308	0.0	0.0	1.0	1.0	108.0	strong_rna_like	False	False	1.0	0.39323446	0.0	0.0	1.0	1.0	182.0	moderate_rna_like	False	False	1.0	0.24913673	0.0	0.0	1.0	1.0	147.0	moderate_rna_like	False	False	1.0	0.024146770000000012	0.17287646499999998	False	False
Ribo_ND_117606	rna_virus	0	Blue	Blue	0.28659368	0.0	0.0	1.0	1.0	437.0	moderate_rna_like	False	False	1.0	0.25643378	0.0	0.0	1.0	1.0	108.0	moderate_rna_like	False	False	1.0	0.62891895	1.0	1.0	0.0	0.0	182.0	moderate_crucivirus_like	False	True	1.0	0.1751684	0.0	0.0	1.0	1.0	147.0	strong_rna_like	False	False	1.0	0.030159900000000017	0.27151373	False	False
Ribo_ND_184602	rna_virus	0	Blue	Blue	0.26262245	0.0	0.0	1.0	1.0	419.0	moderate_rna_like	False	False	1.0	0.15012102	0.0	0.0	1.0	1.0	86.0	strong_rna_like	False	False	1.0	0.3541012	0.0	0.0	1.0	1.0	183.0	moderate_rna_like	False	False	1.0	0.32777947	0.0	0.0	1.0	1.0	150.0	moderate_rna_like	False	False	1.0	0.11250143000000001	0.206371735	False	False
Ribo_ND_239080	rna_virus	0	Blue	Blue	0.116702795	0.0	0.0	1.0	1.0	419.0	strong_rna_like	False	False	1.0	0.10508657	0.0	0.0	1.0	1.0	86.0	strong_rna_like	False	False	1.0	0.38024232	0.0	0.0	1.0	1.0	183.0	moderate_rna_like	False	False	1.0	0.22890529	0.0	0.0	1.0	1.0	150.0	moderate_rna_like	False	False	1.0	0.011616224999999994	0.11089468250000001	False	False
Ribo_Ga0184575_112371	rna_virus	0	Blue	Blue	0.22840498	0.0	0.0	1.0	1.0	430.0	moderate_rna_like	False	False	1.0	0.49884918	0.0	1.0	1.0	0.0	97.0	ambiguous	False	False	1.0	0.38024232	0.0	0.0	1.0	1.0	183.0	moderate_rna_like	False	False	1.0	0.23231117	0.0	0.0	1.0	1.0	150.0	moderate_rna_like	False	False	1.0	-0.2704442	0.36362708	False	False
Ribo_ND_210470	rna_virus	0	Blue	Blue	0.22963305	0.0	0.0	1.0	1.0	413.0	moderate_rna_like	False	False	1.0	0.12772478	0.0	0.0	1.0	1.0	88.0	strong_rna_like	False	False	1.0	0.38452217	0.0	0.0	1.0	1.0	182.0	moderate_rna_like	False	False	1.0	0.48439392	0.0	0.0	1.0	1.0	143.0	ambiguous	False	False	1.0	0.10190827	0.178678915	False	False
Ribo_ND_045532	rna_virus	0	Blue	Blue	0.6081594	1.0	1.0	0.0	0.0	373.0	moderate_crucivirus_like	False	True	1.0	0.13978587	0.0	0.0	1.0	1.0	41.0	strong_rna_like	False	False	1.0	0.61234623	1.0	1.0	0.0	0.0	182.0	moderate_crucivirus_like	False	True	1.0	0.3052762	0.0	0.0	1.0	1.0	150.0	moderate_rna_like	False	False	1.0	0.46837353000000004	0.373972635	False	False
Ribo_ND_030523	rna_virus	0	Blue	Blue	0.43808588	0.0	0.0	1.0	1.0	474.0	ambiguous	False	False	1.0	0.3437378	0.0	0.0	1.0	1.0	145.0	moderate_rna_like	False	False	1.0	0.57222974	1.0	1.0	0.0	0.0	178.0	ambiguous	False	False	1.0	0.23161142	0.0	0.0	1.0	1.0	151.0	moderate_rna_like	False	False	1.0	0.09434808	0.39091184	False	False
Ribo_ND_025228	rna_virus	0	Blue	Blue	0.16094509	0.0	0.0	1.0	1.0	403.0	strong_rna_like	False	False	1.0	0.039990135	0.0	0.0	1.0	1.0	84.0	strong_rna_like	False	False	1.0	0.3854798	0.0	0.0	1.0	1.0	180.0	moderate_rna_like	False	False	1.0	0.39696336	0.0	0.0	1.0	1.0	139.0	moderate_rna_like	False	False	1.0	0.120954955	0.10046761250000001	False	False
Ribo_ND_146081	rna_virus	0	Blue	Blue	0.351273	0.0	0.0	1.0	1.0	403.0	moderate_rna_like	False	False	1.0	0.065225326	0.0	0.0	1.0	1.0	84.0	strong_rna_like	False	False	1.0	0.66833967	1.0	1.0	0.0	0.0	180.0	moderate_crucivirus_like	False	True	1.0	0.2596379	0.0	0.0	1.0	1.0	139.0	moderate_rna_like	False	False	1.0	0.286047674	0.20824916300000001	False	False
Ribo_ND_109141	rna_virus	0	Blue	Blue	0.24749859	0.0	0.0	1.0	1.0	412.0	moderate_rna_like	False	False	1.0	0.23079902	0.0	0.0	1.0	1.0	92.0	moderate_rna_like	False	False	1.0	0.4573997	0.0	1.0	1.0	0.0	180.0	ambiguous	False	False	1.0	0.2826557	0.0	0.0	1.0	1.0	140.0	moderate_rna_like	False	False	1.0	0.016699569999999997	0.239148805	False	False
Ribo_ND_099990	rna_virus	0	Blue	Blue	0.14313646	0.0	0.0	1.0	1.0	437.0	strong_rna_like	False	False	1.0	0.22286637	0.0	0.0	1.0	1.0	111.0	moderate_rna_like	False	False	1.0	0.6738529	1.0	1.0	0.0	0.0	181.0	moderate_crucivirus_like	False	True	1.0	0.14753866	0.0	0.0	1.0	1.0	145.0	strong_rna_like	False	False	1.0	-0.07972991000000001	0.183001415	False	False
Ribo_ND_205493	rna_virus	0	Blue	Blue	0.118252285	0.0	0.0	1.0	1.0	455.0	strong_rna_like	False	False	1.0	0.4778628	0.0	0.0	1.0	1.0	100.0	ambiguous	False	False	1.0	0.48671618	0.0	1.0	1.0	0.0	183.0	ambiguous	False	False	1.0	0.48333994	0.0	0.0	1.0	1.0	172.0	ambiguous	False	False	1.0	-0.35961051499999996	0.2980575425	False	False
Ribo_ND_185856	rna_virus	0	Blue	Blue	0.23327614	0.0	0.0	1.0	1.0	491.0	moderate_rna_like	False	False	1.0	0.431642	0.0	0.0	1.0	1.0	141.0	ambiguous	False	False	1.0	0.2283574	0.0	0.0	1.0	1.0	186.0	moderate_rna_like	False	False	1.0	0.22832103	0.0	0.0	1.0	1.0	166.0	moderate_rna_like	False	False	1.0	-0.19836586000000003	0.33245907	False	False
Ribo_ND_179968	rna_virus	0	Blue	Blue	0.1275766	0.0	0.0	1.0	1.0	418.0	strong_rna_like	False	False	1.0	0.009422086	0.0	0.0	1.0	1.0	75.0	strong_rna_like	False	False	1.0	0.60549355	1.0	1.0	0.0	0.0	185.0	moderate_crucivirus_like	False	True	1.0	0.35784444	0.0	0.0	1.0	1.0	158.0	moderate_rna_like	False	False	1.0	0.11815451400000002	0.068499343	False	False
Ribo_ND_051567	rna_virus	0	Blue	Blue	0.12528616	0.0	0.0	1.0	1.0	439.0	strong_rna_like	False	False	1.0	0.076396696	0.0	0.0	1.0	1.0	111.0	strong_rna_like	False	False	1.0	0.2618851	0.0	0.0	1.0	1.0	182.0	moderate_rna_like	False	False	1.0	0.33092913	0.0	0.0	1.0	1.0	146.0	moderate_rna_like	False	False	1.0	0.04888946400000001	0.10084142800000001	False	False
Ribo_ND_105005	rna_virus	0	Blue	Blue	0.082383014	0.0	0.0	1.0	1.0	448.0	strong_rna_like	False	False	1.0	0.21102092	0.0	0.0	1.0	1.0	122.0	moderate_rna_like	False	False	1.0	0.7660545	1.0	1.0	0.0	0.0	179.0	moderate_crucivirus_like	False	True	1.0	0.32491404	0.0	0.0	1.0	1.0	147.0	moderate_rna_like	False	False	1.0	-0.128637906	0.146701967	False	False
Ribo_ND_251215	rna_virus	0	Blue	Blue	0.19046472	0.0	0.0	1.0	1.0	454.0	strong_rna_like	False	False	1.0	0.33492965	0.0	0.0	1.0	1.0	120.0	moderate_rna_like	False	False	1.0	0.46779972	0.0	1.0	1.0	0.0	184.0	ambiguous	False	False	1.0	0.17513894	0.0	0.0	1.0	1.0	150.0	strong_rna_like	False	False	1.0	-0.14446493000000002	0.262697185	False	False
Ribo_ND_249723	rna_virus	0	Blue	Blue	0.103169	0.0	0.0	1.0	1.0	435.0	strong_rna_like	False	False	1.0	0.14262238	0.0	0.0	1.0	1.0	108.0	strong_rna_like	False	False	1.0	0.41379794	0.0	1.0	1.0	0.0	180.0	ambiguous	False	False	1.0	0.13789178	0.0	0.0	1.0	1.0	147.0	strong_rna_like	False	False	1.0	-0.039453379999999996	0.12289569	False	False
Ribo_ND_276858	rna_virus	0	Blue	Blue	0.21605931	0.0	0.0	1.0	1.0	448.0	moderate_rna_like	False	False	1.0	0.21187137	0.0	0.0	1.0	1.0	122.0	moderate_rna_like	False	False	1.0	0.6163223	1.0	1.0	0.0	0.0	183.0	moderate_crucivirus_like	False	True	1.0	0.3553031	0.0	0.0	1.0	1.0	143.0	moderate_rna_like	False	False	1.0	0.004187940000000001	0.21396534	False	False
Ribo_ND_366118	rna_virus	0	Blue	Blue	0.047167823	0.0	0.0	1.0	1.0	432.0	strong_rna_like	False	False	1.0	0.028604576	0.0	0.0	1.0	1.0	99.0	strong_rna_like	False	False	1.0	0.6788505	1.0	1.0	0.0	0.0	180.0	moderate_crucivirus_like	False	True	1.0	0.38994235	0.0	0.0	1.0	1.0	153.0	moderate_rna_like	False	False	1.0	0.018563246999999998	0.037886199499999995	False	False
Ribo_ND_105690	rna_virus	0	Blue	Blue	0.46960106	0.0	0.0	1.0	1.0	454.0	ambiguous	False	False	1.0	0.21898565	0.0	0.0	1.0	1.0	124.0	moderate_rna_like	False	False	1.0	0.19457564	0.0	0.0	1.0	1.0	180.0	strong_rna_like	False	False	1.0	0.5146524	1.0	1.0	0.0	0.0	150.0	ambiguous	False	False	1.0	0.25061541	0.344293355	False	False
Ribo_ND_156478	rna_virus	0	Blue	Blue	0.103451535	0.0	0.0	1.0	1.0	453.0	strong_rna_like	False	False	1.0	0.037904788	0.0	0.0	1.0	1.0	96.0	strong_rna_like	False	False	1.0	0.53241426	1.0	1.0	0.0	0.0	178.0	ambiguous	False	False	1.0	0.48980546	0.0	0.0	1.0	1.0	179.0	ambiguous	False	False	1.0	0.06554674699999999	0.0706781615	False	False
Cruci_CruV_325	crucivirus	1	Blue	Blue	0.9641809	1.0	1.0	1.0	1.0	525.0	strong_crucivirus_like	False	False	1.0	0.9415444	1.0	1.0	1.0	1.0	99.0	strong_crucivirus_like	False	False	1.0	0.7915113	1.0	1.0	1.0	1.0	179.0	moderate_crucivirus_like	False	False	1.0	0.55983216	1.0	1.0	1.0	1.0	247.0	ambiguous	False	False	1.0	0.02263650000000006	0.9528626499999999	False	False
Cruci_CruV-740	crucivirus	1	Blue	Blue	0.8017548	1.0	1.0	1.0	1.0	562.0	strong_crucivirus_like	False	False	1.0	0.81350183	1.0	1.0	1.0	1.0	100.0	strong_crucivirus_like	False	False	1.0	0.6106738	1.0	1.0	1.0	1.0	180.0	moderate_crucivirus_like	False	False	1.0	0.28430367	0.0	0.0	0.0	0.0	282.0	moderate_rna_like	False	True	1.0	-0.011747029999999992	0.807628315	False	False
Cruci_CruV_342	crucivirus	1	Blue	Blue	0.9645016	1.0	1.0	1.0	1.0	498.0	strong_crucivirus_like	False	False	1.0	0.9590661	1.0	1.0	1.0	1.0	87.0	strong_crucivirus_like	False	False	1.0	0.71590924	1.0	1.0	1.0	1.0	182.0	moderate_crucivirus_like	False	False	1.0	0.65323085	1.0	1.0	1.0	1.0	229.0	moderate_crucivirus_like	False	False	1.0	0.0054354999999999265	0.96178385	False	False
Ribo_ND_381128	rna_virus	0	Blue	Blue	0.25595695	0.0	0.0	1.0	1.0	530.0	moderate_rna_like	False	False	1.0	0.27029616	0.0	0.0	1.0	1.0	134.0	moderate_rna_like	False	False	1.0	0.3935484	0.0	0.0	1.0	1.0	181.0	moderate_rna_like	False	False	1.0	0.7299759	1.0	1.0	0.0	0.0	215.0	moderate_crucivirus_like	False	True	1.0	-0.014339209999999991	0.26312655500000004	False	False
Ribo_ND_132795	rna_virus	0	Blue	Blue	0.27153313	0.0	0.0	1.0	1.0	526.0	moderate_rna_like	False	False	1.0	0.1117066	0.0	0.0	1.0	1.0	139.0	strong_rna_like	False	False	1.0	0.61145914	1.0	1.0	0.0	0.0	182.0	moderate_crucivirus_like	False	True	1.0	0.6888243	1.0	1.0	0.0	0.0	205.0	moderate_crucivirus_like	False	True	1.0	0.15982653000000002	0.191619865	False	False
Ribo_ND_386266	rna_virus	0	Blue	Blue	0.534459	1.0	1.0	0.0	0.0	521.0	ambiguous	False	False	1.0	0.08424293	0.0	0.0	1.0	1.0	122.0	strong_rna_like	False	False	1.0	0.7070374	1.0	1.0	0.0	0.0	182.0	moderate_crucivirus_like	False	True	1.0	0.8070817	1.0	1.0	0.0	0.0	217.0	strong_crucivirus_like	True	True	1.0	0.45021607	0.30935096500000003	False	False
Ribo_ND_092703	rna_virus	0	Blue	Blue	0.3045913	0.0	0.0	1.0	1.0	546.0	moderate_rna_like	False	False	1.0	0.22026001	0.0	0.0	1.0	1.0	154.0	moderate_rna_like	False	False	1.0	0.561169	1.0	1.0	0.0	0.0	183.0	ambiguous	False	False	1.0	0.5785684	1.0	1.0	0.0	0.0	209.0	ambiguous	False	False	1.0	0.08433129	0.26242565500000004	False	False
Ribo_ND_237656	rna_virus	0	Blue	Blue	0.44902578	0.0	0.0	1.0	1.0	592.0	ambiguous	False	False	1.0	0.16104555	0.0	0.0	1.0	1.0	124.0	strong_rna_like	False	False	1.0	0.67269206	1.0	1.0	0.0	0.0	183.0	moderate_crucivirus_like	False	True	1.0	0.51501465	1.0	1.0	0.0	0.0	285.0	ambiguous	False	False	1.0	0.28798022999999995	0.305035665	False	False
Ribo_ND_067439	rna_virus	0	Blue	Blue	0.22100307	0.0	0.0	1.0	1.0	643.0	moderate_rna_like	False	False	1.0	0.17930764	0.0	0.0	1.0	1.0	220.0	strong_rna_like	False	False	1.0	0.6314627	1.0	1.0	0.0	0.0	182.0	moderate_crucivirus_like	False	True	1.0	0.64053607	1.0	1.0	0.0	0.0	241.0	moderate_crucivirus_like	False	True	1.0	0.041695430000000006	0.20015535499999998	False	False
Ribo_ND_388266	rna_virus	0	Blue	Blue	0.4172088	0.0	0.0	1.0	1.0	533.0	ambiguous	False	False	1.0	0.34807634	0.0	0.0	1.0	1.0	124.0	moderate_rna_like	False	False	1.0	0.7625148	1.0	1.0	0.0	0.0	182.0	moderate_crucivirus_like	False	True	1.0	0.3748911	0.0	0.0	1.0	1.0	227.0	moderate_rna_like	False	False	1.0	0.06913246	0.38264257	False	False
Ribo_ND_388274	rna_virus	0	Blue	Blue	0.40862086	0.0	0.0	1.0	1.0	596.0	ambiguous	False	False	1.0	0.1327969	0.0	0.0	1.0	1.0	127.0	strong_rna_like	False	False	1.0	0.8227799	1.0	1.0	0.0	0.0	183.0	strong_crucivirus_like	True	True	1.0	0.534725	1.0	1.0	0.0	0.0	286.0	ambiguous	False	False	1.0	0.27582396	0.27070888	False	False
Cruci_CruCGE_155	crucivirus	1	Blue	Blue	0.66852844	1.0	1.0	1.0	1.0	461.0	moderate_crucivirus_like	False	False	1.0	0.6978976	1.0	1.0	1.0	1.0	109.0	moderate_crucivirus_like	False	False	1.0	0.8337972	1.0	1.0	1.0	1.0	184.0	strong_crucivirus_like	False	False	1.0	0.79909647	1.0	1.0	1.0	1.0	168.0	moderate_crucivirus_like	False	False	1.0	-0.029369160000000005	0.68321302	False	False
Cruci_CruV_307	crucivirus	1	Blue	Blue	0.6687771	1.0	1.0	1.0	1.0	498.0	moderate_crucivirus_like	False	False	1.0	0.83647686	1.0	1.0	1.0	1.0	135.0	strong_crucivirus_like	False	False	1.0	0.86863	1.0	1.0	1.0	1.0	199.0	strong_crucivirus_like	False	False	1.0	0.319906	0.0	0.0	0.0	0.0	164.0	moderate_rna_like	False	True	1.0	-0.16769975999999998	0.7526269800000001	False	False
Cruci_Ariz_MW697583	crucivirus	1	Blue	Blue	0.9515669	1.0	1.0	1.0	1.0	471.0	strong_crucivirus_like	False	False	1.0	0.9740605	1.0	1.0	1.0	1.0	116.0	strong_crucivirus_like	False	False	1.0	0.76284856	1.0	1.0	1.0	1.0	189.0	moderate_crucivirus_like	False	False	1.0	0.44360238	0.0	0.0	0.0	0.0	166.0	ambiguous	False	False	1.0	-0.022493600000000002	0.9628137	False	False
Cruci_CruV_199	crucivirus	1	Blue	Blue	0.8889323	1.0	1.0	1.0	1.0	479.0	strong_crucivirus_like	False	False	1.0	0.9784279	1.0	1.0	1.0	1.0	121.0	strong_crucivirus_like	False	False	1.0	0.6648872	1.0	1.0	1.0	1.0	189.0	moderate_crucivirus_like	False	False	1.0	0.69577116	1.0	1.0	1.0	1.0	169.0	moderate_crucivirus_like	False	False	1.0	-0.08949560000000001	0.9336801	False	False
Cruci_CruV_236	crucivirus	1	Blue	Blue	0.88944983	1.0	1.0	1.0	1.0	463.0	strong_crucivirus_like	False	False	1.0	0.9095388	1.0	1.0	1.0	1.0	101.0	strong_crucivirus_like	False	False	1.0	0.8621249	1.0	1.0	1.0	1.0	189.0	strong_crucivirus_like	False	False	1.0	0.6545035	1.0	1.0	1.0	1.0	173.0	moderate_crucivirus_like	False	False	1.0	-0.020088969999999984	0.899494315	False	False
Cruci_CruV_248	crucivirus	1	Blue	Blue	0.87953407	1.0	1.0	1.0	1.0	463.0	strong_crucivirus_like	False	False	1.0	0.90663236	1.0	1.0	1.0	1.0	101.0	strong_crucivirus_like	False	False	1.0	0.86126786	1.0	1.0	1.0	1.0	189.0	strong_crucivirus_like	False	False	1.0	0.6728416	1.0	1.0	1.0	1.0	173.0	moderate_crucivirus_like	False	False	1.0	-0.02709829000000008	0.893083215	False	False
Cruci_CruCGE_114	crucivirus	1	Blue	Blue	0.8139201	1.0	1.0	1.0	1.0	460.0	strong_crucivirus_like	False	False	1.0	0.7999597	1.0	1.0	1.0	1.0	99.0	moderate_crucivirus_like	False	False	1.0	0.9183724	1.0	1.0	1.0	1.0	189.0	strong_crucivirus_like	False	False	1.0	0.67256075	1.0	1.0	1.0	1.0	172.0	moderate_crucivirus_like	False	False	1.0	0.013960399999999984	0.8069399	False	False
Cruci_CruV_330	crucivirus	1	Blue	Blue	0.96037924	1.0	1.0	1.0	1.0	476.0	strong_crucivirus_like	False	False	1.0	0.9699767	1.0	1.0	1.0	1.0	120.0	strong_crucivirus_like	False	False	1.0	0.8481112	1.0	1.0	1.0	1.0	189.0	strong_crucivirus_like	False	False	1.0	0.1394944	0.0	0.0	0.0	0.0	167.0	strong_rna_like	True	True	1.0	-0.009597460000000058	0.96517797	False	False
Cruci_CruCGE_296	crucivirus	1	Blue	Blue	0.9783029	1.0	1.0	1.0	1.0	472.0	strong_crucivirus_like	False	False	1.0	0.9719472	1.0	1.0	1.0	1.0	116.0	strong_crucivirus_like	False	False	1.0	0.60896856	1.0	1.0	1.0	1.0	187.0	moderate_crucivirus_like	False	False	1.0	0.4733011	0.0	0.0	0.0	0.0	169.0	ambiguous	False	False	1.0	0.006355699999999964	0.9751250499999999	False	False
Cruci_CruV-597	crucivirus	1	Blue	Blue	0.96612453	1.0	1.0	1.0	1.0	470.0	strong_crucivirus_like	False	False	1.0	0.9906859	1.0	1.0	1.0	1.0	117.0	strong_crucivirus_like	False	False	1.0	0.7868017	1.0	1.0	1.0	1.0	187.0	moderate_crucivirus_like	False	False	1.0	0.4925774	0.0	0.0	0.0	0.0	166.0	ambiguous	False	False	1.0	-0.024561370000000027	0.978405215	False	False
Cruci_CruV-651	crucivirus	1	Blue	Blue	0.82630414	1.0	1.0	1.0	1.0	461.0	strong_crucivirus_like	False	False	1.0	0.7956569	1.0	1.0	1.0	1.0	105.0	moderate_crucivirus_like	False	False	1.0	0.6713575	1.0	1.0	1.0	1.0	189.0	moderate_crucivirus_like	False	False	1.0	0.54817665	1.0	1.0	1.0	1.0	167.0	ambiguous	False	False	1.0	0.030647239999999965	0.81098052	False	False
Cruci_CruV_165	crucivirus	1	Blue	Blue	0.43085802	0.0	0.0	0.0	0.0	472.0	ambiguous	False	False	1.0	0.6504779	1.0	1.0	1.0	1.0	117.0	moderate_crucivirus_like	False	False	1.0	0.8102505	1.0	1.0	1.0	1.0	188.0	strong_crucivirus_like	False	False	1.0	0.24465553	0.0	0.0	0.0	0.0	167.0	moderate_rna_like	False	True	1.0	-0.21961988000000005	0.5406679600000001	False	False
Cruci_CruV_169	crucivirus	1	Blue	Blue	0.88300896	1.0	1.0	1.0	1.0	449.0	strong_crucivirus_like	False	False	1.0	0.69429475	1.0	1.0	1.0	1.0	94.0	moderate_crucivirus_like	False	False	1.0	0.6729496	1.0	1.0	1.0	1.0	188.0	moderate_crucivirus_like	False	False	1.0	0.26863214	0.0	0.0	0.0	0.0	167.0	moderate_rna_like	False	True	1.0	0.18871421	0.7886518549999999	False	False
Cruci_CruV_221	crucivirus	1	Blue	Blue	0.865997	1.0	1.0	1.0	1.0	444.0	strong_crucivirus_like	False	False	1.0	0.68334746	1.0	1.0	1.0	1.0	85.0	moderate_crucivirus_like	False	False	1.0	0.79161185	1.0	1.0	1.0	1.0	188.0	moderate_crucivirus_like	False	False	1.0	0.34295434	0.0	0.0	0.0	0.0	171.0	moderate_rna_like	False	True	1.0	0.18264954	0.77467223	False	False
Cruci_CruV_117	crucivirus	1	Blue	Blue	0.39858422	0.0	0.0	0.0	0.0	449.0	moderate_rna_like	False	True	1.0	0.5622329	1.0	1.0	1.0	1.0	91.0	ambiguous	False	False	1.0	0.75709844	1.0	1.0	1.0	1.0	188.0	moderate_crucivirus_like	False	False	1.0	0.6015261	1.0	1.0	1.0	1.0	170.0	moderate_crucivirus_like	False	False	1.0	-0.16364868000000005	0.48040856	False	False
Cruci_Ariz_MW697667	crucivirus	1	Blue	Blue	0.9813896	1.0	1.0	1.0	1.0	471.0	strong_crucivirus_like	False	False	1.0	0.97732145	1.0	1.0	1.0	1.0	109.0	strong_crucivirus_like	False	False	1.0	0.895468	1.0	1.0	1.0	1.0	187.0	strong_crucivirus_like	False	False	1.0	0.5254037	1.0	1.0	1.0	1.0	175.0	ambiguous	False	False	1.0	0.004068149999999937	0.979355525	False	False
Cruci_CruV-892	crucivirus	1	Blue	Blue	0.9933356	1.0	1.0	1.0	1.0	444.0	strong_crucivirus_like	False	False	1.0	0.9737039	1.0	1.0	1.0	1.0	84.0	strong_crucivirus_like	False	False	1.0	0.91199046	1.0	1.0	1.0	1.0	188.0	strong_crucivirus_like	False	False	1.0	0.6381152	1.0	1.0	1.0	1.0	172.0	moderate_crucivirus_like	False	False	1.0	0.01963170000000003	0.9835197499999999	False	False
Cruci_CruV_223	crucivirus	1	Blue	Blue	0.9611271	1.0	1.0	1.0	1.0	459.0	strong_crucivirus_like	False	False	1.0	0.98262846	1.0	1.0	1.0	1.0	113.0	strong_crucivirus_like	False	False	1.0	0.6126596	1.0	1.0	1.0	1.0	189.0	moderate_crucivirus_like	False	False	1.0	0.31685993	0.0	0.0	0.0	0.0	157.0	moderate_rna_like	False	True	1.0	-0.021501360000000025	0.97187778	False	False
Cruci_CruV_283	crucivirus	1	Blue	Blue	0.4554349	0.0	0.0	0.0	0.0	426.0	ambiguous	False	False	1.0	0.77115697	1.0	1.0	1.0	1.0	70.0	moderate_crucivirus_like	False	False	1.0	0.5504608	1.0	1.0	1.0	1.0	186.0	ambiguous	False	False	1.0	0.4877353	0.0	0.0	0.0	0.0	170.0	ambiguous	False	False	1.0	-0.3157220700000001	0.613295935	False	False
Cruci_CruV-856	crucivirus	1	Blue	Blue	0.24671392	0.0	0.0	0.0	0.0	437.0	moderate_rna_like	False	True	1.0	0.07192673	0.0	0.0	0.0	0.0	51.0	strong_rna_like	True	True	1.0	0.84574413	1.0	1.0	1.0	1.0	181.0	strong_crucivirus_like	False	False	1.0	0.27859083	0.0	0.0	0.0	0.0	205.0	moderate_rna_like	False	True	1.0	0.17478719	0.15932032499999998	False	True
Cruci_CruV_511	crucivirus	1	Blue	Blue	0.9823124	1.0	1.0	1.0	1.0	444.0	strong_crucivirus_like	False	False	1.0	0.9851989	1.0	1.0	1.0	1.0	103.0	strong_crucivirus_like	False	False	1.0	0.8847529	1.0	1.0	1.0	1.0	185.0	strong_crucivirus_like	False	False	1.0	0.70834464	1.0	1.0	1.0	1.0	156.0	moderate_crucivirus_like	False	False	1.0	-0.002886500000000014	0.98375565	False	False
Cruci_CruV_284	crucivirus	1	Blue	Blue	0.4103684	0.0	0.0	0.0	0.0	462.0	ambiguous	False	False	1.0	0.2713776	0.0	0.0	0.0	0.0	104.0	moderate_rna_like	False	True	1.0	0.7192261	1.0	1.0	1.0	1.0	185.0	moderate_crucivirus_like	False	False	1.0	0.60543483	1.0	1.0	1.0	1.0	173.0	moderate_crucivirus_like	False	False	1.0	0.13899080000000003	0.340873	False	False
Cruci_CruV-904	crucivirus	1	Blue	Blue	0.9149076	1.0	1.0	1.0	1.0	434.0	strong_crucivirus_like	False	False	1.0	0.952012	1.0	1.0	1.0	1.0	66.0	strong_crucivirus_like	False	False	1.0	0.67844343	1.0	1.0	1.0	1.0	182.0	moderate_crucivirus_like	False	False	1.0	0.6547333	1.0	1.0	1.0	1.0	186.0	moderate_crucivirus_like	False	False	1.0	-0.037104399999999926	0.9334598000000001	False	False
Ribo_ND_209163	rna_virus	0	Blue	Blue	0.23086664	0.0	0.0	1.0	1.0	468.0	moderate_rna_like	False	False	1.0	0.29255962	0.0	0.0	1.0	1.0	94.0	moderate_rna_like	False	False	1.0	0.6109609	1.0	1.0	0.0	0.0	180.0	moderate_crucivirus_like	False	True	1.0	0.63013816	1.0	1.0	0.0	0.0	194.0	moderate_crucivirus_like	False	True	1.0	-0.06169298000000001	0.26171313	False	False
Cruci_CruV_335	crucivirus	1	Blue	Blue	0.97495294	1.0	1.0	1.0	1.0	450.0	strong_crucivirus_like	False	False	1.0	0.9629783	1.0	1.0	1.0	1.0	91.0	strong_crucivirus_like	False	False	1.0	0.84749836	1.0	1.0	1.0	1.0	189.0	strong_crucivirus_like	False	False	1.0	0.42323345	0.0	0.0	0.0	0.0	170.0	ambiguous	False	False	1.0	0.011974640000000036	0.96896562	False	False
Cruci_CruV_121	crucivirus	1	Blue	Blue	0.57916737	1.0	1.0	1.0	1.0	435.0	ambiguous	False	False	1.0	0.64320946	1.0	1.0	1.0	1.0	78.0	moderate_crucivirus_like	False	False	1.0	0.88712645	1.0	1.0	1.0	1.0	192.0	strong_crucivirus_like	False	False	1.0	0.5801903	1.0	1.0	1.0	1.0	168.0	ambiguous	False	False	1.0	-0.06404209000000005	0.611188415	False	False
Cruci_CruV-662	crucivirus	1	Blue	Blue	0.5725006	1.0	1.0	1.0	1.0	450.0	ambiguous	False	False	1.0	0.6768895	1.0	1.0	1.0	1.0	96.0	moderate_crucivirus_like	False	False	1.0	0.64397144	1.0	1.0	1.0	1.0	188.0	moderate_crucivirus_like	False	False	1.0	0.39187992	0.0	0.0	0.0	0.0	166.0	moderate_rna_like	False	True	1.0	-0.1043889	0.62469505	False	False
Cruci_CruV_182	crucivirus	1	Blue	Blue	0.8727513	1.0	1.0	1.0	1.0	427.0	strong_crucivirus_like	False	False	1.0	0.8936093	1.0	1.0	1.0	1.0	93.0	strong_crucivirus_like	False	False	1.0	0.8285949	1.0	1.0	1.0	1.0	175.0	strong_crucivirus_like	False	False	1.0	0.53693	1.0	1.0	1.0	1.0	159.0	ambiguous	False	False	1.0	-0.020858000000000043	0.8831803	False	False
Cruci_CruV-804	crucivirus	1	Blue	Blue	0.9850509	1.0	1.0	1.0	1.0	470.0	strong_crucivirus_like	False	False	1.0	0.9822642	1.0	1.0	1.0	1.0	115.0	strong_crucivirus_like	False	False	1.0	0.63597506	1.0	1.0	1.0	1.0	179.0	moderate_crucivirus_like	False	False	1.0	0.5526827	1.0	1.0	1.0	1.0	176.0	ambiguous	False	False	1.0	0.00278669999999992	0.98365755	False	False
Cruci_CruV-927	crucivirus	1	Blue	Blue	0.9640577	1.0	1.0	1.0	1.0	629.0	strong_crucivirus_like	False	False	1.0	0.9365987	1.0	1.0	1.0	1.0	274.0	strong_crucivirus_like	False	False	1.0	0.8749188	1.0	1.0	1.0	1.0	183.0	strong_crucivirus_like	False	False	1.0	0.5292944	1.0	1.0	1.0	1.0	172.0	ambiguous	False	False	1.0	0.02745900000000001	0.9503282	False	False
Cruci_CruV_469	crucivirus	1	Blue	Blue	0.8882451	1.0	1.0	1.0	1.0	578.0	strong_crucivirus_like	False	False	1.0	0.83946234	1.0	1.0	1.0	1.0	237.0	strong_crucivirus_like	False	False	1.0	0.8166031	1.0	1.0	1.0	1.0	183.0	strong_crucivirus_like	False	False	1.0	0.7238932	1.0	1.0	1.0	1.0	158.0	moderate_crucivirus_like	False	False	1.0	0.048782760000000036	0.86385372	False	False
Cruci_CruV-905	crucivirus	1	Blue	Blue	0.56441504	1.0	1.0	1.0	1.0	385.0	ambiguous	False	False	1.0	0.5496175	1.0	1.0	1.0	1.0	64.0	ambiguous	False	False	1.0	0.83915406	1.0	1.0	1.0	1.0	182.0	strong_crucivirus_like	False	False	1.0	0.18530047	0.0	0.0	0.0	0.0	139.0	strong_rna_like	True	True	1.0	0.014797539999999998	0.55701627	False	False
Cruci_Schm_JAMFLK010001378_circular	crucivirus	1	Blue	Blue	0.90991366	1.0	1.0	1.0	1.0	564.0	strong_crucivirus_like	False	False	1.0	0.9352326	1.0	1.0	1.0	1.0	199.0	strong_crucivirus_like	False	False	1.0	0.8494613	1.0	1.0	1.0	1.0	184.0	strong_crucivirus_like	False	False	1.0	0.6445438	1.0	1.0	1.0	1.0	181.0	moderate_crucivirus_like	False	False	1.0	-0.025318940000000012	0.92257313	False	False
Cruci_CruV-898	crucivirus	1	Blue	Blue	0.79758984	1.0	1.0	1.0	1.0	493.0	moderate_crucivirus_like	False	False	1.0	0.66142523	1.0	1.0	1.0	1.0	118.0	moderate_crucivirus_like	False	False	1.0	0.84924245	1.0	1.0	1.0	1.0	185.0	strong_crucivirus_like	False	False	1.0	0.736518	1.0	1.0	1.0	1.0	190.0	moderate_crucivirus_like	False	False	1.0	0.13616461000000002	0.729507535	False	False
Cruci_CruV-848	crucivirus	1	Blue	Blue	0.40777904	0.0	0.0	0.0	0.0	392.0	ambiguous	False	False	1.0	0.3915282	0.0	0.0	0.0	0.0	40.0	moderate_rna_like	False	True	1.0	0.88222164	1.0	1.0	1.0	1.0	185.0	strong_crucivirus_like	False	False	1.0	0.36652043	0.0	0.0	0.0	0.0	167.0	moderate_rna_like	False	True	1.0	0.01625083999999999	0.39965362	False	False
Cruci_CruV-857	crucivirus	1	Blue	Blue	0.7637819	1.0	1.0	1.0	1.0	597.0	moderate_crucivirus_like	False	False	1.0	0.79113287	1.0	1.0	1.0	1.0	266.0	moderate_crucivirus_like	False	False	1.0	0.6972715	1.0	1.0	1.0	1.0	184.0	moderate_crucivirus_like	False	False	1.0	0.7334308	1.0	1.0	1.0	1.0	147.0	moderate_crucivirus_like	False	False	1.0	-0.027350969999999974	0.777457385	False	False
Cruci_CruV-886	crucivirus	1	Blue	Blue	0.58123344	1.0	1.0	1.0	1.0	528.0	ambiguous	False	False	1.0	0.6095359	1.0	1.0	1.0	1.0	181.0	moderate_crucivirus_like	False	False	1.0	0.8455505	1.0	1.0	1.0	1.0	188.0	strong_crucivirus_like	False	False	1.0	0.5678998	1.0	1.0	1.0	1.0	159.0	ambiguous	False	False	1.0	-0.02830246000000003	0.5953846700000001	False	False
Cruci_CruV_448	crucivirus	1	Blue	Blue	0.9647038	1.0	1.0	1.0	1.0	465.0	strong_crucivirus_like	False	False	1.0	0.98928016	1.0	1.0	1.0	1.0	107.0	strong_crucivirus_like	False	False	1.0	0.5298235	1.0	1.0	1.0	1.0	189.0	ambiguous	False	False	1.0	0.50216705	1.0	1.0	1.0	1.0	169.0	ambiguous	False	False	1.0	-0.024576359999999964	0.97699198	False	False
Cruci_CruV-751	crucivirus	1	Blue	Blue	0.61068493	1.0	1.0	1.0	1.0	362.0	moderate_crucivirus_like	False	False	1.0	0.22403288	0.0	0.0	0.0	0.0	26.0	moderate_rna_like	False	True	1.0	0.91505915	1.0	1.0	1.0	1.0	184.0	strong_crucivirus_like	False	False	1.0	0.7651054	1.0	1.0	1.0	1.0	152.0	moderate_crucivirus_like	False	False	1.0	0.38665205	0.417358905	False	False
Cruci_CruV_302	crucivirus	1	Blue	Blue	0.9084236	1.0	1.0	1.0	1.0	490.0	strong_crucivirus_like	False	False	1.0	0.90353805	1.0	1.0	1.0	1.0	120.0	strong_crucivirus_like	False	False	1.0	0.7625742	1.0	1.0	1.0	1.0	187.0	moderate_crucivirus_like	False	False	1.0	0.44378403	0.0	0.0	0.0	0.0	183.0	ambiguous	False	False	1.0	0.004885550000000016	0.905980825	False	False
Cruci_Ariz_MW697564	crucivirus	1	Blue	Blue	0.7721933	1.0	1.0	1.0	1.0	475.0	moderate_crucivirus_like	False	False	1.0	0.83200145	1.0	1.0	1.0	1.0	103.0	strong_crucivirus_like	False	False	1.0	0.7071026	1.0	1.0	1.0	1.0	188.0	moderate_crucivirus_like	False	False	1.0	0.66440976	1.0	1.0	1.0	1.0	184.0	moderate_crucivirus_like	False	False	1.0	-0.05980815000000006	0.802097375	False	False
Cruci_CruV_478	crucivirus	1	Blue	Blue	0.8940114	1.0	1.0	1.0	1.0	436.0	strong_crucivirus_like	False	False	1.0	0.7842372	1.0	1.0	1.0	1.0	87.0	moderate_crucivirus_like	False	False	1.0	0.61617935	1.0	1.0	1.0	1.0	185.0	moderate_crucivirus_like	False	False	1.0	0.74567276	1.0	1.0	1.0	1.0	164.0	moderate_crucivirus_like	False	False	1.0	0.10977420000000004	0.8391242999999999	False	False
Cruci_CruV_160	crucivirus	1	Blue	Blue	0.668877	1.0	1.0	1.0	1.0	473.0	moderate_crucivirus_like	False	False	1.0	0.6938337	1.0	1.0	1.0	1.0	101.0	moderate_crucivirus_like	False	False	1.0	0.7552719	1.0	1.0	1.0	1.0	182.0	moderate_crucivirus_like	False	False	1.0	0.7342633	1.0	1.0	1.0	1.0	190.0	moderate_crucivirus_like	False	False	1.0	-0.024956699999999943	0.68135535	False	False
Cruci_chiv_Lake_Bourget_contig37561	crucivirus	1	Blue	Blue	0.6621492	1.0	1.0	1.0	1.0	466.0	moderate_crucivirus_like	False	False	1.0	0.80002856	1.0	1.0	1.0	1.0	94.0	strong_crucivirus_like	False	False	1.0	0.73423415	1.0	1.0	1.0	1.0	182.0	moderate_crucivirus_like	False	False	1.0	0.7522592	1.0	1.0	1.0	1.0	190.0	moderate_crucivirus_like	False	False	1.0	-0.13787936	0.7310888799999999	False	False
Cruci_CruV_150	crucivirus	1	Blue	Blue	0.6058884	1.0	1.0	1.0	1.0	458.0	moderate_crucivirus_like	False	False	1.0	0.8365099	1.0	1.0	1.0	1.0	111.0	strong_crucivirus_like	False	False	1.0	0.8245188	1.0	1.0	1.0	1.0	180.0	strong_crucivirus_like	False	False	1.0	0.5026407	1.0	1.0	1.0	1.0	168.0	ambiguous	False	False	1.0	-0.23062150000000003	0.72119915	False	False
Cruci_CruV-666	crucivirus	1	Blue	Blue	0.7991665	1.0	1.0	1.0	1.0	438.0	moderate_crucivirus_like	False	False	1.0	0.9534832	1.0	1.0	1.0	1.0	103.0	strong_crucivirus_like	False	False	1.0	0.8463653	1.0	1.0	1.0	1.0	182.0	strong_crucivirus_like	False	False	1.0	0.6124487	1.0	1.0	1.0	1.0	153.0	moderate_crucivirus_like	False	False	1.0	-0.15431669999999997	0.87632485	False	False
Ribo_ND_166424	rna_virus	0	Blue	Blue	0.6626755	1.0	1.0	0.0	0.0	456.0	moderate_crucivirus_like	False	True	1.0	0.79280967	1.0	1.0	0.0	0.0	135.0	moderate_crucivirus_like	False	True	1.0	0.6613485	1.0	1.0	0.0	0.0	182.0	moderate_crucivirus_like	False	True	1.0	0.34441712	0.0	0.0	1.0	1.0	139.0	moderate_rna_like	False	False	1.0	-0.13013417000000005	0.727742585	False	True
Cruci_CruV_476	crucivirus	1	Blue	Blue	0.94016033	1.0	1.0	1.0	1.0	503.0	strong_crucivirus_like	False	False	1.0	0.9659323	1.0	1.0	1.0	1.0	159.0	strong_crucivirus_like	False	False	1.0	0.7049469	1.0	1.0	1.0	1.0	183.0	moderate_crucivirus_like	False	False	1.0	0.61329985	1.0	1.0	1.0	1.0	161.0	moderate_crucivirus_like	False	False	1.0	-0.025771969999999977	0.9530463149999999	False	False
Cruci_CruV_351	crucivirus	1	Blue	Blue	0.8888334	1.0	1.0	1.0	1.0	567.0	strong_crucivirus_like	False	False	1.0	0.8972825	1.0	1.0	1.0	1.0	108.0	strong_crucivirus_like	False	False	1.0	0.7891925	1.0	1.0	1.0	1.0	182.0	moderate_crucivirus_like	False	False	1.0	0.2588827	0.0	0.0	0.0	0.0	277.0	moderate_rna_like	False	True	1.0	-0.008449099999999987	0.89305795	False	False
Cruci_CruV_327	crucivirus	1	Blue	Blue	0.98004353	1.0	1.0	1.0	1.0	525.0	strong_crucivirus_like	False	False	1.0	0.9722401	1.0	1.0	1.0	1.0	109.0	strong_crucivirus_like	False	False	1.0	0.89330125	1.0	1.0	1.0	1.0	180.0	strong_crucivirus_like	False	False	1.0	0.38147682	0.0	0.0	0.0	0.0	236.0	moderate_rna_like	False	True	1.0	0.007803429999999945	0.9761418150000001	False	False
Ribo_ND_130317	rna_virus	0	Blue	Blue	0.44190186	0.0	0.0	1.0	1.0	469.0	ambiguous	False	False	1.0	0.38759038	0.0	0.0	1.0	1.0	137.0	moderate_rna_like	False	False	1.0	0.49505875	0.0	1.0	1.0	0.0	185.0	ambiguous	False	False	1.0	0.28188872	0.0	0.0	1.0	1.0	147.0	moderate_rna_like	False	False	1.0	0.05431147999999997	0.41474612	False	False
Ribo_ND_132404	rna_virus	0	Blue	Blue	0.6400448	1.0	1.0	0.0	0.0	609.0	moderate_crucivirus_like	False	True	1.0	0.28216198	0.0	0.0	1.0	1.0	214.0	moderate_rna_like	False	False	1.0	0.5202506	1.0	1.0	0.0	0.0	183.0	ambiguous	False	False	1.0	0.2594649	0.0	0.0	1.0	1.0	212.0	moderate_rna_like	False	False	1.0	0.35788282	0.46110339	False	False
Cruci_CruV_485	crucivirus	1	Blue	Blue	0.9247268	1.0	1.0	1.0	1.0	415.0	strong_crucivirus_like	False	False	1.0	0.9681207	1.0	1.0	1.0	1.0	75.0	strong_crucivirus_like	False	False	1.0	0.28947046	0.0	0.0	0.0	0.0	182.0	moderate_rna_like	False	True	1.0	0.77089846	1.0	1.0	1.0	1.0	158.0	moderate_crucivirus_like	False	False	1.0	-0.043393899999999985	0.9464237499999999	False	False
Cruci_CruV_256	crucivirus	1	Blue	Blue	0.76038384	1.0	1.0	1.0	1.0	542.0	moderate_crucivirus_like	False	False	1.0	0.89746374	1.0	1.0	1.0	1.0	107.0	strong_crucivirus_like	False	False	1.0	0.8705561	1.0	1.0	1.0	1.0	180.0	strong_crucivirus_like	False	False	1.0	0.50142264	1.0	1.0	1.0	1.0	255.0	ambiguous	False	False	1.0	-0.13707989999999992	0.8289237899999999	False	False
Ribo_ND_132598	rna_virus	0	Blue	Blue	0.5021629	1.0	1.0	0.0	0.0	541.0	ambiguous	False	False	1.0	0.37541226	0.0	0.0	1.0	1.0	217.0	moderate_rna_like	False	False	1.0	0.6175174	1.0	1.0	0.0	0.0	176.0	moderate_crucivirus_like	False	True	1.0	0.5145251	1.0	1.0	0.0	0.0	148.0	ambiguous	False	False	1.0	0.12675063999999997	0.43878757999999995	False	False
Ribo_ND_132224	rna_virus	0	Blue	Blue	0.2533408	0.0	0.0	1.0	1.0	463.0	moderate_rna_like	False	False	1.0	0.37088144	0.0	0.0	1.0	1.0	137.0	moderate_rna_like	False	False	1.0	0.48194048	0.0	1.0	1.0	0.0	179.0	ambiguous	False	False	1.0	0.26784274	0.0	0.0	1.0	1.0	147.0	moderate_rna_like	False	False	1.0	-0.11754064000000003	0.31211111999999996	False	False
Ribo_ND_132919	rna_virus	0	Blue	Blue	0.6255668	1.0	1.0	0.0	0.0	474.0	moderate_crucivirus_like	False	True	1.0	0.57765377	1.0	1.0	0.0	0.0	145.0	ambiguous	False	False	1.0	0.6460228	1.0	1.0	0.0	0.0	179.0	moderate_crucivirus_like	False	True	1.0	0.21337827	0.0	0.0	1.0	1.0	150.0	moderate_rna_like	False	False	1.0	0.04791303000000002	0.601610285	False	False
Cruci_CruV-914	crucivirus	1	Blue	Blue	0.9385433	1.0	1.0	1.0	1.0	409.0	strong_crucivirus_like	False	False	1.0	0.95683193	1.0	1.0	1.0	1.0	130.0	strong_crucivirus_like	False	False	1.0	0.75226974	1.0	1.0	1.0	1.0	200.0	moderate_crucivirus_like	False	False	1.0	0.3724623	0.0	0.0	0.0	0.0	79.0	moderate_rna_like	False	True	1.0	-0.018288630000000028	0.947687615	False	False
Cruci_CruV_157	crucivirus	1	Blue	Blue	0.91813487	1.0	1.0	1.0	1.0	443.0	strong_crucivirus_like	False	False	1.0	0.95687073	1.0	1.0	1.0	1.0	95.0	strong_crucivirus_like	False	False	1.0	0.5045978	1.0	1.0	1.0	1.0	195.0	ambiguous	False	False	1.0	0.8195119	1.0	1.0	1.0	1.0	153.0	strong_crucivirus_like	False	False	1.0	-0.038735859999999955	0.9375028000000001	False	False
Cruci_PSU_CruV-235	crucivirus	1	Blue	Blue	0.69046676	1.0	1.0	1.0	1.0	428.0	moderate_crucivirus_like	False	False	1.0	0.87065613	1.0	1.0	1.0	1.0	87.0	strong_crucivirus_like	False	False	1.0	0.9104786	1.0	1.0	1.0	1.0	182.0	strong_crucivirus_like	False	False	1.0	0.78074217	1.0	1.0	1.0	1.0	159.0	moderate_crucivirus_like	False	False	1.0	-0.18018937000000002	0.780561445	False	False
Cruci_CruV-698	crucivirus	1	Blue	Blue	0.9610131	1.0	1.0	1.0	1.0	602.0	strong_crucivirus_like	False	False	1.0	0.95725167	1.0	1.0	1.0	1.0	119.0	strong_crucivirus_like	False	False	1.0	0.8624032	1.0	1.0	1.0	1.0	193.0	strong_crucivirus_like	False	False	1.0	0.5326933	1.0	1.0	1.0	1.0	290.0	ambiguous	False	False	1.0	0.0037614299999999545	0.959132385	False	False
Cruci_CruV-706	crucivirus	1	Blue	Blue	0.9547768	1.0	1.0	1.0	1.0	591.0	strong_crucivirus_like	False	False	1.0	0.8495209	1.0	1.0	1.0	1.0	114.0	strong_crucivirus_like	False	False	1.0	0.80450445	1.0	1.0	1.0	1.0	193.0	strong_crucivirus_like	False	False	1.0	0.60504216	1.0	1.0	1.0	1.0	284.0	moderate_crucivirus_like	False	False	1.0	0.10525589999999996	0.90214885	False	False
Cruci_PSU_CruV-209	crucivirus	1	Blue	Blue	0.82210964	1.0	1.0	1.0	1.0	596.0	strong_crucivirus_like	False	False	1.0	0.52542984	1.0	1.0	1.0	1.0	97.0	ambiguous	False	False	1.0	0.79125303	1.0	1.0	1.0	1.0	194.0	moderate_crucivirus_like	False	False	1.0	0.47799334	0.0	0.0	0.0	0.0	305.0	ambiguous	False	False	1.0	0.29667979999999994	0.67376974	False	False
Cruci_CruV-908	crucivirus	1	Blue	Blue	0.883059	1.0	1.0	1.0	1.0	549.0	strong_crucivirus_like	False	False	1.0	0.8728956	1.0	1.0	1.0	1.0	69.0	strong_crucivirus_like	False	False	1.0	0.3815089	0.0	0.0	0.0	0.0	192.0	moderate_rna_like	False	True	1.0	0.33858994	0.0	0.0	0.0	0.0	290.0	moderate_rna_like	False	True	1.0	0.010163400000000045	0.8779773	False	False
Cruci_CruCGE_82	crucivirus	1	Blue	Blue	0.9722271	1.0	1.0	1.0	1.0	536.0	strong_crucivirus_like	False	False	1.0	0.9912019	1.0	1.0	1.0	1.0	119.0	strong_crucivirus_like	False	False	1.0	0.6557713	1.0	1.0	1.0	1.0	190.0	moderate_crucivirus_like	False	False	1.0	0.32827288	0.0	0.0	0.0	0.0	228.0	moderate_rna_like	False	True	1.0	-0.01897479999999996	0.9817145	False	False
Cruci_CruV-880	crucivirus	1	Blue	Blue	0.9484157	1.0	1.0	1.0	1.0	311.0	strong_crucivirus_like	False	False	1.0	0.83810425	1.0	1.0	1.0	1.0	59.0	strong_crucivirus_like	False	False	1.0	0.573133	1.0	1.0	1.0	1.0	206.0	ambiguous	False	False	1.0	0.42155242	0.0	0.0	0.0	0.0	46.0	ambiguous	False	False	1.0	0.11031144999999998	0.893259975	False	False
Ribo_ND_306979	rna_virus	0	Blue	Blue	0.18672593	0.0	0.0	1.0	1.0	445.0	strong_rna_like	False	False	1.0	0.15854736	0.0	0.0	1.0	1.0	87.0	strong_rna_like	False	False	1.0	0.39001724	0.0	0.0	1.0	1.0	193.0	moderate_rna_like	False	False	1.0	0.2677822	0.0	0.0	1.0	1.0	178.0	moderate_rna_like	False	False	1.0	0.028178570000000014	0.172636645	False	False
Ribo_ND_096611	rna_virus	0	Blue	Blue	0.13419019	0.0	0.0	1.0	1.0	450.0	strong_rna_like	False	False	1.0	0.1731895	0.0	0.0	1.0	1.0	95.0	strong_rna_like	False	False	1.0	0.26390743	0.0	0.0	1.0	1.0	193.0	moderate_rna_like	False	False	1.0	0.44592494	0.0	0.0	1.0	1.0	175.0	ambiguous	False	False	1.0	-0.03899931000000001	0.153689845	False	False
Ribo_ND_166642	rna_virus	0	Blue	Blue	0.058609035	0.0	0.0	1.0	1.0	442.0	strong_rna_like	False	False	1.0	0.05848616	0.0	0.0	1.0	1.0	82.0	strong_rna_like	False	False	1.0	0.42243582	0.0	1.0	1.0	0.0	181.0	ambiguous	False	False	1.0	0.57114935	1.0	1.0	0.0	0.0	179.0	ambiguous	False	False	1.0	0.00012287499999999452	0.0585475975	False	False
Ribo_ND_164984	rna_virus	0	Blue	Blue	0.07999633	0.0	0.0	1.0	1.0	443.0	strong_rna_like	False	False	1.0	0.09395198	0.0	0.0	1.0	1.0	83.0	strong_rna_like	False	False	1.0	0.584985	1.0	1.0	0.0	0.0	181.0	ambiguous	False	False	1.0	0.49321344	0.0	0.0	1.0	1.0	179.0	ambiguous	False	False	1.0	-0.01395565	0.086974155	False	False
Ribo_ND_365515	rna_virus	0	Blue	Blue	0.111775614	0.0	0.0	1.0	1.0	489.0	strong_rna_like	False	False	1.0	0.22006929	0.0	0.0	1.0	1.0	108.0	moderate_rna_like	False	False	1.0	0.7149732	1.0	1.0	0.0	0.0	179.0	moderate_crucivirus_like	False	True	1.0	0.65348524	1.0	1.0	0.0	0.0	202.0	moderate_crucivirus_like	False	True	1.0	-0.108293676	0.165922452	False	False
Ribo_ND_136222	rna_virus	0	Blue	Blue	0.29207528	0.0	0.0	1.0	1.0	530.0	moderate_rna_like	False	False	1.0	0.07031848	0.0	0.0	1.0	1.0	113.0	strong_rna_like	False	False	1.0	0.3819264	0.0	0.0	1.0	1.0	193.0	moderate_rna_like	False	False	1.0	0.6620666	1.0	1.0	0.0	0.0	224.0	moderate_crucivirus_like	False	True	1.0	0.22175679999999998	0.18119688	False	False
Cruci_CruV_519	crucivirus	1	Blue	Blue	0.2073309	0.0	0.0	0.0	0.0	487.0	moderate_rna_like	False	True	1.0	0.44541654	0.0	0.0	0.0	0.0	95.0	ambiguous	False	False	1.0	0.7224371	1.0	1.0	1.0	1.0	191.0	moderate_crucivirus_like	False	False	1.0	0.56911427	1.0	1.0	1.0	1.0	201.0	ambiguous	False	False	1.0	-0.23808564000000002	0.32637372000000003	False	False
Ribo_ND_132246	rna_virus	0	Blue	Blue	0.6512819	1.0	1.0	0.0	0.0	508.0	moderate_crucivirus_like	False	True	1.0	0.62947685	1.0	1.0	0.0	0.0	131.0	moderate_crucivirus_like	False	True	1.0	0.77377474	1.0	1.0	0.0	0.0	180.0	moderate_crucivirus_like	False	True	1.0	0.6633129	1.0	1.0	0.0	0.0	197.0	moderate_crucivirus_like	False	True	1.0	0.021805049999999992	0.640379375	False	True
Cruci_CruV-831	crucivirus	1	Blue	Blue	0.88692343	1.0	1.0	1.0	1.0	518.0	strong_crucivirus_like	False	False	1.0	0.959804	1.0	1.0	1.0	1.0	154.0	strong_crucivirus_like	False	False	1.0	0.6187315	1.0	1.0	1.0	1.0	200.0	moderate_crucivirus_like	False	False	1.0	0.68206507	1.0	1.0	1.0	1.0	164.0	moderate_crucivirus_like	False	False	1.0	-0.07288057000000003	0.923363715	False	False
Ribo_ND_249548	rna_virus	0	Blue	Blue	0.7151676	1.0	1.0	0.0	0.0	659.0	moderate_crucivirus_like	False	True	1.0	0.708823	1.0	1.0	0.0	0.0	215.0	moderate_crucivirus_like	False	True	1.0	0.36198428	0.0	0.0	1.0	1.0	183.0	moderate_rna_like	False	False	1.0	0.23085845	0.0	0.0	1.0	1.0	261.0	moderate_rna_like	False	False	1.0	0.0063446000000000335	0.7119953	False	True
Ribo_ND_092298	rna_virus	0	Blue	Blue	0.93354183	1.0	1.0	0.0	0.0	677.0	strong_crucivirus_like	True	True	1.0	0.39919382	0.0	0.0	1.0	1.0	248.0	moderate_rna_like	False	False	1.0	0.6344033	1.0	1.0	0.0	0.0	182.0	moderate_crucivirus_like	False	True	1.0	0.7944212	1.0	1.0	0.0	0.0	247.0	moderate_crucivirus_like	False	True	1.0	0.53434801	0.666367825	False	False
Cruci_CruV-947	crucivirus	1	Green	Green	0.78281367	1.0	1.0	1.0	1.0	440.0	moderate_crucivirus_like	False	False	1.0	0.8342394	1.0	1.0	1.0	1.0	29.0	strong_crucivirus_like	False	False	1.0	0.41840965	0.0	0.0	0.0	0.0	187.0	ambiguous	False	False	1.0	0.8386193	1.0	1.0	1.0	1.0	224.0	strong_crucivirus_like	False	False	1.0	-0.05142572999999995	0.8085265349999999	False	False
Cruci_CruV-922	crucivirus	1	Green	Green	0.64229727	1.0	1.0	1.0	1.0	422.0	moderate_crucivirus_like	False	False	1.0	0.632207	1.0	1.0	1.0	1.0	25.0	moderate_crucivirus_like	False	False	1.0	0.43328342	0.0	0.0	0.0	0.0	186.0	ambiguous	False	False	1.0	0.7510891	1.0	1.0	1.0	1.0	211.0	moderate_crucivirus_like	False	False	1.0	0.010090270000000068	0.637252135	False	False
Cruci_CruV-887	crucivirus	1	Green	Green	0.6670055	1.0	1.0	1.0	1.0	403.0	moderate_crucivirus_like	False	False	1.0	0.87055546	1.0	1.0	1.0	1.0	22.0	strong_crucivirus_like	False	False	1.0	0.26080775	0.0	0.0	0.0	0.0	187.0	moderate_rna_like	False	True	1.0	0.49461985	0.0	0.0	0.0	0.0	194.0	ambiguous	False	False	1.0	-0.20354995999999992	0.76878048	False	False
Cruci_CruV-888	crucivirus	1	Green	Green	0.6670055	1.0	1.0	1.0	1.0	403.0	moderate_crucivirus_like	False	False	1.0	0.87055546	1.0	1.0	1.0	1.0	22.0	strong_crucivirus_like	False	False	1.0	0.26080775	0.0	0.0	0.0	0.0	187.0	moderate_rna_like	False	True	1.0	0.49461985	0.0	0.0	0.0	0.0	194.0	ambiguous	False	False	1.0	-0.20354995999999992	0.76878048	False	False
Cruci_CruV_538	crucivirus	1	Green	Green	0.20659086	0.0	0.0	0.0	0.0	407.0	moderate_rna_like	False	True	1.0	0.85870355	1.0	1.0	1.0	1.0	6.0	strong_crucivirus_like	False	False	1.0	0.16328752	0.0	0.0	0.0	0.0	186.0	strong_rna_like	True	True	1.0	0.7372486	1.0	1.0	1.0	1.0	215.0	moderate_crucivirus_like	False	False	1.0	-0.65211269	0.532647205	False	False
Cruci_CruV-972	crucivirus	1	Green	Green	0.44296212333333335	0.0	0.0	0.0	0.0	355.6666666666667	ambiguous;moderate_rna_like	False	True	3.0											0.48140475	0.0	0.0	0.0	0.0	189.0	ambiguous	False	False	1.0	0.7813649	1.0	1.0	1.0	1.0	204.0	moderate_crucivirus_like	False	False	1.0		0.44296212333333335	False	False
Cruci_CruV-970	crucivirus	1	Green	Green	0.38398904	0.0	0.0	0.0	0.0	383.5	ambiguous;moderate_rna_like	False	True	2.0											0.3306974	0.0	0.0	0.0	0.0	176.0	moderate_rna_like	False	True	1.0	0.8407568	1.0	1.0	1.0	1.0	220.0	strong_crucivirus_like	False	False	1.0		0.38398904	False	False
Cruci_CruV-936	crucivirus	1	Green	Green	0.9157681	1.0	1.0	1.0	1.0	527.0	strong_crucivirus_like	False	False	1.0	0.92244565	1.0	1.0	1.0	1.0	63.0	strong_crucivirus_like	False	False	1.0	0.31356108	0.0	0.0	0.0	0.0	185.0	moderate_rna_like	False	True	1.0	0.7098873	1.0	1.0	1.0	1.0	279.0	moderate_crucivirus_like	False	False	1.0	-0.006677550000000032	0.919106875	False	False
Cruci_CruV-959	crucivirus	1	Green	Green	0.9552809	1.0	1.0	1.0	1.0	445.0	strong_crucivirus_like	False	False	1.0	0.94947684	1.0	1.0	1.0	1.0	55.0	strong_crucivirus_like	False	False	1.0	0.7439215	1.0	1.0	1.0	1.0	199.0	moderate_crucivirus_like	False	False	1.0	0.5535371	1.0	1.0	1.0	1.0	191.0	ambiguous	False	False	1.0	0.00580406	0.95237887	False	False
Ribo_ND_019002	rna_virus	0	Green	Green	0.09943078	0.0	0.0	1.0	1.0	412.0	strong_rna_like	False	False	1.0	0.18584213	0.0	0.0	1.0	1.0	25.0	strong_rna_like	False	False	1.0	0.06977998	0.0	0.0	1.0	1.0	180.0	strong_rna_like	False	False	1.0	0.28673115	0.0	0.0	1.0	1.0	207.0	moderate_rna_like	False	False	1.0	-0.08641135	0.142636455	False	False
Ribo_ND_385927	rna_virus	0	Green	Green	0.29135323	0.0	0.0	1.0	1.0	394.0	moderate_rna_like	False	False	1.0	0.7737534	1.0	1.0	0.0	0.0	7.0	moderate_crucivirus_like	False	True	1.0	0.17019784	0.0	0.0	1.0	1.0	180.0	strong_rna_like	False	False	1.0	0.17596762	0.0	0.0	1.0	1.0	207.0	strong_rna_like	False	False	1.0	-0.48240017	0.532553315	False	False
Ribo_ND_327463	rna_virus	0	Green	Green	0.14060704	0.0	0.0	1.0	1.0	407.0	strong_rna_like	False	False	1.0	0.7737534	1.0	1.0	0.0	0.0	7.0	moderate_crucivirus_like	False	True	1.0	0.15894622	0.0	0.0	1.0	1.0	180.0	strong_rna_like	False	False	1.0	0.2035881	0.0	0.0	1.0	1.0	220.0	moderate_rna_like	False	False	1.0	-0.63314636	0.45718022	False	False
Ribo_ND_066836	rna_virus	0	Green	Green	0.2592754	0.0	0.0	1.0	1.0	445.0	moderate_rna_like	False	False	1.0	0.18537793	0.0	0.0	1.0	1.0	40.0	strong_rna_like	False	False	1.0	0.17029598	0.0	0.0	1.0	1.0	184.0	strong_rna_like	False	False	1.0	0.3755777	0.0	0.0	1.0	1.0	221.0	moderate_rna_like	False	False	1.0	0.07389746999999999	0.22232666499999998	False	False
Ribo_ND_066936	rna_virus	0	Green	Green	0.20708205	0.0	0.0	1.0	1.0	444.0	moderate_rna_like	False	False	1.0	0.17137115	0.0	0.0	1.0	1.0	53.0	strong_rna_like	False	False	1.0	0.09935943	0.0	0.0	1.0	1.0	179.0	strong_rna_like	False	False	1.0	0.37982306	0.0	0.0	1.0	1.0	212.0	moderate_rna_like	False	False	1.0	0.03571089999999999	0.1892266	False	False
Ribo_ND_327486	rna_virus	0	Green	Green	0.2005832	0.0	0.0	1.0	1.0	442.0	moderate_rna_like	False	False	1.0	0.11338085	0.0	0.0	1.0	1.0	55.0	strong_rna_like	False	False	1.0	0.13534327	0.0	0.0	1.0	1.0	179.0	strong_rna_like	False	False	1.0	0.3478783	0.0	0.0	1.0	1.0	208.0	moderate_rna_like	False	False	1.0	0.08720234999999998	0.156982025	False	False
Ribo_ND_087862	rna_virus	0	Green	Green	0.2695386	0.0	0.0	1.0	1.0	413.0	moderate_rna_like	False	False	1.0	0.7097539	1.0	1.0	0.0	0.0	7.0	moderate_crucivirus_like	False	True	1.0	0.1287515	0.0	0.0	1.0	1.0	180.0	strong_rna_like	False	False	1.0	0.25943953	0.0	0.0	1.0	1.0	226.0	moderate_rna_like	False	False	1.0	-0.44021530000000003	0.48964625000000006	False	False
Ribo_ND_024746	rna_virus	0	Green	Green	0.22034815	0.0	0.0	1.0	1.0	421.0	moderate_rna_like	False	False	1.0	0.7097539	1.0	1.0	0.0	0.0	7.0	moderate_crucivirus_like	False	True	1.0	0.12584871	0.0	0.0	1.0	1.0	180.0	strong_rna_like	False	False	1.0	0.13041365	0.0	0.0	1.0	1.0	234.0	strong_rna_like	False	False	1.0	-0.4894057500000001	0.465051025	False	False
Ribo_ND_019368	rna_virus	0	Green	Green	0.05153188	0.0	0.0	1.0	1.0	384.0	strong_rna_like	False	False	1.0	0.6529076	1.0	1.0	0.0	0.0	9.0	moderate_crucivirus_like	False	True	1.0	0.15693454	0.0	0.0	1.0	1.0	178.0	strong_rna_like	False	False	1.0	0.26361838	0.0	0.0	1.0	1.0	197.0	moderate_rna_like	False	False	1.0	-0.6013757200000001	0.35221974	False	False
Ribo_ND_389921	rna_virus	0	Green	Green	0.23702158	0.0	0.0	1.0	1.0	397.0	moderate_rna_like	False	False	1.0											0.029805928	0.0	0.0	1.0	1.0	172.0	strong_rna_like	False	False	1.0	0.29785272	0.0	0.0	1.0	1.0	225.0	moderate_rna_like	False	False	1.0		0.23702158	False	False
Ribo_ND_386283	rna_virus	0	Green	Green	0.402549	0.0	0.0	1.0	1.0	417.0	ambiguous	False	False	1.0											0.20480897	0.0	0.0	1.0	1.0	175.0	moderate_rna_like	False	False	1.0	0.22179955	0.0	0.0	1.0	1.0	242.0	moderate_rna_like	False	False	1.0		0.402549	False	False
Ribo_ND_018898	rna_virus	0	Green	Green	0.13081701	0.0	0.0	1.0	1.0	477.0	strong_rna_like	False	False	1.0	0.01913011	0.0	0.0	1.0	1.0	58.0	strong_rna_like	False	False	1.0	0.11315331	0.0	0.0	1.0	1.0	176.0	strong_rna_like	False	False	1.0	0.34774983	0.0	0.0	1.0	1.0	243.0	moderate_rna_like	False	False	1.0	0.1116869	0.07497356000000001	False	False
Ribo_ND_187630	rna_virus	0	Green	Green	0.09249155	0.0	0.0	1.0	1.0	451.0	strong_rna_like	False	False	1.0	0.0033634927	0.0	0.0	1.0	1.0	37.0	strong_rna_like	False	False	1.0	0.07141385	0.0	0.0	1.0	1.0	176.0	strong_rna_like	False	False	1.0	0.5666309	1.0	1.0	0.0	0.0	238.0	ambiguous	False	False	1.0	0.08912805730000001	0.04792752135	False	False
Ribo_ND_344308	rna_virus	0	Green	Green	0.22420496	0.0	0.0	1.0	1.0	473.0	moderate_rna_like	False	False	1.0	0.026117679	0.0	0.0	1.0	1.0	49.0	strong_rna_like	False	False	1.0	0.16476685	0.0	0.0	1.0	1.0	176.0	strong_rna_like	False	False	1.0	0.6917448	1.0	1.0	0.0	0.0	248.0	moderate_crucivirus_like	False	True	1.0	0.198087281	0.1251613195	False	False
Ribo_ND_099904	rna_virus	0	Green	Green	0.30499268	0.0	0.0	1.0	1.0	488.0	moderate_rna_like	False	False	1.0	0.030509077	0.0	0.0	1.0	1.0	55.0	strong_rna_like	False	False	1.0	0.25214025	0.0	0.0	1.0	1.0	175.0	moderate_rna_like	False	False	1.0	0.2944325	0.0	0.0	1.0	1.0	258.0	moderate_rna_like	False	False	1.0	0.274483603	0.1677508785	False	False
Ribo_ND_358846	rna_virus	0	Green	Green	0.16580985	0.0	0.0	1.0	1.0	487.0	strong_rna_like	False	False	1.0	0.010019968	0.0	0.0	1.0	1.0	58.0	strong_rna_like	False	False	1.0	0.33553866	0.0	0.0	1.0	1.0	176.0	moderate_rna_like	False	False	1.0	0.58380526	1.0	1.0	0.0	0.0	253.0	ambiguous	False	False	1.0	0.15578988200000002	0.087914909	False	False
Ribo_ND_365659	rna_virus	0	Green	Green	0.1317036	0.0	0.0	1.0	1.0	472.0	strong_rna_like	False	False	1.0	0.016117211	0.0	0.0	1.0	1.0	47.0	strong_rna_like	False	False	1.0	0.056005646	0.0	0.0	1.0	1.0	176.0	strong_rna_like	False	False	1.0	0.5602606	1.0	1.0	0.0	0.0	249.0	ambiguous	False	False	1.0	0.11558638900000001	0.0739104055	False	False
Ribo_ND_075631	rna_virus	0	Green	Green	0.13038066	0.0	0.0	1.0	1.0	465.0	strong_rna_like	False	False	1.0	0.03823675	0.0	0.0	1.0	1.0	43.0	strong_rna_like	False	False	1.0	0.09854612	0.0	0.0	1.0	1.0	176.0	strong_rna_like	False	False	1.0	0.626388	1.0	1.0	0.0	0.0	246.0	moderate_crucivirus_like	False	True	1.0	0.09214391000000001	0.08430870500000001	False	False
Ribo_ND_365732	rna_virus	0	Green	Green	0.13284564	0.0	0.0	1.0	1.0	472.0	strong_rna_like	False	False	1.0	0.02406911	0.0	0.0	1.0	1.0	45.0	strong_rna_like	False	False	1.0	0.049362913	0.0	0.0	1.0	1.0	176.0	strong_rna_like	False	False	1.0	0.6661854	1.0	1.0	0.0	0.0	251.0	moderate_crucivirus_like	False	True	1.0	0.10877652999999998	0.078457375	False	False
Ribo_ND_251123	rna_virus	0	Green	Green	0.10438254	0.0	0.0	1.0	1.0	468.0	strong_rna_like	False	False	1.0	0.03423116	0.0	0.0	1.0	1.0	42.0	strong_rna_like	False	False	1.0	0.035009235	0.0	0.0	1.0	1.0	176.0	strong_rna_like	False	False	1.0	0.66708297	1.0	1.0	0.0	0.0	250.0	moderate_crucivirus_like	False	True	1.0	0.07015138	0.06930685	False	False
Ribo_ND_028760	rna_virus	0	Green	Green	0.1738883	0.0	0.0	1.0	1.0	512.0	strong_rna_like	False	False	1.0	0.05132152	0.0	0.0	1.0	1.0	81.0	strong_rna_like	False	False	1.0	0.056994144	0.0	0.0	1.0	1.0	176.0	strong_rna_like	False	False	1.0	0.5915017	1.0	1.0	0.0	0.0	255.0	ambiguous	False	False	1.0	0.12256677999999999	0.11260491	False	False
Ribo_ND_251071	rna_virus	0	Green	Green	0.2541776	0.0	0.0	1.0	1.0	473.0	moderate_rna_like	False	False	1.0	0.036839906	0.0	0.0	1.0	1.0	44.0	strong_rna_like	False	False	1.0	0.19495304	0.0	0.0	1.0	1.0	177.0	strong_rna_like	False	False	1.0	0.6086207	1.0	1.0	0.0	0.0	252.0	moderate_crucivirus_like	False	True	1.0	0.217337694	0.145508753	False	False
Ribo_ND_344864	rna_virus	0	Green	Green	0.25631902	0.0	0.0	1.0	1.0	482.0	moderate_rna_like	False	False	1.0	0.15499273	0.0	0.0	1.0	1.0	46.0	strong_rna_like	False	False	1.0	0.15189204	0.0	0.0	1.0	1.0	177.0	strong_rna_like	False	False	1.0	0.4876441	0.0	0.0	1.0	1.0	259.0	ambiguous	False	False	1.0	0.10132629000000001	0.205655875	False	False
Ribo_ND_343365	rna_virus	0	Green	Green	0.14103642	0.0	0.0	1.0	1.0	487.0	strong_rna_like	False	False	1.0	0.0065898215	0.0	0.0	1.0	1.0	60.0	strong_rna_like	False	False	1.0	0.1296408	0.0	0.0	1.0	1.0	176.0	strong_rna_like	False	False	1.0	0.5666175	1.0	1.0	0.0	0.0	251.0	ambiguous	False	False	1.0	0.1344465985	0.07381312075	False	False
Ribo_ND_341296	rna_virus	0	Green	Green	0.07198459	0.0	0.0	1.0	1.0	442.0	strong_rna_like	False	False	1.0	0.004082849	0.0	0.0	1.0	1.0	37.0	strong_rna_like	False	False	1.0	0.15012908	0.0	0.0	1.0	1.0	175.0	strong_rna_like	False	False	1.0	0.5841531	1.0	1.0	0.0	0.0	230.0	ambiguous	False	False	1.0	0.067901741	0.0380337195	False	False
Ribo_ND_026643	rna_virus	0	Green	Green	0.34155098	0.0	0.0	1.0	1.0	391.0	moderate_rna_like	False	False	1.0	0.43894732	0.0	0.0	1.0	1.0	29.0	ambiguous	False	False	1.0	0.047530495	0.0	0.0	1.0	1.0	182.0	strong_rna_like	False	False	1.0	0.36255988	0.0	0.0	1.0	1.0	180.0	moderate_rna_like	False	False	1.0	-0.09739633999999997	0.39024915	False	False
Ribo_ND_056137	rna_virus	0	Green	Green	0.37977463	0.0	0.0	1.0	1.0	433.0	moderate_rna_like	False	False	1.0	0.08601928	0.0	0.0	1.0	1.0	42.0	strong_rna_like	False	False	1.0	0.19475366	0.0	0.0	1.0	1.0	173.0	strong_rna_like	False	False	1.0	0.35067356	0.0	0.0	1.0	1.0	218.0	moderate_rna_like	False	False	1.0	0.29375534999999997	0.23289695500000002	False	False
Ribo_ND_057533	rna_virus	0	Green	Green	0.20072405	0.0	0.0	1.0	1.0	440.0	moderate_rna_like	False	False	1.0	0.025043216	0.0	0.0	1.0	1.0	51.0	strong_rna_like	False	False	1.0	0.16931032	0.0	0.0	1.0	1.0	173.0	strong_rna_like	False	False	1.0	0.5137102	1.0	1.0	0.0	0.0	216.0	ambiguous	False	False	1.0	0.17568083399999998	0.112883633	False	False
Ribo_ND_149174	rna_virus	0	Green	Green	0.16525891	0.0	0.0	1.0	1.0	400.0	strong_rna_like	False	False	1.0	0.087986976	0.0	0.0	1.0	1.0	50.0	strong_rna_like	False	False	1.0	0.1525445	0.0	0.0	1.0	1.0	173.0	strong_rna_like	False	False	1.0	0.34850118	0.0	0.0	1.0	1.0	177.0	moderate_rna_like	False	False	1.0	0.07727193400000001	0.126622943	False	False
Ribo_ND_350470	rna_virus	0	Green	Green	0.1631822	0.0	0.0	1.0	1.0	444.0	strong_rna_like	False	False	1.0	0.016146826	0.0	0.0	1.0	1.0	49.0	strong_rna_like	False	False	1.0	0.2260927	0.0	0.0	1.0	1.0	176.0	moderate_rna_like	False	False	1.0	0.71522635	1.0	1.0	0.0	0.0	219.0	moderate_crucivirus_like	False	True	1.0	0.147035374	0.089664513	False	False
Ribo_ND_018979	rna_virus	0	Green	Green	0.0633793	0.0	0.0	1.0	1.0	454.0	strong_rna_like	False	False	1.0	0.024946447	0.0	0.0	1.0	1.0	51.0	strong_rna_like	False	False	1.0	0.32394004	0.0	0.0	1.0	1.0	176.0	moderate_rna_like	False	False	1.0	0.6423848	1.0	1.0	0.0	0.0	227.0	moderate_crucivirus_like	False	True	1.0	0.038432853	0.0441628735	False	False
Ribo_NC_032880	rna_virus	0	Green	Green	0.06337914	0.0	0.0	1.0	1.0	454.0	strong_rna_like	False	False	1.0	0.024946447	0.0	0.0	1.0	1.0	51.0	strong_rna_like	False	False	1.0	0.32394004	0.0	0.0	1.0	1.0	176.0	moderate_rna_like	False	False	1.0	0.6423848	1.0	1.0	0.0	0.0	227.0	moderate_crucivirus_like	False	True	1.0	0.038432693000000004	0.0441627935	False	False
Ribo_ND_251120	rna_virus	0	Green	Green	0.09427265	0.0	0.0	1.0	1.0	455.0	strong_rna_like	False	False	1.0	0.013315936	0.0	0.0	1.0	1.0	45.0	strong_rna_like	False	False	1.0	0.15855993	0.0	0.0	1.0	1.0	176.0	strong_rna_like	False	False	1.0	0.3425334	0.0	0.0	1.0	1.0	234.0	moderate_rna_like	False	False	1.0	0.080956714	0.053794293	False	False
Ribo_ND_350465	rna_virus	0	Green	Green	0.41982004	0.0	0.0	1.0	1.0	518.0	ambiguous	False	False	1.0	0.0912035	0.0	0.0	1.0	1.0	54.0	strong_rna_like	False	False	1.0	0.27415958	0.0	0.0	1.0	1.0	176.0	moderate_rna_like	False	False	1.0	0.7129437	1.0	1.0	0.0	0.0	288.0	moderate_crucivirus_like	False	True	1.0	0.32861654	0.25551177	False	False
Ribo_NC_033443	rna_virus	0	Green	Green	0.09837048	0.0	0.0	1.0	1.0	488.0	strong_rna_like	False	False	1.0	0.018851263	0.0	0.0	1.0	1.0	49.0	strong_rna_like	False	False	1.0	0.081013784	0.0	0.0	1.0	1.0	176.0	strong_rna_like	False	False	1.0	0.6956302	1.0	1.0	0.0	0.0	263.0	moderate_crucivirus_like	False	True	1.0	0.079519217	0.058610871499999995	False	False
Ribo_ND_249719	rna_virus	0	Green	Green	0.22613132	0.0	0.0	1.0	1.0	442.0	moderate_rna_like	False	False	1.0	0.03164186	0.0	0.0	1.0	1.0	41.0	strong_rna_like	False	False	1.0	0.39285317	0.0	0.0	1.0	1.0	174.0	moderate_rna_like	False	False	1.0	0.7721889	1.0	1.0	0.0	0.0	227.0	moderate_crucivirus_like	False	True	1.0	0.19448946	0.12888659	False	False
Ribo_ND_045405	rna_virus	0	Green	Green	0.3693673	0.0	0.0	1.0	1.0	436.0	moderate_rna_like	False	False	1.0	0.056395732	0.0	0.0	1.0	1.0	55.0	strong_rna_like	False	False	1.0	0.73208904	1.0	1.0	0.0	0.0	178.0	moderate_crucivirus_like	False	True	1.0	0.68551403	1.0	1.0	0.0	0.0	203.0	moderate_crucivirus_like	False	True	1.0	0.31297156800000003	0.212881516	False	False
Ribo_ND_131407	rna_virus	0	Green	Green	0.43913418	0.0	0.0	1.0	1.0	433.0	ambiguous	False	False	1.0	0.06864732	0.0	0.0	1.0	1.0	52.0	strong_rna_like	False	False	1.0	0.54345596	1.0	0.0	0.0	1.0	174.0	ambiguous	False	False	1.0	0.29187158	0.0	0.0	1.0	1.0	207.0	moderate_rna_like	False	False	1.0	0.37048686	0.25389075	False	False
Ribo_ND_169315	rna_virus	0	Green	Green	0.6761554	1.0	1.0	0.0	0.0	377.0	moderate_crucivirus_like	False	True	1.0	0.51774555	1.0	1.0	0.0	0.0	56.0	ambiguous	False	False	1.0	0.5705785	1.0	1.0	0.0	0.0	173.0	ambiguous	False	False	1.0	0.49267334	0.0	0.0	1.0	1.0	148.0	ambiguous	False	False	1.0	0.15840984999999996	0.596950475	False	False
Cruci_CruV-960	crucivirus	1	Green	Green	0.44284907	0.0	0.0	0.0	0.0	244.0	ambiguous	False	False	1.0	0.82479215	1.0	1.0	1.0	1.0	23.0	strong_crucivirus_like	False	False	1.0	0.43579313	0.0	0.0	0.0	0.0	190.0	ambiguous	False	False	1.0	0.61865705	1.0	1.0	1.0	1.0	31.0	moderate_crucivirus_like	False	False	1.0	-0.38194307999999993	0.63382061	False	False
Cruci_CruV-931	crucivirus	1	Green	Green	0.24614806	0.0	0.0	0.0	0.0	375.0	moderate_rna_like	False	True	1.0											0.19966152	0.0	0.0	0.0	0.0	185.0	strong_rna_like	True	True	1.0	0.7448943	1.0	1.0	1.0	1.0	190.0	moderate_crucivirus_like	False	False	1.0		0.24614806	False	False
Cruci_CruV_500	crucivirus	1	Green	Green	0.14215992	0.0	0.0	0.0	0.0	580.0	strong_rna_like	True	True	1.0	0.023831148	0.0	0.0	0.0	0.0	114.0	strong_rna_like	True	True	1.0	0.30598608	0.0	0.0	0.0	0.0	185.0	moderate_rna_like	False	True	1.0	0.49351466	0.0	0.0	0.0	0.0	281.0	ambiguous	False	False	1.0	0.118328772	0.082995534	True	True
Cruci_Mire_OM154315	crucivirus	1	Green	Green	0.9910157	1.0	1.0	1.0	1.0	313.0	strong_crucivirus_like	False	False	1.0	0.9799154	1.0	1.0	1.0	1.0	110.0	strong_crucivirus_like	False	False	1.0	0.86662406	1.0	1.0	1.0	1.0	173.0	strong_crucivirus_like	False	False	1.0	0.70493436	1.0	1.0	1.0	1.0	30.0	moderate_crucivirus_like	False	False	1.0	0.011100300000000063	0.98546555	False	False
Cruci_PB_KX388527	crucivirus	1	Green	Green	0.7426934	1.0	1.0	1.0	1.0	448.0	moderate_crucivirus_like	False	False	1.0	0.7771383	1.0	1.0	1.0	1.0	108.0	moderate_crucivirus_like	False	False	1.0	0.6449955	1.0	1.0	1.0	1.0	181.0	moderate_crucivirus_like	False	False	1.0	0.74161655	1.0	1.0	1.0	1.0	159.0	moderate_crucivirus_like	False	False	1.0	-0.0344449	0.75991585	False	False
Cruci_PB_KX388528	crucivirus	1	Green	Green	0.7390534	1.0	1.0	1.0	1.0	448.0	moderate_crucivirus_like	False	False	1.0	0.77463764	1.0	1.0	1.0	1.0	108.0	moderate_crucivirus_like	False	False	1.0	0.6449955	1.0	1.0	1.0	1.0	181.0	moderate_crucivirus_like	False	False	1.0	0.74161655	1.0	1.0	1.0	1.0	159.0	moderate_crucivirus_like	False	False	1.0	-0.035584240000000045	0.7568455199999999	False	False
Cruci_PB_KX388529	crucivirus	1	Green	Green	0.7403775	1.0	1.0	1.0	1.0	448.0	moderate_crucivirus_like	False	False	1.0	0.77463764	1.0	1.0	1.0	1.0	108.0	moderate_crucivirus_like	False	False	1.0	0.6193653	1.0	1.0	1.0	1.0	181.0	moderate_crucivirus_like	False	False	1.0	0.74161655	1.0	1.0	1.0	1.0	159.0	moderate_crucivirus_like	False	False	1.0	-0.034260139999999994	0.75750757	False	False
Cruci_PB_KX388530	crucivirus	1	Green	Green	0.7403775	1.0	1.0	1.0	1.0	448.0	moderate_crucivirus_like	False	False	1.0	0.77463764	1.0	1.0	1.0	1.0	108.0	moderate_crucivirus_like	False	False	1.0	0.6193653	1.0	1.0	1.0	1.0	181.0	moderate_crucivirus_like	False	False	1.0	0.74161655	1.0	1.0	1.0	1.0	159.0	moderate_crucivirus_like	False	False	1.0	-0.034260139999999994	0.75750757	False	False
Cruci_CruV_539	crucivirus	1	Green	Green	0.25217614	0.0	0.0	0.0	0.0	325.0	moderate_rna_like	False	True	1.0											0.23575196	0.0	0.0	0.0	0.0	168.0	moderate_rna_like	False	True	1.0	0.7390289	1.0	1.0	1.0	1.0	157.0	moderate_crucivirus_like	False	False	1.0		0.25217614	False	False
Cruci_CruV-945	crucivirus	1	Green	Green	0.31825712	0.0	0.0	0.0	0.0	388.0	moderate_rna_like	False	True	1.0											0.39801738	0.0	0.0	0.0	0.0	184.0	moderate_rna_like	False	True	1.0	0.7699384	1.0	1.0	1.0	1.0	204.0	moderate_crucivirus_like	False	False	1.0		0.31825712	False	False
Cruci_CruV-801	crucivirus	1	Green	Green	0.32325685	0.0	0.0	0.0	0.0	503.0	moderate_rna_like	False	True	1.0	0.4317234	0.0	0.0	0.0	0.0	76.0	ambiguous	False	False	1.0	0.5023714	1.0	0.0	1.0	0.0	194.0	ambiguous	False	False	1.0	0.92272204	1.0	1.0	1.0	1.0	233.0	strong_crucivirus_like	False	False	1.0	-0.10846655	0.377490125	False	False
Cruci_CruV_385	crucivirus	1	Green	Green	0.6631819	1.0	1.0	1.0	1.0	270.0	moderate_crucivirus_like	False	False	1.0	0.28953266	0.0	0.0	0.0	0.0	61.0	moderate_rna_like	False	True	1.0	0.34724334	0.0	0.0	0.0	0.0	190.0	moderate_rna_like	False	True	1.0	0.727188	1.0	1.0	1.0	1.0	19.0	moderate_crucivirus_like	False	False	1.0	0.37364924	0.47635728	False	False
Cruci_CruV_489	crucivirus	1	Green	Green	0.09701929	0.0	0.0	0.0	0.0	476.0	strong_rna_like	True	True	1.0	0.038481846	0.0	0.0	0.0	0.0	31.0	strong_rna_like	True	True	1.0	0.35965842	0.0	0.0	0.0	0.0	200.0	moderate_rna_like	False	True	1.0	0.832168	1.0	1.0	1.0	1.0	245.0	strong_crucivirus_like	False	False	1.0	0.058537443999999994	0.067750568	True	True
Cruci_CruV_483	crucivirus	1	Green	Green	0.33860263	0.0	0.0	0.0	0.0	392.0	moderate_rna_like	False	True	1.0	0.7411776	1.0	1.0	1.0	1.0	3.0	moderate_crucivirus_like	False	False	1.0	0.3853999	0.0	0.0	0.0	0.0	190.0	moderate_rna_like	False	True	1.0	0.3840276	0.0	0.0	0.0	0.0	199.0	moderate_rna_like	False	True	1.0	-0.40257497	0.539890115	False	False
Cruci_CruV_493	crucivirus	1	Green	Green	0.4299641	0.0	0.0	0.0	0.0	394.0	ambiguous	False	False	1.0	0.86761916	1.0	1.0	1.0	1.0	1.0	strong_crucivirus_like	False	False	1.0	0.5697061	1.0	1.0	1.0	1.0	190.0	ambiguous	False	False	1.0	0.9048331	1.0	1.0	1.0	1.0	203.0	strong_crucivirus_like	False	False	1.0	-0.43765505999999993	0.64879163	False	False
Cruci_CruV_522	crucivirus	1	Green	Green	0.31587407	0.0	0.0	0.0	0.0	409.0	moderate_rna_like	False	True	1.0	0.4553711	0.0	0.0	0.0	0.0	11.0	ambiguous	False	False	1.0	0.41161966	0.0	0.0	0.0	0.0	186.0	ambiguous	False	False	1.0	0.69383276	1.0	1.0	1.0	1.0	212.0	moderate_crucivirus_like	False	False	1.0	-0.13949702999999997	0.385622585	False	False
Cruci_CruV_513	crucivirus	1	Green	Green	0.58530265	1.0	1.0	1.0	1.0	389.0	ambiguous	False	False	1.0	0.77951074	1.0	1.0	1.0	1.0	12.0	moderate_crucivirus_like	False	False	1.0	0.5247774	1.0	0.0	1.0	0.0	184.0	ambiguous	False	False	1.0	0.8437038	1.0	1.0	1.0	1.0	193.0	strong_crucivirus_like	False	False	1.0	-0.19420808999999994	0.6824066950000001	False	False
Cruci_CruV-814	crucivirus	1	Green	Green	0.7766522	1.0	1.0	1.0	1.0	365.0	moderate_crucivirus_like	False	False	1.0	0.9768289	1.0	1.0	1.0	1.0	11.0	strong_crucivirus_like	False	False	1.0	0.50918657	1.0	0.0	1.0	0.0	185.0	ambiguous	False	False	1.0	0.82795435	1.0	1.0	1.0	1.0	169.0	strong_crucivirus_like	False	False	1.0	-0.20017669999999999	0.8767405500000001	False	False
Cruci_CruV-925	crucivirus	1	Green	Green	0.37808806	0.0	0.0	0.0	0.0	384.0	moderate_rna_like	False	True	1.0	0.6604346	1.0	1.0	1.0	1.0	2.0	moderate_crucivirus_like	False	False	1.0	0.7635777	1.0	1.0	1.0	1.0	194.0	moderate_crucivirus_like	False	False	1.0	0.7702364	1.0	1.0	1.0	1.0	188.0	moderate_crucivirus_like	False	False	1.0	-0.28234654	0.51926133	False	False
Cruci_CruV-926	crucivirus	1	Green	Green	0.62486327	1.0	1.0	1.0	1.0	380.0	moderate_crucivirus_like	False	False	1.0											0.34791088	0.0	0.0	0.0	0.0	190.0	moderate_rna_like	False	True	1.0	0.8447233	1.0	1.0	1.0	1.0	190.0	strong_crucivirus_like	False	False	1.0		0.62486327	False	False
Cruci_CruV-933	crucivirus	1	Green	Green	0.4452	0.0	0.0	0.0	0.0	354.0	ambiguous	False	False	1.0											0.094475016	0.0	0.0	0.0	0.0	179.0	strong_rna_like	True	True	1.0	0.8868187	1.0	1.0	1.0	1.0	175.0	strong_crucivirus_like	False	False	1.0		0.4452	False	False
Cruci_CruV_497	crucivirus	1	Green	Green	0.273642	0.0	0.0	0.0	0.0	417.0	moderate_rna_like	False	True	1.0	0.4775382	0.0	0.0	0.0	0.0	13.0	ambiguous	False	False	1.0	0.525099	1.0	0.0	1.0	0.0	187.0	ambiguous	False	False	1.0	0.75918835	1.0	1.0	1.0	1.0	217.0	moderate_crucivirus_like	False	False	1.0	-0.20389620000000003	0.37559010000000004	False	False
Cruci_CruV-899	crucivirus	1	Green	Green	0.41283047	0.0	0.0	0.0	0.0	395.0	ambiguous	False	False	1.0											0.45793605	0.0	0.0	0.0	0.0	189.0	ambiguous	False	False	1.0	0.8245968	1.0	1.0	1.0	1.0	206.0	strong_crucivirus_like	False	False	1.0		0.41283047	False	False
Cruci_CruV_501	crucivirus	1	Green	Green	0.28856894	0.0	0.0	0.0	0.0	383.0	moderate_rna_like	False	True	1.0											0.47839367	0.0	0.0	0.0	0.0	185.0	ambiguous	False	False	1.0	0.74006855	1.0	1.0	1.0	1.0	198.0	moderate_crucivirus_like	False	False	1.0		0.28856894	False	False
Cruci_CruV_509	crucivirus	1	Green	Green	0.28856894	0.0	0.0	0.0	0.0	383.0	moderate_rna_like	False	True	1.0											0.47839367	0.0	0.0	0.0	0.0	185.0	ambiguous	False	False	1.0	0.74006855	1.0	1.0	1.0	1.0	198.0	moderate_crucivirus_like	False	False	1.0		0.28856894	False	False
Ribo_ND_156954	rna_virus	0	Green	Green	0.3610999	0.0	0.0	1.0	1.0	514.0	moderate_rna_like	False	False	1.0	0.07370302	0.0	0.0	1.0	1.0	85.0	strong_rna_like	False	False	1.0	0.2084704	0.0	0.0	1.0	1.0	182.0	moderate_rna_like	False	False	1.0	0.3406098	0.0	0.0	1.0	1.0	247.0	moderate_rna_like	False	False	1.0	0.28739687999999997	0.21740146	False	False
Cruci_CruV_496	crucivirus	1	Green	Green	0.40277034	0.0	0.0	0.0	0.0	489.0	ambiguous	False	False	1.0	0.90667903	1.0	1.0	1.0	1.0	132.0	strong_crucivirus_like	False	False	1.0	0.38173485	0.0	0.0	0.0	0.0	207.0	moderate_rna_like	False	True	1.0	0.47918013	0.0	0.0	0.0	0.0	150.0	ambiguous	False	False	1.0	-0.50390869	0.654724685	False	False
Cruci_CruV_430	crucivirus	1	Green	Green	0.53602415	1.0	1.0	1.0	1.0	352.0	ambiguous	False	False	1.0											0.24982247	0.0	0.0	0.0	0.0	174.0	moderate_rna_like	False	True	1.0	0.69299537	1.0	1.0	1.0	1.0	178.0	moderate_crucivirus_like	False	False	1.0		0.53602415	False	False
Cruci_CruV_423	crucivirus	1	Green	Green	0.19202556	0.0	0.0	0.0	0.0	346.0	strong_rna_like	True	True	1.0											0.23841953	0.0	0.0	0.0	0.0	173.0	moderate_rna_like	False	True	1.0	0.649887	1.0	1.0	1.0	1.0	173.0	moderate_crucivirus_like	False	False	1.0		0.19202556	False	False
Cruci_CruV_452	crucivirus	1	Green	Green	0.21622065	0.0	0.0	0.0	0.0	330.0	moderate_rna_like	False	True	1.0											0.35626277	0.0	0.0	0.0	0.0	173.0	moderate_rna_like	False	True	1.0	0.5861229	1.0	1.0	1.0	1.0	157.0	ambiguous	False	False	1.0		0.21622065	False	False
Cruci_CruV_421	crucivirus	1	Green	Green	0.4687848	0.0	0.0	0.0	0.0	333.0	ambiguous	False	False	1.0											0.36445665	0.0	0.0	0.0	0.0	175.0	moderate_rna_like	False	True	1.0	0.6434423	1.0	1.0	1.0	1.0	158.0	moderate_crucivirus_like	False	False	1.0		0.4687848	False	False
Cruci_CruV_451	crucivirus	1	Green	Green	0.20137045	0.0	0.0	0.0	0.0	336.0	moderate_rna_like	False	True	1.0											0.20495854	0.0	0.0	0.0	0.0	173.0	moderate_rna_like	False	True	1.0	0.69552594	1.0	1.0	1.0	1.0	163.0	moderate_crucivirus_like	False	False	1.0		0.20137045	False	False
Cruci_CruV_464	crucivirus	1	Green	Green	0.28756672	0.0	0.0	0.0	0.0	334.0	moderate_rna_like	False	True	1.0											0.56412953	1.0	1.0	1.0	1.0	174.0	ambiguous	False	False	1.0	0.7501153	1.0	1.0	1.0	1.0	160.0	moderate_crucivirus_like	False	False	1.0		0.28756672	False	False
Cruci_CruV_435	crucivirus	1	Green	Green	0.3023077	0.0	0.0	0.0	0.0	339.0	moderate_rna_like	False	True	1.0											0.21790455	0.0	0.0	0.0	0.0	174.0	moderate_rna_like	False	True	1.0	0.67106676	1.0	1.0	1.0	1.0	165.0	moderate_crucivirus_like	False	False	1.0		0.3023077	False	False
Cruci_CruV_466	crucivirus	1	Green	Green	0.13097052	0.0	0.0	0.0	0.0	325.0	strong_rna_like	True	True	1.0											0.2909859	0.0	0.0	0.0	0.0	175.0	moderate_rna_like	False	True	1.0	0.18508458	0.0	0.0	0.0	0.0	150.0	strong_rna_like	True	True	1.0		0.13097052	False	False
Cruci_CruV_399	crucivirus	1	Green	Green	0.21222399	0.0	0.0	0.0	0.0	343.0	moderate_rna_like	False	True	1.0											0.10004337	0.0	0.0	0.0	0.0	181.0	strong_rna_like	True	True	1.0	0.40784088	0.0	0.0	0.0	0.0	162.0	ambiguous	False	False	1.0		0.21222399	False	False
Cruci_CruV_377	crucivirus	1	Green	Green	0.40598556	0.0	0.0	0.0	0.0	341.0	ambiguous	False	False	1.0											0.09874059	0.0	0.0	0.0	0.0	169.0	strong_rna_like	True	True	1.0	0.49904677	0.0	0.0	0.0	0.0	172.0	ambiguous	False	False	1.0		0.40598556	False	False
Cruci_CruV-932	crucivirus	1	Green	Green	0.5414214	1.0	1.0	1.0	1.0	404.0	ambiguous	False	False	1.0	0.1479839	0.0	0.0	0.0	0.0	28.0	strong_rna_like	True	True	1.0	0.5788808	1.0	1.0	1.0	1.0	187.0	ambiguous	False	False	1.0	0.7804916	1.0	1.0	1.0	1.0	189.0	moderate_crucivirus_like	False	False	1.0	0.39343750000000005	0.34470265	False	False
Cruci_CruV-783	crucivirus	1	Green	Green	0.9752783	1.0	1.0	1.0	1.0	488.0	strong_crucivirus_like	False	False	1.0	0.99396616	1.0	1.0	1.0	1.0	112.0	strong_crucivirus_like	False	False	1.0	0.14834508	0.0	0.0	0.0	0.0	184.0	strong_rna_like	True	True	1.0	0.5041363	1.0	1.0	1.0	1.0	192.0	ambiguous	False	False	1.0	-0.01868786	0.98462223	False	False
Cruci_CruV_440	crucivirus	1	Green	Green	0.9028901	1.0	1.0	1.0	1.0	489.0	strong_crucivirus_like	False	False	1.0	0.96347433	1.0	1.0	1.0	1.0	146.0	strong_crucivirus_like	False	False	1.0	0.71061444	1.0	1.0	1.0	1.0	182.0	moderate_crucivirus_like	False	False	1.0	0.30076492	0.0	0.0	0.0	0.0	161.0	moderate_rna_like	False	True	1.0	-0.06058423000000002	0.933182215	False	False
Cruci_CruV-810	crucivirus	1	Green	Green	0.8255571	1.0	1.0	1.0	1.0	528.0	strong_crucivirus_like	False	False	1.0	0.7704699	1.0	1.0	1.0	1.0	154.0	moderate_crucivirus_like	False	False	1.0	0.7157245	1.0	1.0	1.0	1.0	184.0	moderate_crucivirus_like	False	False	1.0	0.7180064	1.0	1.0	1.0	1.0	190.0	moderate_crucivirus_like	False	False	1.0	0.0550872	0.7980135	False	False
Cruci_CruV-949	crucivirus	1	Green	Green	0.93811053	1.0	1.0	1.0	1.0	284.0	strong_crucivirus_like	False	False	1.0	0.96574366	1.0	1.0	1.0	1.0	61.0	strong_crucivirus_like	False	False	1.0	0.585958	1.0	1.0	1.0	1.0	187.0	ambiguous	False	False	1.0	0.4535064	0.0	0.0	0.0	0.0	36.0	ambiguous	False	False	1.0	-0.027633130000000006	0.9519270950000001	False	False
Cruci_CruV-935	crucivirus	1	Green	Green	0.92849565	1.0	1.0	1.0	1.0	436.0	strong_crucivirus_like	False	False	1.0	0.9782332	1.0	1.0	1.0	1.0	68.0	strong_crucivirus_like	False	False	1.0	0.21492666	0.0	0.0	0.0	0.0	188.0	moderate_rna_like	False	True	1.0	0.49575904	0.0	0.0	0.0	0.0	180.0	ambiguous	False	False	1.0	-0.04973755000000002	0.953364425	False	False
Ribo_ND_165277	rna_virus	0	Green	Green	0.4671665	0.0	0.0	1.0	1.0	516.0	ambiguous	False	False	1.0	0.05742246	0.0	0.0	1.0	1.0	52.0	strong_rna_like	False	False	1.0	0.1507193	0.0	0.0	1.0	1.0	177.0	strong_rna_like	False	False	1.0	0.27245533	0.0	0.0	1.0	1.0	287.0	moderate_rna_like	False	False	1.0	0.40974404	0.26229448	False	False
Ribo_ND_249733	rna_virus	0	Green	Green	0.70645297	1.0	1.0	0.0	0.0	531.0	moderate_crucivirus_like	False	True	1.0	0.5536476	1.0	1.0	0.0	0.0	93.0	ambiguous	False	False	1.0	0.106572405	0.0	0.0	1.0	1.0	184.0	strong_rna_like	False	False	1.0	0.2467681	0.0	0.0	1.0	1.0	254.0	moderate_rna_like	False	False	1.0	0.15280536999999994	0.630050285	False	False
Cruci_CruV_529	crucivirus	1	Green	Green	0.6884387	1.0	1.0	1.0	1.0	434.0	moderate_crucivirus_like	False	False	1.0	0.5899564	1.0	1.0	1.0	1.0	71.0	ambiguous	False	False	1.0	0.5073215	1.0	0.0	1.0	0.0	196.0	ambiguous	False	False	1.0	0.36108696	0.0	0.0	0.0	0.0	167.0	moderate_rna_like	False	True	1.0	0.09848229999999991	0.63919755	False	False
Cruci_CruV_420_2	crucivirus	1	Green	Green											0.48297393	0.0	0.0	0.0	0.0	10.0	ambiguous	False	False	1.0	0.4893766	0.0	0.0	0.0	0.0	189.0	ambiguous	False	False	1.0	0.35394356	0.0	0.0	0.0	0.0	162.0	moderate_rna_like	False	True	1.0		0.48297393	False	False
Cruci_CruV-972_2	crucivirus	1	Green	Green																					0.43176174	0.0	0.0	0.0	0.0	177.0	ambiguous	False	False	1.0	0.50846565	1.0	1.0	1.0	1.0	160.0	ambiguous	False	False	1.0			False	False
Cruci_CruV-972_3	crucivirus	1	Green	Green																					0.21067846	0.0	0.0	0.0	0.0	177.0	moderate_rna_like	False	True	1.0	0.587455	1.0	1.0	1.0	1.0	160.0	ambiguous	False	False	1.0			False	False
Ribo_ND_044835	rna_virus	0	Green	Green	0.20018955	0.0	0.0	1.0	1.0	531.0	moderate_rna_like	False	False	1.0	0.012804622	0.0	0.0	1.0	1.0	123.0	strong_rna_like	False	False	1.0	0.1828491	0.0	0.0	1.0	1.0	198.0	strong_rna_like	False	False	1.0	0.3756059	0.0	0.0	1.0	1.0	210.0	moderate_rna_like	False	False	1.0	0.187384928	0.10649708599999999	False	False
Ribo_ND_095624	rna_virus	0	Green	Green	0.16803358	0.0	0.0	1.0	1.0	578.0	strong_rna_like	False	False	1.0	0.062557675	0.0	0.0	1.0	1.0	153.0	strong_rna_like	False	False	1.0	0.25650415	0.0	0.0	1.0	1.0	203.0	moderate_rna_like	False	False	1.0	0.38201013	0.0	0.0	1.0	1.0	222.0	moderate_rna_like	False	False	1.0	0.105475905	0.1152956275	False	False
Ribo_ND_044943	rna_virus	0	Green	Green	0.12333426	0.0	0.0	1.0	1.0	582.0	strong_rna_like	False	False	1.0	0.12828153	0.0	0.0	1.0	1.0	147.0	strong_rna_like	False	False	1.0	0.075344	0.0	0.0	1.0	1.0	200.0	strong_rna_like	False	False	1.0	0.041322865	0.0	0.0	1.0	1.0	235.0	strong_rna_like	False	False	1.0	-0.004947270000000004	0.125807895	False	False
Ribo_ND_114938	rna_virus	0	Green	Green	0.18544933	0.0	0.0	1.0	1.0	492.0	strong_rna_like	False	False	1.0	0.30878863	0.0	0.0	1.0	1.0	78.0	moderate_rna_like	False	False	1.0	0.5016825	1.0	0.0	0.0	1.0	194.0	ambiguous	False	False	1.0	0.22616273	0.0	0.0	1.0	1.0	220.0	moderate_rna_like	False	False	1.0	-0.12333930000000001	0.24711898	False	False
Ribo_ND_183764	rna_virus	0	Green	Green	0.3218441	0.0	0.0	1.0	1.0	489.0	moderate_rna_like	False	False	1.0	0.12982637	0.0	0.0	1.0	1.0	68.0	strong_rna_like	False	False	1.0	0.23169863	0.0	0.0	1.0	1.0	200.0	moderate_rna_like	False	False	1.0	0.22482683	0.0	0.0	1.0	1.0	221.0	moderate_rna_like	False	False	1.0	0.19201773000000003	0.22583523500000002	False	False
Ribo_ND_114974	rna_virus	0	Green	Green	0.14321476	0.0	0.0	1.0	1.0	491.0	strong_rna_like	False	False	1.0	0.046454713	0.0	0.0	1.0	1.0	73.0	strong_rna_like	False	False	1.0	0.34462965	0.0	0.0	1.0	1.0	195.0	moderate_rna_like	False	False	1.0	0.32069707	0.0	0.0	1.0	1.0	223.0	moderate_rna_like	False	False	1.0	0.09676004699999999	0.0948347365	False	False
Ribo_ND_366210	rna_virus	0	Green	Green	0.20606638	0.0	0.0	1.0	1.0	616.0	moderate_rna_like	False	False	1.0	0.18593217	0.0	0.0	1.0	1.0	197.0	strong_rna_like	False	False	1.0	0.3970367	0.0	0.0	1.0	1.0	195.0	moderate_rna_like	False	False	1.0	0.29839808	0.0	0.0	1.0	1.0	224.0	moderate_rna_like	False	False	1.0	0.020134209999999986	0.195999275	False	False
Ribo_ND_385031	rna_virus	0	Green	Green	0.19414143	0.0	0.0	1.0	1.0	496.0	strong_rna_like	False	False	1.0	0.12940831	0.0	0.0	1.0	1.0	72.0	strong_rna_like	False	False	1.0	0.056120146	0.0	0.0	1.0	1.0	196.0	strong_rna_like	False	False	1.0	0.31907478	0.0	0.0	1.0	1.0	228.0	moderate_rna_like	False	False	1.0	0.06473312	0.16177487000000002	False	False
Ribo_ND_174691	rna_virus	0	Green	Green	0.14060925	0.0	0.0	1.0	1.0	506.0	strong_rna_like	False	False	1.0	0.05671497	0.0	0.0	1.0	1.0	76.0	strong_rna_like	False	False	1.0	0.5015866	1.0	0.0	0.0	1.0	190.0	ambiguous	False	False	1.0	0.5705014	1.0	1.0	0.0	0.0	240.0	ambiguous	False	False	1.0	0.08389427999999999	0.09866211	False	False
Ribo_ND_088082	rna_virus	0	Green	Green	0.22505236	0.0	0.0	1.0	1.0	555.0	moderate_rna_like	False	False	1.0	0.1312251	0.0	0.0	1.0	1.0	127.0	strong_rna_like	False	False	1.0	0.45042902	0.0	0.0	1.0	1.0	199.0	ambiguous	False	False	1.0	0.5224255	1.0	1.0	0.0	0.0	229.0	ambiguous	False	False	1.0	0.09382726	0.17813873000000002	False	False
Ribo_ND_365622	rna_virus	0	Green	Green	0.39235222	0.0	0.0	1.0	1.0	547.0	moderate_rna_like	False	False	1.0	0.23496686	0.0	0.0	1.0	1.0	116.0	moderate_rna_like	False	False	1.0	0.3584518	0.0	0.0	1.0	1.0	198.0	moderate_rna_like	False	False	1.0	0.3247091	0.0	0.0	1.0	1.0	233.0	moderate_rna_like	False	False	1.0	0.15738535999999997	0.31365953999999996	False	False
Ribo_ND_141237	rna_virus	0	Green	Green	0.20968473	0.0	0.0	1.0	1.0	540.0	moderate_rna_like	False	False	1.0	0.12227176	0.0	0.0	1.0	1.0	109.0	strong_rna_like	False	False	1.0	0.45173398	0.0	0.0	1.0	1.0	198.0	ambiguous	False	False	1.0	0.31436434	0.0	0.0	1.0	1.0	233.0	moderate_rna_like	False	False	1.0	0.08741297000000002	0.165978245	False	False
Ribo_ND_051634	rna_virus	0	Green	Green	0.15221107	0.0	0.0	1.0	1.0	541.0	strong_rna_like	False	False	1.0	0.07143919	0.0	0.0	1.0	1.0	108.0	strong_rna_like	False	False	1.0	0.5223449	1.0	0.0	0.0	1.0	183.0	ambiguous	False	False	1.0	0.4882108	0.0	0.0	1.0	1.0	250.0	ambiguous	False	False	1.0	0.08077188	0.11182513	False	False
Ribo_ND_202743	rna_virus	0	Green	Green	0.15549718	0.0	0.0	1.0	1.0	484.0	strong_rna_like	False	False	1.0	0.04583565	0.0	0.0	1.0	1.0	77.0	strong_rna_like	False	False	1.0	0.16500327	0.0	0.0	1.0	1.0	188.0	strong_rna_like	False	False	1.0	0.38273025	0.0	0.0	1.0	1.0	219.0	moderate_rna_like	False	False	1.0	0.10966153000000001	0.10066641500000001	False	False
Cruci_CruV_532	crucivirus	1	Green	Green	0.2866819	0.0	0.0	0.0	0.0	555.0	moderate_rna_like	False	True	1.0	0.078701586	0.0	0.0	0.0	0.0	184.0	strong_rna_like	True	True	1.0	0.24570343	0.0	0.0	0.0	0.0	182.0	moderate_rna_like	False	True	1.0	0.6140701	1.0	1.0	1.0	1.0	189.0	moderate_crucivirus_like	False	False	1.0	0.207980314	0.182691743	False	True
Cruci_CruV-930	crucivirus	1	Green	Green	0.17151247	0.0	0.0	0.0	0.0	457.0	strong_rna_like	True	True	1.0	0.051139705	0.0	0.0	0.0	0.0	55.0	strong_rna_like	True	True	1.0	0.24977763	0.0	0.0	0.0	0.0	179.0	moderate_rna_like	False	True	1.0	0.8626854	1.0	1.0	1.0	1.0	223.0	strong_crucivirus_like	False	False	1.0	0.12037276499999999	0.1113260875	True	True
Cruci_CruV-938	crucivirus	1	Green	Green	0.32904932	0.0	0.0	0.0	0.0	433.0	moderate_rna_like	False	True	1.0	0.7354285	1.0	1.0	1.0	1.0	15.0	moderate_crucivirus_like	False	False	1.0	0.25826335	0.0	0.0	0.0	0.0	179.0	moderate_rna_like	False	True	1.0	0.8434117	1.0	1.0	1.0	1.0	239.0	strong_crucivirus_like	False	False	1.0	-0.40637918000000006	0.53223891	False	False
Cruci_CruV-937	crucivirus	1	Green	Green	0.2872704	0.0	0.0	0.0	0.0	431.0	moderate_rna_like	False	True	1.0	0.7150088	1.0	1.0	1.0	1.0	24.0	moderate_crucivirus_like	False	False	1.0	0.16586854	0.0	0.0	0.0	0.0	185.0	strong_rna_like	True	True	1.0	0.56953233	1.0	1.0	1.0	1.0	222.0	ambiguous	False	False	1.0	-0.4277384	0.5011396	False	False
Ribo_ND_130292	rna_virus	0	Green	Green	0.26960886	0.0	0.0	1.0	1.0	435.0	moderate_rna_like	False	False	1.0	0.06796682	0.0	0.0	1.0	1.0	50.0	strong_rna_like	False	False	1.0	0.3058982	0.0	0.0	1.0	1.0	178.0	moderate_rna_like	False	False	1.0	0.40853068	0.0	0.0	1.0	1.0	207.0	ambiguous	False	False	1.0	0.20164204000000002	0.16878784	False	False
Ribo_ND_134565	rna_virus	0	Green	Green	0.63926274	1.0	1.0	0.0	0.0	394.0	moderate_crucivirus_like	False	True	1.0	0.5781276	1.0	1.0	0.0	0.0	73.0	ambiguous	False	False	1.0	0.4113391	0.0	0.0	1.0	1.0	172.0	ambiguous	False	False	1.0	0.30716243	0.0	0.0	1.0	1.0	149.0	moderate_rna_like	False	False	1.0	0.06113514000000009	0.6086951700000001	False	False
Cruci_CruV-969	crucivirus	1	Green	Green	0.48473552	0.0	0.0	0.0	0.0	505.0	ambiguous	False	False	1.0	0.37377495	0.0	0.0	0.0	0.0	103.0	moderate_rna_like	False	True	1.0	0.5090354	1.0	0.0	1.0	0.0	184.0	ambiguous	False	False	1.0	0.28682646	0.0	0.0	0.0	0.0	218.0	moderate_rna_like	False	True	1.0	0.11096056999999998	0.42925523499999996	False	False
Cruci_CruV_514	crucivirus	1	Green	Green	0.79321456	1.0	1.0	1.0	1.0	429.0	moderate_crucivirus_like	False	False	1.0	0.4839563	0.0	0.0	0.0	0.0	51.0	ambiguous	False	False	1.0	0.5834288	1.0	1.0	1.0	1.0	177.0	ambiguous	False	False	1.0	0.81679094	1.0	1.0	1.0	1.0	201.0	strong_crucivirus_like	False	False	1.0	0.30925826	0.63858543	False	False
Ribo_ND_381553	rna_virus	0	Green	Green	0.20215142	0.0	0.0	1.0	1.0	471.0	moderate_rna_like	False	False	1.0	0.08710333	0.0	0.0	1.0	1.0	122.0	strong_rna_like	False	False	1.0	0.2397337	0.0	0.0	1.0	1.0	185.0	moderate_rna_like	False	False	1.0	0.7154086	1.0	1.0	0.0	0.0	164.0	moderate_crucivirus_like	False	True	1.0	0.11504808999999999	0.144627375	False	False
Cruci_CruV-967	crucivirus	1	Green	Green	0.2407898	0.0	0.0	0.0	0.0	411.0	moderate_rna_like	False	True	1.0	0.6617829	1.0	1.0	1.0	1.0	4.0	moderate_crucivirus_like	False	False	1.0	0.3229001	0.0	0.0	0.0	0.0	186.0	moderate_rna_like	False	True	1.0	0.65967864	1.0	1.0	1.0	1.0	221.0	moderate_crucivirus_like	False	False	1.0	-0.42099309999999995	0.45128634999999995	False	False
Ribo_ND_124466	rna_virus	0	Green	Green	0.18197957	0.0	0.0	1.0	1.0	386.0	strong_rna_like	False	False	1.0	0.029332418	0.0	0.0	1.0	1.0	53.0	strong_rna_like	False	False	1.0	0.40452215	0.0	0.0	1.0	1.0	188.0	ambiguous	False	False	1.0	0.3219007	0.0	0.0	1.0	1.0	145.0	moderate_rna_like	False	False	1.0	0.152647152	0.105655994	False	False
Cruci_CruV_457	crucivirus	1	Green	Green	0.80781245	1.0	1.0	1.0	1.0	711.0	strong_crucivirus_like	False	False	1.0	0.7566399	1.0	1.0	1.0	1.0	237.0	moderate_crucivirus_like	False	False	1.0	0.8377394	1.0	1.0	1.0	1.0	196.0	strong_crucivirus_like	False	False	1.0	0.8708338	1.0	1.0	1.0	1.0	278.0	strong_crucivirus_like	False	False	1.0	0.05117254999999998	0.782226175	False	False
Cruci_CruV_463	crucivirus	1	Green	Green	0.8245722	1.0	1.0	1.0	1.0	639.0	strong_crucivirus_like	False	False	1.0	0.7897993	1.0	1.0	1.0	1.0	187.0	moderate_crucivirus_like	False	False	1.0	0.6366325	1.0	1.0	1.0	1.0	197.0	moderate_crucivirus_like	False	False	1.0	0.7818459	1.0	1.0	1.0	1.0	255.0	moderate_crucivirus_like	False	False	1.0	0.034772899999999995	0.8071857499999999	False	False
Cruci_CruV_406	crucivirus	1	Green	Green	0.85016805	1.0	1.0	1.0	1.0	652.0	strong_crucivirus_like	False	False	1.0	0.8286618	1.0	1.0	1.0	1.0	296.0	strong_crucivirus_like	False	False	1.0	0.790392	1.0	1.0	1.0	1.0	190.0	moderate_crucivirus_like	False	False	1.0	0.75439143	1.0	1.0	1.0	1.0	166.0	moderate_crucivirus_like	False	False	1.0	0.02150624999999995	0.839414925	False	False
Cruci_CruV_407	crucivirus	1	Green	Green	0.8483981	1.0	1.0	1.0	1.0	652.0	strong_crucivirus_like	False	False	1.0	0.8286618	1.0	1.0	1.0	1.0	296.0	strong_crucivirus_like	False	False	1.0	0.790392	1.0	1.0	1.0	1.0	190.0	moderate_crucivirus_like	False	False	1.0	0.7222639	1.0	1.0	1.0	1.0	166.0	moderate_crucivirus_like	False	False	1.0	0.01973630000000004	0.8385299500000001	False	False
Cruci_CruV-707	crucivirus	1	Green	Green	0.8260752	1.0	1.0	1.0	1.0	586.0	strong_crucivirus_like	False	False	1.0	0.88826466	1.0	1.0	1.0	1.0	228.0	strong_crucivirus_like	False	False	1.0	0.60714704	1.0	1.0	1.0	1.0	190.0	moderate_crucivirus_like	False	False	1.0	0.6880097	1.0	1.0	1.0	1.0	168.0	moderate_crucivirus_like	False	False	1.0	-0.06218946000000003	0.85716993	False	False
Cruci_CruV_244	crucivirus	1	Green	Green	0.51170963	1.0	1.0	1.0	1.0	515.0	ambiguous	False	False	1.0	0.7847765	1.0	1.0	1.0	1.0	155.0	moderate_crucivirus_like	False	False	1.0	0.645307	1.0	1.0	1.0	1.0	190.0	moderate_crucivirus_like	False	False	1.0	0.6626228	1.0	1.0	1.0	1.0	170.0	moderate_crucivirus_like	False	False	1.0	-0.27306686999999996	0.648243065	False	False
Cruci_CruV-792	crucivirus	1	Green	Green	0.7117583	1.0	1.0	1.0	1.0	507.0	moderate_crucivirus_like	False	False	1.0	0.6812628	1.0	1.0	1.0	1.0	143.0	moderate_crucivirus_like	False	False	1.0	0.70219463	1.0	1.0	1.0	1.0	190.0	moderate_crucivirus_like	False	False	1.0	0.62662524	1.0	1.0	1.0	1.0	174.0	moderate_crucivirus_like	False	False	1.0	0.03049550000000001	0.69651055	False	False
Cruci_CruV-841	crucivirus	1	Green	Green	0.81686395	1.0	1.0	1.0	1.0	508.0	strong_crucivirus_like	False	False	1.0	0.9116534	1.0	1.0	1.0	1.0	145.0	strong_crucivirus_like	False	False	1.0	0.86369365	1.0	1.0	1.0	1.0	191.0	strong_crucivirus_like	False	False	1.0	0.66803145	1.0	1.0	1.0	1.0	172.0	moderate_crucivirus_like	False	False	1.0	-0.09478944999999994	0.864258675	False	False
Cruci_CruV-854	crucivirus	1	Green	Green	0.78844297	1.0	1.0	1.0	1.0	508.0	moderate_crucivirus_like	False	False	1.0	0.8905834	1.0	1.0	1.0	1.0	142.0	strong_crucivirus_like	False	False	1.0	0.6902282	1.0	1.0	1.0	1.0	190.0	moderate_crucivirus_like	False	False	1.0	0.6688569	1.0	1.0	1.0	1.0	176.0	moderate_crucivirus_like	False	False	1.0	-0.10214043000000006	0.8395131849999999	False	False
Cruci_CruV_432	crucivirus	1	Green	Green	0.8619108	1.0	1.0	1.0	1.0	498.0	strong_crucivirus_like	False	False	1.0	0.92340356	1.0	1.0	1.0	1.0	142.0	strong_crucivirus_like	False	False	1.0	0.82084715	1.0	1.0	1.0	1.0	190.0	strong_crucivirus_like	False	False	1.0	0.70099735	1.0	1.0	1.0	1.0	166.0	moderate_crucivirus_like	False	False	1.0	-0.061492760000000035	0.89265718	False	False
Cruci_CruV_336	crucivirus	1	Green	Green	0.9703616	1.0	1.0	1.0	1.0	530.0	strong_crucivirus_like	False	False	1.0	0.9773252	1.0	1.0	1.0	1.0	172.0	strong_crucivirus_like	False	False	1.0	0.49076632	0.0	0.0	0.0	0.0	191.0	ambiguous	False	False	1.0	0.78182775	1.0	1.0	1.0	1.0	167.0	moderate_crucivirus_like	False	False	1.0	-0.006963599999999959	0.9738434	False	False
Cruci_CruV_459	crucivirus	1	Green	Green	0.5873104	1.0	1.0	1.0	1.0	526.0	ambiguous	False	False	1.0	0.78423023	1.0	1.0	1.0	1.0	166.0	moderate_crucivirus_like	False	False	1.0	0.6260367	1.0	1.0	1.0	1.0	195.0	moderate_crucivirus_like	False	False	1.0	0.8760404	1.0	1.0	1.0	1.0	165.0	strong_crucivirus_like	False	False	1.0	-0.19691983000000002	0.6857703150000001	False	False
Cruci_Ariz_MW697687	crucivirus	1	Green	Green	0.8766286	1.0	1.0	1.0	1.0	511.0	strong_crucivirus_like	False	False	1.0	0.8921729	1.0	1.0	1.0	1.0	159.0	strong_crucivirus_like	False	False	1.0	0.89046675	1.0	1.0	1.0	1.0	190.0	strong_crucivirus_like	False	False	1.0	0.66693187	1.0	1.0	1.0	1.0	162.0	moderate_crucivirus_like	False	False	1.0	-0.015544300000000066	0.88440075	False	False
Cruci_CruV_482	crucivirus	1	Green	Green	0.8325765	1.0	1.0	1.0	1.0	498.0	strong_crucivirus_like	False	False	1.0	0.85672516	1.0	1.0	1.0	1.0	138.0	strong_crucivirus_like	False	False	1.0	0.39940268	0.0	0.0	0.0	0.0	191.0	moderate_rna_like	False	True	1.0	0.5489263	1.0	1.0	1.0	1.0	169.0	ambiguous	False	False	1.0	-0.024148659999999933	0.84465083	False	False
Cruci_CruV-958	crucivirus	1	Green	Green	0.31688905	0.0	0.0	0.0	0.0	403.0	moderate_rna_like	False	True	1.0	0.63484234	1.0	1.0	1.0	1.0	31.0	moderate_crucivirus_like	False	False	1.0	0.71155673	1.0	1.0	1.0	1.0	202.0	moderate_crucivirus_like	False	False	1.0	0.71065444	1.0	1.0	1.0	1.0	170.0	moderate_crucivirus_like	False	False	1.0	-0.31795328999999994	0.475865695	False	False
Cruci_CruCGE_533	crucivirus	1	Green	Green	0.51386875	1.0	1.0	1.0	1.0	510.0	ambiguous	False	False	1.0	0.7320845	1.0	1.0	1.0	1.0	135.0	moderate_crucivirus_like	False	False	1.0	0.75157934	1.0	1.0	1.0	1.0	203.0	moderate_crucivirus_like	False	False	1.0	0.60557735	1.0	1.0	1.0	1.0	172.0	moderate_crucivirus_like	False	False	1.0	-0.21821575000000004	0.622976625	False	False
Cruci_CruV-893	crucivirus	1	Green	Green	0.4673478	0.0	0.0	0.0	0.0	642.0	ambiguous	False	False	1.0	0.4356324	0.0	0.0	0.0	0.0	263.0	ambiguous	False	False	1.0	0.59186	1.0	1.0	1.0	1.0	192.0	ambiguous	False	False	1.0	0.74737114	1.0	1.0	1.0	1.0	187.0	moderate_crucivirus_like	False	False	1.0	0.031715400000000005	0.4514901	False	False
Cruci_CruV-836	crucivirus	1	Green	Green	0.7872461	1.0	1.0	1.0	1.0	639.0	moderate_crucivirus_like	False	False	1.0	0.7845534	1.0	1.0	1.0	1.0	262.0	moderate_crucivirus_like	False	False	1.0	0.425598	0.0	0.0	0.0	0.0	194.0	ambiguous	False	False	1.0	0.7626759	1.0	1.0	1.0	1.0	183.0	moderate_crucivirus_like	False	False	1.0	0.0026926999999999923	0.78589975	False	False
Cruci_CruV-864	crucivirus	1	Green	Green	0.91240907	1.0	1.0	1.0	1.0	519.0	strong_crucivirus_like	False	False	1.0	0.9859282	1.0	1.0	1.0	1.0	142.0	strong_crucivirus_like	False	False	1.0	0.5609147	1.0	1.0	1.0	1.0	194.0	ambiguous	False	False	1.0	0.62324923	1.0	1.0	1.0	1.0	183.0	moderate_crucivirus_like	False	False	1.0	-0.07351912999999999	0.949168635	False	False
Cruci_Ariz_MW697596	crucivirus	1	Green	Green	0.8380268	1.0	1.0	1.0	1.0	535.0	strong_crucivirus_like	False	False	1.0	0.8990485	1.0	1.0	1.0	1.0	154.0	strong_crucivirus_like	False	False	1.0	0.3019507	0.0	0.0	0.0	0.0	194.0	moderate_rna_like	False	True	1.0	0.8030218	1.0	1.0	1.0	1.0	187.0	strong_crucivirus_like	False	False	1.0	-0.06102170000000007	0.8685376499999999	False	False
Cruci_CruCGE_436	crucivirus	1	Green	Green	0.9231383	1.0	1.0	1.0	1.0	523.0	strong_crucivirus_like	False	False	1.0	0.9435151	1.0	1.0	1.0	1.0	145.0	strong_crucivirus_like	False	False	1.0	0.30959705	0.0	0.0	0.0	0.0	194.0	moderate_rna_like	False	True	1.0	0.8483085	1.0	1.0	1.0	1.0	184.0	strong_crucivirus_like	False	False	1.0	-0.020376800000000084	0.9333267000000001	False	False
Cruci_CruV_434	crucivirus	1	Green	Green	0.9360104	1.0	1.0	1.0	1.0	522.0	strong_crucivirus_like	False	False	1.0	0.9568226	1.0	1.0	1.0	1.0	144.0	strong_crucivirus_like	False	False	1.0	0.27169952	0.0	0.0	0.0	0.0	194.0	moderate_rna_like	False	True	1.0	0.8483085	1.0	1.0	1.0	1.0	184.0	strong_crucivirus_like	False	False	1.0	-0.020812199999999947	0.9464165	False	False
Cruci_CruCGE_471	crucivirus	1	Green	Green	0.76441085	1.0	1.0	1.0	1.0	518.0	moderate_crucivirus_like	False	False	1.0	0.92677313	1.0	1.0	1.0	1.0	143.0	strong_crucivirus_like	False	False	1.0	0.48461515	0.0	0.0	0.0	0.0	197.0	ambiguous	False	False	1.0	0.684705	1.0	1.0	1.0	1.0	178.0	moderate_crucivirus_like	False	False	1.0	-0.16236227999999997	0.84559199	False	False
Cruci_CruV-843	crucivirus	1	Green	Green	0.96099657	1.0	1.0	1.0	1.0	322.0	strong_crucivirus_like	False	False	1.0	0.933508	1.0	1.0	1.0	1.0	132.0	strong_crucivirus_like	False	False	1.0	0.4960829	0.0	0.0	0.0	0.0	185.0	ambiguous	False	False	1.0	0.43166077	0.0	0.0	0.0	0.0	5.0	ambiguous	False	False	1.0	0.027488570000000045	0.947252285	False	False
Cruci_Ariz_MW697732	crucivirus	1	Green	Green	0.51065564	1.0	1.0	1.0	1.0	606.0	ambiguous	False	False	1.0	0.67364013	1.0	1.0	1.0	1.0	224.0	moderate_crucivirus_like	False	False	1.0	0.48932534	0.0	0.0	0.0	0.0	192.0	ambiguous	False	False	1.0	0.51226336	1.0	1.0	1.0	1.0	190.0	ambiguous	False	False	1.0	-0.16298449000000004	0.5921478849999999	False	False
Cruci_CruV_413	crucivirus	1	Green	Green	0.6724455	1.0	1.0	1.0	1.0	577.0	moderate_crucivirus_like	False	False	1.0	0.63357925	1.0	1.0	1.0	1.0	196.0	moderate_crucivirus_like	False	False	1.0	0.35193798	0.0	0.0	0.0	0.0	193.0	moderate_rna_like	False	True	1.0	0.7498956	1.0	1.0	1.0	1.0	188.0	moderate_crucivirus_like	False	False	1.0	0.03886624999999999	0.6530123750000001	False	False
Cruci_CruV_473	crucivirus	1	Green	Green	0.647834	1.0	1.0	1.0	1.0	523.0	moderate_crucivirus_like	False	False	1.0	0.7554108	1.0	1.0	1.0	1.0	127.0	moderate_crucivirus_like	False	False	1.0	0.58626395	1.0	1.0	1.0	1.0	200.0	ambiguous	False	False	1.0	0.5733822	1.0	1.0	1.0	1.0	196.0	ambiguous	False	False	1.0	-0.10757680000000003	0.7016224	False	False
Cruci_CruV-817	crucivirus	1	Green	Green	0.9312951	1.0	1.0	1.0	1.0	542.0	strong_crucivirus_like	False	False	1.0	0.90279317	1.0	1.0	1.0	1.0	168.0	strong_crucivirus_like	False	False	1.0	0.75974727	1.0	1.0	1.0	1.0	193.0	moderate_crucivirus_like	False	False	1.0	0.80980486	1.0	1.0	1.0	1.0	181.0	strong_crucivirus_like	False	False	1.0	0.02850193000000001	0.917044135	False	False
Cruci_CruV_541	crucivirus	1	Green	Green	0.9635029	1.0	1.0	1.0	1.0	570.0	strong_crucivirus_like	False	False	1.0	0.95805883	1.0	1.0	1.0	1.0	180.0	strong_crucivirus_like	False	False	1.0	0.22463767	0.0	0.0	0.0	0.0	210.0	moderate_rna_like	False	True	1.0	0.63127226	1.0	1.0	1.0	1.0	180.0	moderate_crucivirus_like	False	False	1.0	0.005444070000000023	0.960780865	False	False
Cruci_CruV-796	crucivirus	1	Green	Green	0.8838636	1.0	1.0	1.0	1.0	530.0	strong_crucivirus_like	False	False	1.0	0.9504814	1.0	1.0	1.0	1.0	131.0	strong_crucivirus_like	False	False	1.0	0.5868172	1.0	1.0	1.0	1.0	202.0	ambiguous	False	False	1.0	0.7570518	1.0	1.0	1.0	1.0	197.0	moderate_crucivirus_like	False	False	1.0	-0.06661780000000006	0.9171725	False	False
Cruci_CruV_416	crucivirus	1	Green	Green	0.8023407	1.0	1.0	1.0	1.0	526.0	strong_crucivirus_like	False	False	1.0	0.8262269	1.0	1.0	1.0	1.0	131.0	strong_crucivirus_like	False	False	1.0	0.39537287	0.0	0.0	0.0	0.0	203.0	moderate_rna_like	False	True	1.0	0.7517826	1.0	1.0	1.0	1.0	192.0	moderate_crucivirus_like	False	False	1.0	-0.02388619999999997	0.8142838	False	False
Cruci_CruV-968	crucivirus	1	Green	Green	0.23399144	0.0	0.0	0.0	0.0	432.0	moderate_rna_like	False	True	1.0	0.11469395	0.0	0.0	0.0	0.0	29.0	strong_rna_like	True	True	1.0	0.5586354	1.0	1.0	1.0	1.0	222.0	ambiguous	False	False	1.0	0.51242447	1.0	1.0	1.0	1.0	181.0	ambiguous	False	False	1.0	0.11929748999999999	0.174342695	False	True
Cruci_CruV-957	crucivirus	1	Green	Green	0.17620285	0.0	0.0	0.0	0.0	422.0	strong_rna_like	True	True	1.0	0.27721593	0.0	0.0	0.0	0.0	15.0	moderate_rna_like	False	True	1.0	0.55551016	1.0	1.0	1.0	1.0	214.0	ambiguous	False	False	1.0	0.74664575	1.0	1.0	1.0	1.0	193.0	moderate_crucivirus_like	False	False	1.0	-0.10101308	0.22670939	False	True
Cruci_CruV_480	crucivirus	1	Green	Green	0.8263498	1.0	1.0	1.0	1.0	504.0	strong_crucivirus_like	False	False	1.0	0.9720923	1.0	1.0	1.0	1.0	133.0	strong_crucivirus_like	False	False	1.0	0.55807143	1.0	1.0	1.0	1.0	202.0	ambiguous	False	False	1.0	0.72313017	1.0	1.0	1.0	1.0	169.0	moderate_crucivirus_like	False	False	1.0	-0.1457425	0.89922105	False	False
Cruci_CruV-867	crucivirus	1	Green	Green	0.77126527	1.0	1.0	1.0	1.0	535.0	moderate_crucivirus_like	False	False	1.0	0.8479132	1.0	1.0	1.0	1.0	155.0	strong_crucivirus_like	False	False	1.0	0.74461174	1.0	1.0	1.0	1.0	195.0	moderate_crucivirus_like	False	False	1.0	0.780131	1.0	1.0	1.0	1.0	185.0	moderate_crucivirus_like	False	False	1.0	-0.07664793000000003	0.809589235	False	False
Cruci_CruV_439	crucivirus	1	Green	Green	0.42707512	0.0	0.0	0.0	0.0	483.0	ambiguous	False	False	1.0	0.26084343	0.0	0.0	0.0	0.0	96.0	moderate_rna_like	False	True	1.0	0.60135233	1.0	1.0	1.0	1.0	201.0	moderate_crucivirus_like	False	False	1.0	0.615565	1.0	1.0	1.0	1.0	186.0	moderate_crucivirus_like	False	False	1.0	0.16623169	0.343959275	False	False
Cruci_CruV_446	crucivirus	1	Green	Green	0.42516148	0.0	0.0	0.0	0.0	483.0	ambiguous	False	False	1.0	0.26084343	0.0	0.0	0.0	0.0	96.0	moderate_rna_like	False	True	1.0	0.60135233	1.0	1.0	1.0	1.0	201.0	moderate_crucivirus_like	False	False	1.0	0.61858195	1.0	1.0	1.0	1.0	186.0	moderate_crucivirus_like	False	False	1.0	0.16431805	0.343002455	False	False
Cruci_CruV_465	crucivirus	1	Green	Green	0.9545053	1.0	1.0	1.0	1.0	520.0	strong_crucivirus_like	False	False	1.0	0.9511138	1.0	1.0	1.0	1.0	145.0	strong_crucivirus_like	False	False	1.0	0.64898425	1.0	1.0	1.0	1.0	192.0	moderate_crucivirus_like	False	False	1.0	0.66520196	1.0	1.0	1.0	1.0	183.0	moderate_crucivirus_like	False	False	1.0	0.0033914999999999917	0.95280955	False	False
Cruci_CruV-734	crucivirus	1	Green	Green	0.5481207	1.0	1.0	1.0	1.0	506.0	ambiguous	False	False	1.0	0.569785	1.0	1.0	1.0	1.0	148.0	ambiguous	False	False	1.0	0.6879858	1.0	1.0	1.0	1.0	192.0	moderate_crucivirus_like	False	False	1.0	0.73498136	1.0	1.0	1.0	1.0	166.0	moderate_crucivirus_like	False	False	1.0	-0.02166429999999997	0.5589528500000001	False	False
Cruci_CruV_347	crucivirus	1	Green	Green	0.81830233	1.0	1.0	1.0	1.0	564.0	strong_crucivirus_like	False	False	1.0	0.83091795	1.0	1.0	1.0	1.0	200.0	strong_crucivirus_like	False	False	1.0	0.6406889	1.0	1.0	1.0	1.0	196.0	moderate_crucivirus_like	False	False	1.0	0.5751183	1.0	1.0	1.0	1.0	168.0	ambiguous	False	False	1.0	-0.01261562000000005	0.82461014	False	False
Cruci_CruV_346	crucivirus	1	Green	Green	0.59375566	1.0	1.0	1.0	1.0	490.0	ambiguous	False	False	1.0	0.6589426	1.0	1.0	1.0	1.0	143.0	moderate_crucivirus_like	False	False	1.0	0.7847414	1.0	1.0	1.0	1.0	187.0	moderate_crucivirus_like	False	False	1.0	0.2627608	0.0	0.0	0.0	0.0	160.0	moderate_rna_like	False	True	1.0	-0.06518694000000003	0.62634913	False	False
Cruci_CruV_422	crucivirus	1	Green	Green	0.8422408	1.0	1.0	1.0	1.0	518.0	strong_crucivirus_like	False	False	1.0	0.7789062	1.0	1.0	1.0	1.0	158.0	moderate_crucivirus_like	False	False	1.0	0.476251	0.0	0.0	0.0	0.0	194.0	ambiguous	False	False	1.0	0.6934837	1.0	1.0	1.0	1.0	166.0	moderate_crucivirus_like	False	False	1.0	0.06333460000000002	0.8105735000000001	False	False
Cruci_CruV_460	crucivirus	1	Green	Green	0.6007385	1.0	1.0	1.0	1.0	573.0	moderate_crucivirus_like	False	False	1.0	0.592139	1.0	1.0	1.0	1.0	184.0	ambiguous	False	False	1.0	0.39257592	0.0	0.0	0.0	0.0	201.0	moderate_rna_like	False	True	1.0	0.783604	1.0	1.0	1.0	1.0	188.0	moderate_crucivirus_like	False	False	1.0	0.008599499999999982	0.5964387499999999	False	False
Cruci_CruV_450	crucivirus	1	Green	Green	0.82806844	1.0	1.0	1.0	1.0	551.0	strong_crucivirus_like	False	False	1.0	0.42695504	0.0	0.0	0.0	0.0	170.0	ambiguous	False	False	1.0	0.6644989	1.0	1.0	1.0	1.0	194.0	moderate_crucivirus_like	False	False	1.0	0.6869297	1.0	1.0	1.0	1.0	187.0	moderate_crucivirus_like	False	False	1.0	0.4011134	0.62751174	False	False
Cruci_CruV_475	crucivirus	1	Green	Green	0.853851	1.0	1.0	1.0	1.0	526.0	strong_crucivirus_like	False	False	1.0	0.7863597	1.0	1.0	1.0	1.0	143.0	moderate_crucivirus_like	False	False	1.0	0.5787561	1.0	1.0	1.0	1.0	192.0	ambiguous	False	False	1.0	0.6640934	1.0	1.0	1.0	1.0	191.0	moderate_crucivirus_like	False	False	1.0	0.06749130000000003	0.82010535	False	False
Cruci_Tisza_MH616643.1	crucivirus	1	Green	Green	0.59588635	1.0	1.0	1.0	1.0	518.0	ambiguous	False	False	1.0	0.47850576	0.0	0.0	0.0	0.0	148.0	ambiguous	False	False	1.0	0.47231418	0.0	0.0	0.0	0.0	192.0	ambiguous	False	False	1.0	0.8737788	1.0	1.0	1.0	1.0	178.0	strong_crucivirus_like	False	False	1.0	0.11738059	0.537196055	False	False
Cruci_Ariz_MW697694	crucivirus	1	Green	Green	0.87126	1.0	1.0	1.0	1.0	489.0	strong_crucivirus_like	False	False	1.0	0.9371113	1.0	1.0	1.0	1.0	113.0	strong_crucivirus_like	False	False	1.0	0.5564167	1.0	1.0	1.0	1.0	197.0	ambiguous	False	False	1.0	0.2540741	0.0	0.0	0.0	0.0	179.0	moderate_rna_like	False	True	1.0	-0.06585129999999995	0.9041856500000001	False	False
Cruci_CruV-635	crucivirus	1	Green	Green	0.83396494	1.0	1.0	1.0	1.0	500.0	strong_crucivirus_like	False	False	1.0	0.7343225	1.0	1.0	1.0	1.0	150.0	moderate_crucivirus_like	False	False	1.0	0.7166306	1.0	1.0	1.0	1.0	190.0	moderate_crucivirus_like	False	False	1.0	0.63914126	1.0	1.0	1.0	1.0	160.0	moderate_crucivirus_like	False	False	1.0	0.09964244	0.78414372	False	False
Cruci_CruV-636	crucivirus	1	Green	Green	0.79204	1.0	1.0	1.0	1.0	500.0	moderate_crucivirus_like	False	False	1.0	0.7016099	1.0	1.0	1.0	1.0	150.0	moderate_crucivirus_like	False	False	1.0	0.7166306	1.0	1.0	1.0	1.0	190.0	moderate_crucivirus_like	False	False	1.0	0.63914126	1.0	1.0	1.0	1.0	160.0	moderate_crucivirus_like	False	False	1.0	0.09043009999999996	0.7468249499999999	False	False
Cruci_CruV_367	crucivirus	1	Green	Green	0.90117776	1.0	1.0	1.0	1.0	449.0	strong_crucivirus_like	False	False	1.0	0.8718755	1.0	1.0	1.0	1.0	102.0	strong_crucivirus_like	False	False	1.0	0.6151967	1.0	1.0	1.0	1.0	192.0	moderate_crucivirus_like	False	False	1.0	0.7095662	1.0	1.0	1.0	1.0	155.0	moderate_crucivirus_like	False	False	1.0	0.029302260000000024	0.8865266300000001	False	False
Cruci_IWaV278_CircoRep	crucivirus	1	Green	Green	0.82837147	1.0	1.0	1.0	1.0	498.0	strong_crucivirus_like	False	False	1.0	0.9294652	1.0	1.0	1.0	1.0	143.0	strong_crucivirus_like	False	False	1.0	0.3770568	0.0	0.0	0.0	0.0	194.0	moderate_rna_like	False	True	1.0	0.5359725	1.0	1.0	1.0	1.0	161.0	ambiguous	False	False	1.0	-0.10109372999999999	0.878918335	False	False
Cruci_CruV_427	crucivirus	1	Green	Green	0.596537	1.0	1.0	1.0	1.0	527.0	ambiguous	False	False	1.0	0.8771737	1.0	1.0	1.0	1.0	151.0	strong_crucivirus_like	False	False	1.0	0.63031435	1.0	1.0	1.0	1.0	191.0	moderate_crucivirus_like	False	False	1.0	0.5905833	1.0	1.0	1.0	1.0	185.0	ambiguous	False	False	1.0	-0.28063669999999996	0.7368553499999999	False	False
Cruci_CruV_298	crucivirus	1	Green	Green	0.7699476	1.0	1.0	1.0	1.0	524.0	moderate_crucivirus_like	False	False	1.0	0.858164	1.0	1.0	1.0	1.0	155.0	strong_crucivirus_like	False	False	1.0	0.71319073	1.0	1.0	1.0	1.0	198.0	moderate_crucivirus_like	False	False	1.0	0.68321145	1.0	1.0	1.0	1.0	171.0	moderate_crucivirus_like	False	False	1.0	-0.08821640000000008	0.8140558	False	False
Cruci_muss_OR270609	crucivirus	1	Green	Green	0.4194903	0.0	0.0	0.0	0.0	508.0	ambiguous	False	False	1.0	0.8100934	1.0	1.0	1.0	1.0	146.0	strong_crucivirus_like	False	False	1.0	0.63879585	1.0	1.0	1.0	1.0	198.0	moderate_crucivirus_like	False	False	1.0	0.57551867	1.0	1.0	1.0	1.0	164.0	ambiguous	False	False	1.0	-0.3906031	0.61479185	False	False
Cruci_CruV_396	crucivirus	1	Green	Green	0.6315085	1.0	1.0	1.0	1.0	518.0	moderate_crucivirus_like	False	False	1.0	0.81440455	1.0	1.0	1.0	1.0	146.0	strong_crucivirus_like	False	False	1.0	0.7490658	1.0	1.0	1.0	1.0	185.0	moderate_crucivirus_like	False	False	1.0	0.83535177	1.0	1.0	1.0	1.0	187.0	strong_crucivirus_like	False	False	1.0	-0.18289604999999998	0.7229565250000001	False	False
Cruci_CruV-859	crucivirus	1	Green	Green	0.94387436	1.0	1.0	1.0	1.0	603.0	strong_crucivirus_like	False	False	1.0	0.9799386	1.0	1.0	1.0	1.0	157.0	strong_crucivirus_like	False	False	1.0	0.8450749	1.0	1.0	1.0	1.0	202.0	strong_crucivirus_like	False	False	1.0	0.6327536	1.0	1.0	1.0	1.0	244.0	moderate_crucivirus_like	False	False	1.0	-0.03606423999999997	0.96190648	False	False
Cruci_CruV-830	crucivirus	1	Green	Green	0.92392653	1.0	1.0	1.0	1.0	582.0	strong_crucivirus_like	False	False	1.0	0.9641401	1.0	1.0	1.0	1.0	153.0	strong_crucivirus_like	False	False	1.0	0.4058401	0.0	0.0	0.0	0.0	201.0	ambiguous	False	False	1.0	0.740224	1.0	1.0	1.0	1.0	228.0	moderate_crucivirus_like	False	False	1.0	-0.04021357000000003	0.944033315	False	False
Cruci_CruV-882	crucivirus	1	Green	Green	0.91155475	1.0	1.0	1.0	1.0	473.0	strong_crucivirus_like	False	False	1.0	0.82197386	1.0	1.0	1.0	1.0	113.0	strong_crucivirus_like	False	False	1.0	0.70677036	1.0	1.0	1.0	1.0	193.0	moderate_crucivirus_like	False	False	1.0	0.77606845	1.0	1.0	1.0	1.0	167.0	moderate_crucivirus_like	False	False	1.0	0.08958089000000002	0.866764305	False	False
Cruci_CruV_530	crucivirus	1	Green	Green	0.8962531	1.0	1.0	1.0	1.0	489.0	strong_crucivirus_like	False	False	1.0	0.8240127	1.0	1.0	1.0	1.0	52.0	strong_crucivirus_like	False	False	1.0	0.17586255	0.0	0.0	0.0	0.0	196.0	strong_rna_like	True	True	1.0	0.778773	1.0	1.0	1.0	1.0	241.0	moderate_crucivirus_like	False	False	1.0	0.07224039999999998	0.8601329	False	False
Cruci_CruV_426	crucivirus	1	Green	Green	0.85441214	1.0	1.0	1.0	1.0	520.0	strong_crucivirus_like	False	False	1.0	0.86564165	1.0	1.0	1.0	1.0	115.0	strong_crucivirus_like	False	False	1.0	0.7313258	1.0	1.0	1.0	1.0	201.0	moderate_crucivirus_like	False	False	1.0	0.7184895	1.0	1.0	1.0	1.0	204.0	moderate_crucivirus_like	False	False	1.0	-0.011229510000000054	0.8600268950000001	False	False
Cruci_CruV_474	crucivirus	1	Green	Green	0.9902734	1.0	1.0	1.0	1.0	508.0	strong_crucivirus_like	False	False	1.0	0.9938198	1.0	1.0	1.0	1.0	154.0	strong_crucivirus_like	False	False	1.0	0.72998226	1.0	1.0	1.0	1.0	182.0	moderate_crucivirus_like	False	False	1.0	0.7009343	1.0	1.0	1.0	1.0	172.0	moderate_crucivirus_like	False	False	1.0	-0.0035464000000000606	0.9920466	False	False
Cruci_CruV-840	crucivirus	1	Green	Green	0.8410557	1.0	1.0	1.0	1.0	533.0	strong_crucivirus_like	False	False	1.0	0.897966	1.0	1.0	1.0	1.0	144.0	strong_crucivirus_like	False	False	1.0	0.46325052	0.0	0.0	0.0	0.0	202.0	ambiguous	False	False	1.0	0.30745006	0.0	0.0	0.0	0.0	187.0	moderate_rna_like	False	True	1.0	-0.05691030000000008	0.86951085	False	False
Cruci_CruV-866	crucivirus	1	Green	Green	0.9111311	1.0	1.0	1.0	1.0	556.0	strong_crucivirus_like	False	False	1.0	0.93157685	1.0	1.0	1.0	1.0	167.0	strong_crucivirus_like	False	False	1.0	0.5726492	1.0	1.0	1.0	1.0	217.0	ambiguous	False	False	1.0	0.7444904	1.0	1.0	1.0	1.0	172.0	moderate_crucivirus_like	False	False	1.0	-0.02044575000000004	0.9213539749999999	False	False
Cruci_CruV-834	crucivirus	1	Green	Green	0.19985338	0.0	0.0	0.0	0.0	383.0	strong_rna_like	True	True	1.0	0.6622046	1.0	1.0	1.0	1.0	7.0	moderate_crucivirus_like	False	False	1.0	0.584055	1.0	1.0	1.0	1.0	198.0	ambiguous	False	False	1.0	0.6540684	1.0	1.0	1.0	1.0	178.0	moderate_crucivirus_like	False	False	1.0	-0.46235122000000006	0.43102899	False	False
Cruci_CruV-890	crucivirus	1	Green	Green	0.98311514	1.0	1.0	1.0	1.0	594.0	strong_crucivirus_like	False	False	1.0	0.9753935	1.0	1.0	1.0	1.0	177.0	strong_crucivirus_like	False	False	1.0	0.3270931	0.0	0.0	0.0	0.0	199.0	moderate_rna_like	False	True	1.0	0.32475442	0.0	0.0	0.0	0.0	218.0	moderate_rna_like	False	True	1.0	0.007721639999999974	0.97925432	False	False
Cruci_CruV-910	crucivirus	1	Green	Green	0.9947108	1.0	1.0	1.0	1.0	511.0	strong_crucivirus_like	False	False	1.0	0.9980275	1.0	1.0	1.0	1.0	93.0	strong_crucivirus_like	False	False	1.0	0.5980858	1.0	1.0	1.0	1.0	183.0	ambiguous	False	False	1.0	0.45846388	0.0	0.0	0.0	0.0	235.0	ambiguous	False	False	1.0	-0.0033166999999999502	0.99636915	False	False
Cruci_CruV-826	crucivirus	1	Green	Green	0.7405969	1.0	1.0	1.0	1.0	528.0	moderate_crucivirus_like	False	False	1.0	0.7971066	1.0	1.0	1.0	1.0	157.0	moderate_crucivirus_like	False	False	1.0	0.598326	1.0	1.0	1.0	1.0	182.0	ambiguous	False	False	1.0	0.7475765	1.0	1.0	1.0	1.0	189.0	moderate_crucivirus_like	False	False	1.0	-0.056509699999999996	0.7688517500000001	False	False
Cruci_CruV-827	crucivirus	1	Green	Green	0.7405969	1.0	1.0	1.0	1.0	528.0	moderate_crucivirus_like	False	False	1.0	0.7971066	1.0	1.0	1.0	1.0	157.0	moderate_crucivirus_like	False	False	1.0	0.598326	1.0	1.0	1.0	1.0	182.0	ambiguous	False	False	1.0	0.7475765	1.0	1.0	1.0	1.0	189.0	moderate_crucivirus_like	False	False	1.0	-0.056509699999999996	0.7688517500000001	False	False
Cruci_CruV_517	crucivirus	1	Green	Green	0.25747037	0.0	0.0	0.0	0.0	462.0	moderate_rna_like	False	True	1.0	0.6708518	1.0	1.0	1.0	1.0	14.0	moderate_crucivirus_like	False	False	1.0	0.69274956	1.0	1.0	1.0	1.0	193.0	moderate_crucivirus_like	False	False	1.0	0.6304845	1.0	1.0	1.0	1.0	255.0	moderate_crucivirus_like	False	False	1.0	-0.41338143	0.464161085	False	False
Cruci_CruV_515	crucivirus	1	Green	Green	0.32434604	0.0	0.0	0.0	0.0	459.0	moderate_rna_like	False	True	1.0	0.42114058	0.0	0.0	0.0	0.0	21.0	ambiguous	False	False	1.0	0.29598102	0.0	0.0	0.0	0.0	186.0	moderate_rna_like	False	True	1.0	0.5536978	1.0	1.0	1.0	1.0	252.0	ambiguous	False	False	1.0	-0.09679453999999998	0.37274331	False	False
Ribo_ND_134196	rna_virus	0	Green	Green	0.32396647	0.0	0.0	1.0	1.0	448.0	moderate_rna_like	False	False	1.0	0.1804552	0.0	0.0	1.0	1.0	138.0	strong_rna_like	False	False	1.0	0.19719388	0.0	0.0	1.0	1.0	176.0	strong_rna_like	False	False	1.0	0.27872968	0.0	0.0	1.0	1.0	134.0	moderate_rna_like	False	False	1.0	0.14351127	0.252210835	False	False
Ribo_ND_158731	rna_virus	0	Green	Green	0.17305644	0.0	0.0	1.0	1.0	503.0	strong_rna_like	False	False	1.0	0.08759207	0.0	0.0	1.0	1.0	148.0	strong_rna_like	False	False	1.0	0.41318038	0.0	0.0	1.0	1.0	185.0	ambiguous	False	False	1.0	0.46098244	0.0	0.0	1.0	1.0	170.0	ambiguous	False	False	1.0	0.08546437000000001	0.130324255	False	False
Cruci_CruV_477	crucivirus	1	Green	Green	0.8205216	1.0	1.0	1.0	1.0	458.0	strong_crucivirus_like	False	False	1.0	0.9663789	1.0	1.0	1.0	1.0	103.0	strong_crucivirus_like	False	False	1.0	0.09389433	0.0	0.0	0.0	0.0	198.0	strong_rna_like	True	True	1.0	0.25745475	0.0	0.0	0.0	0.0	157.0	moderate_rna_like	False	True	1.0	-0.14585730000000008	0.89345025	False	False
Ribo_ND_379831	rna_virus	0	Green	Green	0.09609739	0.0	0.0	1.0	1.0	544.0	strong_rna_like	False	False	1.0	0.18939073	0.0	0.0	1.0	1.0	171.0	strong_rna_like	False	False	1.0	0.057341058	0.0	0.0	1.0	1.0	179.0	strong_rna_like	False	False	1.0	0.15710804	0.0	0.0	1.0	1.0	194.0	strong_rna_like	False	False	1.0	-0.09329334	0.14274406	False	False
Cruci_CruV-803	crucivirus	1	Green	Green	0.22259834	0.0	0.0	0.0	0.0	630.0	moderate_rna_like	False	True	1.0	0.58299357	1.0	1.0	1.0	1.0	244.0	ambiguous	False	False	1.0	0.7436923	1.0	1.0	1.0	1.0	183.0	moderate_crucivirus_like	False	False	1.0	0.76018596	1.0	1.0	1.0	1.0	203.0	moderate_crucivirus_like	False	False	1.0	-0.36039522999999996	0.402795955	False	False
Cruci_CruCGE-944	crucivirus	1	Green	Green	0.8365973	1.0	1.0	1.0	1.0	778.0	strong_crucivirus_like	False	False	1.0	0.8948557	1.0	1.0	1.0	1.0	272.0	strong_crucivirus_like	False	False	1.0	0.3965527	0.0	0.0	0.0	0.0	197.0	moderate_rna_like	False	True	1.0	0.88529223	1.0	1.0	1.0	1.0	309.0	strong_crucivirus_like	False	False	1.0	-0.058258400000000043	0.8657265000000001	False	False
Cruci_CruV-946	crucivirus	1	Green	Green	0.85711116	1.0	1.0	1.0	1.0	625.0	strong_crucivirus_like	False	False	1.0	0.74231565	1.0	1.0	1.0	1.0	144.0	moderate_crucivirus_like	False	False	1.0	0.28359294	0.0	0.0	0.0	0.0	192.0	moderate_rna_like	False	True	1.0	0.84886676	1.0	1.0	1.0	1.0	289.0	strong_crucivirus_like	False	False	1.0	0.11479550999999999	0.799713405	False	False
Cruci_CruV_502	crucivirus	1	Green	Green	0.92977124	1.0	1.0	1.0	1.0	726.0	strong_crucivirus_like	False	False	1.0	0.9300506	1.0	1.0	1.0	1.0	195.0	strong_crucivirus_like	False	False	1.0	0.27791518	0.0	0.0	0.0	0.0	192.0	moderate_rna_like	False	True	1.0	0.55248076	1.0	1.0	1.0	1.0	339.0	ambiguous	False	False	1.0	-0.00027935999999995076	0.92991092	False	False
Cruci_CruV_499	crucivirus	1	Green	Green	0.8466621	1.0	1.0	1.0	1.0	728.0	strong_crucivirus_like	False	False	1.0	0.91259295	1.0	1.0	1.0	1.0	173.0	strong_crucivirus_like	False	False	1.0	0.60015965	1.0	1.0	1.0	1.0	188.0	moderate_crucivirus_like	False	False	1.0	0.68317014	1.0	1.0	1.0	1.0	367.0	moderate_crucivirus_like	False	False	1.0	-0.06593084999999999	0.879627525	False	False
Cruci_CruV_484	crucivirus	1	Green	Green	0.8132258	1.0	1.0	1.0	1.0	654.0	strong_crucivirus_like	False	False	1.0	0.6842868	1.0	1.0	1.0	1.0	139.0	moderate_crucivirus_like	False	False	1.0	0.62636787	1.0	1.0	1.0	1.0	186.0	moderate_crucivirus_like	False	False	1.0	0.9473198	1.0	1.0	1.0	1.0	329.0	strong_crucivirus_like	False	False	1.0	0.12893900000000003	0.7487562999999999	False	False
Cruci_CruV_412	crucivirus	1	Green	Green	0.65809417	1.0	1.0	1.0	1.0	631.0	moderate_crucivirus_like	False	False	1.0	0.7313368	1.0	1.0	1.0	1.0	231.0	moderate_crucivirus_like	False	False	1.0	0.3851142	0.0	0.0	0.0	0.0	189.0	moderate_rna_like	False	True	1.0	0.9033351	1.0	1.0	1.0	1.0	211.0	strong_crucivirus_like	False	False	1.0	-0.07324262999999998	0.694715485	False	False
Cruci_muss_OR270612	crucivirus	1	Green	Green	0.75535524	1.0	1.0	1.0	1.0	571.0	moderate_crucivirus_like	False	False	1.0	0.83381826	1.0	1.0	1.0	1.0	170.0	strong_crucivirus_like	False	False	1.0	0.40576518	0.0	0.0	0.0	0.0	187.0	ambiguous	False	False	1.0	0.88007784	1.0	1.0	1.0	1.0	214.0	strong_crucivirus_like	False	False	1.0	-0.07846302000000005	0.79458675	False	False
Cruci_CruV-842	crucivirus	1	Green	Green	0.09154635	0.0	0.0	0.0	0.0	629.0	strong_rna_like	True	True	1.0	0.38177732	0.0	0.0	0.0	0.0	234.0	moderate_rna_like	False	True	1.0	0.45221812	0.0	0.0	0.0	0.0	189.0	ambiguous	False	False	1.0	0.86727077	1.0	1.0	1.0	1.0	206.0	strong_crucivirus_like	False	False	1.0	-0.29023097	0.236661835	False	True
Cruci_CruV-839	crucivirus	1	Green	Green	0.6685815	1.0	1.0	1.0	1.0	620.0	moderate_crucivirus_like	False	False	1.0	0.7844709	1.0	1.0	1.0	1.0	180.0	moderate_crucivirus_like	False	False	1.0	0.63868034	1.0	1.0	1.0	1.0	190.0	moderate_crucivirus_like	False	False	1.0	0.88874924	1.0	1.0	1.0	1.0	250.0	strong_crucivirus_like	False	False	1.0	-0.11588939999999992	0.7265262	False	False
Cruci_CruV-821	crucivirus	1	Green	Green	0.6044078	1.0	1.0	1.0	1.0	606.0	moderate_crucivirus_like	False	False	1.0	0.79245704	1.0	1.0	1.0	1.0	217.0	moderate_crucivirus_like	False	False	1.0	0.50523853	1.0	0.0	1.0	0.0	190.0	ambiguous	False	False	1.0	0.87171465	1.0	1.0	1.0	1.0	199.0	strong_crucivirus_like	False	False	1.0	-0.1880492399999999	0.69843242	False	False
Cruci_chiv_Lake_Pavin_contig15342	crucivirus	1	Green	Green	0.9025611	1.0	1.0	1.0	1.0	568.0	strong_crucivirus_like	False	False	1.0	0.895787	1.0	1.0	1.0	1.0	106.0	strong_crucivirus_like	False	False	1.0	0.75823903	1.0	1.0	1.0	1.0	196.0	moderate_crucivirus_like	False	False	1.0	0.8651121	1.0	1.0	1.0	1.0	266.0	strong_crucivirus_like	False	False	1.0	0.006774100000000005	0.8991740500000001	False	False
Cruci_CruV_397	crucivirus	1	Green	Green	0.6319301	1.0	1.0	1.0	1.0	524.0	moderate_crucivirus_like	False	False	1.0	0.4077871	0.0	0.0	0.0	0.0	124.0	ambiguous	False	False	1.0	0.6905035	1.0	1.0	1.0	1.0	198.0	moderate_crucivirus_like	False	False	1.0	0.8538962	1.0	1.0	1.0	1.0	202.0	strong_crucivirus_like	False	False	1.0	0.22414300000000004	0.5198586000000001	False	False
Cruci_Ariz_MW697595	crucivirus	1	Green	Green	0.9824385	1.0	1.0	1.0	1.0	553.0	strong_crucivirus_like	False	False	1.0	0.9932209	1.0	1.0	1.0	1.0	155.0	strong_crucivirus_like	False	False	1.0	0.7057445	1.0	1.0	1.0	1.0	188.0	moderate_crucivirus_like	False	False	1.0	0.8821985	1.0	1.0	1.0	1.0	210.0	strong_crucivirus_like	False	False	1.0	-0.01078239999999997	0.9878297	False	False
Cruci_CruV-939	crucivirus	1	Green	Green	0.8993853	1.0	1.0	1.0	1.0	487.0	strong_crucivirus_like	False	False	1.0	0.8934373	1.0	1.0	1.0	1.0	88.0	strong_crucivirus_like	False	False	1.0	0.45455152	0.0	0.0	0.0	0.0	194.0	ambiguous	False	False	1.0	0.74416286	1.0	1.0	1.0	1.0	205.0	moderate_crucivirus_like	False	False	1.0	0.005948000000000064	0.8964113	False	False
Cruci_CruV-786	crucivirus	1	Green	Green	0.88276774	1.0	1.0	1.0	1.0	497.0	strong_crucivirus_like	False	False	1.0	0.8418207	1.0	1.0	1.0	1.0	110.0	strong_crucivirus_like	False	False	1.0	0.76847166	1.0	1.0	1.0	1.0	190.0	moderate_crucivirus_like	False	False	1.0	0.7270467	1.0	1.0	1.0	1.0	197.0	moderate_crucivirus_like	False	False	1.0	0.040947040000000046	0.86229422	False	False
Cruci_CruV-874	crucivirus	1	Green	Green	0.716175	1.0	1.0	1.0	1.0	558.0	moderate_crucivirus_like	False	False	1.0	0.6998411	1.0	1.0	1.0	1.0	145.0	moderate_crucivirus_like	False	False	1.0	0.48964238	0.0	0.0	0.0	0.0	191.0	ambiguous	False	False	1.0	0.75857586	1.0	1.0	1.0	1.0	222.0	moderate_crucivirus_like	False	False	1.0	0.016333900000000012	0.70800805	False	False
Cruci_CruV_486	crucivirus	1	Green	Green	0.976086	1.0	1.0	1.0	1.0	603.0	strong_crucivirus_like	False	False	1.0	0.9882896	1.0	1.0	1.0	1.0	144.0	strong_crucivirus_like	False	False	1.0	0.54624814	1.0	0.0	1.0	0.0	195.0	ambiguous	False	False	1.0	0.7869191	1.0	1.0	1.0	1.0	264.0	moderate_crucivirus_like	False	False	1.0	-0.012203599999999981	0.9821877999999999	False	False
Cruci_BSL-RDHV	crucivirus	1	Green	Green	0.7447838	1.0	1.0	1.0	1.0	542.0	moderate_crucivirus_like	False	False	1.0	0.85273635	1.0	1.0	1.0	1.0	145.0	strong_crucivirus_like	False	False	1.0	0.6394315	1.0	1.0	1.0	1.0	194.0	moderate_crucivirus_like	False	False	1.0	0.83207405	1.0	1.0	1.0	1.0	203.0	strong_crucivirus_like	False	False	1.0	-0.10795255000000004	0.798760075	False	False
Cruci_CruV-934	crucivirus	1	Green	Green	0.44409654	0.0	0.0	0.0	0.0	507.0	ambiguous	False	False	1.0	0.45694882	0.0	0.0	0.0	0.0	70.0	ambiguous	False	False	1.0	0.3620698	0.0	0.0	0.0	0.0	200.0	moderate_rna_like	False	True	1.0	0.92442614	1.0	1.0	1.0	1.0	237.0	strong_crucivirus_like	False	False	1.0	-0.012852279999999994	0.45052267999999995	False	False
Cruci_CruV-872	crucivirus	1	Green	Green	0.9592314	1.0	1.0	1.0	1.0	566.0	strong_crucivirus_like	False	False	1.0	0.94845873	1.0	1.0	1.0	1.0	140.0	strong_crucivirus_like	False	False	1.0	0.69287956	1.0	1.0	1.0	1.0	193.0	moderate_crucivirus_like	False	False	1.0	0.8757333	1.0	1.0	1.0	1.0	233.0	strong_crucivirus_like	False	False	1.0	0.010772669999999929	0.953845065	False	False
Cruci_CruV-790	crucivirus	1	Green	Green	0.59762096	1.0	1.0	1.0	1.0	598.0	ambiguous	False	False	1.0	0.6465726	1.0	1.0	1.0	1.0	157.0	moderate_crucivirus_like	False	False	1.0	0.5728176	1.0	1.0	1.0	1.0	195.0	ambiguous	False	False	1.0	0.8691253	1.0	1.0	1.0	1.0	246.0	strong_crucivirus_like	False	False	1.0	-0.048951640000000074	0.62209678	False	False
Cruci_CruV-795	crucivirus	1	Green	Green	0.83703905	1.0	1.0	1.0	1.0	555.0	strong_crucivirus_like	False	False	1.0	0.7677008	1.0	1.0	1.0	1.0	146.0	moderate_crucivirus_like	False	False	1.0	0.62582266	1.0	1.0	1.0	1.0	189.0	moderate_crucivirus_like	False	False	1.0	0.8160793	1.0	1.0	1.0	1.0	220.0	strong_crucivirus_like	False	False	1.0	0.06933825000000005	0.802369925	False	False
Cruci_CruV_458	crucivirus	1	Green	Green	0.62019575	1.0	1.0	1.0	1.0	467.0	moderate_crucivirus_like	False	False	1.0	0.68087935	1.0	1.0	1.0	1.0	24.0	moderate_crucivirus_like	False	False	1.0	0.43999526	0.0	0.0	0.0	0.0	189.0	ambiguous	False	False	1.0	0.76312745	1.0	1.0	1.0	1.0	254.0	moderate_crucivirus_like	False	False	1.0	-0.06068359999999995	0.65053755	False	False
Cruci_CruV_331	crucivirus	1	Green	Green	0.67409784	1.0	1.0	1.0	1.0	539.0	moderate_crucivirus_like	False	False	1.0	0.7284927	1.0	1.0	1.0	1.0	163.0	moderate_crucivirus_like	False	False	1.0	0.5556999	1.0	1.0	1.0	1.0	191.0	ambiguous	False	False	1.0	0.785736	1.0	1.0	1.0	1.0	185.0	moderate_crucivirus_like	False	False	1.0	-0.054394860000000045	0.7012952699999999	False	False
Cruci_Oys_GWHBFST00003133_circ	crucivirus	1	Green	Green	0.8125383	1.0	1.0	1.0	1.0	525.0	strong_crucivirus_like	False	False	1.0	0.8507857	1.0	1.0	1.0	1.0	150.0	strong_crucivirus_like	False	False	1.0	0.47265399	0.0	0.0	0.0	0.0	191.0	ambiguous	False	False	1.0	0.8379489	1.0	1.0	1.0	1.0	184.0	strong_crucivirus_like	False	False	1.0	-0.03824739999999993	0.831662	False	False
Cruci_CruV-778	crucivirus	1	Green	Green	0.45168126	0.0	0.0	0.0	0.0	519.0	ambiguous	False	False	1.0	0.67646843	1.0	1.0	1.0	1.0	141.0	moderate_crucivirus_like	False	False	1.0	0.4696049	0.0	0.0	0.0	0.0	191.0	ambiguous	False	False	1.0	0.68742925	1.0	1.0	1.0	1.0	187.0	moderate_crucivirus_like	False	False	1.0	-0.22478717000000004	0.5640748449999999	False	False
Cruci_CruV-779	crucivirus	1	Green	Green	0.45168126	0.0	0.0	0.0	0.0	519.0	ambiguous	False	False	1.0	0.67646843	1.0	1.0	1.0	1.0	141.0	moderate_crucivirus_like	False	False	1.0	0.4696049	0.0	0.0	0.0	0.0	191.0	ambiguous	False	False	1.0	0.68742925	1.0	1.0	1.0	1.0	187.0	moderate_crucivirus_like	False	False	1.0	-0.22478717000000004	0.5640748449999999	False	False
Cruci_CruV-782	crucivirus	1	Green	Green	0.7859929	1.0	1.0	1.0	1.0	519.0	moderate_crucivirus_like	False	False	1.0	0.9082144	1.0	1.0	1.0	1.0	141.0	strong_crucivirus_like	False	False	1.0	0.4931696	0.0	0.0	0.0	0.0	191.0	ambiguous	False	False	1.0	0.7817804	1.0	1.0	1.0	1.0	187.0	moderate_crucivirus_like	False	False	1.0	-0.12222149999999998	0.84710365	False	False
Cruci_Oys_GWHBFST00002740_circ	crucivirus	1	Green	Green	0.5748482	1.0	1.0	1.0	1.0	524.0	ambiguous	False	False	1.0	0.72444963	1.0	1.0	1.0	1.0	142.0	moderate_crucivirus_like	False	False	1.0	0.52413124	1.0	0.0	1.0	0.0	191.0	ambiguous	False	False	1.0	0.84148455	1.0	1.0	1.0	1.0	191.0	strong_crucivirus_like	False	False	1.0	-0.14960142999999992	0.649648915	False	False
Cruci_chiv_35_Marine_contig3	crucivirus	1	Green	Green	0.62790984	1.0	1.0	1.0	1.0	522.0	moderate_crucivirus_like	False	False	1.0	0.8094137	1.0	1.0	1.0	1.0	142.0	strong_crucivirus_like	False	False	1.0	0.5126611	1.0	0.0	1.0	0.0	191.0	ambiguous	False	False	1.0	0.6932526	1.0	1.0	1.0	1.0	189.0	moderate_crucivirus_like	False	False	1.0	-0.18150385999999996	0.71866177	False	False
Cruci_CruV_472	crucivirus	1	Green	Green	0.84120524	1.0	1.0	1.0	1.0	557.0	strong_crucivirus_like	False	False	1.0	0.87237847	1.0	1.0	1.0	1.0	150.0	strong_crucivirus_like	False	False	1.0	0.5270551	1.0	0.0	1.0	0.0	189.0	ambiguous	False	False	1.0	0.8050674	1.0	1.0	1.0	1.0	218.0	strong_crucivirus_like	False	False	1.0	-0.03117323000000005	0.856791855	False	False
Cruci_CruV_503	crucivirus	1	Green	Green	0.509795	1.0	1.0	1.0	1.0	441.0	ambiguous	False	False	1.0	0.77382714	1.0	1.0	1.0	1.0	79.0	moderate_crucivirus_like	False	False	1.0	0.6550653	1.0	1.0	1.0	1.0	189.0	moderate_crucivirus_like	False	False	1.0	0.6113978	1.0	1.0	1.0	1.0	173.0	moderate_crucivirus_like	False	False	1.0	-0.26403213999999997	0.6418110699999999	False	False
Cruci_CruV-772	crucivirus	1	Green	Green	0.8310298	1.0	1.0	1.0	1.0	514.0	strong_crucivirus_like	False	False	1.0	0.8926393	1.0	1.0	1.0	1.0	112.0	strong_crucivirus_like	False	False	1.0	0.45609105	0.0	0.0	0.0	0.0	195.0	ambiguous	False	False	1.0	0.68120444	1.0	1.0	1.0	1.0	207.0	moderate_crucivirus_like	False	False	1.0	-0.061609499999999984	0.86183455	False	False
Cruci_CruV_402	crucivirus	1	Green	Green	0.8803031	1.0	1.0	1.0	1.0	576.0	strong_crucivirus_like	False	False	1.0	0.9339974	1.0	1.0	1.0	1.0	140.0	strong_crucivirus_like	False	False	1.0	0.5932663	1.0	1.0	1.0	1.0	190.0	ambiguous	False	False	1.0	0.5528888	1.0	1.0	1.0	1.0	246.0	ambiguous	False	False	1.0	-0.05369429999999997	0.9071502499999999	False	False
Cruci_Oys_GWHBFST00000019_circ	crucivirus	1	Green	Green	0.8019881	1.0	1.0	1.0	1.0	530.0	strong_crucivirus_like	False	False	1.0	0.7811949	1.0	1.0	1.0	1.0	146.0	moderate_crucivirus_like	False	False	1.0	0.5584234	1.0	1.0	1.0	1.0	190.0	ambiguous	False	False	1.0	0.72234565	1.0	1.0	1.0	1.0	194.0	moderate_crucivirus_like	False	False	1.0	0.020793199999999956	0.7915915	False	False
Cruci_CruV-809	crucivirus	1	Green	Green	0.8452466	1.0	1.0	1.0	1.0	557.0	strong_crucivirus_like	False	False	1.0	0.91679627	1.0	1.0	1.0	1.0	153.0	strong_crucivirus_like	False	False	1.0	0.74274004	1.0	1.0	1.0	1.0	190.0	moderate_crucivirus_like	False	False	1.0	0.7703346	1.0	1.0	1.0	1.0	214.0	moderate_crucivirus_like	False	False	1.0	-0.07154967000000001	0.881021435	False	False
Cruci_CruV-846	crucivirus	1	Green	Green	0.9381563	1.0	1.0	1.0	1.0	566.0	strong_crucivirus_like	False	False	1.0	0.89323294	1.0	1.0	1.0	1.0	139.0	strong_crucivirus_like	False	False	1.0	0.8207229	1.0	1.0	1.0	1.0	188.0	strong_crucivirus_like	False	False	1.0	0.5890063	1.0	1.0	1.0	1.0	239.0	ambiguous	False	False	1.0	0.04492336000000008	0.91569462	False	False
Cruci_chiv_Eukaryote_metagenome_T149_contig276	crucivirus	1	Green	Green	0.9415534	1.0	1.0	1.0	1.0	564.0	strong_crucivirus_like	False	False	1.0	0.94335395	1.0	1.0	1.0	1.0	162.0	strong_crucivirus_like	False	False	1.0	0.6875633	1.0	1.0	1.0	1.0	189.0	moderate_crucivirus_like	False	False	1.0	0.7854924	1.0	1.0	1.0	1.0	213.0	moderate_crucivirus_like	False	False	1.0	-0.0018005500000000119	0.942453675	False	False
Cruci_CruV_453	crucivirus	1	Green	Green	0.9357541	1.0	1.0	1.0	1.0	570.0	strong_crucivirus_like	False	False	1.0	0.9620658	1.0	1.0	1.0	1.0	192.0	strong_crucivirus_like	False	False	1.0	0.58797	1.0	1.0	1.0	1.0	188.0	ambiguous	False	False	1.0	0.8060494	1.0	1.0	1.0	1.0	190.0	strong_crucivirus_like	False	False	1.0	-0.026311699999999938	0.94890995	False	False
Cruci_CruV_455	crucivirus	1	Green	Green	0.9357541	1.0	1.0	1.0	1.0	570.0	strong_crucivirus_like	False	False	1.0	0.9620658	1.0	1.0	1.0	1.0	192.0	strong_crucivirus_like	False	False	1.0	0.58797	1.0	1.0	1.0	1.0	188.0	ambiguous	False	False	1.0	0.8060494	1.0	1.0	1.0	1.0	190.0	strong_crucivirus_like	False	False	1.0	-0.026311699999999938	0.94890995	False	False
Cruci_CruV_456	crucivirus	1	Green	Green	0.9357541	1.0	1.0	1.0	1.0	570.0	strong_crucivirus_like	False	False	1.0	0.9620658	1.0	1.0	1.0	1.0	192.0	strong_crucivirus_like	False	False	1.0	0.58797	1.0	1.0	1.0	1.0	188.0	ambiguous	False	False	1.0	0.8060494	1.0	1.0	1.0	1.0	190.0	strong_crucivirus_like	False	False	1.0	-0.026311699999999938	0.94890995	False	False
Cruci_CruV_454	crucivirus	1	Green	Green	0.93570673	1.0	1.0	1.0	1.0	570.0	strong_crucivirus_like	False	False	1.0	0.9620658	1.0	1.0	1.0	1.0	192.0	strong_crucivirus_like	False	False	1.0	0.58797	1.0	1.0	1.0	1.0	188.0	ambiguous	False	False	1.0	0.80876225	1.0	1.0	1.0	1.0	190.0	strong_crucivirus_like	False	False	1.0	-0.02635906999999993	0.9488862650000001	False	False
Cruci_Oys_GWHBFST00001923_circ	crucivirus	1	Green	Green	0.5065106	1.0	1.0	1.0	1.0	564.0	ambiguous	False	False	1.0	0.37872326	0.0	0.0	0.0	0.0	202.0	moderate_rna_like	False	True	1.0	0.7366772	1.0	1.0	1.0	1.0	188.0	moderate_crucivirus_like	False	False	1.0	0.6926845	1.0	1.0	1.0	1.0	174.0	moderate_crucivirus_like	False	False	1.0	0.12778734000000003	0.44261693	False	False
Cruci_Oys_GWHBFST00002020_circ	crucivirus	1	Green	Green	0.73323536	1.0	1.0	1.0	1.0	546.0	moderate_crucivirus_like	False	False	1.0	0.7592875	1.0	1.0	1.0	1.0	191.0	moderate_crucivirus_like	False	False	1.0	0.6039658	1.0	1.0	1.0	1.0	188.0	moderate_crucivirus_like	False	False	1.0	0.78296465	1.0	1.0	1.0	1.0	167.0	moderate_crucivirus_like	False	False	1.0	-0.02605214	0.74626143	False	False
Cruci_CruV-768	crucivirus	1	Green	Green	0.7716687	1.0	1.0	1.0	1.0	498.0	moderate_crucivirus_like	False	False	1.0	0.90101373	1.0	1.0	1.0	1.0	139.0	strong_crucivirus_like	False	False	1.0	0.7468756	1.0	1.0	1.0	1.0	188.0	moderate_crucivirus_like	False	False	1.0	0.46078694	0.0	0.0	0.0	0.0	171.0	ambiguous	False	False	1.0	-0.12934502999999997	0.836341215	False	False
Cruci_Oys_GWHBFST00000015_circ	crucivirus	1	Green	Green	0.875947	1.0	1.0	1.0	1.0	523.0	strong_crucivirus_like	False	False	1.0	0.9158597	1.0	1.0	1.0	1.0	136.0	strong_crucivirus_like	False	False	1.0	0.61659163	1.0	1.0	1.0	1.0	190.0	moderate_crucivirus_like	False	False	1.0	0.65778965	1.0	1.0	1.0	1.0	197.0	moderate_crucivirus_like	False	False	1.0	-0.03991270000000002	0.89590335	False	False
Cruci_CruV-940	crucivirus	1	Green	Green	0.78621006	1.0	1.0	1.0	1.0	519.0	moderate_crucivirus_like	False	False	1.0	0.43259412	0.0	0.0	0.0	0.0	81.0	ambiguous	False	False	1.0	0.37450334	0.0	0.0	0.0	0.0	190.0	moderate_rna_like	False	True	1.0	0.86721045	1.0	1.0	1.0	1.0	248.0	strong_crucivirus_like	False	False	1.0	0.35361594	0.60940209	False	False
Cruci_CruV-920	crucivirus	1	Green	Green	0.97770643	1.0	1.0	1.0	1.0	548.0	strong_crucivirus_like	False	False	1.0	0.9707472	1.0	1.0	1.0	1.0	164.0	strong_crucivirus_like	False	False	1.0	0.836133	1.0	1.0	1.0	1.0	190.0	strong_crucivirus_like	False	False	1.0	0.7544757	1.0	1.0	1.0	1.0	194.0	moderate_crucivirus_like	False	False	1.0	0.006959229999999983	0.974226815	False	False
Cruci_CruV-889	crucivirus	1	Green	Green	0.882285	1.0	1.0	1.0	1.0	552.0	strong_crucivirus_like	False	False	1.0	0.96616155	1.0	1.0	1.0	1.0	132.0	strong_crucivirus_like	False	False	1.0	0.53638464	1.0	0.0	1.0	0.0	194.0	ambiguous	False	False	1.0	0.757005	1.0	1.0	1.0	1.0	226.0	moderate_crucivirus_like	False	False	1.0	-0.08387655000000005	0.924223275	False	False
Cruci_CruV_433	crucivirus	1	Green	Green	0.8797046	1.0	1.0	1.0	1.0	584.0	strong_crucivirus_like	False	False	1.0	0.9286961	1.0	1.0	1.0	1.0	153.0	strong_crucivirus_like	False	False	1.0	0.6672672	1.0	1.0	1.0	1.0	188.0	moderate_crucivirus_like	False	False	1.0	0.8965933	1.0	1.0	1.0	1.0	243.0	strong_crucivirus_like	False	False	1.0	-0.04899150000000008	0.90420035	False	False
Cruci_CruV_392	crucivirus	1	Green	Green	0.85629445	1.0	1.0	1.0	1.0	579.0	strong_crucivirus_like	False	False	1.0	0.83860016	1.0	1.0	1.0	1.0	157.0	strong_crucivirus_like	False	False	1.0	0.38106135	0.0	0.0	0.0	0.0	189.0	moderate_rna_like	False	True	1.0	0.8968543	1.0	1.0	1.0	1.0	233.0	strong_crucivirus_like	False	False	1.0	0.01769429	0.847447305	False	False
Cruci_chiv_Lake_Pavin_contig403	crucivirus	1	Green	Green	0.7671709	1.0	1.0	1.0	1.0	600.0	moderate_crucivirus_like	False	False	1.0	0.87632847	1.0	1.0	1.0	1.0	155.0	strong_crucivirus_like	False	False	1.0	0.50696445	1.0	0.0	1.0	0.0	190.0	ambiguous	False	False	1.0	0.87008774	1.0	1.0	1.0	1.0	255.0	strong_crucivirus_like	False	False	1.0	-0.10915757000000004	0.821749685	False	False
Cruci_CruV_375	crucivirus	1	Green	Green	0.20894186	0.0	0.0	0.0	0.0	475.0	moderate_rna_like	False	True	1.0	0.14971225	0.0	0.0	0.0	0.0	104.0	strong_rna_like	True	True	1.0	0.8287611	1.0	1.0	1.0	1.0	188.0	strong_crucivirus_like	False	False	1.0	0.7270755	1.0	1.0	1.0	1.0	183.0	moderate_crucivirus_like	False	False	1.0	0.059229610000000016	0.179327055	False	True
Cruci_CruV-942	crucivirus	1	Green	Green	0.9880078	1.0	1.0	1.0	1.0	550.0	strong_crucivirus_like	False	False	1.0	0.9883591	1.0	1.0	1.0	1.0	129.0	strong_crucivirus_like	False	False	1.0	0.6076864	1.0	1.0	1.0	1.0	187.0	moderate_crucivirus_like	False	False	1.0	0.8990793	1.0	1.0	1.0	1.0	234.0	strong_crucivirus_like	False	False	1.0	-0.00035130000000005435	0.98818345	False	False
Cruci_CruV-956	crucivirus	1	Green	Green	0.9896225	1.0	1.0	1.0	1.0	550.0	strong_crucivirus_like	False	False	1.0	0.98736084	1.0	1.0	1.0	1.0	130.0	strong_crucivirus_like	False	False	1.0	0.5501699	1.0	1.0	1.0	1.0	187.0	ambiguous	False	False	1.0	0.8966354	1.0	1.0	1.0	1.0	233.0	strong_crucivirus_like	False	False	1.0	0.002261659999999943	0.9884916699999999	False	False
Cruci_CruV-879	crucivirus	1	Green	Green	0.485655	0.0	0.0	0.0	0.0	526.0	ambiguous	False	False	1.0	0.6393386	1.0	1.0	1.0	1.0	150.0	moderate_crucivirus_like	False	False	1.0	0.5568458	1.0	1.0	1.0	1.0	192.0	ambiguous	False	False	1.0	0.5454407	1.0	1.0	1.0	1.0	184.0	ambiguous	False	False	1.0	-0.15368359999999998	0.5624968	False	False
Cruci_CruV-794	crucivirus	1	Green	Green	0.9098724	1.0	1.0	1.0	1.0	654.0	strong_crucivirus_like	False	False	1.0	0.8850558	1.0	1.0	1.0	1.0	232.0	strong_crucivirus_like	False	False	1.0	0.5913724	1.0	1.0	1.0	1.0	189.0	ambiguous	False	False	1.0	0.8707055	1.0	1.0	1.0	1.0	233.0	strong_crucivirus_like	False	False	1.0	0.024816600000000077	0.8974641	False	False
Cruci_CruV-921	crucivirus	1	Green	Green	0.8998017	1.0	1.0	1.0	1.0	600.0	strong_crucivirus_like	False	False	1.0	0.74200976	1.0	1.0	1.0	1.0	91.0	moderate_crucivirus_like	False	False	1.0	0.5237987	1.0	0.0	1.0	0.0	200.0	ambiguous	False	False	1.0	0.7697274	1.0	1.0	1.0	1.0	309.0	moderate_crucivirus_like	False	False	1.0	0.15779194000000007	0.82090573	False	False
Cruci_chiv_Eukaryote_metagenome_T142_contig705	crucivirus	1	Green	Green	0.84844655	1.0	1.0	1.0	1.0	576.0	strong_crucivirus_like	False	False	1.0	0.884519	1.0	1.0	1.0	1.0	198.0	strong_crucivirus_like	False	False	1.0	0.6603535	1.0	1.0	1.0	1.0	188.0	moderate_crucivirus_like	False	False	1.0	0.85008574	1.0	1.0	1.0	1.0	190.0	strong_crucivirus_like	False	False	1.0	-0.036072450000000034	0.866482775	False	False
Cruci_chiv_Eukaryote_metagenome_T149_contig609	crucivirus	1	Green	Green	0.8384974	1.0	1.0	1.0	1.0	576.0	strong_crucivirus_like	False	False	1.0	0.86475706	1.0	1.0	1.0	1.0	198.0	strong_crucivirus_like	False	False	1.0	0.6603535	1.0	1.0	1.0	1.0	188.0	moderate_crucivirus_like	False	False	1.0	0.84672356	1.0	1.0	1.0	1.0	190.0	strong_crucivirus_like	False	False	1.0	-0.026259660000000018	0.85162723	False	False
Cruci_CruV-852	crucivirus	1	Green	Green	0.457548	0.0	0.0	0.0	0.0	454.0	ambiguous	False	False	1.0	0.055755407	0.0	0.0	0.0	0.0	61.0	strong_rna_like	True	True	1.0	0.36190104	0.0	0.0	0.0	0.0	190.0	moderate_rna_like	False	True	1.0	0.44722185	0.0	0.0	0.0	0.0	203.0	ambiguous	False	False	1.0	0.40179259300000003	0.2566517035	False	False
Cruci_CruV-909	crucivirus	1	Green	Green	0.8714192	1.0	1.0	1.0	1.0	566.0	strong_crucivirus_like	False	False	1.0	0.88836294	1.0	1.0	1.0	1.0	147.0	strong_crucivirus_like	False	False	1.0	0.5772776	1.0	1.0	1.0	1.0	188.0	ambiguous	False	False	1.0	0.93731713	1.0	1.0	1.0	1.0	231.0	strong_crucivirus_like	False	False	1.0	-0.016943740000000096	0.87989107	False	False
Cruci_chiv_Astrammina_rara_contig97_330847425	crucivirus	1	Green	Green	0.7394436	1.0	1.0	1.0	1.0	464.0	moderate_crucivirus_like	False	False	1.0	0.7805177	1.0	1.0	1.0	1.0	107.0	moderate_crucivirus_like	False	False	1.0	0.5896502	1.0	1.0	1.0	1.0	192.0	ambiguous	False	False	1.0	0.68653244	1.0	1.0	1.0	1.0	165.0	moderate_crucivirus_like	False	False	1.0	-0.0410741	0.7599806499999999	False	False
Cruci_CruV-855	crucivirus	1	Green	Green	0.89218223	1.0	1.0	1.0	1.0	578.0	strong_crucivirus_like	False	False	1.0	0.90822166	1.0	1.0	1.0	1.0	142.0	strong_crucivirus_like	False	False	1.0	0.38955525	0.0	0.0	0.0	0.0	194.0	moderate_rna_like	False	True	1.0	0.64868253	1.0	1.0	1.0	1.0	242.0	moderate_crucivirus_like	False	False	1.0	-0.016039430000000077	0.9002019450000001	False	False
Cruci_CruV-781	crucivirus	1	Green	Green	0.7794068	1.0	1.0	1.0	1.0	617.0	moderate_crucivirus_like	False	False	1.0	0.9355477	1.0	1.0	1.0	1.0	276.0	strong_crucivirus_like	False	False	1.0	0.300707	0.0	0.0	0.0	0.0	184.0	moderate_rna_like	False	True	1.0	0.5803758	1.0	1.0	1.0	1.0	157.0	ambiguous	False	False	1.0	-0.15614090000000003	0.85747725	False	False
Cruci_CruV_414	crucivirus	1	Green	Green	0.8240007	1.0	1.0	1.0	1.0	531.0	strong_crucivirus_like	False	False	1.0	0.94887733	1.0	1.0	1.0	1.0	153.0	strong_crucivirus_like	False	False	1.0	0.6277716	1.0	1.0	1.0	1.0	183.0	moderate_crucivirus_like	False	False	1.0	0.5953777	1.0	1.0	1.0	1.0	195.0	ambiguous	False	False	1.0	-0.12487662999999993	0.886439015	False	False
Cruci_CruV-853	crucivirus	1	Green	Green	0.83282596	1.0	1.0	1.0	1.0	365.0	strong_crucivirus_like	False	False	1.0	0.78865504	1.0	1.0	1.0	1.0	162.0	moderate_crucivirus_like	False	False	1.0	0.71280193	1.0	1.0	1.0	1.0	197.0	moderate_crucivirus_like	False	False	1.0	0.23974526	0.0	0.0	0.0	0.0	6.0	moderate_rna_like	False	True	1.0	0.04417092	0.8107405	False	False
Cruci_CruV-808	crucivirus	1	Green	Green	0.7001133	1.0	1.0	1.0	1.0	660.0	moderate_crucivirus_like	False	False	1.0	0.6216146	1.0	1.0	1.0	1.0	264.0	moderate_crucivirus_like	False	False	1.0	0.32403535	0.0	0.0	0.0	0.0	192.0	moderate_rna_like	False	True	1.0	0.5289615	1.0	1.0	1.0	1.0	204.0	ambiguous	False	False	1.0	0.07849870000000003	0.66086395	False	False
Cruci_CruV-858	crucivirus	1	Green	Green	0.7284334	1.0	1.0	1.0	1.0	557.0	moderate_crucivirus_like	False	False	1.0	0.86658376	1.0	1.0	1.0	1.0	178.0	strong_crucivirus_like	False	False	1.0	0.80715495	1.0	1.0	1.0	1.0	193.0	strong_crucivirus_like	False	False	1.0	0.7072547	1.0	1.0	1.0	1.0	186.0	moderate_crucivirus_like	False	False	1.0	-0.13815036000000003	0.79750858	False	False
Cruci_CruV-961	crucivirus	1	Green	Green	0.9862069	1.0	1.0	1.0	1.0	729.0	strong_crucivirus_like	False	False	1.0	0.9869698	1.0	1.0	1.0	1.0	201.0	strong_crucivirus_like	False	False	1.0	0.7143945	1.0	1.0	1.0	1.0	193.0	moderate_crucivirus_like	False	False	1.0	0.70686626	1.0	1.0	1.0	1.0	335.0	moderate_crucivirus_like	False	False	1.0	-0.0007629000000000108	0.98658835	False	False
Cruci_CruV_512	crucivirus	1	Green	Green	0.500284	1.0	1.0	1.0	1.0	492.0	ambiguous	False	False	1.0	0.79334474	1.0	1.0	1.0	1.0	94.0	moderate_crucivirus_like	False	False	1.0	0.40664	0.0	0.0	0.0	0.0	233.0	ambiguous	False	False	1.0	0.751606	1.0	1.0	1.0	1.0	165.0	moderate_crucivirus_like	False	False	1.0	-0.29306074000000004	0.64681437	False	False
Cruci_CruV_462	crucivirus	1	Green	Green	0.7599441	1.0	1.0	1.0	1.0	719.0	moderate_crucivirus_like	False	False	1.0	0.905478	1.0	1.0	1.0	1.0	247.0	strong_crucivirus_like	False	False	1.0	0.72616935	1.0	1.0	1.0	1.0	184.0	moderate_crucivirus_like	False	False	1.0	0.50516444	1.0	1.0	1.0	1.0	288.0	ambiguous	False	False	1.0	-0.1455339	0.83271105	False	False
Cruci_CruV_508	crucivirus	1	Green	Green	0.667819	1.0	1.0	1.0	1.0	590.0	moderate_crucivirus_like	False	False	1.0	0.834743	1.0	1.0	1.0	1.0	135.0	strong_crucivirus_like	False	False	1.0	0.68040144	1.0	1.0	1.0	1.0	192.0	moderate_crucivirus_like	False	False	1.0	0.41602233	0.0	0.0	0.0	0.0	263.0	ambiguous	False	False	1.0	-0.16692399999999996	0.7512810000000001	False	False
Cruci_CruV-962	crucivirus	1	Green	Green	0.57208717	1.0	1.0	1.0	1.0	624.0	ambiguous	False	False	1.0	0.5399052	1.0	1.0	1.0	1.0	207.0	ambiguous	False	False	1.0	0.167644	0.0	0.0	0.0	0.0	200.0	strong_rna_like	True	True	1.0	0.8116128	1.0	1.0	1.0	1.0	217.0	strong_crucivirus_like	False	False	1.0	0.032181970000000004	0.5559961849999999	False	False
Ribo_ND_132240	rna_virus	0	Green	Green	0.3183066	0.0	0.0	1.0	1.0	446.0	moderate_rna_like	False	False	1.0	0.14006983	0.0	0.0	1.0	1.0	50.0	strong_rna_like	False	False	1.0	0.08349524	0.0	0.0	1.0	1.0	177.0	strong_rna_like	False	False	1.0	0.4880713	0.0	0.0	1.0	1.0	219.0	ambiguous	False	False	1.0	0.17823677	0.229188215	False	False
Cruci_CruV-970_2	crucivirus	1	Green	Green																					0.1499191	0.0	0.0	0.0	0.0	189.0	strong_rna_like	True	True	1.0	0.6772413	1.0	1.0	1.0	1.0	191.0	moderate_crucivirus_like	False	False	1.0			False	False
Cruci_CruV_470	crucivirus	1	Green	Green	0.86374444	1.0	1.0	1.0	1.0	587.0	strong_crucivirus_like	False	False	1.0	0.85833454	1.0	1.0	1.0	1.0	236.0	strong_crucivirus_like	False	False	1.0	0.30076855	0.0	0.0	0.0	0.0	196.0	moderate_rna_like	False	True	1.0	0.21142781	0.0	0.0	0.0	0.0	155.0	moderate_rna_like	False	True	1.0	0.0054098999999999675	0.86103949	False	False
Ribo_ND_227326	rna_virus	0	Green	Green	0.6998847	1.0	1.0	0.0	0.0	464.0	moderate_crucivirus_like	False	True	1.0	0.6756818	1.0	1.0	0.0	0.0	134.0	moderate_crucivirus_like	False	True	1.0	0.19272341	0.0	0.0	1.0	1.0	175.0	strong_rna_like	False	False	1.0	0.15651232	0.0	0.0	1.0	1.0	155.0	strong_rna_like	False	False	1.0	0.024202900000000027	0.6877832500000001	False	True
Ribo_ND_105225	rna_virus	0	Green	Green	0.56925654	1.0	1.0	0.0	0.0	496.0	ambiguous	False	False	1.0	0.28385964	0.0	0.0	1.0	1.0	197.0	moderate_rna_like	False	False	1.0	0.15297237	0.0	0.0	1.0	1.0	175.0	strong_rna_like	False	False	1.0	0.048666857	0.0	0.0	1.0	1.0	124.0	strong_rna_like	False	False	1.0	0.2853969	0.42655809	False	False
Ribo_ND_156763	rna_virus	0	Green	Green	0.52291214	1.0	1.0	0.0	0.0	512.0	ambiguous	False	False	1.0	0.40824336	0.0	0.0	1.0	1.0	218.0	ambiguous	False	False	1.0	0.092204615	0.0	0.0	1.0	1.0	174.0	strong_rna_like	False	False	1.0	0.09207971	0.0	0.0	1.0	1.0	120.0	strong_rna_like	False	False	1.0	0.11466877999999997	0.46557775	False	False
Ribo_ND_380970	rna_virus	0	Green	Green	0.6992754	1.0	1.0	0.0	0.0	477.0	moderate_crucivirus_like	False	True	1.0	0.3227502	0.0	0.0	1.0	1.0	179.0	moderate_rna_like	False	False	1.0	0.0961945	0.0	0.0	1.0	1.0	168.0	strong_rna_like	False	False	1.0	0.41546655	0.0	0.0	1.0	1.0	130.0	ambiguous	False	False	1.0	0.3765252	0.5110128	False	False
Ribo_ND_102430	rna_virus	0	Green	Green	0.61132175	1.0	1.0	0.0	0.0	471.0	moderate_crucivirus_like	False	True	1.0	0.3624726	0.0	0.0	1.0	1.0	173.0	moderate_rna_like	False	False	1.0	0.15568155	0.0	0.0	1.0	1.0	168.0	strong_rna_like	False	False	1.0	0.31106436	0.0	0.0	1.0	1.0	130.0	moderate_rna_like	False	False	1.0	0.24884915000000002	0.48689717499999996	False	False
Ribo_ND_057449	rna_virus	0	Green	Green	0.07393152	0.0	0.0	1.0	1.0	510.0	strong_rna_like	False	False	1.0	0.0761151	0.0	0.0	1.0	1.0	212.0	strong_rna_like	False	False	1.0	0.107512645	0.0	0.0	1.0	1.0	168.0	strong_rna_like	False	False	1.0	0.38654146	0.0	0.0	1.0	1.0	130.0	moderate_rna_like	False	False	1.0	-0.0021835800000000044	0.07502331000000001	False	False
Ribo_ND_288214	rna_virus	0	Green	Green	0.62965536	1.0	1.0	0.0	0.0	491.0	moderate_crucivirus_like	False	True	1.0	0.29786342	0.0	0.0	1.0	1.0	191.0	moderate_rna_like	False	False	1.0	0.17089568	0.0	0.0	1.0	1.0	169.0	strong_rna_like	False	False	1.0	0.21494168	0.0	0.0	1.0	1.0	131.0	moderate_rna_like	False	False	1.0	0.33179194	0.46375939	False	False
Ribo_ND_101784	rna_virus	0	Green	Green	0.6681357	1.0	1.0	0.0	0.0	481.0	moderate_crucivirus_like	False	True	1.0	0.36637175	0.0	0.0	1.0	1.0	180.0	moderate_rna_like	False	False	1.0	0.116111346	0.0	0.0	1.0	1.0	169.0	strong_rna_like	False	False	1.0	0.45750895	0.0	0.0	1.0	1.0	132.0	ambiguous	False	False	1.0	0.30176395	0.517253725	False	False
Ribo_ND_101584	rna_virus	0	Green	Green	0.67016125	1.0	1.0	0.0	0.0	485.0	moderate_crucivirus_like	False	True	1.0	0.2884452	0.0	0.0	1.0	1.0	184.0	moderate_rna_like	False	False	1.0	0.12343998	0.0	0.0	1.0	1.0	169.0	strong_rna_like	False	False	1.0	0.54019654	1.0	1.0	0.0	0.0	132.0	ambiguous	False	False	1.0	0.38171605000000003	0.479303225	False	False
Ribo_ND_370444	rna_virus	0	Green	Green	0.7588531	1.0	1.0	0.0	0.0	478.0	moderate_crucivirus_like	False	True	1.0	0.34707886	0.0	0.0	1.0	1.0	177.0	moderate_rna_like	False	False	1.0	0.1249092	0.0	0.0	1.0	1.0	170.0	strong_rna_like	False	False	1.0	0.30455762	0.0	0.0	1.0	1.0	131.0	moderate_rna_like	False	False	1.0	0.41177423999999996	0.55296598	False	False
Ribo_ND_390654	rna_virus	0	Green	Green	0.58941627	1.0	1.0	0.0	0.0	455.0	ambiguous	False	False	1.0	0.3559279	0.0	0.0	1.0	1.0	158.0	moderate_rna_like	False	False	1.0	0.04040872	0.0	0.0	1.0	1.0	168.0	strong_rna_like	False	False	1.0	0.6449959	1.0	1.0	0.0	0.0	129.0	moderate_crucivirus_like	False	True	1.0	0.23348836999999995	0.472672085	False	False
Ribo_ND_066692	rna_virus	0	Green	Green	0.72209996	1.0	1.0	0.0	0.0	452.0	moderate_crucivirus_like	False	True	1.0	0.55070716	1.0	1.0	0.0	0.0	153.0	ambiguous	False	False	1.0	0.08682683	0.0	0.0	1.0	1.0	168.0	strong_rna_like	False	False	1.0	0.4295075	0.0	0.0	1.0	1.0	131.0	ambiguous	False	False	1.0	0.1713928	0.63640356	False	False
Ribo_ND_379850	rna_virus	0	Green	Green	0.69834346	1.0	1.0	0.0	0.0	467.0	moderate_crucivirus_like	False	True	1.0	0.6724733	1.0	1.0	0.0	0.0	166.0	moderate_crucivirus_like	False	True	1.0	0.17265487	0.0	0.0	1.0	1.0	169.0	strong_rna_like	False	False	1.0	0.3412494	0.0	0.0	1.0	1.0	132.0	moderate_rna_like	False	False	1.0	0.025870159999999975	0.68540838	False	True
Ribo_ND_385935	rna_virus	0	Green	Green	0.65362394	1.0	1.0	0.0	0.0	457.0	moderate_crucivirus_like	False	True	1.0	0.39097297	0.0	0.0	1.0	1.0	159.0	moderate_rna_like	False	False	1.0	0.037845172	0.0	0.0	1.0	1.0	170.0	strong_rna_like	False	False	1.0	0.37837005	0.0	0.0	1.0	1.0	128.0	moderate_rna_like	False	False	1.0	0.26265097000000004	0.522298455	False	False
Ribo_ND_391025	rna_virus	0	Green	Green	0.39170754	0.0	0.0	1.0	1.0	455.0	moderate_rna_like	False	False	1.0	0.40290487	0.0	0.0	1.0	1.0	152.0	ambiguous	False	False	1.0	0.23601353	0.0	0.0	1.0	1.0	170.0	moderate_rna_like	False	False	1.0	0.40987754	0.0	0.0	1.0	1.0	133.0	ambiguous	False	False	1.0	-0.011197330000000005	0.397306205	False	False
Ribo_ND_049856	rna_virus	0	Green	Green	0.68605125	1.0	1.0	0.0	0.0	453.0	moderate_crucivirus_like	False	True	1.0	0.7430077	1.0	1.0	0.0	0.0	146.0	moderate_crucivirus_like	False	True	1.0	0.23329876	0.0	0.0	1.0	1.0	168.0	moderate_rna_like	False	False	1.0	0.15587223	0.0	0.0	1.0	1.0	139.0	strong_rna_like	False	False	1.0	-0.05695645000000005	0.714529475	False	True
Ribo_ND_025792	rna_virus	0	Green	Green	0.4341873	0.0	0.0	1.0	1.0	486.0	ambiguous	False	False	1.0	0.45315403	0.0	0.0	1.0	1.0	177.0	ambiguous	False	False	1.0	0.08858317	0.0	0.0	1.0	1.0	168.0	strong_rna_like	False	False	1.0	0.14512548	0.0	0.0	1.0	1.0	141.0	strong_rna_like	False	False	1.0	-0.018966729999999987	0.44367066499999996	False	False
Ribo_ND_030388	rna_virus	0	Green	Green	0.43870234	0.0	0.0	1.0	1.0	476.0	ambiguous	False	False	1.0	0.58029103	1.0	1.0	0.0	0.0	166.0	ambiguous	False	False	1.0	0.069784045	0.0	0.0	1.0	1.0	168.0	strong_rna_like	False	False	1.0	0.11040433	0.0	0.0	1.0	1.0	142.0	strong_rna_like	False	False	1.0	-0.14158869000000002	0.509496685	False	False
Ribo_ND_169363	rna_virus	0	Green	Green	0.7360355	1.0	1.0	0.0	0.0	467.0	moderate_crucivirus_like	False	True	1.0	0.35278293	0.0	0.0	1.0	1.0	152.0	moderate_rna_like	False	False	1.0	0.25523153	0.0	0.0	1.0	1.0	172.0	moderate_rna_like	False	False	1.0	0.08783963	0.0	0.0	1.0	1.0	143.0	strong_rna_like	False	False	1.0	0.38325256999999996	0.544409215	False	False
Ribo_ND_107013	rna_virus	0	Green	Green	0.4101571	0.0	0.0	1.0	1.0	505.0	ambiguous	False	False	1.0	0.23585416	0.0	0.0	1.0	1.0	197.0	moderate_rna_like	False	False	1.0	0.050606176	0.0	0.0	1.0	1.0	168.0	strong_rna_like	False	False	1.0	0.13976502	0.0	0.0	1.0	1.0	140.0	strong_rna_like	False	False	1.0	0.17430294	0.32300563	False	False
Ribo_ND_106556	rna_virus	0	Green	Green	0.3939856	0.0	0.0	1.0	1.0	470.0	moderate_rna_like	False	False	1.0	0.11534547	0.0	0.0	1.0	1.0	161.0	strong_rna_like	False	False	1.0	0.350231	0.0	0.0	1.0	1.0	167.0	moderate_rna_like	False	False	1.0	0.2007684	0.0	0.0	1.0	1.0	142.0	moderate_rna_like	False	False	1.0	0.27864013	0.254665535	False	False
Ribo_ND_108055	rna_virus	0	Green	Green	0.31166255	0.0	0.0	1.0	1.0	471.0	moderate_rna_like	False	False	1.0	0.16077764	0.0	0.0	1.0	1.0	161.0	strong_rna_like	False	False	1.0	0.15658799	0.0	0.0	1.0	1.0	168.0	strong_rna_like	False	False	1.0	0.20216697	0.0	0.0	1.0	1.0	142.0	moderate_rna_like	False	False	1.0	0.15088490999999998	0.236220095	False	False
Ribo_ND_294842	rna_virus	0	Green	Green	0.5997181	1.0	1.0	0.0	0.0	441.0	ambiguous	False	False	1.0	0.383009	0.0	0.0	1.0	1.0	141.0	moderate_rna_like	False	False	1.0	0.036743272	0.0	0.0	1.0	1.0	168.0	strong_rna_like	False	False	1.0	0.15618761	0.0	0.0	1.0	1.0	132.0	strong_rna_like	False	False	1.0	0.21670910000000004	0.49136355	False	False
Ribo_ND_295394	rna_virus	0	Green	Green	0.2872628	0.0	0.0	1.0	1.0	357.0	moderate_rna_like	False	False	1.0	0.06596161	0.0	0.0	1.0	1.0	56.0	strong_rna_like	False	False	1.0	0.07862725	0.0	0.0	1.0	1.0	168.0	strong_rna_like	False	False	1.0	0.06797172	0.0	0.0	1.0	1.0	133.0	strong_rna_like	False	False	1.0	0.22130118999999998	0.176612205	False	False
Ribo_ND_294841	rna_virus	0	Green	Green	0.39370117	0.0	0.0	1.0	1.0	356.0	moderate_rna_like	False	False	1.0	0.03957725	0.0	0.0	1.0	1.0	56.0	strong_rna_like	False	False	1.0	0.07749712	0.0	0.0	1.0	1.0	168.0	strong_rna_like	False	False	1.0	0.21012805	0.0	0.0	1.0	1.0	132.0	moderate_rna_like	False	False	1.0	0.35412392	0.21663921	False	False
Ribo_ND_288285	rna_virus	0	Green	Green	0.35169607	0.0	0.0	1.0	1.0	436.0	moderate_rna_like	False	False	1.0	0.2608067	0.0	0.0	1.0	1.0	136.0	moderate_rna_like	False	False	1.0	0.051009215	0.0	0.0	1.0	1.0	168.0	strong_rna_like	False	False	1.0	0.09003713	0.0	0.0	1.0	1.0	132.0	strong_rna_like	False	False	1.0	0.09088937000000002	0.30625138500000004	False	False
Ribo_ND_083099	rna_virus	0	Green	Green	0.15723747	0.0	0.0	1.0	1.0	352.0	strong_rna_like	False	False	1.0	0.03481493	0.0	0.0	1.0	1.0	52.0	strong_rna_like	False	False	1.0	0.09132934	0.0	0.0	1.0	1.0	168.0	strong_rna_like	False	False	1.0	0.13398115	0.0	0.0	1.0	1.0	132.0	strong_rna_like	False	False	1.0	0.12242254	0.09602619999999999	False	False
Ribo_ND_019145	rna_virus	0	Green	Green	0.3154302	0.0	0.0	1.0	1.0	437.0	moderate_rna_like	False	False	1.0	0.060846534	0.0	0.0	1.0	1.0	136.0	strong_rna_like	False	False	1.0	0.044157986	0.0	0.0	1.0	1.0	168.0	strong_rna_like	False	False	1.0	0.1496686	0.0	0.0	1.0	1.0	133.0	strong_rna_like	False	False	1.0	0.254583666	0.188138367	False	False
Ribo_ND_054423	rna_virus	0	Green	Green	0.708361	1.0	1.0	0.0	0.0	435.0	moderate_crucivirus_like	False	True	1.0	0.81102836	1.0	1.0	0.0	0.0	135.0	strong_crucivirus_like	True	True	1.0	0.112506226	0.0	0.0	1.0	1.0	169.0	strong_rna_like	False	False	1.0	0.15985899	0.0	0.0	1.0	1.0	131.0	strong_rna_like	False	False	1.0	-0.10266735999999999	0.75969468	False	True
Ribo_ND_090706	rna_virus	0	Green	Green	0.16610786	0.0	0.0	1.0	1.0	452.0	strong_rna_like	False	False	1.0	0.35013267	0.0	0.0	1.0	1.0	144.0	moderate_rna_like	False	False	1.0	0.09194351	0.0	0.0	1.0	1.0	169.0	strong_rna_like	False	False	1.0	0.26272342	0.0	0.0	1.0	1.0	139.0	moderate_rna_like	False	False	1.0	-0.18402480999999998	0.25812026499999996	False	False
Ribo_ND_333280	rna_virus	0	Green	Green	0.4222753	0.0	0.0	1.0	1.0	427.0	ambiguous	False	False	1.0	0.3990426	0.0	0.0	1.0	1.0	128.0	moderate_rna_like	False	False	1.0	0.1493352	0.0	0.0	1.0	1.0	169.0	strong_rna_like	False	False	1.0	0.41840154	0.0	0.0	1.0	1.0	130.0	ambiguous	False	False	1.0	0.023232699999999995	0.41065895	False	False
Ribo_ND_108364	rna_virus	0	Green	Green	0.45018303	0.0	0.0	1.0	1.0	426.0	ambiguous	False	False	1.0	0.35225382	0.0	0.0	1.0	1.0	128.0	moderate_rna_like	False	False	1.0	0.104655065	0.0	0.0	1.0	1.0	169.0	strong_rna_like	False	False	1.0	0.09658257	0.0	0.0	1.0	1.0	129.0	strong_rna_like	False	False	1.0	0.09792920999999999	0.401218425	False	False
Ribo_ND_290258	rna_virus	0	Green	Green	0.42440215	0.0	0.0	1.0	1.0	426.0	ambiguous	False	False	1.0	0.36679605	0.0	0.0	1.0	1.0	127.0	moderate_rna_like	False	False	1.0	0.1824698	0.0	0.0	1.0	1.0	169.0	strong_rna_like	False	False	1.0	0.08046902	0.0	0.0	1.0	1.0	130.0	strong_rna_like	False	False	1.0	0.05760609999999999	0.3955991	False	False
Ribo_ND_018983	rna_virus	0	Green	Green	0.14466201	0.0	0.0	1.0	1.0	358.0	strong_rna_like	False	False	1.0	0.019775983	0.0	0.0	1.0	1.0	62.0	strong_rna_like	False	False	1.0	0.48462754	0.0	0.0	1.0	1.0	169.0	ambiguous	False	False	1.0	0.13462953	0.0	0.0	1.0	1.0	127.0	strong_rna_like	False	False	1.0	0.12488602700000001	0.0822189965	False	False
Ribo_NC_032884	rna_virus	0	Green	Green	0.21814023	0.0	0.0	1.0	1.0	342.0	moderate_rna_like	False	False	1.0	0.017437125	0.0	0.0	1.0	1.0	46.0	strong_rna_like	False	False	1.0	0.48462754	0.0	0.0	1.0	1.0	169.0	ambiguous	False	False	1.0	0.13462953	0.0	0.0	1.0	1.0	127.0	strong_rna_like	False	False	1.0	0.200703105	0.1177886775	False	False
Ribo_ND_109227	rna_virus	0	Green	Green	0.24777213	0.0	0.0	1.0	1.0	448.0	moderate_rna_like	False	False	1.0	0.07756568	0.0	0.0	1.0	1.0	149.0	strong_rna_like	False	False	1.0	0.25053823	0.0	0.0	1.0	1.0	169.0	moderate_rna_like	False	False	1.0	0.13626663	0.0	0.0	1.0	1.0	130.0	strong_rna_like	False	False	1.0	0.17020645	0.162668905	False	False
Ribo_ND_385286	rna_virus	0	Green	Green	0.61526436	1.0	1.0	0.0	0.0	443.0	moderate_crucivirus_like	False	True	1.0	0.2221245	0.0	0.0	1.0	1.0	144.0	moderate_rna_like	False	False	1.0	0.12477907	0.0	0.0	1.0	1.0	169.0	strong_rna_like	False	False	1.0	0.08944556	0.0	0.0	1.0	1.0	130.0	strong_rna_like	False	False	1.0	0.39313985999999995	0.41869442999999995	False	False
Ribo_ND_166745	rna_virus	0	Green	Green	0.7221024	1.0	1.0	0.0	0.0	436.0	moderate_crucivirus_like	False	True	1.0	0.5530869	1.0	1.0	0.0	0.0	137.0	ambiguous	False	False	1.0	0.12398165	0.0	0.0	1.0	1.0	169.0	strong_rna_like	False	False	1.0	0.2313627	0.0	0.0	1.0	1.0	130.0	moderate_rna_like	False	False	1.0	0.16901549999999999	0.63759465	False	False
Ribo_ND_093545	rna_virus	0	Green	Green	0.60698634	1.0	1.0	0.0	0.0	469.0	moderate_crucivirus_like	False	True	1.0	0.19851784	0.0	0.0	1.0	1.0	173.0	strong_rna_like	False	False	1.0	0.19293939	0.0	0.0	1.0	1.0	167.0	strong_rna_like	False	False	1.0	0.0910362	0.0	0.0	1.0	1.0	129.0	strong_rna_like	False	False	1.0	0.40846849999999996	0.40275209	False	False
Ribo_ND_094061	rna_virus	0	Green	Green	0.51230234	1.0	1.0	0.0	0.0	444.0	ambiguous	False	False	1.0	0.36549422	0.0	0.0	1.0	1.0	148.0	moderate_rna_like	False	False	1.0	0.19310568	0.0	0.0	1.0	1.0	167.0	strong_rna_like	False	False	1.0	0.40770406	0.0	0.0	1.0	1.0	129.0	ambiguous	False	False	1.0	0.14680812	0.43889828	False	False
Ribo_ND_091409	rna_virus	0	Green	Green	0.16989976	0.0	0.0	1.0	1.0	520.0	strong_rna_like	False	False	1.0	0.13781276	0.0	0.0	1.0	1.0	222.0	strong_rna_like	False	False	1.0	0.057816718	0.0	0.0	1.0	1.0	167.0	strong_rna_like	False	False	1.0	0.080283955	0.0	0.0	1.0	1.0	131.0	strong_rna_like	False	False	1.0	0.032087000000000004	0.15385626000000002	False	False
Ribo_ND_166650	rna_virus	0	Green	Green	0.37725398	0.0	0.0	1.0	1.0	441.0	moderate_rna_like	False	False	1.0	0.4269058	0.0	0.0	1.0	1.0	146.0	ambiguous	False	False	1.0	0.22699599	0.0	0.0	1.0	1.0	169.0	moderate_rna_like	False	False	1.0	0.18178523	0.0	0.0	1.0	1.0	126.0	strong_rna_like	False	False	1.0	-0.04965182000000001	0.40207989	False	False
Ribo_ND_100038	rna_virus	0	Green	Green	0.69904125	1.0	1.0	0.0	0.0	430.0	moderate_crucivirus_like	False	True	1.0	0.7684744	1.0	1.0	0.0	0.0	132.0	moderate_crucivirus_like	False	True	1.0	0.20060968	0.0	0.0	1.0	1.0	168.0	moderate_rna_like	False	False	1.0	0.092739075	0.0	0.0	1.0	1.0	130.0	strong_rna_like	False	False	1.0	-0.06943315000000005	0.733757825	False	True
Ribo_ND_382127	rna_virus	0	Green	Green	0.34268323	0.0	0.0	1.0	1.0	474.0	moderate_rna_like	False	False	1.0	0.089525215	0.0	0.0	1.0	1.0	178.0	strong_rna_like	False	False	1.0	0.14606187	0.0	0.0	1.0	1.0	167.0	strong_rna_like	False	False	1.0	0.24123815	0.0	0.0	1.0	1.0	129.0	moderate_rna_like	False	False	1.0	0.253158015	0.2161042225	False	False
Ribo_ND_291700	rna_virus	0	Green	Green	0.5585383	1.0	1.0	0.0	0.0	449.0	ambiguous	False	False	1.0	0.29582992	0.0	0.0	1.0	1.0	149.0	moderate_rna_like	False	False	1.0	0.13357009	0.0	0.0	1.0	1.0	168.0	strong_rna_like	False	False	1.0	0.14488223	0.0	0.0	1.0	1.0	132.0	strong_rna_like	False	False	1.0	0.26270838	0.42718411	False	False
Ribo_ND_082876	rna_virus	0	Green	Green	0.47374898	0.0	0.0	1.0	1.0	451.0	ambiguous	False	False	1.0	0.23453352	0.0	0.0	1.0	1.0	152.0	moderate_rna_like	False	False	1.0	0.104557835	0.0	0.0	1.0	1.0	168.0	strong_rna_like	False	False	1.0	0.08533902	0.0	0.0	1.0	1.0	131.0	strong_rna_like	False	False	1.0	0.23921546	0.35414124999999996	False	False
Ribo_ND_025262	rna_virus	0	Green	Green	0.74234456	1.0	1.0	0.0	0.0	486.0	moderate_crucivirus_like	False	True	1.0	0.4022706	0.0	0.0	1.0	1.0	176.0	ambiguous	False	False	1.0	0.22687012	0.0	0.0	1.0	1.0	169.0	moderate_rna_like	False	False	1.0	0.23714377	0.0	0.0	1.0	1.0	141.0	moderate_rna_like	False	False	1.0	0.34007396000000006	0.57230758	False	False
Ribo_ND_382437	rna_virus	0	Green	Green	0.3759565	0.0	0.0	1.0	1.0	532.0	moderate_rna_like	False	False	1.0	0.21322009	0.0	0.0	1.0	1.0	233.0	moderate_rna_like	False	False	1.0	0.23236662	0.0	0.0	1.0	1.0	167.0	moderate_rna_like	False	False	1.0	0.5179219	1.0	1.0	0.0	0.0	132.0	ambiguous	False	False	1.0	0.16273641000000003	0.294588295	False	False
Ribo_ND_025544	rna_virus	0	Green	Green	0.64864993	1.0	1.0	0.0	0.0	514.0	moderate_crucivirus_like	False	True	1.0	0.37521836	0.0	0.0	1.0	1.0	218.0	moderate_rna_like	False	False	1.0	0.20117195	0.0	0.0	1.0	1.0	168.0	moderate_rna_like	False	False	1.0	0.33322775	0.0	0.0	1.0	1.0	128.0	moderate_rna_like	False	False	1.0	0.27343157000000007	0.511934145	False	False
Ribo_ND_030364	rna_virus	0	Green	Green	0.41438672	0.0	0.0	1.0	1.0	576.0	ambiguous	False	False	1.0	0.13079025	0.0	0.0	1.0	1.0	283.0	strong_rna_like	False	False	1.0	0.08936585	0.0	0.0	1.0	1.0	167.0	strong_rna_like	False	False	1.0	0.14880069	0.0	0.0	1.0	1.0	126.0	strong_rna_like	False	False	1.0	0.28359647	0.272588485	False	False
Ribo_ND_108358	rna_virus	0	Green	Green	0.664149	1.0	1.0	0.0	0.0	577.0	moderate_crucivirus_like	False	True	1.0	0.33253485	0.0	0.0	1.0	1.0	265.0	moderate_rna_like	False	False	1.0	0.22321448	0.0	0.0	1.0	1.0	179.0	moderate_rna_like	False	False	1.0	0.24072756	0.0	0.0	1.0	1.0	133.0	moderate_rna_like	False	False	1.0	0.33161415	0.49834192499999996	False	False
Ribo_ND_170511	rna_virus	0	Green	Green	0.10366494	0.0	0.0	1.0	1.0	411.0	strong_rna_like	False	False	1.0	0.1126914	0.0	0.0	1.0	1.0	97.0	strong_rna_like	False	False	1.0	0.16437502	0.0	0.0	1.0	1.0	176.0	strong_rna_like	False	False	1.0	0.24442719	0.0	0.0	1.0	1.0	138.0	moderate_rna_like	False	False	1.0	-0.00902646	0.10817816999999999	False	False
Ribo_ND_184639	rna_virus	0	Green	Green	0.33504346	0.0	0.0	1.0	1.0	443.0	moderate_rna_like	False	False	1.0	0.5516918	1.0	1.0	0.0	0.0	116.0	ambiguous	False	False	1.0	0.48431662	0.0	0.0	1.0	1.0	181.0	ambiguous	False	False	1.0	0.20734963	0.0	0.0	1.0	1.0	146.0	moderate_rna_like	False	False	1.0	-0.21664833999999994	0.44336763	False	False
Ribo_ND_092480	rna_virus	0	Green	Green	0.27593055	0.0	0.0	1.0	1.0	384.0	moderate_rna_like	False	False	1.0	0.024190918	0.0	0.0	1.0	1.0	59.0	strong_rna_like	False	False	1.0	0.19083834	0.0	0.0	1.0	1.0	172.0	strong_rna_like	False	False	1.0	0.6694995	1.0	1.0	0.0	0.0	153.0	moderate_crucivirus_like	False	True	1.0	0.251739632	0.150060734	False	False
Ribo_ND_363188	rna_virus	0	Green	Green	0.59562147	1.0	1.0	0.0	0.0	421.0	ambiguous	False	False	1.0	0.880195	1.0	1.0	0.0	0.0	114.0	strong_crucivirus_like	True	True	1.0	0.114483684	0.0	0.0	1.0	1.0	171.0	strong_rna_like	False	False	1.0	0.45779544	0.0	0.0	1.0	1.0	136.0	ambiguous	False	False	1.0	-0.28457352999999996	0.7379082349999999	False	False
Ribo_ND_327282	rna_virus	0	Green	Green	0.29596576	0.0	0.0	1.0	1.0	534.0	moderate_rna_like	False	False	1.0	0.25748158	0.0	0.0	1.0	1.0	105.0	moderate_rna_like	False	False	1.0	0.060656827	0.0	0.0	1.0	1.0	174.0	strong_rna_like	False	False	1.0	0.2883589	0.0	0.0	1.0	1.0	255.0	moderate_rna_like	False	False	1.0	0.038484180000000034	0.27672367	False	False
Cruci_CruV-955	crucivirus	1	Green	Green	0.9890497	1.0	1.0	1.0	1.0	454.0	strong_crucivirus_like	False	False	1.0	0.99234265	1.0	1.0	1.0	1.0	63.0	strong_crucivirus_like	False	False	1.0	0.37748882	0.0	0.0	0.0	0.0	218.0	moderate_rna_like	False	True	1.0	0.62898064	1.0	1.0	1.0	1.0	173.0	moderate_crucivirus_like	False	False	1.0	-0.003292949999999961	0.9906961750000001	False	False
Ribo_ND_056534	rna_virus	0	Green	Green	0.3139766	0.0	0.0	1.0	1.0	356.0	moderate_rna_like	False	False	1.0	0.041702487	0.0	0.0	1.0	1.0	40.0	strong_rna_like	False	False	1.0	0.111496076	0.0	0.0	1.0	1.0	172.0	strong_rna_like	False	False	1.0	0.48002753	0.0	0.0	1.0	1.0	144.0	ambiguous	False	False	1.0	0.272274113	0.1778395435	False	False
Ribo_ND_082062	rna_virus	0	Green	Green	0.2125356	0.0	0.0	1.0	1.0	357.0	moderate_rna_like	False	False	1.0	0.16934384	0.0	0.0	1.0	1.0	27.0	strong_rna_like	False	False	1.0	0.033220705	0.0	0.0	1.0	1.0	178.0	strong_rna_like	False	False	1.0	0.29657477	0.0	0.0	1.0	1.0	152.0	moderate_rna_like	False	False	1.0	0.043191759999999996	0.19093971999999998	False	False
Cruci_CruV-807	crucivirus	1	Green	Green	0.4394218	0.0	0.0	0.0	0.0	412.0	ambiguous	False	False	1.0	0.6197693	1.0	1.0	1.0	1.0	99.0	moderate_crucivirus_like	False	False	1.0	0.27486137	0.0	0.0	0.0	0.0	181.0	moderate_rna_like	False	True	1.0	0.15012524	0.0	0.0	0.0	0.0	132.0	strong_rna_like	True	True	1.0	-0.1803475	0.52959555	False	False
Ribo_ND_345044	rna_virus	0	Green	Green	0.08661681	0.0	0.0	1.0	1.0	360.0	strong_rna_like	False	False	1.0	0.2066701	0.0	0.0	1.0	1.0	66.0	moderate_rna_like	False	False	1.0	0.09029129	0.0	0.0	1.0	1.0	171.0	strong_rna_like	False	False	1.0	0.2835746	0.0	0.0	1.0	1.0	123.0	moderate_rna_like	False	False	1.0	-0.12005329	0.146643455	False	False
Ribo_ND_341362	rna_virus	0	Green	Green	0.14890644	0.0	0.0	1.0	1.0	381.0	strong_rna_like	False	False	1.0	0.14218767	0.0	0.0	1.0	1.0	71.0	strong_rna_like	False	False	1.0	0.22912915	0.0	0.0	1.0	1.0	179.0	moderate_rna_like	False	False	1.0	0.17493436	0.0	0.0	1.0	1.0	131.0	strong_rna_like	False	False	1.0	0.006718770000000013	0.14554705499999998	False	False
Ribo_ND_249837	rna_virus	0	Green	Green	0.5382096	1.0	1.0	0.0	0.0	374.0	ambiguous	False	False	1.0	0.22037797	0.0	0.0	1.0	1.0	62.0	moderate_rna_like	False	False	1.0	0.2082024	0.0	0.0	1.0	1.0	179.0	moderate_rna_like	False	False	1.0	0.19132699	0.0	0.0	1.0	1.0	133.0	strong_rna_like	False	False	1.0	0.3178316299999999	0.379293785	False	False
Ribo_ND_184068	rna_virus	0	Green	Green	0.45493567	0.0	0.0	1.0	1.0	366.0	ambiguous	False	False	1.0	0.1379411	0.0	0.0	1.0	1.0	58.0	strong_rna_like	False	False	1.0	0.332934	0.0	0.0	1.0	1.0	179.0	moderate_rna_like	False	False	1.0	0.1484772	0.0	0.0	1.0	1.0	129.0	strong_rna_like	False	False	1.0	0.31699457	0.296438385	False	False
Ribo_Ga0127507_1003872	rna_virus	0	Green	Green	0.41083395	0.0	0.0	1.0	1.0	378.0	ambiguous	False	False	1.0	0.061329335	0.0	0.0	1.0	1.0	64.0	strong_rna_like	False	False	1.0	0.49756065	0.0	0.0	1.0	1.0	179.0	ambiguous	False	False	1.0	0.08729897	0.0	0.0	1.0	1.0	135.0	strong_rna_like	False	False	1.0	0.349504615	0.2360816425	False	False
Ribo_ND_094822	rna_virus	0	Green	Green	0.36663356	0.0	0.0	1.0	1.0	415.0	moderate_rna_like	False	False	1.0	0.13921252	0.0	0.0	1.0	1.0	101.0	strong_rna_like	False	False	1.0	0.25792965	0.0	0.0	1.0	1.0	179.0	moderate_rna_like	False	False	1.0	0.38143286	0.0	0.0	1.0	1.0	135.0	moderate_rna_like	False	False	1.0	0.22742104000000002	0.25292304	False	False
Ribo_ND_097677	rna_virus	0	Green	Green	0.16067672	0.0	0.0	1.0	1.0	469.0	strong_rna_like	False	False	1.0	0.15478648	0.0	0.0	1.0	1.0	160.0	strong_rna_like	False	False	1.0	0.12893213	0.0	0.0	1.0	1.0	179.0	strong_rna_like	False	False	1.0	0.28918517	0.0	0.0	1.0	1.0	130.0	moderate_rna_like	False	False	1.0	0.005890239999999991	0.1577316	False	False
Ribo_JAAOEH010001851.1	rna_virus	0	Green	Green	0.30936867	0.0	0.0	1.0	1.0	376.0	moderate_rna_like	False	False	1.0	0.2539603	0.0	0.0	1.0	1.0	70.0	moderate_rna_like	False	False	1.0	0.26998046	0.0	0.0	1.0	1.0	174.0	moderate_rna_like	False	False	1.0	0.32364386	0.0	0.0	1.0	1.0	132.0	moderate_rna_like	False	False	1.0	0.055408369999999985	0.281664485	False	False
Ribo_ND_386714	rna_virus	0	Green	Green	0.3064551	0.0	0.0	1.0	1.0	337.0	moderate_rna_like	False	False	1.0	0.18944502	0.0	0.0	1.0	1.0	30.0	strong_rna_like	False	False	1.0	0.15857461	0.0	0.0	1.0	1.0	173.0	strong_rna_like	False	False	1.0	0.2169851	0.0	0.0	1.0	1.0	134.0	moderate_rna_like	False	False	1.0	0.11701007999999999	0.24795005999999997	False	False
Ribo_ND_095482	rna_virus	0	Green	Green	0.30687287	0.0	0.0	1.0	1.0	378.0	moderate_rna_like	False	False	1.0	0.22298124	0.0	0.0	1.0	1.0	72.0	moderate_rna_like	False	False	1.0	0.12763248	0.0	0.0	1.0	1.0	175.0	strong_rna_like	False	False	1.0	0.28259155	0.0	0.0	1.0	1.0	131.0	moderate_rna_like	False	False	1.0	0.08389163000000002	0.264927055	False	False
Ribo_ND_028274	rna_virus	0	Green	Green	0.08287358	0.0	0.0	1.0	1.0	367.0	strong_rna_like	False	False	1.0	0.018419666	0.0	0.0	1.0	1.0	57.0	strong_rna_like	False	False	1.0	0.11919681	0.0	0.0	1.0	1.0	178.0	strong_rna_like	False	False	1.0	0.12350073	0.0	0.0	1.0	1.0	132.0	strong_rna_like	False	False	1.0	0.064453914	0.050646623	False	False
Ribo_ND_152036	rna_virus	0	Green	Green	0.14177911	0.0	0.0	1.0	1.0	365.0	strong_rna_like	False	False	1.0	0.038897686	0.0	0.0	1.0	1.0	51.0	strong_rna_like	False	False	1.0	0.18846576	0.0	0.0	1.0	1.0	178.0	strong_rna_like	False	False	1.0	0.31931183	0.0	0.0	1.0	1.0	136.0	moderate_rna_like	False	False	1.0	0.10288142400000001	0.09033839800000001	False	False
Ribo_ND_026429	rna_virus	0	Green	Green	0.08457904	0.0	0.0	1.0	1.0	396.0	strong_rna_like	False	False	1.0	0.21820885	0.0	0.0	1.0	1.0	83.0	moderate_rna_like	False	False	1.0	0.7724574	1.0	1.0	0.0	0.0	179.0	moderate_crucivirus_like	False	True	1.0	0.045666218	0.0	0.0	1.0	1.0	134.0	strong_rna_like	False	False	1.0	-0.13362981000000002	0.151393945	False	False
Ribo_ND_095233	rna_virus	0	Green	Green	0.2479686	0.0	0.0	1.0	1.0	361.0	moderate_rna_like	False	False	1.0	0.1510076	0.0	0.0	1.0	1.0	55.0	strong_rna_like	False	False	1.0	0.09942027	0.0	0.0	1.0	1.0	178.0	strong_rna_like	False	False	1.0	0.1681204	0.0	0.0	1.0	1.0	128.0	strong_rna_like	False	False	1.0	0.09696100000000002	0.1994881	False	False
Ribo_ND_278159	rna_virus	0	Green	Green	0.1251719	0.0	0.0	1.0	1.0	350.0	strong_rna_like	False	False	1.0	0.05895491	0.0	0.0	1.0	1.0	40.0	strong_rna_like	False	False	1.0	0.13860399	0.0	0.0	1.0	1.0	175.0	strong_rna_like	False	False	1.0	0.07445098	0.0	0.0	1.0	1.0	135.0	strong_rna_like	False	False	1.0	0.06621699	0.092063405	False	False
Ribo_ND_389814	rna_virus	0	Green	Green	0.10644924	0.0	0.0	1.0	1.0	379.0	strong_rna_like	False	False	1.0	0.05650741	0.0	0.0	1.0	1.0	67.0	strong_rna_like	False	False	1.0	0.07575722	0.0	0.0	1.0	1.0	175.0	strong_rna_like	False	False	1.0	0.06780236	0.0	0.0	1.0	1.0	137.0	strong_rna_like	False	False	1.0	0.04994183	0.081478325	False	False
Ribo_ND_389837	rna_virus	0	Green	Green	0.16167459	0.0	0.0	1.0	1.0	349.0	strong_rna_like	False	False	1.0	0.09773058	0.0	0.0	1.0	1.0	37.0	strong_rna_like	False	False	1.0	0.07064428	0.0	0.0	1.0	1.0	175.0	strong_rna_like	False	False	1.0	0.083241925	0.0	0.0	1.0	1.0	137.0	strong_rna_like	False	False	1.0	0.06394401000000001	0.129702585	False	False
Ribo_ND_092887	rna_virus	0	Green	Green	0.14503935	0.0	0.0	1.0	1.0	353.0	strong_rna_like	False	False	1.0	0.07920401	0.0	0.0	1.0	1.0	48.0	strong_rna_like	False	False	1.0	0.24786487	0.0	0.0	1.0	1.0	182.0	moderate_rna_like	False	False	1.0	0.14841193	0.0	0.0	1.0	1.0	123.0	strong_rna_like	False	False	1.0	0.06583534	0.11212168	False	False
Ribo_ND_172616	rna_virus	0	Green	Green	0.08720251	0.0	0.0	1.0	1.0	377.0	strong_rna_like	False	False	1.0	0.11734076	0.0	0.0	1.0	1.0	75.0	strong_rna_like	False	False	1.0	0.093103595	0.0	0.0	1.0	1.0	175.0	strong_rna_like	False	False	1.0	0.1486792	0.0	0.0	1.0	1.0	127.0	strong_rna_like	False	False	1.0	-0.030138250000000005	0.102271635	False	False
Ribo_ND_134820	rna_virus	0	Green	Green	0.3576876	0.0	0.0	1.0	1.0	368.0	moderate_rna_like	False	False	1.0	0.24618459	0.0	0.0	1.0	1.0	54.0	moderate_rna_like	False	False	1.0	0.31431618	0.0	0.0	1.0	1.0	178.0	moderate_rna_like	False	False	1.0	0.3164853	0.0	0.0	1.0	1.0	136.0	moderate_rna_like	False	False	1.0	0.11150300999999999	0.301936095	False	False
Ribo_ND_251186	rna_virus	0	Green	Green	0.23591582	0.0	0.0	1.0	1.0	440.0	moderate_rna_like	False	False	1.0	0.09893736	0.0	0.0	1.0	1.0	128.0	strong_rna_like	False	False	1.0	0.08848332	0.0	0.0	1.0	1.0	177.0	strong_rna_like	False	False	1.0	0.10336383	0.0	0.0	1.0	1.0	135.0	strong_rna_like	False	False	1.0	0.13697846	0.16742659	False	False
Ribo_ND_025153	rna_virus	0	Green	Green	0.05392562	0.0	0.0	1.0	1.0	356.0	strong_rna_like	False	False	1.0	0.005823321	0.0	0.0	1.0	1.0	46.0	strong_rna_like	False	False	1.0	0.3004658	0.0	0.0	1.0	1.0	176.0	moderate_rna_like	False	False	1.0	0.43099326	0.0	0.0	1.0	1.0	134.0	ambiguous	False	False	1.0	0.048102299	0.0298744705	False	False
Ribo_ND_337560	rna_virus	0	Green	Green	0.10530758	0.0	0.0	1.0	1.0	363.0	strong_rna_like	False	False	1.0	0.010998125	0.0	0.0	1.0	1.0	53.0	strong_rna_like	False	False	1.0	0.27344635	0.0	0.0	1.0	1.0	177.0	moderate_rna_like	False	False	1.0	0.1672857	0.0	0.0	1.0	1.0	133.0	strong_rna_like	False	False	1.0	0.094309455	0.0581528525	False	False
Ribo_ND_300927	rna_virus	0	Green	Green	0.23684728	0.0	0.0	1.0	1.0	401.0	moderate_rna_like	False	False	1.0	0.05549595	0.0	0.0	1.0	1.0	95.0	strong_rna_like	False	False	1.0	0.15166518	0.0	0.0	1.0	1.0	175.0	strong_rna_like	False	False	1.0	0.4993508	0.0	0.0	1.0	1.0	131.0	ambiguous	False	False	1.0	0.18135132999999998	0.146171615	False	False
Ribo_ND_045947	rna_virus	0	Green	Green	0.16876994	0.0	0.0	1.0	1.0	372.0	strong_rna_like	False	False	1.0	0.025402322	0.0	0.0	1.0	1.0	69.0	strong_rna_like	False	False	1.0	0.34767205	0.0	0.0	1.0	1.0	174.0	moderate_rna_like	False	False	1.0	0.26515505	0.0	0.0	1.0	1.0	129.0	moderate_rna_like	False	False	1.0	0.143367618	0.097086131	False	False
Ribo_ND_120879	rna_virus	0	Green	Green	0.45341593	0.0	0.0	1.0	1.0	381.0	ambiguous	False	False	1.0	0.1745238	0.0	0.0	1.0	1.0	80.0	strong_rna_like	False	False	1.0	0.32817867	0.0	0.0	1.0	1.0	174.0	moderate_rna_like	False	False	1.0	0.16239879	0.0	0.0	1.0	1.0	127.0	strong_rna_like	False	False	1.0	0.27889213	0.313969865	False	False
Ribo_ND_281801	rna_virus	0	Green	Green	0.12800263	0.0	0.0	1.0	1.0	351.0	strong_rna_like	False	False	1.0	0.018493481	0.0	0.0	1.0	1.0	44.0	strong_rna_like	False	False	1.0	0.27416325	0.0	0.0	1.0	1.0	175.0	moderate_rna_like	False	False	1.0	0.29760262	0.0	0.0	1.0	1.0	132.0	moderate_rna_like	False	False	1.0	0.109509149	0.0732480555	False	False
Ribo_ND_390200	rna_virus	0	Green	Green	0.3411147	0.0	0.0	1.0	1.0	338.0	moderate_rna_like	False	False	1.0	0.09437034	0.0	0.0	1.0	1.0	29.0	strong_rna_like	False	False	1.0	0.19265588	0.0	0.0	1.0	1.0	177.0	strong_rna_like	False	False	1.0	0.17512506	0.0	0.0	1.0	1.0	132.0	strong_rna_like	False	False	1.0	0.24674436	0.21774252	False	False
Ribo_ND_043328	rna_virus	0	Green	Green	0.38016945	0.0	0.0	1.0	1.0	355.0	moderate_rna_like	False	False	1.0	0.17720792	0.0	0.0	1.0	1.0	42.0	strong_rna_like	False	False	1.0	0.40098834	0.0	0.0	1.0	1.0	177.0	ambiguous	False	False	1.0	0.12952492	0.0	0.0	1.0	1.0	136.0	strong_rna_like	False	False	1.0	0.20296153000000003	0.278688685	False	False
Ribo_ND_162995	rna_virus	0	Green	Green	0.1987886	0.0	0.0	1.0	1.0	352.0	strong_rna_like	False	False	1.0	0.09063066	0.0	0.0	1.0	1.0	42.0	strong_rna_like	False	False	1.0	0.078370795	0.0	0.0	1.0	1.0	176.0	strong_rna_like	False	False	1.0	0.20143393	0.0	0.0	1.0	1.0	134.0	moderate_rna_like	False	False	1.0	0.10815794000000001	0.14470963	False	False
Ribo_ND_168965	rna_virus	0	Green	Green	0.15747987	0.0	0.0	1.0	1.0	375.0	strong_rna_like	False	False	1.0	0.19892177	0.0	0.0	1.0	1.0	71.0	strong_rna_like	False	False	1.0	0.10260081	0.0	0.0	1.0	1.0	174.0	strong_rna_like	False	False	1.0	0.092765965	0.0	0.0	1.0	1.0	130.0	strong_rna_like	False	False	1.0	-0.041441900000000004	0.17820081999999998	False	False
Ribo_JAAOEH010002127.1	rna_virus	0	Green	Green	0.14959799	0.0	0.0	1.0	1.0	356.0	strong_rna_like	False	False	1.0	0.057635404	0.0	0.0	1.0	1.0	48.0	strong_rna_like	False	False	1.0	0.08697376	0.0	0.0	1.0	1.0	174.0	strong_rna_like	False	False	1.0	0.5225324	1.0	1.0	0.0	0.0	134.0	ambiguous	False	False	1.0	0.09196258599999999	0.103616697	False	False
Ribo_ND_025243	rna_virus	0	Green	Green	0.067529365	0.0	0.0	1.0	1.0	363.0	strong_rna_like	False	False	1.0	0.12149153	0.0	0.0	1.0	1.0	53.0	strong_rna_like	False	False	1.0	0.18318689	0.0	0.0	1.0	1.0	172.0	strong_rna_like	False	False	1.0	0.064328335	0.0	0.0	1.0	1.0	138.0	strong_rna_like	False	False	1.0	-0.053962165000000006	0.0945104475	False	False
Ribo_ND_132724	rna_virus	0	Green	Green	0.5097607	1.0	1.0	0.0	0.0	515.0	ambiguous	False	False	1.0	0.46700245	0.0	0.0	1.0	1.0	215.0	ambiguous	False	False	1.0	0.41350543	0.0	0.0	1.0	1.0	172.0	ambiguous	False	False	1.0	0.1168987	0.0	0.0	1.0	1.0	128.0	strong_rna_like	False	False	1.0	0.04275824999999994	0.488381575	False	False
Ribo_ND_345468	rna_virus	0	Green	Green	0.26923686	0.0	0.0	1.0	1.0	344.0	moderate_rna_like	False	False	1.0	0.06315277	0.0	0.0	1.0	1.0	48.0	strong_rna_like	False	False	1.0	0.2606306	0.0	0.0	1.0	1.0	174.0	moderate_rna_like	False	False	1.0	0.20469713	0.0	0.0	1.0	1.0	122.0	moderate_rna_like	False	False	1.0	0.20608409000000003	0.166194815	False	False
Ribo_JAAOEH010001875.1	rna_virus	0	Green	Green	0.26142955	0.0	0.0	1.0	1.0	416.0	moderate_rna_like	False	False	1.0	0.12945704	0.0	0.0	1.0	1.0	65.0	strong_rna_like	False	False	1.0	0.28264683	0.0	0.0	1.0	1.0	175.0	moderate_rna_like	False	False	1.0	0.20765723	0.0	0.0	1.0	1.0	176.0	moderate_rna_like	False	False	1.0	0.13197251000000002	0.19544329500000002	False	False
Ribo_ND_202418	rna_virus	0	Green	Green	0.24471897	0.0	0.0	1.0	1.0	369.0	moderate_rna_like	False	False	1.0	0.05030354	0.0	0.0	1.0	1.0	64.0	strong_rna_like	False	False	1.0	0.22146589	0.0	0.0	1.0	1.0	174.0	moderate_rna_like	False	False	1.0	0.4709394	0.0	0.0	1.0	1.0	131.0	ambiguous	False	False	1.0	0.19441543	0.147511255	False	False
Ribo_ND_343811	rna_virus	0	Green	Green	0.06136745	0.0	0.0	1.0	1.0	415.0	strong_rna_like	False	False	1.0	0.12987944	0.0	0.0	1.0	1.0	103.0	strong_rna_like	False	False	1.0	0.18558976	0.0	0.0	1.0	1.0	177.0	strong_rna_like	False	False	1.0	0.38189495	0.0	0.0	1.0	1.0	135.0	moderate_rna_like	False	False	1.0	-0.06851199000000002	0.095623445	False	False
Ribo_ND_210078	rna_virus	0	Green	Green	0.36058962	0.0	0.0	1.0	1.0	355.0	moderate_rna_like	False	False	1.0	0.0706807	0.0	0.0	1.0	1.0	50.0	strong_rna_like	False	False	1.0	0.24967416	0.0	0.0	1.0	1.0	176.0	moderate_rna_like	False	False	1.0	0.39913693	0.0	0.0	1.0	1.0	129.0	moderate_rna_like	False	False	1.0	0.28990892	0.21563516	False	False
Ribo_ND_256267	rna_virus	0	Green	Green	0.19902322	0.0	0.0	1.0	1.0	377.0	strong_rna_like	False	False	1.0	0.03916197	0.0	0.0	1.0	1.0	66.0	strong_rna_like	False	False	1.0	0.2617901	0.0	0.0	1.0	1.0	179.0	moderate_rna_like	False	False	1.0	0.33574447	0.0	0.0	1.0	1.0	132.0	moderate_rna_like	False	False	1.0	0.15986125	0.119092595	False	False
Ribo_ND_043886	rna_virus	0	Green	Green	0.41484207	0.0	0.0	1.0	1.0	368.0	ambiguous	False	False	1.0	0.051090814	0.0	0.0	1.0	1.0	56.0	strong_rna_like	False	False	1.0	0.22671284	0.0	0.0	1.0	1.0	176.0	moderate_rna_like	False	False	1.0	0.63917524	1.0	1.0	0.0	0.0	136.0	moderate_crucivirus_like	False	True	1.0	0.363751256	0.232966442	False	False
Ribo_ND_382385	rna_virus	0	Green	Green	0.30130398	0.0	0.0	1.0	1.0	308.0	moderate_rna_like	False	False	1.0	0.785942	1.0	1.0	0.0	0.0	3.0	moderate_crucivirus_like	False	True	1.0	0.33074558	0.0	0.0	1.0	1.0	174.0	moderate_rna_like	False	False	1.0	0.05952634	0.0	0.0	1.0	1.0	131.0	strong_rna_like	False	False	1.0	-0.48463802	0.54362299	False	False
Ribo_ND_082205	rna_virus	0	Green	Green	0.11830129	0.0	0.0	1.0	1.0	351.0	strong_rna_like	False	False	1.0	0.047313098	0.0	0.0	1.0	1.0	40.0	strong_rna_like	False	False	1.0	0.07866586	0.0	0.0	1.0	1.0	174.0	strong_rna_like	False	False	1.0	0.16498582	0.0	0.0	1.0	1.0	137.0	strong_rna_like	False	False	1.0	0.070988192	0.082807194	False	False
Ribo_ND_081504	rna_virus	0	Green	Green	0.743231	1.0	1.0	0.0	0.0	404.0	moderate_crucivirus_like	False	True	1.0	0.2812808	0.0	0.0	1.0	1.0	95.0	moderate_rna_like	False	False	1.0	0.070326634	0.0	0.0	1.0	1.0	176.0	strong_rna_like	False	False	1.0	0.3503219	0.0	0.0	1.0	1.0	133.0	moderate_rna_like	False	False	1.0	0.4619502	0.5122559	False	False
Ribo_ND_341308	rna_virus	0	Green	Green	0.50428015	1.0	1.0	0.0	0.0	405.0	ambiguous	False	False	1.0	0.19677764	0.0	0.0	1.0	1.0	94.0	strong_rna_like	False	False	1.0	0.09058082	0.0	0.0	1.0	1.0	175.0	strong_rna_like	False	False	1.0	0.2583962	0.0	0.0	1.0	1.0	136.0	moderate_rna_like	False	False	1.0	0.30750251000000006	0.350528895	False	False
Ribo_ND_164838	rna_virus	0	Green	Green	0.08550298	0.0	0.0	1.0	1.0	365.0	strong_rna_like	False	False	1.0	0.01670352	0.0	0.0	1.0	1.0	49.0	strong_rna_like	False	False	1.0	0.2711286	0.0	0.0	1.0	1.0	177.0	moderate_rna_like	False	False	1.0	0.3832953	0.0	0.0	1.0	1.0	139.0	moderate_rna_like	False	False	1.0	0.06879946	0.05110325	False	False
Ribo_ND_166391	rna_virus	0	Green	Green	0.25171694	0.0	0.0	1.0	1.0	396.0	moderate_rna_like	False	False	1.0	0.12014287	0.0	0.0	1.0	1.0	73.0	strong_rna_like	False	False	1.0	0.074699365	0.0	0.0	1.0	1.0	181.0	strong_rna_like	False	False	1.0	0.31805572	0.0	0.0	1.0	1.0	142.0	moderate_rna_like	False	False	1.0	0.13157407	0.185929905	False	False
Ribo_ND_084466	rna_virus	0	Green	Green	0.13030408	0.0	0.0	1.0	1.0	339.0	strong_rna_like	False	False	1.0	0.06387649	0.0	0.0	1.0	1.0	44.0	strong_rna_like	False	False	1.0	0.21871203	0.0	0.0	1.0	1.0	168.0	moderate_rna_like	False	False	1.0	0.19698274	0.0	0.0	1.0	1.0	127.0	strong_rna_like	False	False	1.0	0.06642759	0.097090285	False	False
Cruci_CruV_498	crucivirus	1	Green	Green	0.9410593	1.0	1.0	1.0	1.0	371.0	strong_crucivirus_like	False	False	1.0	0.9681336	1.0	1.0	1.0	1.0	57.0	strong_crucivirus_like	False	False	1.0	0.5077104	1.0	0.0	1.0	0.0	183.0	ambiguous	False	False	1.0	0.36883685	0.0	0.0	0.0	0.0	131.0	moderate_rna_like	False	True	1.0	-0.027074299999999996	0.95459645	False	False
Cruci_CruV_381	crucivirus	1	Green	Green	0.91194934	1.0	1.0	1.0	1.0	370.0	strong_crucivirus_like	False	False	1.0	0.9761772	1.0	1.0	1.0	1.0	56.0	strong_crucivirus_like	False	False	1.0	0.38044342	0.0	0.0	0.0	0.0	183.0	moderate_rna_like	False	True	1.0	0.34506822	0.0	0.0	0.0	0.0	131.0	moderate_rna_like	False	True	1.0	-0.06422785999999991	0.94406327	False	False
Ribo_ND_070705	rna_virus	0	Green	Green	0.06740834	0.0	0.0	1.0	1.0	357.0	strong_rna_like	False	False	1.0	0.0068081343	0.0	0.0	1.0	1.0	54.0	strong_rna_like	False	False	1.0	0.21253335	0.0	0.0	1.0	1.0	174.0	moderate_rna_like	False	False	1.0	0.49588448	0.0	0.0	1.0	1.0	129.0	ambiguous	False	False	1.0	0.0606002057	0.03710823715	False	False
Ribo_ND_166578	rna_virus	0	Green	Green	0.18345946	0.0	0.0	1.0	1.0	366.0	strong_rna_like	False	False	1.0	0.3186298	0.0	0.0	1.0	1.0	41.0	moderate_rna_like	False	False	1.0	0.0971645	0.0	0.0	1.0	1.0	179.0	strong_rna_like	False	False	1.0	0.4229733	0.0	0.0	1.0	1.0	146.0	ambiguous	False	False	1.0	-0.13517034000000003	0.25104463	False	False
Ribo_NC_033438	rna_virus	0	Green	Green	0.2606137	0.0	0.0	1.0	1.0	349.0	moderate_rna_like	False	False	1.0	0.6150733	1.0	1.0	0.0	0.0	18.0	moderate_crucivirus_like	False	True	1.0	0.21002327	0.0	0.0	1.0	1.0	173.0	moderate_rna_like	False	False	1.0	0.49551457	0.0	0.0	1.0	1.0	158.0	ambiguous	False	False	1.0	-0.35445960000000004	0.43784350000000005	False	False
Ribo_ND_230736	rna_virus	0	Green	Green	0.14873448	0.0	0.0	1.0	1.0	399.0	strong_rna_like	False	False	1.0	0.0269289	0.0	0.0	1.0	1.0	48.0	strong_rna_like	False	False	1.0	0.053517584	0.0	0.0	1.0	1.0	182.0	strong_rna_like	False	False	1.0	0.4503571	0.0	0.0	1.0	1.0	169.0	ambiguous	False	False	1.0	0.12180558	0.08783169	False	False
Ribo_ND_188050	rna_virus	0	Green	Green	0.21595135	0.0	0.0	1.0	1.0	362.0	moderate_rna_like	False	False	1.0	0.5117806	1.0	0.0	0.0	1.0	95.0	ambiguous	False	False	1.0	0.1560679	0.0	0.0	1.0	1.0	180.0	strong_rna_like	False	False	1.0	0.33451602	0.0	0.0	1.0	1.0	87.0	moderate_rna_like	False	False	1.0	-0.29582925000000004	0.363865975	False	False
Ribo_ND_087436	rna_virus	0	Green	Green	0.25324202	0.0	0.0	1.0	1.0	344.0	moderate_rna_like	False	False	1.0	0.04148991	0.0	0.0	1.0	1.0	38.0	strong_rna_like	False	False	1.0	0.13996899	0.0	0.0	1.0	1.0	173.0	strong_rna_like	False	False	1.0	0.5941093	1.0	1.0	0.0	0.0	133.0	ambiguous	False	False	1.0	0.21175211000000002	0.14736596500000002	False	False
Ribo_ND_135121	rna_virus	0	Green	Green	0.021988636	0.0	0.0	1.0	1.0	410.0	strong_rna_like	False	False	1.0	0.028648576	0.0	0.0	1.0	1.0	100.0	strong_rna_like	False	False	1.0	0.1697641	0.0	0.0	1.0	1.0	175.0	strong_rna_like	False	False	1.0	0.2825385	0.0	0.0	1.0	1.0	135.0	moderate_rna_like	False	False	1.0	-0.00665994	0.025318606	False	False
Cruci_CruV_531	crucivirus	1	Green	Green	0.9268632	1.0	1.0	1.0	1.0	403.0	strong_crucivirus_like	False	False	1.0	0.9115913	1.0	1.0	1.0	1.0	90.0	strong_crucivirus_like	False	False	1.0	0.35425296	0.0	0.0	0.0	0.0	174.0	moderate_rna_like	False	True	1.0	0.38694137	0.0	0.0	0.0	0.0	139.0	moderate_rna_like	False	True	1.0	0.015271900000000005	0.91922725	False	False
Cruci_CruV-915	crucivirus	1	Green	Green	0.8821118	1.0	1.0	1.0	1.0	396.0	strong_crucivirus_like	False	False	1.0	0.8074994	1.0	1.0	1.0	1.0	85.0	strong_crucivirus_like	False	False	1.0	0.26737088	0.0	0.0	0.0	0.0	176.0	moderate_rna_like	False	True	1.0	0.59632504	1.0	1.0	1.0	1.0	135.0	ambiguous	False	False	1.0	0.07461240000000002	0.8448055999999999	False	False
Cruci_CruV-916	crucivirus	1	Green	Green	0.8821117	1.0	1.0	1.0	1.0	396.0	strong_crucivirus_like	False	False	1.0	0.8074994	1.0	1.0	1.0	1.0	85.0	strong_crucivirus_like	False	False	1.0	0.26737088	0.0	0.0	0.0	0.0	176.0	moderate_rna_like	False	True	1.0	0.59632504	1.0	1.0	1.0	1.0	135.0	ambiguous	False	False	1.0	0.07461230000000008	0.84480555	False	False
Ribo_ND_024645	rna_virus	0	Green	Green	0.23082165	0.0	0.0	1.0	1.0	305.0	moderate_rna_like	False	False	1.0											0.056564264	0.0	0.0	1.0	1.0	172.0	strong_rna_like	False	False	1.0	0.24191049	0.0	0.0	1.0	1.0	133.0	moderate_rna_like	False	False	1.0		0.23082165	False	False
Ribo_JAAOEH010002267.1	rna_virus	0	Green	Green	0.20348938	0.0	0.0	1.0	1.0	376.0	moderate_rna_like	False	False	1.0	0.5249606	1.0	1.0	0.0	0.0	66.0	ambiguous	False	False	1.0	0.06068988	0.0	0.0	1.0	1.0	174.0	strong_rna_like	False	False	1.0	0.30962148	0.0	0.0	1.0	1.0	136.0	moderate_rna_like	False	False	1.0	-0.32147122	0.36422498999999997	False	False
Ribo_ND_093165	rna_virus	0	Green	Green	0.43237725	0.0	0.0	1.0	1.0	378.0	ambiguous	False	False	1.0	0.34039867	0.0	0.0	1.0	1.0	66.0	moderate_rna_like	False	False	1.0	0.2762922	0.0	0.0	1.0	1.0	176.0	moderate_rna_like	False	False	1.0	0.36018676	0.0	0.0	1.0	1.0	136.0	moderate_rna_like	False	False	1.0	0.09197857999999998	0.38638796	False	False
Ribo_ND_281976	rna_virus	0	Green	Green	0.14427803	0.0	0.0	1.0	1.0	363.0	strong_rna_like	False	False	1.0	0.06611124	0.0	0.0	1.0	1.0	56.0	strong_rna_like	False	False	1.0	0.08582003	0.0	0.0	1.0	1.0	176.0	strong_rna_like	False	False	1.0	0.177154	0.0	0.0	1.0	1.0	131.0	strong_rna_like	False	False	1.0	0.07816679	0.10519463500000001	False	False
Ribo_JAAOEH010002460.1	rna_virus	0	Green	Green	0.123526126	0.0	0.0	1.0	1.0	410.0	strong_rna_like	False	False	1.0	0.077441245	0.0	0.0	1.0	1.0	101.0	strong_rna_like	False	False	1.0	0.055989563	0.0	0.0	1.0	1.0	175.0	strong_rna_like	False	False	1.0	0.21816847	0.0	0.0	1.0	1.0	134.0	moderate_rna_like	False	False	1.0	0.046084880999999994	0.1004836855	False	False
Ribo_ND_185791	rna_virus	0	Green	Green	0.20840113	0.0	0.0	1.0	1.0	406.0	moderate_rna_like	False	False	1.0	0.25211236	0.0	0.0	1.0	1.0	95.0	moderate_rna_like	False	False	1.0	0.10071236	0.0	0.0	1.0	1.0	176.0	strong_rna_like	False	False	1.0	0.11506249	0.0	0.0	1.0	1.0	135.0	strong_rna_like	False	False	1.0	-0.04371122999999999	0.23025674499999998	False	False
Ribo_ND_251103	rna_virus	0	Green	Green	0.11750319	0.0	0.0	1.0	1.0	384.0	strong_rna_like	False	False	1.0	0.0335278	0.0	0.0	1.0	1.0	68.0	strong_rna_like	False	False	1.0	0.07663824	0.0	0.0	1.0	1.0	176.0	strong_rna_like	False	False	1.0	0.112664655	0.0	0.0	1.0	1.0	140.0	strong_rna_like	False	False	1.0	0.08397538999999998	0.075515495	False	False
Ribo_ND_145828	rna_virus	0	Green	Green	0.12211591	0.0	0.0	1.0	1.0	426.0	strong_rna_like	False	False	1.0	0.32829404	0.0	0.0	1.0	1.0	114.0	moderate_rna_like	False	False	1.0	0.14333256	0.0	0.0	1.0	1.0	175.0	strong_rna_like	False	False	1.0	0.31749055	0.0	0.0	1.0	1.0	137.0	moderate_rna_like	False	False	1.0	-0.20617813000000001	0.225204975	False	False
Ribo_ND_134792	rna_virus	0	Green	Green	0.06368172	0.0	0.0	1.0	1.0	361.0	strong_rna_like	False	False	1.0	0.041048832	0.0	0.0	1.0	1.0	47.0	strong_rna_like	False	False	1.0	0.09056641	0.0	0.0	1.0	1.0	174.0	strong_rna_like	False	False	1.0	0.29500672	0.0	0.0	1.0	1.0	140.0	moderate_rna_like	False	False	1.0	0.022632887999999997	0.052365276	False	False
Ribo_ND_181904	rna_virus	0	Green	Green	0.23528123	0.0	0.0	1.0	1.0	479.0	moderate_rna_like	False	False	1.0	0.25473097	0.0	0.0	1.0	1.0	170.0	moderate_rna_like	False	False	1.0	0.52088183	1.0	0.0	0.0	1.0	173.0	ambiguous	False	False	1.0	0.45706305	0.0	0.0	1.0	1.0	136.0	ambiguous	False	False	1.0	-0.019449739999999993	0.2450061	False	False
Ribo_ND_203486	rna_virus	0	Green	Green	0.27298203	0.0	0.0	1.0	1.0	456.0	moderate_rna_like	False	False	1.0	0.11687176	0.0	0.0	1.0	1.0	151.0	strong_rna_like	False	False	1.0	0.22992246	0.0	0.0	1.0	1.0	173.0	moderate_rna_like	False	False	1.0	0.34536496	0.0	0.0	1.0	1.0	132.0	moderate_rna_like	False	False	1.0	0.15611027	0.194926895	False	False
Ribo_ND_119547	rna_virus	0	Green	Green	0.18105155	0.0	0.0	1.0	1.0	429.0	strong_rna_like	False	False	1.0	0.094964005	0.0	0.0	1.0	1.0	118.0	strong_rna_like	False	False	1.0	0.4401312	0.0	0.0	1.0	1.0	175.0	ambiguous	False	False	1.0	0.24634402	0.0	0.0	1.0	1.0	136.0	moderate_rna_like	False	False	1.0	0.086087545	0.1380077775	False	False
Ribo_ND_084066	rna_virus	0	Green	Green	0.17334698	0.0	0.0	1.0	1.0	371.0	strong_rna_like	False	False	1.0	0.033717338	0.0	0.0	1.0	1.0	56.0	strong_rna_like	False	False	1.0	0.10945762	0.0	0.0	1.0	1.0	174.0	strong_rna_like	False	False	1.0	0.48713607	0.0	0.0	1.0	1.0	141.0	ambiguous	False	False	1.0	0.139629642	0.10353215900000001	False	False
Ribo_ND_390432	rna_virus	0	Green	Green	0.1957636	0.0	0.0	1.0	1.0	367.0	strong_rna_like	False	False	1.0	0.02729976	0.0	0.0	1.0	1.0	37.0	strong_rna_like	False	False	1.0	0.077079654	0.0	0.0	1.0	1.0	175.0	strong_rna_like	False	False	1.0	0.39688376	0.0	0.0	1.0	1.0	155.0	moderate_rna_like	False	False	1.0	0.16846384	0.11153168000000001	False	False
Ribo_ND_391046	rna_virus	0	Green	Green	0.25671306	0.0	0.0	1.0	1.0	368.0	moderate_rna_like	False	False	1.0	0.06254683	0.0	0.0	1.0	1.0	38.0	strong_rna_like	False	False	1.0	0.08328369	0.0	0.0	1.0	1.0	175.0	strong_rna_like	False	False	1.0	0.29957658	0.0	0.0	1.0	1.0	155.0	moderate_rna_like	False	False	1.0	0.19416623	0.159629945	False	False
Ribo_ND_233410	rna_virus	0	Green	Green	0.5356017	1.0	1.0	0.0	0.0	374.0	ambiguous	False	False	1.0	0.15557991	0.0	0.0	1.0	1.0	44.0	strong_rna_like	False	False	1.0	0.05038187	0.0	0.0	1.0	1.0	175.0	strong_rna_like	False	False	1.0	0.19637346	0.0	0.0	1.0	1.0	155.0	strong_rna_like	False	False	1.0	0.38002178999999997	0.34559080499999995	False	False
Ribo_ND_095983	rna_virus	0	Green	Green	0.70117366	1.0	1.0	0.0	0.0	366.0	moderate_crucivirus_like	False	True	1.0	0.11210813	0.0	0.0	1.0	1.0	50.0	strong_rna_like	False	False	1.0	0.24720468	0.0	0.0	1.0	1.0	174.0	moderate_rna_like	False	False	1.0	0.43054292	0.0	0.0	1.0	1.0	142.0	ambiguous	False	False	1.0	0.5890655300000001	0.406640895	False	False
Ribo_ND_096062	rna_virus	0	Green	Green	0.34901726	0.0	0.0	1.0	1.0	325.0	moderate_rna_like	False	False	1.0	0.7879449	1.0	1.0	0.0	0.0	9.0	moderate_crucivirus_like	False	True	1.0	0.17537278	0.0	0.0	1.0	1.0	174.0	strong_rna_like	False	False	1.0	0.34502771	0.0	0.0	1.0	1.0	142.0	moderate_rna_like	False	False	1.0	-0.43892763999999995	0.56848108	False	False
Ribo_ND_095265	rna_virus	0	Green	Green	0.29794863	0.0	0.0	1.0	1.0	325.0	moderate_rna_like	False	False	1.0	0.793526	1.0	1.0	0.0	0.0	9.0	moderate_crucivirus_like	False	True	1.0	0.20334944	0.0	0.0	1.0	1.0	174.0	moderate_rna_like	False	False	1.0	0.6236456	1.0	1.0	0.0	0.0	142.0	moderate_crucivirus_like	False	True	1.0	-0.49557736999999996	0.545737315	False	False
Ribo_ND_096037	rna_virus	0	Green	Green	0.5668693	1.0	1.0	0.0	0.0	360.0	ambiguous	False	False	1.0	0.17957935	0.0	0.0	1.0	1.0	47.0	strong_rna_like	False	False	1.0	0.19204871	0.0	0.0	1.0	1.0	174.0	strong_rna_like	False	False	1.0	0.43479338	0.0	0.0	1.0	1.0	139.0	ambiguous	False	False	1.0	0.38728995	0.373224325	False	False
Ribo_ND_092948	rna_virus	0	Green	Green	0.3570794	0.0	0.0	1.0	1.0	391.0	moderate_rna_like	False	False	1.0	0.17179954	0.0	0.0	1.0	1.0	73.0	strong_rna_like	False	False	1.0	0.21807638	0.0	0.0	1.0	1.0	175.0	moderate_rna_like	False	False	1.0	0.18478754	0.0	0.0	1.0	1.0	143.0	strong_rna_like	False	False	1.0	0.18527986	0.26443947	False	False
Ribo_ND_180439	rna_virus	0	Green	Green	0.5273464	1.0	1.0	0.0	0.0	374.0	ambiguous	False	False	1.0	0.2959923	0.0	0.0	1.0	1.0	63.0	moderate_rna_like	False	False	1.0	0.44561756	0.0	0.0	1.0	1.0	176.0	ambiguous	False	False	1.0	0.36306867	0.0	0.0	1.0	1.0	135.0	moderate_rna_like	False	False	1.0	0.2313541	0.41166935	False	False
Ribo_ND_190342	rna_virus	0	Green	Green	0.3165821	0.0	0.0	1.0	1.0	364.0	moderate_rna_like	False	False	1.0	0.025013505	0.0	0.0	1.0	1.0	63.0	strong_rna_like	False	False	1.0	0.39594212	0.0	0.0	1.0	1.0	166.0	moderate_rna_like	False	False	1.0	0.3066195	0.0	0.0	1.0	1.0	135.0	moderate_rna_like	False	False	1.0	0.291568595	0.17079780249999998	False	False
Ribo_ND_184895	rna_virus	0	Green	Green	0.5918494	1.0	1.0	0.0	0.0	388.0	ambiguous	False	False	1.0	0.18238515	0.0	0.0	1.0	1.0	69.0	strong_rna_like	False	False	1.0	0.3286542	0.0	0.0	1.0	1.0	176.0	moderate_rna_like	False	False	1.0	0.30606735	0.0	0.0	1.0	1.0	143.0	moderate_rna_like	False	False	1.0	0.40946425	0.387117275	False	False
Ribo_ND_024437	rna_virus	0	Green	Green	0.12953669	0.0	0.0	1.0	1.0	440.0	strong_rna_like	False	False	1.0	0.07273467	0.0	0.0	1.0	1.0	124.0	strong_rna_like	False	False	1.0	0.19337007	0.0	0.0	1.0	1.0	175.0	strong_rna_like	False	False	1.0	0.15205365	0.0	0.0	1.0	1.0	141.0	strong_rna_like	False	False	1.0	0.05680202000000001	0.10113568	False	False
Ribo_ND_146036	rna_virus	0	Green	Green	0.26595494	0.0	0.0	1.0	1.0	375.0	moderate_rna_like	False	False	1.0	0.021855727	0.0	0.0	1.0	1.0	58.0	strong_rna_like	False	False	1.0	0.2034161	0.0	0.0	1.0	1.0	174.0	moderate_rna_like	False	False	1.0	0.51467913	1.0	1.0	0.0	0.0	143.0	ambiguous	False	False	1.0	0.24409921299999998	0.14390533349999998	False	False
Ribo_JAAOEH010001482.1	rna_virus	0	Green	Green	0.2001016	0.0	0.0	1.0	1.0	428.0	moderate_rna_like	False	False	1.0	0.16044736	0.0	0.0	1.0	1.0	61.0	strong_rna_like	False	False	1.0	0.30646184	0.0	0.0	1.0	1.0	175.0	moderate_rna_like	False	False	1.0	0.22875191	0.0	0.0	1.0	1.0	192.0	moderate_rna_like	False	False	1.0	0.03965423999999998	0.18027448000000001	False	False
Ribo_ND_391455	rna_virus	0	Green	Green	0.54441136	1.0	1.0	0.0	0.0	377.0	ambiguous	False	False	1.0	0.18780595	0.0	0.0	1.0	1.0	53.0	strong_rna_like	False	False	1.0	0.13764878	0.0	0.0	1.0	1.0	175.0	strong_rna_like	False	False	1.0	0.37635088	0.0	0.0	1.0	1.0	149.0	moderate_rna_like	False	False	1.0	0.35660541	0.366108655	False	False
Ribo_ND_179581	rna_virus	0	Green	Green	0.08731584	0.0	0.0	1.0	1.0	375.0	strong_rna_like	False	False	1.0	0.08756742	0.0	0.0	1.0	1.0	58.0	strong_rna_like	False	False	1.0	0.16402008	0.0	0.0	1.0	1.0	178.0	strong_rna_like	False	False	1.0	0.09672156	0.0	0.0	1.0	1.0	139.0	strong_rna_like	False	False	1.0	-0.00025158000000000125	0.08744163	False	False
Ribo_ND_209726	rna_virus	0	Green	Green	0.19071954	0.0	0.0	1.0	1.0	422.0	strong_rna_like	False	False	1.0	0.14805134	0.0	0.0	1.0	1.0	63.0	strong_rna_like	False	False	1.0	0.05569305	0.0	0.0	1.0	1.0	169.0	strong_rna_like	False	False	1.0	0.074999	0.0	0.0	1.0	1.0	190.0	strong_rna_like	False	False	1.0	0.04266819999999999	0.16938544	False	False
Ribo_ND_221227	rna_virus	0	Green	Green	0.18106276	0.0	0.0	1.0	1.0	427.0	strong_rna_like	False	False	1.0	0.1485678	0.0	0.0	1.0	1.0	61.0	strong_rna_like	False	False	1.0	0.07934629	0.0	0.0	1.0	1.0	169.0	strong_rna_like	False	False	1.0	0.10319473	0.0	0.0	1.0	1.0	197.0	strong_rna_like	False	False	1.0	0.03249495999999999	0.16481528	False	False
Ribo_ND_112591	rna_virus	0	Green	Green	0.104938835	0.0	0.0	1.0	1.0	437.0	strong_rna_like	False	False	1.0	0.11665565	0.0	0.0	1.0	1.0	75.0	strong_rna_like	False	False	1.0	0.1162213	0.0	0.0	1.0	1.0	169.0	strong_rna_like	False	False	1.0	0.27442864	0.0	0.0	1.0	1.0	193.0	moderate_rna_like	False	False	1.0	-0.011716815000000005	0.1107972425	False	False
Ribo_ND_249827	rna_virus	0	Green	Green	0.061995808	0.0	0.0	1.0	1.0	379.0	strong_rna_like	False	False	1.0	0.01654592	0.0	0.0	1.0	1.0	67.0	strong_rna_like	False	False	1.0	0.17313147	0.0	0.0	1.0	1.0	169.0	strong_rna_like	False	False	1.0	0.5301404	1.0	1.0	0.0	0.0	143.0	ambiguous	False	False	1.0	0.045449888	0.039270864	False	False
Ribo_ND_175203	rna_virus	0	Green	Green	0.12611939	0.0	0.0	1.0	1.0	388.0	strong_rna_like	False	False	1.0	0.08030739	0.0	0.0	1.0	1.0	73.0	strong_rna_like	False	False	1.0	0.072981365	0.0	0.0	1.0	1.0	170.0	strong_rna_like	False	False	1.0	0.5327315	1.0	1.0	0.0	0.0	145.0	ambiguous	False	False	1.0	0.04581199999999999	0.10321339	False	False
Ribo_ND_185431	rna_virus	0	Green	Green	0.05978677	0.0	0.0	1.0	1.0	350.0	strong_rna_like	False	False	1.0	0.20798749	0.0	0.0	1.0	1.0	65.0	moderate_rna_like	False	False	1.0	0.15878637	0.0	0.0	1.0	1.0	169.0	strong_rna_like	False	False	1.0	0.116886	0.0	0.0	1.0	1.0	116.0	strong_rna_like	False	False	1.0	-0.14820072	0.13388713	False	False
Ribo_ND_266811	rna_virus	0	Green	Green	0.24112363	0.0	0.0	1.0	1.0	374.0	moderate_rna_like	False	False	1.0	0.116534926	0.0	0.0	1.0	1.0	88.0	strong_rna_like	False	False	1.0	0.22896795	0.0	0.0	1.0	1.0	169.0	moderate_rna_like	False	False	1.0	0.1934362	0.0	0.0	1.0	1.0	117.0	strong_rna_like	False	False	1.0	0.12458870400000001	0.178829278	False	False
Ribo_ND_386284	rna_virus	0	Green	Green	0.14890428	0.0	0.0	1.0	1.0	487.0	strong_rna_like	False	False	1.0	0.1327746	0.0	0.0	1.0	1.0	49.0	strong_rna_like	False	False	1.0	0.07083186	0.0	0.0	1.0	1.0	168.0	strong_rna_like	False	False	1.0	0.102278806	0.0	0.0	1.0	1.0	270.0	strong_rna_like	False	False	1.0	0.016129680000000007	0.14083943999999998	False	False
Ribo_ND_114322	rna_virus	0	Green	Green	0.3871821	0.0	0.0	1.0	1.0	378.0	moderate_rna_like	False	False	1.0	0.12892902	0.0	0.0	1.0	1.0	57.0	strong_rna_like	False	False	1.0	0.32842806	0.0	0.0	1.0	1.0	184.0	moderate_rna_like	False	False	1.0	0.10023088	0.0	0.0	1.0	1.0	137.0	strong_rna_like	False	False	1.0	0.25825307999999997	0.25805555999999996	False	False
Ribo_ND_114912	rna_virus	0	Green	Green	0.5679131	1.0	1.0	0.0	0.0	381.0	ambiguous	False	False	1.0	0.24280405	0.0	0.0	1.0	1.0	57.0	moderate_rna_like	False	False	1.0	0.27397522	0.0	0.0	1.0	1.0	186.0	moderate_rna_like	False	False	1.0	0.09012628	0.0	0.0	1.0	1.0	138.0	strong_rna_like	False	False	1.0	0.32510904999999996	0.40535857499999994	False	False
Ribo_ND_387689	rna_virus	0	Green	Green	0.05886109	0.0	0.0	1.0	1.0	300.0	strong_rna_like	False	False	1.0	0.04459657	0.0	0.0	1.0	1.0	46.0	strong_rna_like	False	False	1.0	0.084179245	0.0	0.0	1.0	1.0	173.0	strong_rna_like	False	False	1.0	0.6852175	1.0	1.0	0.0	0.0	81.0	moderate_crucivirus_like	False	True	1.0	0.014264519999999996	0.05172883	False	False
Ribo_ND_151781	rna_virus	0	Green	Green	0.34582245	0.0	0.0	1.0	1.0	429.0	moderate_rna_like	False	False	1.0	0.14266594	0.0	0.0	1.0	1.0	55.0	strong_rna_like	False	False	1.0	0.3947565	0.0	0.0	1.0	1.0	171.0	moderate_rna_like	False	False	1.0	0.4263129	0.0	0.0	1.0	1.0	203.0	ambiguous	False	False	1.0	0.20315651	0.244244195	False	False
Ribo_ND_383206	rna_virus	0	Green	Green	0.5005604	1.0	1.0	0.0	0.0	348.0	ambiguous	False	False	1.0	0.0763771	0.0	0.0	1.0	1.0	30.0	strong_rna_like	False	False	1.0	0.38446832	0.0	0.0	1.0	1.0	172.0	moderate_rna_like	False	False	1.0	0.28479016	0.0	0.0	1.0	1.0	146.0	moderate_rna_like	False	False	1.0	0.42418330000000004	0.28846875	False	False
Ribo_ND_147366	rna_virus	0	Green	Green	0.63960725	1.0	1.0	0.0	0.0	359.0	moderate_crucivirus_like	False	True	1.0	0.21511586	0.0	0.0	1.0	1.0	38.0	moderate_rna_like	False	False	1.0	0.096149884	0.0	0.0	1.0	1.0	175.0	strong_rna_like	False	False	1.0	0.67390186	1.0	1.0	0.0	0.0	146.0	moderate_crucivirus_like	False	True	1.0	0.42449138999999997	0.42736155499999995	False	False
Ribo_ND_030557	rna_virus	0	Green	Green	0.32845163	0.0	0.0	1.0	1.0	367.0	moderate_rna_like	False	False	1.0	0.071408056	0.0	0.0	1.0	1.0	61.0	strong_rna_like	False	False	1.0	0.07505943	0.0	0.0	1.0	1.0	171.0	strong_rna_like	False	False	1.0	0.67806804	1.0	1.0	0.0	0.0	135.0	moderate_crucivirus_like	False	True	1.0	0.257043574	0.199929843	False	False
Ribo_ND_366312	rna_virus	0	Green	Green	0.20572284	0.0	0.0	1.0	1.0	474.0	moderate_rna_like	False	False	1.0	0.44954988	0.0	0.0	1.0	1.0	172.0	ambiguous	False	False	1.0	0.17673557	0.0	0.0	1.0	1.0	173.0	strong_rna_like	False	False	1.0	0.5683074	1.0	1.0	0.0	0.0	129.0	ambiguous	False	False	1.0	-0.24382704000000002	0.32763636	False	False
Ribo_ND_390177	rna_virus	0	Green	Green	0.27870303	0.0	0.0	1.0	1.0	407.0	moderate_rna_like	False	False	1.0	0.1647367	0.0	0.0	1.0	1.0	97.0	strong_rna_like	False	False	1.0	0.22252487	0.0	0.0	1.0	1.0	175.0	moderate_rna_like	False	False	1.0	0.15431173	0.0	0.0	1.0	1.0	135.0	strong_rna_like	False	False	1.0	0.11396633	0.22171986500000002	False	False
Ribo_ND_388731	rna_virus	0	Green	Green	0.24845389	0.0	0.0	1.0	1.0	371.0	moderate_rna_like	False	False	1.0	0.23383819	0.0	0.0	1.0	1.0	48.0	moderate_rna_like	False	False	1.0	0.18132505	0.0	0.0	1.0	1.0	164.0	strong_rna_like	False	False	1.0	0.3508987	0.0	0.0	1.0	1.0	159.0	moderate_rna_like	False	False	1.0	0.01461570000000001	0.24114604	False	False
Ribo_ND_293168	rna_virus	0	Green	Green	0.14579645	0.0	0.0	1.0	1.0	362.0	strong_rna_like	False	False	1.0	0.06828136	0.0	0.0	1.0	1.0	44.0	strong_rna_like	False	False	1.0	0.17398639	0.0	0.0	1.0	1.0	172.0	strong_rna_like	False	False	1.0	0.41968438	0.0	0.0	1.0	1.0	146.0	ambiguous	False	False	1.0	0.07751509	0.10703890499999999	False	False
Ribo_ND_278789	rna_virus	0	Green	Green	0.22257131	0.0	0.0	1.0	1.0	342.0	moderate_rna_like	False	False	1.0	0.02827217	0.0	0.0	1.0	1.0	41.0	strong_rna_like	False	False	1.0	0.05935381	0.0	0.0	1.0	1.0	168.0	strong_rna_like	False	False	1.0	0.22231056	0.0	0.0	1.0	1.0	133.0	moderate_rna_like	False	False	1.0	0.19429913999999998	0.12542174	False	False
Ribo_ND_325601	rna_virus	0	Green	Green	0.27285272	0.0	0.0	1.0	1.0	374.0	moderate_rna_like	False	False	1.0	0.06105192	0.0	0.0	1.0	1.0	57.0	strong_rna_like	False	False	1.0	0.105947495	0.0	0.0	1.0	1.0	167.0	strong_rna_like	False	False	1.0	0.08842018	0.0	0.0	1.0	1.0	150.0	strong_rna_like	False	False	1.0	0.21180079999999998	0.16695232	False	False
Ribo_ND_025469	rna_virus	0	Green	Green	0.2658461	0.0	0.0	1.0	1.0	469.0	moderate_rna_like	False	False	1.0	0.16872646	0.0	0.0	1.0	1.0	147.0	strong_rna_like	False	False	1.0	0.24280883	0.0	0.0	1.0	1.0	172.0	moderate_rna_like	False	False	1.0	0.43764573	0.0	0.0	1.0	1.0	150.0	ambiguous	False	False	1.0	0.09711963999999998	0.21728628	False	False
Ribo_ND_112030	rna_virus	0	Green	Green	0.16200182	0.0	0.0	1.0	1.0	379.0	strong_rna_like	False	False	1.0	0.037165243	0.0	0.0	1.0	1.0	56.0	strong_rna_like	False	False	1.0	0.13833065	0.0	0.0	1.0	1.0	181.0	strong_rna_like	False	False	1.0	0.051629692	0.0	0.0	1.0	1.0	142.0	strong_rna_like	False	False	1.0	0.12483657699999999	0.09958353149999999	False	False
Ribo_ND_229813	rna_virus	0	Green	Green	0.12767276	0.0	0.0	1.0	1.0	395.0	strong_rna_like	False	False	1.0	0.34448308	0.0	0.0	1.0	1.0	82.0	moderate_rna_like	False	False	1.0	0.08679116	0.0	0.0	1.0	1.0	171.0	strong_rna_like	False	False	1.0	0.10400168	0.0	0.0	1.0	1.0	142.0	strong_rna_like	False	False	1.0	-0.21681032	0.23607792	False	False
Ribo_ND_179269	rna_virus	0	Green	Green	0.5520338	1.0	1.0	0.0	0.0	411.0	ambiguous	False	False	1.0	0.21435091	0.0	0.0	1.0	1.0	95.0	moderate_rna_like	False	False	1.0	0.15140711	0.0	0.0	1.0	1.0	172.0	strong_rna_like	False	False	1.0	0.10248501	0.0	0.0	1.0	1.0	144.0	strong_rna_like	False	False	1.0	0.33768289	0.38319235500000004	False	False
Ribo_ND_138928	rna_virus	0	Green	Green	0.16473629	0.0	0.0	1.0	1.0	399.0	strong_rna_like	False	False	1.0	0.07507729	0.0	0.0	1.0	1.0	81.0	strong_rna_like	False	False	1.0	0.04362956	0.0	0.0	1.0	1.0	171.0	strong_rna_like	False	False	1.0	0.1444274	0.0	0.0	1.0	1.0	147.0	strong_rna_like	False	False	1.0	0.089659	0.11990679000000001	False	False
Ribo_ND_276201	rna_virus	0	Green	Green	0.24503423	0.0	0.0	1.0	1.0	405.0	moderate_rna_like	False	False	1.0	0.3047401	0.0	0.0	1.0	1.0	84.0	moderate_rna_like	False	False	1.0	0.095859975	0.0	0.0	1.0	1.0	177.0	strong_rna_like	False	False	1.0	0.03339257	0.0	0.0	1.0	1.0	144.0	strong_rna_like	False	False	1.0	-0.05970587000000002	0.274887165	False	False
Ribo_ND_230750	rna_virus	0	Green	Green	0.37793168	0.0	0.0	1.0	1.0	377.0	moderate_rna_like	False	False	1.0	0.13908164	0.0	0.0	1.0	1.0	56.0	strong_rna_like	False	False	1.0	0.04039229	0.0	0.0	1.0	1.0	177.0	strong_rna_like	False	False	1.0	0.08588198	0.0	0.0	1.0	1.0	144.0	strong_rna_like	False	False	1.0	0.23885003999999999	0.25850666	False	False
Ribo_ND_053539	rna_virus	0	Green	Green	0.116068594	0.0	0.0	1.0	1.0	393.0	strong_rna_like	False	False	1.0	0.16619007	0.0	0.0	1.0	1.0	70.0	strong_rna_like	False	False	1.0	0.024934148	0.0	0.0	1.0	1.0	177.0	strong_rna_like	False	False	1.0	0.10761148	0.0	0.0	1.0	1.0	146.0	strong_rna_like	False	False	1.0	-0.050121476	0.141129332	False	False
Ribo_ND_051123	rna_virus	0	Green	Green	0.2137765	0.0	0.0	1.0	1.0	439.0	moderate_rna_like	False	False	1.0	0.15060315	0.0	0.0	1.0	1.0	116.0	strong_rna_like	False	False	1.0	0.03068348	0.0	0.0	1.0	1.0	177.0	strong_rna_like	False	False	1.0	0.114448674	0.0	0.0	1.0	1.0	146.0	strong_rna_like	False	False	1.0	0.06317335000000002	0.182189825	False	False
Ribo_ND_276198	rna_virus	0	Green	Green	0.31732827	0.0	0.0	1.0	1.0	381.0	moderate_rna_like	False	False	1.0	0.16301541	0.0	0.0	1.0	1.0	57.0	strong_rna_like	False	False	1.0	0.077967234	0.0	0.0	1.0	1.0	177.0	strong_rna_like	False	False	1.0	0.15174775	0.0	0.0	1.0	1.0	147.0	strong_rna_like	False	False	1.0	0.15431286000000002	0.24017184000000003	False	False
Ribo_ND_223996	rna_virus	0	Green	Green	0.20599127	0.0	0.0	1.0	1.0	430.0	moderate_rna_like	False	False	1.0	0.14372128	0.0	0.0	1.0	1.0	102.0	strong_rna_like	False	False	1.0	0.041621905	0.0	0.0	1.0	1.0	176.0	strong_rna_like	False	False	1.0	0.24577479	0.0	0.0	1.0	1.0	152.0	moderate_rna_like	False	False	1.0	0.06226999	0.174856275	False	False
Ribo_ND_035541	rna_virus	0	Green	Green	0.11576421	0.0	0.0	1.0	1.0	366.0	strong_rna_like	False	False	1.0	0.09216894	0.0	0.0	1.0	1.0	41.0	strong_rna_like	False	False	1.0	0.1961778	0.0	0.0	1.0	1.0	173.0	strong_rna_like	False	False	1.0	0.24836496	0.0	0.0	1.0	1.0	152.0	moderate_rna_like	False	False	1.0	0.02359527	0.103966575	False	False
Ribo_ND_172611	rna_virus	0	Green	Green	0.345049	0.0	0.0	1.0	1.0	354.0	moderate_rna_like	False	False	1.0	0.07150205	0.0	0.0	1.0	1.0	26.0	strong_rna_like	False	False	1.0	0.1456741	0.0	0.0	1.0	1.0	173.0	strong_rna_like	False	False	1.0	0.09487302	0.0	0.0	1.0	1.0	155.0	strong_rna_like	False	False	1.0	0.27354695	0.208275525	False	False
Ribo_ND_041978	rna_virus	0	Green	Green	0.07639645	0.0	0.0	1.0	1.0	347.0	strong_rna_like	False	False	1.0	0.076946646	0.0	0.0	1.0	1.0	28.0	strong_rna_like	False	False	1.0	0.14530584	0.0	0.0	1.0	1.0	174.0	strong_rna_like	False	False	1.0	0.11803692	0.0	0.0	1.0	1.0	145.0	strong_rna_like	False	False	1.0	-0.0005501959999999889	0.076671548	False	False
Ribo_ND_043569	rna_virus	0	Green	Green	0.08694105	0.0	0.0	1.0	1.0	377.0	strong_rna_like	False	False	1.0	0.016637681	0.0	0.0	1.0	1.0	62.0	strong_rna_like	False	False	1.0	0.25374034	0.0	0.0	1.0	1.0	174.0	moderate_rna_like	False	False	1.0	0.13005151	0.0	0.0	1.0	1.0	141.0	strong_rna_like	False	False	1.0	0.070303369	0.051789365500000004	False	False
Ribo_ND_025424	rna_virus	0	Green	Green	0.10710133	0.0	0.0	1.0	1.0	369.0	strong_rna_like	False	False	1.0	0.020471165	0.0	0.0	1.0	1.0	53.0	strong_rna_like	False	False	1.0	0.25022858	0.0	0.0	1.0	1.0	174.0	moderate_rna_like	False	False	1.0	0.12630719	0.0	0.0	1.0	1.0	142.0	strong_rna_like	False	False	1.0	0.086630165	0.0637862475	False	False
Ribo_ND_166797	rna_virus	0	Green	Green	0.12226167	0.0	0.0	1.0	1.0	371.0	strong_rna_like	False	False	1.0	0.10160318	0.0	0.0	1.0	1.0	53.0	strong_rna_like	False	False	1.0	0.06638986	0.0	0.0	1.0	1.0	173.0	strong_rna_like	False	False	1.0	0.2561899	0.0	0.0	1.0	1.0	145.0	moderate_rna_like	False	False	1.0	0.02065849	0.111932425	False	False
Ribo_ND_195569	rna_virus	0	Green	Green	0.086102664	0.0	0.0	1.0	1.0	395.0	strong_rna_like	False	False	1.0	0.044255037	0.0	0.0	1.0	1.0	77.0	strong_rna_like	False	False	1.0	0.114676766	0.0	0.0	1.0	1.0	173.0	strong_rna_like	False	False	1.0	0.26174504	0.0	0.0	1.0	1.0	145.0	moderate_rna_like	False	False	1.0	0.041847627	0.0651788505	False	False
Ribo_ND_226143	rna_virus	0	Green	Green	0.21114835	0.0	0.0	1.0	1.0	374.0	moderate_rna_like	False	False	1.0	0.12225808	0.0	0.0	1.0	1.0	56.0	strong_rna_like	False	False	1.0	0.23052119	0.0	0.0	1.0	1.0	173.0	moderate_rna_like	False	False	1.0	0.18241689	0.0	0.0	1.0	1.0	145.0	strong_rna_like	False	False	1.0	0.08889027000000001	0.16670321500000002	False	False
Ribo_ND_175769	rna_virus	0	Green	Green	0.0788188	0.0	0.0	1.0	1.0	372.0	strong_rna_like	False	False	1.0	0.13699673	0.0	0.0	1.0	1.0	60.0	strong_rna_like	False	False	1.0	0.16235149	0.0	0.0	1.0	1.0	174.0	strong_rna_like	False	False	1.0	0.29263723	0.0	0.0	1.0	1.0	138.0	moderate_rna_like	False	False	1.0	-0.05817793000000002	0.107907765	False	False
Ribo_ND_321366	rna_virus	0	Green	Green	0.06911464	0.0	0.0	1.0	1.0	365.0	strong_rna_like	False	False	1.0	0.027659694	0.0	0.0	1.0	1.0	47.0	strong_rna_like	False	False	1.0	0.2238275	0.0	0.0	1.0	1.0	174.0	moderate_rna_like	False	False	1.0	0.09434288	0.0	0.0	1.0	1.0	144.0	strong_rna_like	False	False	1.0	0.041454946000000006	0.048387167	False	False
Ribo_ND_177732	rna_virus	0	Green	Green	0.33234543	0.0	0.0	1.0	1.0	377.0	moderate_rna_like	False	False	1.0	0.118009314	0.0	0.0	1.0	1.0	62.0	strong_rna_like	False	False	1.0	0.3390259	0.0	0.0	1.0	1.0	179.0	moderate_rna_like	False	False	1.0	0.254697	0.0	0.0	1.0	1.0	136.0	moderate_rna_like	False	False	1.0	0.214336116	0.225177372	False	False
Ribo_ND_151495	rna_virus	0	Green	Green	0.10506684	0.0	0.0	1.0	1.0	400.0	strong_rna_like	False	False	1.0	0.076122686	0.0	0.0	1.0	1.0	49.0	strong_rna_like	False	False	1.0	0.06268076	0.0	0.0	1.0	1.0	176.0	strong_rna_like	False	False	1.0	0.4595023	0.0	0.0	1.0	1.0	175.0	ambiguous	False	False	1.0	0.028944154	0.090594763	False	False
Ribo_ND_278441	rna_virus	0	Green	Green	0.18764775	0.0	0.0	1.0	1.0	427.0	strong_rna_like	False	False	1.0	0.1694834	0.0	0.0	1.0	1.0	25.0	strong_rna_like	False	False	1.0	0.032087035	0.0	0.0	1.0	1.0	189.0	strong_rna_like	False	False	1.0	0.5417887	1.0	1.0	0.0	0.0	213.0	ambiguous	False	False	1.0	0.018164349999999996	0.178565575	False	False
Ribo_ND_289096	rna_virus	0	Green	Green	0.3319066	0.0	0.0	1.0	1.0	457.0	moderate_rna_like	False	False	1.0	0.26850426	0.0	0.0	1.0	1.0	94.0	moderate_rna_like	False	False	1.0	0.11887588	0.0	0.0	1.0	1.0	195.0	strong_rna_like	False	False	1.0	0.34029022	0.0	0.0	1.0	1.0	168.0	moderate_rna_like	False	False	1.0	0.06340234	0.30020543	False	False
Ribo_ND_044426	rna_virus	0	Green	Green	0.16556008	0.0	0.0	1.0	1.0	478.0	strong_rna_like	False	False	1.0	0.1970824	0.0	0.0	1.0	1.0	58.0	strong_rna_like	False	False	1.0	0.17072846	0.0	0.0	1.0	1.0	181.0	strong_rna_like	False	False	1.0	0.20051605	0.0	0.0	1.0	1.0	239.0	moderate_rna_like	False	False	1.0	-0.03152231999999999	0.18132124	False	False
Ribo_ND_128801	rna_virus	0	Green	Green	0.6296658	1.0	1.0	0.0	0.0	390.0	moderate_crucivirus_like	False	True	1.0	0.32050404	0.0	0.0	1.0	1.0	43.0	moderate_rna_like	False	False	1.0	0.13004284	0.0	0.0	1.0	1.0	178.0	strong_rna_like	False	False	1.0	0.76228637	1.0	1.0	0.0	0.0	169.0	moderate_crucivirus_like	False	True	1.0	0.30916176000000006	0.47508492	False	False
Ribo_ND_126777	rna_virus	0	Green	Green	0.64658177	1.0	1.0	0.0	0.0	342.0	moderate_crucivirus_like	False	True	1.0	0.24409392	0.0	0.0	1.0	1.0	57.0	moderate_rna_like	False	False	1.0	0.057834573	0.0	0.0	1.0	1.0	173.0	strong_rna_like	False	False	1.0	0.29228696	0.0	0.0	1.0	1.0	112.0	moderate_rna_like	False	False	1.0	0.40248785	0.44533784499999995	False	False
Ribo_ND_343394	rna_virus	0	Green	Green	0.21588518	0.0	0.0	1.0	1.0	417.0	moderate_rna_like	False	False	1.0	0.15444842	0.0	0.0	1.0	1.0	91.0	strong_rna_like	False	False	1.0	0.089884885	0.0	0.0	1.0	1.0	192.0	strong_rna_like	False	False	1.0	0.45775676	0.0	0.0	1.0	1.0	134.0	ambiguous	False	False	1.0	0.06143676000000001	0.18516680000000002	False	False
Ribo_ND_024955	rna_virus	0	Green	Green	0.055327274	0.0	0.0	1.0	1.0	476.0	strong_rna_like	False	False	1.0	0.049768664	0.0	0.0	1.0	1.0	64.0	strong_rna_like	False	False	1.0	0.53790104	1.0	0.0	0.0	1.0	174.0	ambiguous	False	False	1.0	0.24982174	0.0	0.0	1.0	1.0	238.0	moderate_rna_like	False	False	1.0	0.0055586100000000055	0.052547969	False	False
Ribo_ND_187623	rna_virus	0	Green	Green	0.12429662	0.0	0.0	1.0	1.0	418.0	strong_rna_like	False	False	1.0	0.04238267	0.0	0.0	1.0	1.0	47.0	strong_rna_like	False	False	1.0	0.16582575	0.0	0.0	1.0	1.0	186.0	strong_rna_like	False	False	1.0	0.27560437	0.0	0.0	1.0	1.0	185.0	moderate_rna_like	False	False	1.0	0.08191395	0.08333964499999999	False	False
Ribo_ND_122974	rna_virus	0	Green	Green	0.23604228	0.0	0.0	1.0	1.0	440.0	moderate_rna_like	False	False	1.0	0.0069644614	0.0	0.0	1.0	1.0	57.0	strong_rna_like	False	False	1.0	0.29017285	0.0	0.0	1.0	1.0	177.0	moderate_rna_like	False	False	1.0	0.48677707	0.0	0.0	1.0	1.0	206.0	ambiguous	False	False	1.0	0.22907781859999998	0.1215033707	False	False
Ribo_ND_290971	rna_virus	0	Green	Green	0.40616685	0.0	0.0	1.0	1.0	463.0	ambiguous	False	False	1.0	0.12413188	0.0	0.0	1.0	1.0	53.0	strong_rna_like	False	False	1.0	0.27848366	0.0	0.0	1.0	1.0	164.0	moderate_rna_like	False	False	1.0	0.72761863	1.0	1.0	0.0	0.0	246.0	moderate_crucivirus_like	False	True	1.0	0.28203497	0.265149365	False	False
Ribo_ND_387994	rna_virus	0	Green	Green	0.3023288	0.0	0.0	1.0	1.0	425.0	moderate_rna_like	False	False	1.0	0.105483264	0.0	0.0	1.0	1.0	53.0	strong_rna_like	False	False	1.0	0.09456133	0.0	0.0	1.0	1.0	177.0	strong_rna_like	False	False	1.0	0.7066255	1.0	1.0	0.0	0.0	195.0	moderate_crucivirus_like	False	True	1.0	0.19684553600000002	0.20390603200000001	False	False
Ribo_ND_024730	rna_virus	0	Green	Green	0.18520665	0.0	0.0	1.0	1.0	488.0	strong_rna_like	False	False	1.0	0.1716144	0.0	0.0	1.0	1.0	131.0	strong_rna_like	False	False	1.0	0.16780648	0.0	0.0	1.0	1.0	181.0	strong_rna_like	False	False	1.0	0.3109694	0.0	0.0	1.0	1.0	176.0	moderate_rna_like	False	False	1.0	0.01359225	0.178410525	False	False
Ribo_ND_281961	rna_virus	0	Green	Green	0.2029679	0.0	0.0	1.0	1.0	494.0	moderate_rna_like	False	False	1.0	0.06914692	0.0	0.0	1.0	1.0	180.0	strong_rna_like	False	False	1.0	0.2969699	0.0	0.0	1.0	1.0	174.0	moderate_rna_like	False	False	1.0	0.2085268	0.0	0.0	1.0	1.0	140.0	moderate_rna_like	False	False	1.0	0.13382098	0.13605741	False	False
Ribo_ND_129947	rna_virus	0	Green	Green	0.47049743	0.0	0.0	1.0	1.0	487.0	ambiguous	False	False	1.0	0.34199437	0.0	0.0	1.0	1.0	143.0	moderate_rna_like	False	False	1.0	0.31676334	0.0	0.0	1.0	1.0	186.0	moderate_rna_like	False	False	1.0	0.51465285	1.0	1.0	0.0	0.0	158.0	ambiguous	False	False	1.0	0.12850306	0.4062459	False	False
Ribo_ND_056260	rna_virus	0	Green	Green	0.4865225	0.0	0.0	1.0	1.0	591.0	ambiguous	False	False	1.0	0.24104042	0.0	0.0	1.0	1.0	69.0	moderate_rna_like	False	False	1.0	0.28129458	0.0	0.0	1.0	1.0	191.0	moderate_rna_like	False	False	1.0	0.6119173	1.0	1.0	0.0	0.0	331.0	moderate_crucivirus_like	False	True	1.0	0.24548208000000002	0.36378146	False	False
Ribo_ND_056123	rna_virus	0	Green	Green	0.68759847	1.0	1.0	0.0	0.0	567.0	moderate_crucivirus_like	False	True	1.0	0.08569495	0.0	0.0	1.0	1.0	63.0	strong_rna_like	False	False	1.0	0.12080181	0.0	0.0	1.0	1.0	190.0	strong_rna_like	False	False	1.0	0.17244972	0.0	0.0	1.0	1.0	314.0	strong_rna_like	False	False	1.0	0.6019035199999999	0.38664671	False	False
Ribo_ND_057440	rna_virus	0	Green	Green	0.30144703	0.0	0.0	1.0	1.0	608.0	moderate_rna_like	False	False	1.0	0.038486056	0.0	0.0	1.0	1.0	96.0	strong_rna_like	False	False	1.0	0.097822234	0.0	0.0	1.0	1.0	190.0	strong_rna_like	False	False	1.0	0.23983617	0.0	0.0	1.0	1.0	322.0	moderate_rna_like	False	False	1.0	0.262960974	0.169966543	False	False
Ribo_ND_058275	rna_virus	0	Green	Green	0.6803925	1.0	1.0	0.0	0.0	576.0	moderate_crucivirus_like	False	True	1.0	0.16782942	0.0	0.0	1.0	1.0	72.0	strong_rna_like	False	False	1.0	0.06980999	0.0	0.0	1.0	1.0	189.0	strong_rna_like	False	False	1.0	0.39820087	0.0	0.0	1.0	1.0	315.0	moderate_rna_like	False	False	1.0	0.51256308	0.42411096	False	False
Ribo_ND_057098	rna_virus	0	Green	Green	0.36319578	0.0	0.0	1.0	1.0	436.0	moderate_rna_like	False	False	1.0	0.029815223	0.0	0.0	1.0	1.0	43.0	strong_rna_like	False	False	1.0	0.049949188	0.0	0.0	1.0	1.0	177.0	strong_rna_like	False	False	1.0	0.5206404	1.0	1.0	0.0	0.0	216.0	ambiguous	False	False	1.0	0.333380557	0.1965055015	False	False
Ribo_ND_056464	rna_virus	0	Green	Green	0.46015662	0.0	0.0	1.0	1.0	434.0	ambiguous	False	False	1.0	0.046306353	0.0	0.0	1.0	1.0	43.0	strong_rna_like	False	False	1.0	0.07292451	0.0	0.0	1.0	1.0	177.0	strong_rna_like	False	False	1.0	0.6863961	1.0	1.0	0.0	0.0	214.0	moderate_crucivirus_like	False	True	1.0	0.413850267	0.2532314865	False	False
Ribo_ND_058928	rna_virus	0	Green	Green	0.41823724	0.0	0.0	1.0	1.0	479.0	ambiguous	False	False	1.0	0.09070223	0.0	0.0	1.0	1.0	74.0	strong_rna_like	False	False	1.0	0.1442835	0.0	0.0	1.0	1.0	173.0	strong_rna_like	False	False	1.0	0.47978836	0.0	0.0	1.0	1.0	232.0	ambiguous	False	False	1.0	0.32753501	0.25446973500000003	False	False
Ribo_ND_290964	rna_virus	0	Green	Green	0.20012715	0.0	0.0	1.0	1.0	462.0	moderate_rna_like	False	False	1.0	0.15901646	0.0	0.0	1.0	1.0	126.0	strong_rna_like	False	False	1.0	0.18693091	0.0	0.0	1.0	1.0	174.0	strong_rna_like	False	False	1.0	0.4324009	0.0	0.0	1.0	1.0	162.0	ambiguous	False	False	1.0	0.041110690000000005	0.179571805	False	False
Ribo_ND_041617	rna_virus	0	Green	Green	0.19833651	0.0	0.0	1.0	1.0	469.0	strong_rna_like	False	False	1.0	0.27369317	0.0	0.0	1.0	1.0	96.0	moderate_rna_like	False	False	1.0	0.13019894	0.0	0.0	1.0	1.0	173.0	strong_rna_like	False	False	1.0	0.33141035	0.0	0.0	1.0	1.0	200.0	moderate_rna_like	False	False	1.0	-0.07535665999999999	0.23601484	False	False
Cruci_CruV-883	crucivirus	1	Green	Green	0.94196564	1.0	1.0	1.0	1.0	415.0	strong_crucivirus_like	False	False	1.0	0.9716527	1.0	1.0	1.0	1.0	80.0	strong_crucivirus_like	False	False	1.0	0.34409317	0.0	0.0	0.0	0.0	185.0	moderate_rna_like	False	True	1.0	0.26535204	0.0	0.0	0.0	0.0	150.0	moderate_rna_like	False	True	1.0	-0.029687059999999987	0.9568091700000001	False	False
Cruci_CruV-884	crucivirus	1	Green	Green	0.94196564	1.0	1.0	1.0	1.0	415.0	strong_crucivirus_like	False	False	1.0	0.9716527	1.0	1.0	1.0	1.0	80.0	strong_crucivirus_like	False	False	1.0	0.34409317	0.0	0.0	0.0	0.0	185.0	moderate_rna_like	False	True	1.0	0.26535204	0.0	0.0	0.0	0.0	150.0	moderate_rna_like	False	True	1.0	-0.029687059999999987	0.9568091700000001	False	False
Cruci_CruV-943	crucivirus	1	Green	Green	0.53663427	1.0	1.0	1.0	1.0	411.0	ambiguous	False	False	1.0	0.3023935	0.0	0.0	0.0	0.0	36.0	moderate_rna_like	False	True	1.0	0.7383648	1.0	1.0	1.0	1.0	198.0	moderate_crucivirus_like	False	False	1.0	0.49706984	0.0	0.0	0.0	0.0	177.0	ambiguous	False	False	1.0	0.23424077	0.419513885	False	False
Ribo_ND_130501	rna_virus	0	Green	Green	0.238967	0.0	0.0	1.0	1.0	436.0	moderate_rna_like	False	False	1.0	0.09106943	0.0	0.0	1.0	1.0	69.0	strong_rna_like	False	False	1.0	0.3869037	0.0	0.0	1.0	1.0	177.0	moderate_rna_like	False	False	1.0	0.29935205	0.0	0.0	1.0	1.0	190.0	moderate_rna_like	False	False	1.0	0.14789757	0.16501821500000002	False	False
Cruci_CruV-745	crucivirus	1	Green	Green	0.85144764	1.0	1.0	1.0	1.0	615.0	strong_crucivirus_like	False	False	1.0	0.88593	1.0	1.0	1.0	1.0	99.0	strong_crucivirus_like	False	False	1.0	0.7269781	1.0	1.0	1.0	1.0	180.0	moderate_crucivirus_like	False	False	1.0	0.49033454	0.0	0.0	0.0	0.0	336.0	ambiguous	False	False	1.0	-0.034482360000000045	0.86868882	False	False
Cruci_CruV_345	crucivirus	1	Green	Green	0.57612735	1.0	1.0	1.0	1.0	539.0	ambiguous	False	False	1.0	0.5960576	1.0	1.0	1.0	1.0	78.0	ambiguous	False	False	1.0	0.82171	1.0	1.0	1.0	1.0	180.0	strong_crucivirus_like	False	False	1.0	0.58943576	1.0	1.0	1.0	1.0	281.0	ambiguous	False	False	1.0	-0.019930249999999927	0.5860924750000001	False	False
Cruci_CruV-747	crucivirus	1	Green	Green	0.80196935	1.0	1.0	1.0	1.0	599.0	strong_crucivirus_like	False	False	1.0	0.77549726	1.0	1.0	1.0	1.0	147.0	moderate_crucivirus_like	False	False	1.0	0.73544836	1.0	1.0	1.0	1.0	180.0	moderate_crucivirus_like	False	False	1.0	0.6524993	1.0	1.0	1.0	1.0	272.0	moderate_crucivirus_like	False	False	1.0	0.02647209000000006	0.788733305	False	False
Cruci_CruV-789	crucivirus	1	Green	Green	0.7767319	1.0	1.0	1.0	1.0	532.0	moderate_crucivirus_like	False	False	1.0	0.4664337	0.0	0.0	0.0	0.0	71.0	ambiguous	False	False	1.0	0.52311707	1.0	0.0	1.0	0.0	179.0	ambiguous	False	False	1.0	0.66680276	1.0	1.0	1.0	1.0	282.0	moderate_crucivirus_like	False	False	1.0	0.3102982	0.6215828	False	False
Cruci_CruV_287	crucivirus	1	Green	Green	0.8620789	1.0	1.0	1.0	1.0	562.0	strong_crucivirus_like	False	False	1.0	0.8122089	1.0	1.0	1.0	1.0	96.0	strong_crucivirus_like	False	False	1.0	0.3594717	0.0	0.0	0.0	0.0	180.0	moderate_rna_like	False	True	1.0	0.50535333	1.0	1.0	1.0	1.0	286.0	ambiguous	False	False	1.0	0.04986999999999997	0.8371439	False	False
Cruci_Ariz_MW697584	crucivirus	1	Green	Green	0.8272779	1.0	1.0	1.0	1.0	542.0	strong_crucivirus_like	False	False	1.0	0.5295183	1.0	1.0	1.0	1.0	49.0	ambiguous	False	False	1.0	0.24186155	0.0	0.0	0.0	0.0	184.0	moderate_rna_like	False	True	1.0	0.6193571	1.0	1.0	1.0	1.0	309.0	moderate_crucivirus_like	False	False	1.0	0.2977596	0.6783981	False	False
Cruci_CruV-802	crucivirus	1	Green	Green	0.8173043	1.0	1.0	1.0	1.0	540.0	strong_crucivirus_like	False	False	1.0	0.82724154	1.0	1.0	1.0	1.0	44.0	strong_crucivirus_like	False	False	1.0	0.27613917	0.0	0.0	0.0	0.0	182.0	moderate_rna_like	False	True	1.0	0.65809506	1.0	1.0	1.0	1.0	314.0	moderate_crucivirus_like	False	False	1.0	-0.00993724000000007	0.8222729200000001	False	False
Cruci_CruV-732	crucivirus	1	Green	Green	0.9795268	1.0	1.0	1.0	1.0	538.0	strong_crucivirus_like	False	False	1.0	0.9976941	1.0	1.0	1.0	1.0	102.0	strong_crucivirus_like	False	False	1.0	0.34523168	0.0	0.0	0.0	0.0	179.0	moderate_rna_like	False	True	1.0	0.5123954	1.0	1.0	1.0	1.0	257.0	ambiguous	False	False	1.0	-0.018167299999999997	0.98861045	False	False
Ribo_ND_381586	rna_virus	0	Green	Green	0.3042312	0.0	0.0	1.0	1.0	413.0	moderate_rna_like	False	False	1.0	0.03758911	0.0	0.0	1.0	1.0	109.0	strong_rna_like	False	False	1.0	0.09087516	0.0	0.0	1.0	1.0	170.0	strong_rna_like	False	False	1.0	0.19005883	0.0	0.0	1.0	1.0	134.0	strong_rna_like	False	False	1.0	0.26664209	0.17091015499999998	False	False
Ribo_ND_379299	rna_virus	0	Green	Green	0.61128795	1.0	1.0	0.0	0.0	458.0	moderate_crucivirus_like	False	True	1.0	0.6824544	1.0	1.0	0.0	0.0	141.0	moderate_crucivirus_like	False	True	1.0	0.08206398	0.0	0.0	1.0	1.0	177.0	strong_rna_like	False	False	1.0	0.30234995	0.0	0.0	1.0	1.0	140.0	moderate_rna_like	False	False	1.0	-0.07116644999999999	0.646871175	False	True
Ribo_ND_347441	rna_virus	0	Green	Green	0.2620595	0.0	0.0	1.0	1.0	434.0	moderate_rna_like	False	False	1.0	0.17337717	0.0	0.0	1.0	1.0	35.0	strong_rna_like	False	False	1.0	0.1270195	0.0	0.0	1.0	1.0	195.0	strong_rna_like	False	False	1.0	0.24591479	0.0	0.0	1.0	1.0	204.0	moderate_rna_like	False	False	1.0	0.08868233	0.21771833499999999	False	False
Ribo_ND_290214	rna_virus	0	Green	Green	0.26659635	0.0	0.0	1.0	1.0	392.0	moderate_rna_like	False	False	1.0											0.04403097	0.0	0.0	1.0	1.0	185.0	strong_rna_like	False	False	1.0	0.2421594	0.0	0.0	1.0	1.0	207.0	moderate_rna_like	False	False	1.0		0.26659635	False	False
Ribo_ND_103289	rna_virus	0	Green	Green	0.13915454	0.0	0.0	1.0	1.0	398.0	strong_rna_like	False	False	1.0											0.03507329	0.0	0.0	1.0	1.0	190.0	strong_rna_like	False	False	1.0	0.17154983	0.0	0.0	1.0	1.0	208.0	strong_rna_like	False	False	1.0		0.13915454	False	False
Ribo_ND_064866	rna_virus	0	Green	Green	0.06687776	0.0	0.0	1.0	1.0	442.0	strong_rna_like	False	False	1.0	0.07335454	0.0	0.0	1.0	1.0	32.0	strong_rna_like	False	False	1.0	0.041884597	0.0	0.0	1.0	1.0	197.0	strong_rna_like	False	False	1.0	0.24600026	0.0	0.0	1.0	1.0	213.0	moderate_rna_like	False	False	1.0	-0.006476780000000001	0.07011614999999999	False	False
Ribo_ND_024871	rna_virus	0	Green	Green	0.06489474	0.0	0.0	1.0	1.0	438.0	strong_rna_like	False	False	1.0	0.07335454	0.0	0.0	1.0	1.0	32.0	strong_rna_like	False	False	1.0	0.06338368	0.0	0.0	1.0	1.0	197.0	strong_rna_like	False	False	1.0	0.28081232	0.0	0.0	1.0	1.0	209.0	moderate_rna_like	False	False	1.0	-0.00845979999999999	0.06912464	False	False
Ribo_ND_151413	rna_virus	0	Green	Green	0.08594394	0.0	0.0	1.0	1.0	435.0	strong_rna_like	False	False	1.0	0.07236352	0.0	0.0	1.0	1.0	34.0	strong_rna_like	False	False	1.0	0.0927443	0.0	0.0	1.0	1.0	196.0	strong_rna_like	False	False	1.0	0.32647258	0.0	0.0	1.0	1.0	205.0	moderate_rna_like	False	False	1.0	0.013580419999999996	0.07915373	False	False
Ribo_ND_326772	rna_virus	0	Green	Green	0.24148674	0.0	0.0	1.0	1.0	421.0	moderate_rna_like	False	False	1.0	0.54893464	1.0	1.0	0.0	0.0	27.0	ambiguous	False	False	1.0	0.10198444	0.0	0.0	1.0	1.0	197.0	strong_rna_like	False	False	1.0	0.37407714	0.0	0.0	1.0	1.0	197.0	moderate_rna_like	False	False	1.0	-0.3074479	0.39521069000000003	False	False
Ribo_ND_379577	rna_virus	0	Green	Green	0.109763466	0.0	0.0	1.0	1.0	399.0	strong_rna_like	False	False	1.0	0.22596198	0.0	0.0	1.0	1.0	31.0	moderate_rna_like	False	False	1.0	0.11450721	0.0	0.0	1.0	1.0	189.0	strong_rna_like	False	False	1.0	0.45234132	0.0	0.0	1.0	1.0	179.0	ambiguous	False	False	1.0	-0.116198514	0.167862723	False	False
Ribo_ND_363858	rna_virus	0	Green	Green	0.37250245	0.0	0.0	1.0	1.0	423.0	moderate_rna_like	False	False	1.0	0.38785386	0.0	0.0	1.0	1.0	28.0	moderate_rna_like	False	False	1.0	0.0608514	0.0	0.0	1.0	1.0	194.0	strong_rna_like	False	False	1.0	0.35324216	0.0	0.0	1.0	1.0	201.0	moderate_rna_like	False	False	1.0	-0.01535141000000001	0.38017815499999996	False	False
Ribo_ND_385876	rna_virus	0	Green	Green	0.08987234	0.0	0.0	1.0	1.0	471.0	strong_rna_like	False	False	1.0	0.031256817	0.0	0.0	1.0	1.0	81.0	strong_rna_like	False	False	1.0	0.049533825	0.0	0.0	1.0	1.0	193.0	strong_rna_like	False	False	1.0	0.49502504	0.0	0.0	1.0	1.0	197.0	ambiguous	False	False	1.0	0.058615522999999996	0.060564578499999994	False	False
Ribo_ND_384169	rna_virus	0	Green	Green	0.53676337	1.0	1.0	0.0	0.0	385.0	ambiguous	False	False	1.0											0.10772653	0.0	0.0	1.0	1.0	189.0	strong_rna_like	False	False	1.0	0.2696884	0.0	0.0	1.0	1.0	196.0	moderate_rna_like	False	False	1.0		0.53676337	False	False
Ribo_ND_101966	rna_virus	0	Green	Green	0.23446298	0.0	0.0	1.0	1.0	420.0	moderate_rna_like	False	False	1.0	0.10737606	0.0	0.0	1.0	1.0	36.0	strong_rna_like	False	False	1.0	0.11468301	0.0	0.0	1.0	1.0	189.0	strong_rna_like	False	False	1.0	0.30346468	0.0	0.0	1.0	1.0	195.0	moderate_rna_like	False	False	1.0	0.12708692	0.17091952	False	False
Ribo_ND_347420	rna_virus	0	Green	Green	0.42600423	0.0	0.0	1.0	1.0	372.0	ambiguous	False	False	1.0											0.082459845	0.0	0.0	1.0	1.0	185.0	strong_rna_like	False	False	1.0	0.47116962	0.0	0.0	1.0	1.0	187.0	ambiguous	False	False	1.0		0.42600423	False	False
Ribo_ND_286562	rna_virus	0	Green	Green	0.4102899	0.0	0.0	1.0	1.0	455.0	ambiguous	False	False	1.0	0.29973626	0.0	0.0	1.0	1.0	65.0	moderate_rna_like	False	False	1.0	0.08378276	0.0	0.0	1.0	1.0	190.0	strong_rna_like	False	False	1.0	0.39071503	0.0	0.0	1.0	1.0	200.0	moderate_rna_like	False	False	1.0	0.11055364000000001	0.35501308	False	False
Ribo_ND_055821	rna_virus	0	Green	Green	0.11438428	0.0	0.0	1.0	1.0	402.0	strong_rna_like	False	False	1.0	0.2731249	0.0	0.0	1.0	1.0	10.0	moderate_rna_like	False	False	1.0	0.14842033	0.0	0.0	1.0	1.0	191.0	strong_rna_like	False	False	1.0	0.3530562	0.0	0.0	1.0	1.0	201.0	moderate_rna_like	False	False	1.0	-0.15874062	0.19375459	False	False
Ribo_ND_389147	rna_virus	0	Green	Green	0.36846924	0.0	0.0	1.0	1.0	382.0	moderate_rna_like	False	False	1.0											0.12854855	0.0	0.0	1.0	1.0	187.0	strong_rna_like	False	False	1.0	0.3317318	0.0	0.0	1.0	1.0	195.0	moderate_rna_like	False	False	1.0		0.36846924	False	False
Ribo_ND_339599	rna_virus	0	Green	Green	0.36135265	0.0	0.0	1.0	1.0	433.0	moderate_rna_like	False	False	1.0	0.15301956	0.0	0.0	1.0	1.0	43.0	strong_rna_like	False	False	1.0	0.1073531	0.0	0.0	1.0	1.0	188.0	strong_rna_like	False	False	1.0	0.45012322	0.0	0.0	1.0	1.0	202.0	ambiguous	False	False	1.0	0.20833309	0.257186105	False	False
Ribo_ND_335948	rna_virus	0	Green	Green	0.18845904	0.0	0.0	1.0	1.0	431.0	strong_rna_like	False	False	1.0	0.15012032	0.0	0.0	1.0	1.0	36.0	strong_rna_like	False	False	1.0	0.09839121	0.0	0.0	1.0	1.0	188.0	strong_rna_like	False	False	1.0	0.37902716	0.0	0.0	1.0	1.0	207.0	moderate_rna_like	False	False	1.0	0.03833871999999999	0.16928968	False	False
Ribo_ND_058974	rna_virus	0	Green	Green	0.2784214	0.0	0.0	1.0	1.0	356.0	moderate_rna_like	False	False	1.0											0.06148547	0.0	0.0	1.0	1.0	155.0	strong_rna_like	False	False	1.0	0.39146405	0.0	0.0	1.0	1.0	201.0	moderate_rna_like	False	False	1.0		0.2784214	False	False
Ribo_ND_057454	rna_virus	0	Green	Green	0.31274894	0.0	0.0	1.0	1.0	379.0	moderate_rna_like	False	False	1.0											0.026603354	0.0	0.0	1.0	1.0	179.0	strong_rna_like	False	False	1.0	0.36583143	0.0	0.0	1.0	1.0	200.0	moderate_rna_like	False	False	1.0		0.31274894	False	False
Ribo_ND_056608	rna_virus	0	Green	Green	0.19062157	0.0	0.0	1.0	1.0	410.0	strong_rna_like	False	False	1.0	0.27932927	0.0	0.0	1.0	1.0	24.0	moderate_rna_like	False	False	1.0	0.05928125	0.0	0.0	1.0	1.0	188.0	strong_rna_like	False	False	1.0	0.8266825	1.0	1.0	0.0	0.0	198.0	strong_crucivirus_like	True	True	1.0	-0.08870770000000003	0.23497542	False	False
Ribo_ND_055896	rna_virus	0	Green	Green	0.24943325	0.0	0.0	1.0	1.0	377.0	moderate_rna_like	False	False	1.0											0.040084206	0.0	0.0	1.0	1.0	179.0	strong_rna_like	False	False	1.0	0.74493134	1.0	1.0	0.0	0.0	198.0	moderate_crucivirus_like	False	True	1.0		0.24943325	False	False
Ribo_ND_059415	rna_virus	0	Green	Green	0.33554196	0.0	0.0	1.0	1.0	377.0	moderate_rna_like	False	False	1.0											0.03201247	0.0	0.0	1.0	1.0	179.0	strong_rna_like	False	False	1.0	0.63762057	1.0	1.0	0.0	0.0	198.0	moderate_crucivirus_like	False	True	1.0		0.33554196	False	False
Ribo_ND_086097	rna_virus	0	Green	Green	0.11172353	0.0	0.0	1.0	1.0	469.0	strong_rna_like	False	False	1.0	0.028996347	0.0	0.0	1.0	1.0	50.0	strong_rna_like	False	False	1.0	0.261349	0.0	0.0	1.0	1.0	193.0	moderate_rna_like	False	False	1.0	0.36300287	0.0	0.0	1.0	1.0	226.0	moderate_rna_like	False	False	1.0	0.08272718300000001	0.0703599385	False	False
Ribo_ND_387582	rna_virus	0	Green	Green	0.32380182	0.0	0.0	1.0	1.0	344.0	moderate_rna_like	False	False	1.0											0.22516586	0.0	0.0	1.0	1.0	154.0	moderate_rna_like	False	False	1.0	0.641572	1.0	1.0	0.0	0.0	190.0	moderate_crucivirus_like	False	True	1.0		0.32380182	False	False
Ribo_ND_285201	rna_virus	0	Green	Green	0.38353577	0.0	0.0	1.0	1.0	345.0	moderate_rna_like	False	False	1.0											0.113064915	0.0	0.0	1.0	1.0	154.0	strong_rna_like	False	False	1.0	0.62610054	1.0	1.0	0.0	0.0	191.0	moderate_crucivirus_like	False	True	1.0		0.38353577	False	False
Ribo_ND_146224	rna_virus	0	Green	Green	0.21640216	0.0	0.0	1.0	1.0	420.0	moderate_rna_like	False	False	1.0	0.025389683	0.0	0.0	1.0	1.0	40.0	strong_rna_like	False	False	1.0	0.1636054	0.0	0.0	1.0	1.0	191.0	strong_rna_like	False	False	1.0	0.4154359	0.0	0.0	1.0	1.0	189.0	ambiguous	False	False	1.0	0.191012477	0.1208959215	False	False
Ribo_ND_299966	rna_virus	0	Green	Green	0.6376358	1.0	1.0	0.0	0.0	330.0	moderate_crucivirus_like	False	True	1.0											0.42569146	0.0	0.0	1.0	1.0	146.0	ambiguous	False	False	1.0	0.31583935	0.0	0.0	1.0	1.0	184.0	moderate_rna_like	False	False	1.0		0.6376358	False	False
Ribo_ND_363181	rna_virus	0	Green	Green	0.22043486	0.0	0.0	1.0	1.0	332.0	moderate_rna_like	False	False	1.0											0.30420807	0.0	0.0	1.0	1.0	148.0	moderate_rna_like	False	False	1.0	0.42641664	0.0	0.0	1.0	1.0	184.0	ambiguous	False	False	1.0		0.22043486	False	False
Ribo_ND_279514	rna_virus	0	Green	Green	0.25001872	0.0	0.0	1.0	1.0	422.0	moderate_rna_like	False	False	1.0	0.08419204	0.0	0.0	1.0	1.0	49.0	strong_rna_like	False	False	1.0	0.47226366	0.0	0.0	1.0	1.0	189.0	ambiguous	False	False	1.0	0.47872815	0.0	0.0	1.0	1.0	184.0	ambiguous	False	False	1.0	0.16582668000000003	0.16710538000000003	False	False
Ribo_ND_100474	rna_virus	0	Green	Green	0.32069865	0.0	0.0	1.0	1.0	353.0	moderate_rna_like	False	False	1.0											0.37417564	0.0	0.0	1.0	1.0	172.0	moderate_rna_like	False	False	1.0	0.5374902	1.0	1.0	0.0	0.0	181.0	ambiguous	False	False	1.0		0.32069865	False	False
Ribo_ND_327002	rna_virus	0	Green	Green	0.11435224	0.0	0.0	1.0	1.0	426.0	strong_rna_like	False	False	1.0	0.060063723	0.0	0.0	1.0	1.0	60.0	strong_rna_like	False	False	1.0	0.4273041	0.0	0.0	1.0	1.0	189.0	ambiguous	False	False	1.0	0.55607706	1.0	1.0	0.0	0.0	177.0	ambiguous	False	False	1.0	0.054288516999999994	0.0872079815	False	False
Ribo_ND_066589	rna_virus	0	Green	Green	0.18984611	0.0	0.0	1.0	1.0	387.0	strong_rna_like	False	False	1.0	0.1210398	0.0	0.0	1.0	1.0	22.0	strong_rna_like	False	False	1.0	0.21674767	0.0	0.0	1.0	1.0	187.0	moderate_rna_like	False	False	1.0	0.35133746	0.0	0.0	1.0	1.0	178.0	moderate_rna_like	False	False	1.0	0.06880631000000001	0.155442955	False	False
Ribo_ND_336234	rna_virus	0	Green	Green	0.35528296	0.0	0.0	1.0	1.0	389.0	moderate_rna_like	False	False	1.0	0.13332166	0.0	0.0	1.0	1.0	37.0	strong_rna_like	False	False	1.0	0.22525789	0.0	0.0	1.0	1.0	183.0	moderate_rna_like	False	False	1.0	0.32135022	0.0	0.0	1.0	1.0	169.0	moderate_rna_like	False	False	1.0	0.22196129999999997	0.24430231	False	False
Cruci_CruV-760	crucivirus	1	Green	Green	0.25749242	0.0	0.0	0.0	0.0	405.0	moderate_rna_like	False	True	1.0	0.057462227	0.0	0.0	0.0	0.0	62.0	strong_rna_like	True	True	1.0	0.6769945	1.0	1.0	1.0	1.0	183.0	moderate_crucivirus_like	False	False	1.0	0.4100652	0.0	0.0	0.0	0.0	160.0	ambiguous	False	False	1.0	0.200030193	0.1574773235	False	True
Ribo_ND_287498	rna_virus	0	Green	Green	0.21919262	0.0	0.0	1.0	1.0	555.0	moderate_rna_like	False	False	1.0	0.10201023	0.0	0.0	1.0	1.0	188.0	strong_rna_like	False	False	1.0	0.05984294	0.0	0.0	1.0	1.0	190.0	strong_rna_like	False	False	1.0	0.17826355	0.0	0.0	1.0	1.0	177.0	strong_rna_like	False	False	1.0	0.11718239000000001	0.160601425	False	False
Ribo_ND_284218	rna_virus	0	Green	Green	0.18043396	0.0	0.0	1.0	1.0	356.0	strong_rna_like	False	False	1.0	0.1071362	0.0	0.0	1.0	1.0	83.0	strong_rna_like	False	False	1.0	0.01773453	0.0	0.0	1.0	1.0	153.0	strong_rna_like	False	False	1.0	0.14123315	0.0	0.0	1.0	1.0	120.0	strong_rna_like	False	False	1.0	0.07329776	0.14378508	False	False
Ribo_ND_284204	rna_virus	0	Green	Green	0.21096317	0.0	0.0	1.0	1.0	356.0	moderate_rna_like	False	False	1.0	0.10657649	0.0	0.0	1.0	1.0	83.0	strong_rna_like	False	False	1.0	0.055476237	0.0	0.0	1.0	1.0	153.0	strong_rna_like	False	False	1.0	0.16764252	0.0	0.0	1.0	1.0	120.0	strong_rna_like	False	False	1.0	0.10438668000000001	0.15876983	False	False
Ribo_ND_028737	rna_virus	0	Green	Green	0.15194818	0.0	0.0	1.0	1.0	360.0	strong_rna_like	False	False	1.0	0.13950582	0.0	0.0	1.0	1.0	84.0	strong_rna_like	False	False	1.0	0.06250907	0.0	0.0	1.0	1.0	153.0	strong_rna_like	False	False	1.0	0.23391035	0.0	0.0	1.0	1.0	123.0	moderate_rna_like	False	False	1.0	0.012442359999999986	0.145727	False	False
Ribo_ND_060792	rna_virus	0	Green	Green	0.117172524	0.0	0.0	1.0	1.0	356.0	strong_rna_like	False	False	1.0	0.020306071	0.0	0.0	1.0	1.0	80.0	strong_rna_like	False	False	1.0	0.15832812	0.0	0.0	1.0	1.0	153.0	strong_rna_like	False	False	1.0	0.30106896	0.0	0.0	1.0	1.0	123.0	moderate_rna_like	False	False	1.0	0.096866453	0.0687392975	False	False
Ribo_ND_107344	rna_virus	0	Green	Green	0.03920123	0.0	0.0	1.0	1.0	358.0	strong_rna_like	False	False	1.0	0.020097231	0.0	0.0	1.0	1.0	83.0	strong_rna_like	False	False	1.0	0.124611735	0.0	0.0	1.0	1.0	154.0	strong_rna_like	False	False	1.0	0.3976369	0.0	0.0	1.0	1.0	121.0	moderate_rna_like	False	False	1.0	0.019103998999999997	0.0296492305	False	False
Ribo_ND_043423	rna_virus	0	Green	Green	0.28697354	0.0	0.0	1.0	1.0	349.0	moderate_rna_like	False	False	1.0	0.11613953	0.0	0.0	1.0	1.0	77.0	strong_rna_like	False	False	1.0	0.29363903	0.0	0.0	1.0	1.0	151.0	moderate_rna_like	False	False	1.0	0.4173677	0.0	0.0	1.0	1.0	121.0	ambiguous	False	False	1.0	0.17083401000000004	0.201556535	False	False
Ribo_ND_048417	rna_virus	0	Green	Green	0.06308566	0.0	0.0	1.0	1.0	357.0	strong_rna_like	False	False	1.0	0.040017635	0.0	0.0	1.0	1.0	82.0	strong_rna_like	False	False	1.0	0.10800327	0.0	0.0	1.0	1.0	151.0	strong_rna_like	False	False	1.0	0.28474388	0.0	0.0	1.0	1.0	124.0	moderate_rna_like	False	False	1.0	0.023068025	0.051551647500000006	False	False
Ribo_ND_029528	rna_virus	0	Green	Green	0.11602627	0.0	0.0	1.0	1.0	350.0	strong_rna_like	False	False	1.0	0.09306865	0.0	0.0	1.0	1.0	78.0	strong_rna_like	False	False	1.0	0.1320572	0.0	0.0	1.0	1.0	151.0	strong_rna_like	False	False	1.0	0.072647676	0.0	0.0	1.0	1.0	121.0	strong_rna_like	False	False	1.0	0.022957619999999998	0.10454746000000001	False	False
Ribo_ND_030535	rna_virus	0	Green	Green	0.13316771	0.0	0.0	1.0	1.0	361.0	strong_rna_like	False	False	1.0	0.086354375	0.0	0.0	1.0	1.0	89.0	strong_rna_like	False	False	1.0	0.12822948	0.0	0.0	1.0	1.0	152.0	strong_rna_like	False	False	1.0	0.48862502	0.0	0.0	1.0	1.0	120.0	ambiguous	False	False	1.0	0.046813335	0.10976104249999999	False	False
Ribo_ND_236420	rna_virus	0	Green	Green	0.16037105	0.0	0.0	1.0	1.0	364.0	strong_rna_like	False	False	1.0	0.1895533	0.0	0.0	1.0	1.0	86.0	strong_rna_like	False	False	1.0	0.20604225	0.0	0.0	1.0	1.0	154.0	moderate_rna_like	False	False	1.0	0.067186214	0.0	0.0	1.0	1.0	124.0	strong_rna_like	False	False	1.0	-0.02918225000000002	0.174962175	False	False
Ribo_ND_276222	rna_virus	0	Green	Green	0.10866291	0.0	0.0	1.0	1.0	370.0	strong_rna_like	False	False	1.0	0.07157651	0.0	0.0	1.0	1.0	90.0	strong_rna_like	False	False	1.0	0.23705348	0.0	0.0	1.0	1.0	154.0	moderate_rna_like	False	False	1.0	0.12144398	0.0	0.0	1.0	1.0	126.0	strong_rna_like	False	False	1.0	0.037086400000000005	0.09011970999999999	False	False
Ribo_ND_025211	rna_virus	0	Green	Green	0.19677845	0.0	0.0	1.0	1.0	362.0	strong_rna_like	False	False	1.0	0.2350857	0.0	0.0	1.0	1.0	82.0	moderate_rna_like	False	False	1.0	0.19559349	0.0	0.0	1.0	1.0	154.0	strong_rna_like	False	False	1.0	0.24530466	0.0	0.0	1.0	1.0	126.0	moderate_rna_like	False	False	1.0	-0.038307250000000015	0.215932075	False	False
Ribo_ND_028716	rna_virus	0	Green	Green	0.07190385	0.0	0.0	1.0	1.0	375.0	strong_rna_like	False	False	1.0	0.19950905	0.0	0.0	1.0	1.0	93.0	strong_rna_like	False	False	1.0	0.2180884	0.0	0.0	1.0	1.0	154.0	moderate_rna_like	False	False	1.0	0.24121176	0.0	0.0	1.0	1.0	128.0	moderate_rna_like	False	False	1.0	-0.12760519999999997	0.13570645	False	False
Ribo_ND_030196	rna_virus	0	Green	Green	0.0792258	0.0	0.0	1.0	1.0	371.0	strong_rna_like	False	False	1.0	0.122633725	0.0	0.0	1.0	1.0	88.0	strong_rna_like	False	False	1.0	0.3417582	0.0	0.0	1.0	1.0	154.0	moderate_rna_like	False	False	1.0	0.2499295	0.0	0.0	1.0	1.0	129.0	moderate_rna_like	False	False	1.0	-0.043407925	0.10092976249999999	False	False
Ribo_ND_025361	rna_virus	0	Green	Green	0.081566006	0.0	0.0	1.0	1.0	386.0	strong_rna_like	False	False	1.0	0.20965731	0.0	0.0	1.0	1.0	89.0	moderate_rna_like	False	False	1.0	0.0627999	0.0	0.0	1.0	1.0	154.0	strong_rna_like	False	False	1.0	0.12833084	0.0	0.0	1.0	1.0	143.0	strong_rna_like	False	False	1.0	-0.12809130400000002	0.145611658	False	False
Ribo_ND_133460	rna_virus	0	Green	Green	0.0835368	0.0	0.0	1.0	1.0	378.0	strong_rna_like	False	False	1.0	0.14496656	0.0	0.0	1.0	1.0	65.0	strong_rna_like	False	False	1.0	0.07346664	0.0	0.0	1.0	1.0	175.0	strong_rna_like	False	False	1.0	0.3073405	0.0	0.0	1.0	1.0	138.0	moderate_rna_like	False	False	1.0	-0.06142976	0.11425168	False	False
Ribo_ND_121885	rna_virus	0	Green	Green	0.06891385	0.0	0.0	1.0	1.0	358.0	strong_rna_like	False	False	1.0	0.21759018	0.0	0.0	1.0	1.0	45.0	moderate_rna_like	False	False	1.0	0.10866728	0.0	0.0	1.0	1.0	175.0	strong_rna_like	False	False	1.0	0.42390257	0.0	0.0	1.0	1.0	138.0	ambiguous	False	False	1.0	-0.14867633	0.143252015	False	False
Ribo_ND_127922	rna_virus	0	Green	Green	0.05112561	0.0	0.0	1.0	1.0	384.0	strong_rna_like	False	False	1.0	0.09527922	0.0	0.0	1.0	1.0	71.0	strong_rna_like	False	False	1.0	0.09332963	0.0	0.0	1.0	1.0	175.0	strong_rna_like	False	False	1.0	0.36429816	0.0	0.0	1.0	1.0	138.0	moderate_rna_like	False	False	1.0	-0.044153609999999996	0.07320241499999999	False	False
Ribo_ND_088149	rna_virus	0	Green	Green	0.24309501	0.0	0.0	1.0	1.0	597.0	moderate_rna_like	False	False	1.0	0.08113281	0.0	0.0	1.0	1.0	120.0	strong_rna_like	False	False	1.0	0.122282855	0.0	0.0	1.0	1.0	186.0	strong_rna_like	False	False	1.0	0.46033028	0.0	0.0	1.0	1.0	291.0	ambiguous	False	False	1.0	0.1619622	0.16211391	False	False
Cruci_CruV-965	crucivirus	1	Green	Green	0.99109143	1.0	1.0	1.0	1.0	481.0	strong_crucivirus_like	False	False	1.0	0.9888148	1.0	1.0	1.0	1.0	124.0	strong_crucivirus_like	False	False	1.0	0.5335352	1.0	0.0	1.0	0.0	226.0	ambiguous	False	False	1.0	0.10555115	0.0	0.0	0.0	0.0	131.0	strong_rna_like	True	True	1.0	0.0022766300000000017	0.989953115	False	False
Cruci_CruV-966	crucivirus	1	Green	Green	0.99109143	1.0	1.0	1.0	1.0	481.0	strong_crucivirus_like	False	False	1.0	0.9888148	1.0	1.0	1.0	1.0	124.0	strong_crucivirus_like	False	False	1.0	0.5335352	1.0	0.0	1.0	0.0	226.0	ambiguous	False	False	1.0	0.10555115	0.0	0.0	0.0	0.0	131.0	strong_rna_like	True	True	1.0	0.0022766300000000017	0.989953115	False	False
Cruci_PB_KX388516	crucivirus	1	Purple	Purple	0.9128588	1.0	1.0	1.0	1.0	593.0	strong_crucivirus_like	False	False	1.0	0.91977507	1.0	1.0	1.0	1.0	177.0	strong_crucivirus_like	False	False	1.0	0.8321921	1.0	1.0	1.0	1.0	196.0	strong_crucivirus_like	False	False	1.0	0.556023	1.0	1.0	1.0	1.0	220.0	ambiguous	False	False	1.0	-0.006916270000000058	0.916316935	False	False
Cruci_Schm_JAMFLK010002086_circular	crucivirus	1	Purple	Purple	0.7099798	1.0	1.0	1.0	1.0	452.0	moderate_crucivirus_like	False	False	1.0	0.83214223	1.0	1.0	1.0	1.0	122.0	strong_crucivirus_like	False	False	1.0	0.7477862	1.0	1.0	1.0	1.0	180.0	moderate_crucivirus_like	False	False	1.0	0.3375735	0.0	0.0	0.0	0.0	150.0	moderate_rna_like	False	True	1.0	-0.12216242999999993	0.771061015	False	False
Cruci_CruV_420	crucivirus	1	Purple	Purple	0.46371803500000003	1.0	1.0	0.5	0.5	404.5	ambiguous;moderate_rna_like	False	True	2.0	0.4861778	0.0	0.0	0.0	0.0	117.0	ambiguous	False	False	1.0	0.67544687	1.0	1.0	1.0	1.0	182.0	moderate_crucivirus_like	False	False	1.0	0.35562629	0.0	0.0	0.0	0.0	149.0	moderate_rna_like	False	True	1.0	-0.022459764999999965	0.4749479175	False	False
Cruci_CruV-824	crucivirus	1	Purple	Purple	0.66328615	1.0	1.0	1.0	1.0	440.0	moderate_crucivirus_like	False	False	1.0	0.49207863	0.0	0.0	0.0	0.0	107.0	ambiguous	False	False	1.0	0.3846788	0.0	0.0	0.0	0.0	182.0	moderate_rna_like	False	True	1.0	0.30416316	0.0	0.0	0.0	0.0	151.0	moderate_rna_like	False	True	1.0	0.17120752	0.57768239	False	False
Cruci_CruV-687	crucivirus	1	Purple	Purple	0.86160845	1.0	1.0	1.0	1.0	466.0	strong_crucivirus_like	False	False	1.0	0.90202105	1.0	1.0	1.0	1.0	131.0	strong_crucivirus_like	False	False	1.0	0.67822343	1.0	1.0	1.0	1.0	183.0	moderate_crucivirus_like	False	False	1.0	0.47412765	0.0	0.0	0.0	0.0	152.0	ambiguous	False	False	1.0	-0.04041260000000002	0.88181475	False	False
Cruci_CruV-622	crucivirus	1	Purple	Purple	0.61995393	1.0	1.0	1.0	1.0	459.0	moderate_crucivirus_like	False	False	1.0	0.53200734	1.0	1.0	1.0	1.0	124.0	ambiguous	False	False	1.0	0.65725935	1.0	1.0	1.0	1.0	186.0	moderate_crucivirus_like	False	False	1.0	0.56715494	1.0	1.0	1.0	1.0	149.0	ambiguous	False	False	1.0	0.08794658999999994	0.5759806350000001	False	False
Cruci_CruV_94	crucivirus	1	Purple	Purple	0.88543326	1.0	1.0	1.0	1.0	451.0	strong_crucivirus_like	False	False	1.0	0.85446894	1.0	1.0	1.0	1.0	116.0	strong_crucivirus_like	False	False	1.0	0.75148094	1.0	1.0	1.0	1.0	183.0	moderate_crucivirus_like	False	False	1.0	0.55720234	1.0	1.0	1.0	1.0	152.0	ambiguous	False	False	1.0	0.030964320000000045	0.8699511	False	False
Cruci_CruV-618	crucivirus	1	Purple	Purple	0.52957505	1.0	1.0	1.0	1.0	458.0	ambiguous	False	False	1.0	0.81495476	1.0	1.0	1.0	1.0	119.0	strong_crucivirus_like	False	False	1.0	0.817777	1.0	1.0	1.0	1.0	186.0	strong_crucivirus_like	False	False	1.0	0.6906521	1.0	1.0	1.0	1.0	153.0	moderate_crucivirus_like	False	False	1.0	-0.28537970999999995	0.672264905	False	False
Cruci_chiv_Airborne_IC2_contig9	crucivirus	1	Purple	Purple	0.42222804	0.0	0.0	0.0	0.0	439.0	ambiguous	False	False	1.0	0.5230869	1.0	1.0	1.0	1.0	104.0	ambiguous	False	False	1.0	0.5624316	1.0	1.0	1.0	1.0	184.0	ambiguous	False	False	1.0	0.651439	1.0	1.0	1.0	1.0	151.0	moderate_crucivirus_like	False	False	1.0	-0.10085886	0.47265747	False	False
Cruci_CruV_339	crucivirus	1	Purple	Purple	0.76211727	1.0	1.0	1.0	1.0	457.0	moderate_crucivirus_like	False	False	1.0	0.7686224	1.0	1.0	1.0	1.0	120.0	moderate_crucivirus_like	False	False	1.0	0.49569649	0.0	0.0	0.0	0.0	186.0	ambiguous	False	False	1.0	0.6725115	1.0	1.0	1.0	1.0	151.0	moderate_crucivirus_like	False	False	1.0	-0.006505130000000081	0.765369835	False	False
Cruci_CruV_132	crucivirus	1	Purple	Purple	0.3952977	0.0	0.0	0.0	0.0	436.0	moderate_rna_like	False	True	1.0	0.5016367	1.0	1.0	1.0	1.0	104.0	ambiguous	False	False	1.0	0.52971375	1.0	1.0	1.0	1.0	185.0	ambiguous	False	False	1.0	0.3202382	0.0	0.0	0.0	0.0	147.0	moderate_rna_like	False	True	1.0	-0.10633900000000007	0.4484672	False	False
Cruci_CruV-612	crucivirus	1	Purple	Purple	0.76441735	1.0	1.0	1.0	1.0	436.0	moderate_crucivirus_like	False	False	1.0	0.6740538	1.0	1.0	1.0	1.0	97.0	moderate_crucivirus_like	False	False	1.0	0.8275579	1.0	1.0	1.0	1.0	187.0	strong_crucivirus_like	False	False	1.0	0.5525444	1.0	1.0	1.0	1.0	152.0	ambiguous	False	False	1.0	0.09036354999999996	0.719235575	False	False
Cruci_CruV-611	crucivirus	1	Purple	Purple	0.7989553	1.0	1.0	1.0	1.0	435.0	moderate_crucivirus_like	False	False	1.0	0.7962811	1.0	1.0	1.0	1.0	96.0	moderate_crucivirus_like	False	False	1.0	0.8272891	1.0	1.0	1.0	1.0	187.0	strong_crucivirus_like	False	False	1.0	0.46007326	0.0	0.0	0.0	0.0	152.0	ambiguous	False	False	1.0	0.002674200000000071	0.7976182	False	False
Cruci_CruV-780	crucivirus	1	Purple	Purple	0.9916957	1.0	1.0	1.0	1.0	473.0	strong_crucivirus_like	False	False	1.0	0.9890877	1.0	1.0	1.0	1.0	139.0	strong_crucivirus_like	False	False	1.0	0.4448022	0.0	0.0	0.0	0.0	180.0	ambiguous	False	False	1.0	0.3056728	0.0	0.0	0.0	0.0	154.0	moderate_rna_like	False	True	1.0	0.0026079999999999437	0.9903917	False	False
Cruci_CruV-788	crucivirus	1	Purple	Purple	0.053224128	0.0	0.0	0.0	0.0	519.0	strong_rna_like	True	True	1.0	0.034970835	0.0	0.0	0.0	0.0	146.0	strong_rna_like	True	True	1.0	0.70964545	1.0	1.0	1.0	1.0	191.0	moderate_crucivirus_like	False	False	1.0	0.7913211	1.0	1.0	1.0	1.0	182.0	moderate_crucivirus_like	False	False	1.0	0.018253293000000004	0.0440974815	True	True
Cruci_CruV-583	crucivirus	1	Purple	Purple	0.6493779	1.0	1.0	1.0	1.0	444.0	moderate_crucivirus_like	False	False	1.0	0.5974105	1.0	1.0	1.0	1.0	104.0	ambiguous	False	False	1.0	0.80059546	1.0	1.0	1.0	1.0	185.0	strong_crucivirus_like	False	False	1.0	0.46265352	0.0	0.0	0.0	0.0	155.0	ambiguous	False	False	1.0	0.0519674	0.6233941999999999	False	False
Cruci_CruV-584	crucivirus	1	Purple	Purple	0.6493779	1.0	1.0	1.0	1.0	444.0	moderate_crucivirus_like	False	False	1.0	0.5974105	1.0	1.0	1.0	1.0	104.0	ambiguous	False	False	1.0	0.80059546	1.0	1.0	1.0	1.0	185.0	strong_crucivirus_like	False	False	1.0	0.46265352	0.0	0.0	0.0	0.0	155.0	ambiguous	False	False	1.0	0.0519674	0.6233941999999999	False	False
Cruci_CruV_300	crucivirus	1	Purple	Purple	0.8912861	1.0	1.0	1.0	1.0	544.0	strong_crucivirus_like	False	False	1.0	0.9320868	1.0	1.0	1.0	1.0	107.0	strong_crucivirus_like	False	False	1.0	0.49545944	0.0	0.0	0.0	0.0	188.0	ambiguous	False	False	1.0	0.47651926	0.0	0.0	0.0	0.0	249.0	ambiguous	False	False	1.0	-0.04080070000000002	0.9116864499999999	False	False
Cruci_CruV-743	crucivirus	1	Purple	Purple	0.85599506	1.0	1.0	1.0	1.0	506.0	strong_crucivirus_like	False	False	1.0	0.9577694	1.0	1.0	1.0	1.0	107.0	strong_crucivirus_like	False	False	1.0	0.53697795	1.0	1.0	1.0	1.0	184.0	ambiguous	False	False	1.0	0.45894432	0.0	0.0	0.0	0.0	216.0	ambiguous	False	False	1.0	-0.10177433999999996	0.90688223	False	False
Ribo_ND_115273	rna_virus	0	Purple	Purple	0.34105438	0.0	0.0	1.0	1.0	409.0	moderate_rna_like	False	False	1.0	0.1960929	0.0	0.0	1.0	1.0	76.0	strong_rna_like	False	False	1.0	0.33700505	0.0	0.0	1.0	1.0	180.0	moderate_rna_like	False	False	1.0	0.2985104	0.0	0.0	1.0	1.0	153.0	moderate_rna_like	False	False	1.0	0.14496148	0.26857364	False	False
Cruci_CruV-761	crucivirus	1	Purple	Purple	0.9104933	1.0	1.0	1.0	1.0	479.0	strong_crucivirus_like	False	False	1.0	0.83305717	1.0	1.0	1.0	1.0	139.0	strong_crucivirus_like	False	False	1.0	0.84770507	1.0	1.0	1.0	1.0	188.0	strong_crucivirus_like	False	False	1.0	0.74035484	1.0	1.0	1.0	1.0	152.0	moderate_crucivirus_like	False	False	1.0	0.07743612999999994	0.871775235	False	False
Cruci_CruV-775	crucivirus	1	Purple	Purple	0.99381196	1.0	1.0	1.0	1.0	473.0	strong_crucivirus_like	False	False	1.0	0.9883364	1.0	1.0	1.0	1.0	121.0	strong_crucivirus_like	False	False	1.0	0.623389	1.0	1.0	1.0	1.0	184.0	moderate_crucivirus_like	False	False	1.0	0.8722587	1.0	1.0	1.0	1.0	168.0	strong_crucivirus_like	False	False	1.0	0.005475560000000046	0.99107418	False	False
Cruci_CruV-850	crucivirus	1	Purple	Purple	0.99077636	1.0	1.0	1.0	1.0	472.0	strong_crucivirus_like	False	False	1.0	0.9861531	1.0	1.0	1.0	1.0	117.0	strong_crucivirus_like	False	False	1.0	0.6942421	1.0	1.0	1.0	1.0	188.0	moderate_crucivirus_like	False	False	1.0	0.75606674	1.0	1.0	1.0	1.0	167.0	moderate_crucivirus_like	False	False	1.0	0.004623260000000018	0.98846473	False	False
Cruci_CruV-901	crucivirus	1	Purple	Purple	0.8753756	1.0	1.0	1.0	1.0	607.0	strong_crucivirus_like	False	False	1.0	0.8983455	1.0	1.0	1.0	1.0	261.0	strong_crucivirus_like	False	False	1.0	0.2420645	0.0	0.0	0.0	0.0	184.0	moderate_rna_like	False	True	1.0	0.6248817	1.0	1.0	1.0	1.0	162.0	moderate_crucivirus_like	False	False	1.0	-0.022969899999999988	0.88686055	False	False
Cruci_CruV_309	crucivirus	1	Purple	Purple	0.66026026	1.0	1.0	1.0	1.0	540.0	moderate_crucivirus_like	False	False	1.0	0.6652066	1.0	1.0	1.0	1.0	211.0	moderate_crucivirus_like	False	False	1.0	0.60052943	1.0	1.0	1.0	1.0	182.0	moderate_crucivirus_like	False	False	1.0	0.5690874	1.0	1.0	1.0	1.0	147.0	ambiguous	False	False	1.0	-0.004946339999999938	0.6627334300000001	False	False
Cruci_CruV_310	crucivirus	1	Purple	Purple	0.6415462	1.0	1.0	1.0	1.0	540.0	moderate_crucivirus_like	False	False	1.0	0.6757834	1.0	1.0	1.0	1.0	211.0	moderate_crucivirus_like	False	False	1.0	0.6027124	1.0	1.0	1.0	1.0	182.0	moderate_crucivirus_like	False	False	1.0	0.55908155	1.0	1.0	1.0	1.0	147.0	ambiguous	False	False	1.0	-0.03423720000000008	0.6586647999999999	False	False
Cruci_CruV_311	crucivirus	1	Purple	Purple	0.6415462	1.0	1.0	1.0	1.0	540.0	moderate_crucivirus_like	False	False	1.0	0.6757834	1.0	1.0	1.0	1.0	211.0	moderate_crucivirus_like	False	False	1.0	0.6027124	1.0	1.0	1.0	1.0	182.0	moderate_crucivirus_like	False	False	1.0	0.55908155	1.0	1.0	1.0	1.0	147.0	ambiguous	False	False	1.0	-0.03423720000000008	0.6586647999999999	False	False
Cruci_CruV_305	crucivirus	1	Purple	Purple	0.6561406	1.0	1.0	1.0	1.0	535.0	moderate_crucivirus_like	False	False	1.0	0.6096432	1.0	1.0	1.0	1.0	211.0	moderate_crucivirus_like	False	False	1.0	0.7732485	1.0	1.0	1.0	1.0	182.0	moderate_crucivirus_like	False	False	1.0	0.46597573	0.0	0.0	0.0	0.0	142.0	ambiguous	False	False	1.0	0.04649739999999991	0.6328919	False	False
Cruci_MC_NODE_89	crucivirus	1	Purple	Purple	0.7133272	1.0	1.0	1.0	1.0	531.0	moderate_crucivirus_like	False	False	1.0	0.7122364	1.0	1.0	1.0	1.0	211.0	moderate_crucivirus_like	False	False	1.0	0.7174415	1.0	1.0	1.0	1.0	182.0	moderate_crucivirus_like	False	False	1.0	0.51212645	1.0	1.0	1.0	1.0	138.0	ambiguous	False	False	1.0	0.0010908000000000584	0.7127818	False	False
Cruci_CruV_301	crucivirus	1	Purple	Purple	0.50162655	1.0	1.0	1.0	1.0	522.0	ambiguous	False	False	1.0	0.8435496	1.0	1.0	1.0	1.0	201.0	strong_crucivirus_like	False	False	1.0	0.7598765	1.0	1.0	1.0	1.0	182.0	moderate_crucivirus_like	False	False	1.0	0.34431022	0.0	0.0	0.0	0.0	139.0	moderate_rna_like	False	True	1.0	-0.34192305	0.672588075	False	False
Cruci_CruV_373	crucivirus	1	Purple	Purple	0.43497655	0.0	0.0	0.0	0.0	508.0	ambiguous	False	False	1.0	0.62238616	1.0	1.0	1.0	1.0	186.0	moderate_crucivirus_like	False	False	1.0	0.745326	1.0	1.0	1.0	1.0	182.0	moderate_crucivirus_like	False	False	1.0	0.2398888	0.0	0.0	0.0	0.0	140.0	moderate_rna_like	False	True	1.0	-0.18740961	0.528681355	False	False
Cruci_Tisza_MH617557.1	crucivirus	1	Purple	Purple	0.23796757	0.0	0.0	0.0	0.0	507.0	moderate_rna_like	False	True	1.0	0.34426913	0.0	0.0	0.0	0.0	185.0	moderate_rna_like	False	True	1.0	0.5541987	1.0	1.0	1.0	1.0	184.0	ambiguous	False	False	1.0	0.4296285	0.0	0.0	0.0	0.0	138.0	ambiguous	False	False	1.0	-0.10630155999999999	0.29111834999999997	False	True
Cruci_Schm_JAMFLK010001745_circular	crucivirus	1	Purple	Purple	0.7562054	1.0	1.0	1.0	1.0	515.0	moderate_crucivirus_like	False	False	1.0	0.81688225	1.0	1.0	1.0	1.0	188.0	strong_crucivirus_like	False	False	1.0	0.68606824	1.0	1.0	1.0	1.0	185.0	moderate_crucivirus_like	False	False	1.0	0.48692423	0.0	0.0	0.0	0.0	142.0	ambiguous	False	False	1.0	-0.060676850000000004	0.7865438250000001	False	False
Cruci_CruV_365	crucivirus	1	Purple	Purple	0.77078927	1.0	1.0	1.0	1.0	585.0	moderate_crucivirus_like	False	False	1.0	0.8156214	1.0	1.0	1.0	1.0	248.0	strong_crucivirus_like	False	False	1.0	0.21739633	0.0	0.0	0.0	0.0	183.0	moderate_rna_like	False	True	1.0	0.37840477	0.0	0.0	0.0	0.0	154.0	moderate_rna_like	False	True	1.0	-0.04483213000000008	0.793205335	False	False
Cruci_CruV-750	crucivirus	1	Purple	Purple	0.63560766	1.0	1.0	1.0	1.0	565.0	moderate_crucivirus_like	False	False	1.0	0.58465844	1.0	1.0	1.0	1.0	226.0	ambiguous	False	False	1.0	0.368482	0.0	0.0	0.0	0.0	183.0	moderate_rna_like	False	True	1.0	0.48081103	0.0	0.0	0.0	0.0	156.0	ambiguous	False	False	1.0	0.05094922000000002	0.61013305	False	False
Cruci_CruV-952	crucivirus	1	Purple	Purple	0.94006765	1.0	1.0	1.0	1.0	447.0	strong_crucivirus_like	False	False	1.0	0.9273447	1.0	1.0	1.0	1.0	113.0	strong_crucivirus_like	False	False	1.0	0.602413	1.0	1.0	1.0	1.0	184.0	moderate_crucivirus_like	False	False	1.0	0.56460756	1.0	1.0	1.0	1.0	150.0	ambiguous	False	False	1.0	0.01272295000000001	0.933706175	False	False
Cruci_CruV_384	crucivirus	1	Purple	Purple	0.72305256	1.0	1.0	1.0	1.0	498.0	moderate_crucivirus_like	False	False	1.0	0.9090904	1.0	1.0	1.0	1.0	164.0	strong_crucivirus_like	False	False	1.0	0.48736534	0.0	0.0	0.0	0.0	181.0	ambiguous	False	False	1.0	0.18597142	0.0	0.0	0.0	0.0	153.0	strong_rna_like	True	True	1.0	-0.18603784	0.81607148	False	False
Cruci_CruV_520	crucivirus	1	Purple	Purple	0.69560075	1.0	1.0	1.0	1.0	548.0	moderate_crucivirus_like	False	False	1.0	0.71560925	1.0	1.0	1.0	1.0	202.0	moderate_crucivirus_like	False	False	1.0	0.6380773	1.0	1.0	1.0	1.0	186.0	moderate_crucivirus_like	False	False	1.0	0.3567232	0.0	0.0	0.0	0.0	160.0	moderate_rna_like	False	True	1.0	-0.020008499999999985	0.705605	False	False
Cruci_CruV_213	crucivirus	1	Purple	Purple	0.6622526	1.0	1.0	1.0	1.0	507.0	moderate_crucivirus_like	False	False	1.0	0.7351352	1.0	1.0	1.0	1.0	176.0	moderate_crucivirus_like	False	False	1.0	0.5219212	1.0	1.0	1.0	1.0	184.0	ambiguous	False	False	1.0	0.30469036	0.0	0.0	0.0	0.0	147.0	moderate_rna_like	False	True	1.0	-0.07288260000000002	0.6986939	False	False
Cruci_CruV_391	crucivirus	1	Purple	Purple	0.29353604	0.0	0.0	0.0	0.0	542.0	moderate_rna_like	False	True	1.0	0.3621659	0.0	0.0	0.0	0.0	191.0	moderate_rna_like	False	True	1.0	0.7635264	1.0	1.0	1.0	1.0	189.0	moderate_crucivirus_like	False	False	1.0	0.6083292	1.0	1.0	1.0	1.0	162.0	moderate_crucivirus_like	False	False	1.0	-0.06862985999999999	0.32785096999999996	False	True
Cruci_CruV_424	crucivirus	1	Purple	Purple	0.45477146	0.0	0.0	0.0	0.0	504.0	ambiguous	False	False	1.0	0.6050174	1.0	1.0	1.0	1.0	165.0	moderate_crucivirus_like	False	False	1.0	0.6973335	1.0	1.0	1.0	1.0	181.0	moderate_crucivirus_like	False	False	1.0	0.32110727	0.0	0.0	0.0	0.0	158.0	moderate_rna_like	False	True	1.0	-0.15024594000000002	0.52989443	False	False
Cruci_CruV_419	crucivirus	1	Purple	Purple	0.90916944	1.0	1.0	1.0	1.0	463.0	strong_crucivirus_like	False	False	1.0	0.9405932	1.0	1.0	1.0	1.0	116.0	strong_crucivirus_like	False	False	1.0	0.7484655	1.0	1.0	1.0	1.0	181.0	moderate_crucivirus_like	False	False	1.0	0.24151155	0.0	0.0	0.0	0.0	166.0	moderate_rna_like	False	True	1.0	-0.03142376000000002	0.92488132	False	False
Cruci_CruV_467	crucivirus	1	Purple	Purple	0.69480324	1.0	1.0	1.0	1.0	428.0	moderate_crucivirus_like	False	False	1.0	0.7924947	1.0	1.0	1.0	1.0	98.0	moderate_crucivirus_like	False	False	1.0	0.7775787	1.0	1.0	1.0	1.0	183.0	moderate_crucivirus_like	False	False	1.0	0.44657025	0.0	0.0	0.0	0.0	147.0	ambiguous	False	False	1.0	-0.09769145999999995	0.74364897	False	False
Cruci_PB_KX388510	crucivirus	1	Purple	Purple	0.5878649	1.0	1.0	1.0	1.0	449.0	ambiguous	False	False	1.0	0.6292276	1.0	1.0	1.0	1.0	114.0	moderate_crucivirus_like	False	False	1.0	0.8423713	1.0	1.0	1.0	1.0	188.0	strong_crucivirus_like	False	False	1.0	0.84380406	1.0	1.0	1.0	1.0	150.0	strong_crucivirus_like	False	False	1.0	-0.041362699999999974	0.6085462500000001	False	False
Cruci_PB_KX388509	crucivirus	1	Purple	Purple	0.87767905	1.0	1.0	1.0	1.0	445.0	strong_crucivirus_like	False	False	1.0	0.87092465	1.0	1.0	1.0	1.0	98.0	strong_crucivirus_like	False	False	1.0	0.6247989	1.0	1.0	1.0	1.0	190.0	moderate_crucivirus_like	False	False	1.0	0.66077536	1.0	1.0	1.0	1.0	161.0	moderate_crucivirus_like	False	False	1.0	0.006754400000000049	0.8743018499999999	False	False
Cruci_Ariz_MW697554	crucivirus	1	Purple	Purple	0.45175573	0.0	0.0	0.0	0.0	514.0	ambiguous	False	False	1.0	0.47250062	0.0	0.0	0.0	0.0	101.0	ambiguous	False	False	1.0	0.6413767	1.0	1.0	1.0	1.0	184.0	moderate_crucivirus_like	False	False	1.0	0.5516122	1.0	1.0	1.0	1.0	229.0	ambiguous	False	False	1.0	-0.02074488999999996	0.46212817500000003	False	False
Cruci_CruV-770	crucivirus	1	Purple	Purple	0.5315144	1.0	1.0	1.0	1.0	611.0	ambiguous	False	False	1.0	0.6215492	1.0	1.0	1.0	1.0	142.0	moderate_crucivirus_like	False	False	1.0	0.7093586	1.0	1.0	1.0	1.0	181.0	moderate_crucivirus_like	False	False	1.0	0.38076383	0.0	0.0	0.0	0.0	288.0	moderate_rna_like	False	True	1.0	-0.09003479999999997	0.5765318	False	False
Cruci_CruV-806	crucivirus	1	Purple	Purple	0.6377333	1.0	1.0	1.0	1.0	586.0	moderate_crucivirus_like	False	False	1.0	0.357718	0.0	0.0	0.0	0.0	108.0	moderate_rna_like	False	True	1.0	0.7606533	1.0	1.0	1.0	1.0	181.0	moderate_crucivirus_like	False	False	1.0	0.58703834	1.0	1.0	1.0	1.0	297.0	ambiguous	False	False	1.0	0.28001529999999997	0.49772564999999996	False	False
Cruci_CruV_232	crucivirus	1	Purple	Purple	0.8321203	1.0	1.0	1.0	1.0	601.0	strong_crucivirus_like	False	False	1.0	0.89773864	1.0	1.0	1.0	1.0	121.0	strong_crucivirus_like	False	False	1.0	0.5901566	1.0	1.0	1.0	1.0	197.0	ambiguous	False	False	1.0	0.2089393	0.0	0.0	0.0	0.0	283.0	moderate_rna_like	False	True	1.0	-0.06561834	0.8649294700000001	False	False
Cruci_CruV_382	crucivirus	1	Purple	Purple	0.9280144	1.0	1.0	1.0	1.0	599.0	strong_crucivirus_like	False	False	1.0	0.93000996	1.0	1.0	1.0	1.0	117.0	strong_crucivirus_like	False	False	1.0	0.45116633	0.0	0.0	0.0	0.0	185.0	ambiguous	False	False	1.0	0.46406147	0.0	0.0	0.0	0.0	297.0	ambiguous	False	False	1.0	-0.0019955600000000073	0.92901218	False	False
Cruci_PB_KX388503	crucivirus	1	Purple	Purple	0.8875393	1.0	1.0	1.0	1.0	589.0	strong_crucivirus_like	False	False	1.0	0.8079414	1.0	1.0	1.0	1.0	120.0	strong_crucivirus_like	False	False	1.0	0.559551	1.0	1.0	1.0	1.0	183.0	ambiguous	False	False	1.0	0.38725072	0.0	0.0	0.0	0.0	286.0	moderate_rna_like	False	True	1.0	0.0795979	0.84774035	False	False
Cruci_CruV_125	crucivirus	1	Purple	Purple	0.72677684	1.0	1.0	1.0	1.0	569.0	moderate_crucivirus_like	False	False	1.0	0.6051075	1.0	1.0	1.0	1.0	107.0	moderate_crucivirus_like	False	False	1.0	0.67071354	1.0	1.0	1.0	1.0	185.0	moderate_crucivirus_like	False	False	1.0	0.27297178	0.0	0.0	0.0	0.0	277.0	moderate_rna_like	False	True	1.0	0.12166933999999996	0.66594217	False	False
Cruci_PB_KX388502	crucivirus	1	Purple	Purple	0.8890153	1.0	1.0	1.0	1.0	563.0	strong_crucivirus_like	False	False	1.0	0.84688675	1.0	1.0	1.0	1.0	129.0	strong_crucivirus_like	False	False	1.0	0.7167669	1.0	1.0	1.0	1.0	180.0	moderate_crucivirus_like	False	False	1.0	0.6428817	1.0	1.0	1.0	1.0	254.0	moderate_crucivirus_like	False	False	1.0	0.04212854999999993	0.867951025	False	False
Cruci_CruV_219	crucivirus	1	Purple	Purple	0.8902486	1.0	1.0	1.0	1.0	559.0	strong_crucivirus_like	False	False	1.0	0.8162564	1.0	1.0	1.0	1.0	114.0	strong_crucivirus_like	False	False	1.0	0.4849385	0.0	0.0	0.0	0.0	180.0	ambiguous	False	False	1.0	0.4230351	0.0	0.0	0.0	0.0	265.0	ambiguous	False	False	1.0	0.07399219999999995	0.8532525	False	False
Cruci_CruV_194	crucivirus	1	Purple	Purple	0.82770973	1.0	1.0	1.0	1.0	552.0	strong_crucivirus_like	False	False	1.0	0.7977643	1.0	1.0	1.0	1.0	110.0	moderate_crucivirus_like	False	False	1.0	0.62613064	1.0	1.0	1.0	1.0	180.0	moderate_crucivirus_like	False	False	1.0	0.3097699	0.0	0.0	0.0	0.0	262.0	moderate_rna_like	False	True	1.0	0.02994543000000005	0.812737015	False	False
Cruci_CruV_288	crucivirus	1	Purple	Purple	0.7943771	1.0	1.0	1.0	1.0	538.0	moderate_crucivirus_like	False	False	1.0	0.70588195	1.0	1.0	1.0	1.0	99.0	moderate_crucivirus_like	False	False	1.0	0.6544139	1.0	1.0	1.0	1.0	188.0	moderate_crucivirus_like	False	False	1.0	0.34112772	0.0	0.0	0.0	0.0	251.0	moderate_rna_like	False	True	1.0	0.08849514999999997	0.750129525	False	False
Cruci_CruV-653	crucivirus	1	Purple	Purple	0.79150194	1.0	1.0	1.0	1.0	512.0	moderate_crucivirus_like	False	False	1.0	0.8779422	1.0	1.0	1.0	1.0	108.0	strong_crucivirus_like	False	False	1.0	0.6473024	1.0	1.0	1.0	1.0	181.0	moderate_crucivirus_like	False	False	1.0	0.17828086	0.0	0.0	0.0	0.0	223.0	strong_rna_like	True	True	1.0	-0.08644026000000005	0.83472207	False	False
Cruci_CruV-613	crucivirus	1	Purple	Purple	0.7578691	1.0	1.0	1.0	1.0	534.0	moderate_crucivirus_like	False	False	1.0	0.8814727	1.0	1.0	1.0	1.0	122.0	strong_crucivirus_like	False	False	1.0	0.83293515	1.0	1.0	1.0	1.0	180.0	strong_crucivirus_like	False	False	1.0	0.66694546	1.0	1.0	1.0	1.0	232.0	moderate_crucivirus_like	False	False	1.0	-0.12360360000000004	0.8196709	False	False
Cruci_CruV-679	crucivirus	1	Purple	Purple	0.42715365	0.0	0.0	0.0	0.0	525.0	ambiguous	False	False	1.0	0.30629036	0.0	0.0	0.0	0.0	102.0	moderate_rna_like	False	True	1.0	0.49050027	0.0	0.0	0.0	0.0	179.0	ambiguous	False	False	1.0	0.38595054	0.0	0.0	0.0	0.0	244.0	moderate_rna_like	False	True	1.0	0.12086329000000001	0.36672200499999996	False	False
Cruci_CruV-774	crucivirus	1	Purple	Purple	0.44310647	0.0	0.0	0.0	0.0	516.0	ambiguous	False	False	1.0	0.37115785	0.0	0.0	0.0	0.0	103.0	moderate_rna_like	False	True	1.0	0.32431948	0.0	0.0	0.0	0.0	179.0	moderate_rna_like	False	True	1.0	0.41608244	0.0	0.0	0.0	0.0	234.0	ambiguous	False	False	1.0	0.07194861999999996	0.40713215999999997	False	False
Cruci_CruV_186	crucivirus	1	Purple	Purple	0.77878654	1.0	1.0	1.0	1.0	527.0	moderate_crucivirus_like	False	False	1.0	0.79776573	1.0	1.0	1.0	1.0	105.0	moderate_crucivirus_like	False	False	1.0	0.652092	1.0	1.0	1.0	1.0	185.0	moderate_crucivirus_like	False	False	1.0	0.42188835	0.0	0.0	0.0	0.0	237.0	ambiguous	False	False	1.0	-0.018979189999999924	0.788276135	False	False
Cruci_CruV-737	crucivirus	1	Purple	Purple	0.8895465	1.0	1.0	1.0	1.0	560.0	strong_crucivirus_like	False	False	1.0	0.913329	1.0	1.0	1.0	1.0	113.0	strong_crucivirus_like	False	False	1.0	0.55828273	1.0	1.0	1.0	1.0	181.0	ambiguous	False	False	1.0	0.5715619	1.0	1.0	1.0	1.0	266.0	ambiguous	False	False	1.0	-0.02378249999999993	0.9014377499999999	False	False
Cruci_CruV_185	crucivirus	1	Purple	Purple	0.41623008	0.0	0.0	0.0	0.0	551.0	ambiguous	False	False	1.0	0.6341636	1.0	1.0	1.0	1.0	197.0	moderate_crucivirus_like	False	False	1.0	0.6112933	1.0	1.0	1.0	1.0	185.0	moderate_crucivirus_like	False	False	1.0	0.6403322	1.0	1.0	1.0	1.0	169.0	moderate_crucivirus_like	False	False	1.0	-0.21793352000000005	0.52519684	False	False
Cruci_CruV_127	crucivirus	1	Purple	Purple	0.64916176	1.0	1.0	1.0	1.0	467.0	moderate_crucivirus_like	False	False	1.0	0.55297035	1.0	1.0	1.0	1.0	113.0	ambiguous	False	False	1.0	0.67106074	1.0	1.0	1.0	1.0	185.0	moderate_crucivirus_like	False	False	1.0	0.74875027	1.0	1.0	1.0	1.0	169.0	moderate_crucivirus_like	False	False	1.0	0.09619140999999998	0.601066055	False	False
Cruci_CruV_173	crucivirus	1	Purple	Purple	0.58286047	1.0	1.0	1.0	1.0	468.0	ambiguous	False	False	1.0	0.48466316	0.0	0.0	0.0	0.0	115.0	ambiguous	False	False	1.0	0.3625621	0.0	0.0	0.0	0.0	185.0	moderate_rna_like	False	True	1.0	0.66896653	1.0	1.0	1.0	1.0	168.0	moderate_crucivirus_like	False	False	1.0	0.09819730999999998	0.533761815	False	False
Cruci_CruV-627	crucivirus	1	Purple	Purple	0.5215424	1.0	1.0	1.0	1.0	534.0	ambiguous	False	False	1.0	0.620168	1.0	1.0	1.0	1.0	172.0	moderate_crucivirus_like	False	False	1.0	0.43869185	0.0	0.0	0.0	0.0	185.0	ambiguous	False	False	1.0	0.5675572	1.0	1.0	1.0	1.0	177.0	ambiguous	False	False	1.0	-0.09862560000000009	0.5708552	False	False
Cruci_CruV_108	crucivirus	1	Purple	Purple	0.84069014	1.0	1.0	1.0	1.0	456.0	strong_crucivirus_like	False	False	1.0	0.76581615	1.0	1.0	1.0	1.0	104.0	moderate_crucivirus_like	False	False	1.0	0.7962816	1.0	1.0	1.0	1.0	186.0	moderate_crucivirus_like	False	False	1.0	0.75525844	1.0	1.0	1.0	1.0	166.0	moderate_crucivirus_like	False	False	1.0	0.07487398999999995	0.803253145	False	False
Cruci_CruV_86	crucivirus	1	Purple	Purple	0.26314163	0.0	0.0	0.0	0.0	435.0	moderate_rna_like	False	True	1.0	0.11825183	0.0	0.0	0.0	0.0	92.0	strong_rna_like	True	True	1.0	0.45997712	0.0	0.0	0.0	0.0	184.0	ambiguous	False	False	1.0	0.8312019	1.0	1.0	1.0	1.0	159.0	strong_crucivirus_like	False	False	1.0	0.1448898	0.19069673	False	True
Cruci_CruV-736	crucivirus	1	Purple	Purple	0.39642355	0.0	0.0	0.0	0.0	533.0	moderate_rna_like	False	True	1.0	0.6184875	1.0	1.0	1.0	1.0	121.0	moderate_crucivirus_like	False	False	1.0	0.3367459	0.0	0.0	0.0	0.0	185.0	moderate_rna_like	False	True	1.0	0.30470338	0.0	0.0	0.0	0.0	227.0	moderate_rna_like	False	True	1.0	-0.22206394999999995	0.507455525	False	False
Cruci_CruV-767	crucivirus	1	Purple	Purple	0.68726057	1.0	1.0	1.0	1.0	520.0	moderate_crucivirus_like	False	False	1.0	0.7566565	1.0	1.0	1.0	1.0	111.0	moderate_crucivirus_like	False	False	1.0	0.61818665	1.0	1.0	1.0	1.0	184.0	moderate_crucivirus_like	False	False	1.0	0.382109	0.0	0.0	0.0	0.0	225.0	moderate_rna_like	False	True	1.0	-0.06939593	0.721958535	False	False
Cruci_CruV-683	crucivirus	1	Purple	Purple	0.76599497	1.0	1.0	1.0	1.0	513.0	moderate_crucivirus_like	False	False	1.0	0.85017425	1.0	1.0	1.0	1.0	132.0	strong_crucivirus_like	False	False	1.0	0.35399666	0.0	0.0	0.0	0.0	185.0	moderate_rna_like	False	True	1.0	0.4385351	0.0	0.0	0.0	0.0	196.0	ambiguous	False	False	1.0	-0.08417927999999997	0.8080846100000001	False	False
Cruci_CruV_93	crucivirus	1	Purple	Purple	0.9128718	1.0	1.0	1.0	1.0	471.0	strong_crucivirus_like	False	False	1.0	0.91811293	1.0	1.0	1.0	1.0	134.0	strong_crucivirus_like	False	False	1.0	0.4300435	0.0	0.0	0.0	0.0	186.0	ambiguous	False	False	1.0	0.7666035	1.0	1.0	1.0	1.0	151.0	moderate_crucivirus_like	False	False	1.0	-0.005241130000000038	0.915492365	False	False
Cruci_CruV_209	crucivirus	1	Purple	Purple	0.83911395	1.0	1.0	1.0	1.0	464.0	strong_crucivirus_like	False	False	1.0	0.9423125	1.0	1.0	1.0	1.0	127.0	strong_crucivirus_like	False	False	1.0	0.5948852	1.0	1.0	1.0	1.0	187.0	ambiguous	False	False	1.0	0.4024448	0.0	0.0	0.0	0.0	150.0	ambiguous	False	False	1.0	-0.10319855	0.890713225	False	False
Cruci_CruV-580	crucivirus	1	Purple	Purple	0.40519857	0.0	0.0	0.0	0.0	459.0	ambiguous	False	False	1.0	0.57626826	1.0	1.0	1.0	1.0	120.0	ambiguous	False	False	1.0	0.4639569	0.0	0.0	0.0	0.0	186.0	ambiguous	False	False	1.0	0.50570357	1.0	1.0	1.0	1.0	153.0	ambiguous	False	False	1.0	-0.17106969	0.490733415	False	False
Cruci_CruV_202	crucivirus	1	Purple	Purple	0.19244336	0.0	0.0	0.0	0.0	451.0	strong_rna_like	True	True	1.0	0.36484474	0.0	0.0	0.0	0.0	108.0	moderate_rna_like	False	True	1.0	0.49182877	0.0	0.0	0.0	0.0	190.0	ambiguous	False	False	1.0	0.39809448	0.0	0.0	0.0	0.0	153.0	moderate_rna_like	False	True	1.0	-0.17240138	0.27864405000000003	False	True
Cruci_CruV_153	crucivirus	1	Purple	Purple	0.80252886	1.0	1.0	1.0	1.0	450.0	strong_crucivirus_like	False	False	1.0	0.8481403	1.0	1.0	1.0	1.0	111.0	strong_crucivirus_like	False	False	1.0	0.4679739	0.0	0.0	0.0	0.0	186.0	ambiguous	False	False	1.0	0.23172687	0.0	0.0	0.0	0.0	153.0	moderate_rna_like	False	True	1.0	-0.04561143999999995	0.82533458	False	False
Cruci_CruV-703	crucivirus	1	Purple	Purple	0.84001607	1.0	1.0	1.0	1.0	451.0	strong_crucivirus_like	False	False	1.0	0.91394323	1.0	1.0	1.0	1.0	111.0	strong_crucivirus_like	False	False	1.0	0.6247244	1.0	1.0	1.0	1.0	185.0	moderate_crucivirus_like	False	False	1.0	0.2962696	0.0	0.0	0.0	0.0	155.0	moderate_rna_like	False	True	1.0	-0.07392715999999999	0.87697965	False	False
Cruci_CruV-620	crucivirus	1	Purple	Purple	0.29798302	0.0	0.0	0.0	0.0	439.0	moderate_rna_like	False	True	1.0	0.25534716	0.0	0.0	0.0	0.0	102.0	moderate_rna_like	False	True	1.0	0.5903954	1.0	1.0	1.0	1.0	185.0	ambiguous	False	False	1.0	0.48319316	0.0	0.0	0.0	0.0	152.0	ambiguous	False	False	1.0	0.04263585999999997	0.27666509	False	True
Cruci_CruV_290	crucivirus	1	Purple	Purple	0.21157917	0.0	0.0	0.0	0.0	465.0	moderate_rna_like	False	True	1.0	0.25028613	0.0	0.0	0.0	0.0	130.0	moderate_rna_like	False	True	1.0	0.39825684	0.0	0.0	0.0	0.0	185.0	moderate_rna_like	False	True	1.0	0.46161145	0.0	0.0	0.0	0.0	150.0	ambiguous	False	False	1.0	-0.038706959999999985	0.23093265000000002	False	True
Cruci_CruV-590	crucivirus	1	Purple	Purple	0.6636553	1.0	1.0	1.0	1.0	465.0	moderate_crucivirus_like	False	False	1.0	0.83057743	1.0	1.0	1.0	1.0	129.0	strong_crucivirus_like	False	False	1.0	0.49754342	0.0	0.0	0.0	0.0	185.0	ambiguous	False	False	1.0	0.31586936	0.0	0.0	0.0	0.0	151.0	moderate_rna_like	False	True	1.0	-0.16692213	0.7471163649999999	False	False
Cruci_CruV-588	crucivirus	1	Purple	Purple	0.5303646	1.0	1.0	1.0	1.0	460.0	ambiguous	False	False	1.0	0.58354443	1.0	1.0	1.0	1.0	123.0	ambiguous	False	False	1.0	0.36614653	0.0	0.0	0.0	0.0	189.0	moderate_rna_like	False	True	1.0	0.2973567	0.0	0.0	0.0	0.0	148.0	moderate_rna_like	False	True	1.0	-0.05317983000000004	0.5569545149999999	False	False
Cruci_CruV_134	crucivirus	1	Purple	Purple	0.8530189	1.0	1.0	1.0	1.0	442.0	strong_crucivirus_like	False	False	1.0	0.8620011	1.0	1.0	1.0	1.0	107.0	strong_crucivirus_like	False	False	1.0	0.54925334	1.0	1.0	1.0	1.0	186.0	ambiguous	False	False	1.0	0.25611365	0.0	0.0	0.0	0.0	149.0	moderate_rna_like	False	True	1.0	-0.00898219999999994	0.85751	False	False
Cruci_CruV-572	crucivirus	1	Purple	Purple	0.8232856	1.0	1.0	1.0	1.0	459.0	strong_crucivirus_like	False	False	1.0	0.8264875	1.0	1.0	1.0	1.0	118.0	strong_crucivirus_like	False	False	1.0	0.70213455	1.0	1.0	1.0	1.0	191.0	moderate_crucivirus_like	False	False	1.0	0.49834242	0.0	1.0	0.0	1.0	150.0	ambiguous	False	False	1.0	-0.003201900000000091	0.82488655	False	False
Cruci_CruV-593	crucivirus	1	Purple	Purple	0.61838174	1.0	1.0	1.0	1.0	449.0	moderate_crucivirus_like	False	False	1.0	0.48640078	0.0	0.0	0.0	0.0	113.0	ambiguous	False	False	1.0	0.5598443	1.0	1.0	1.0	1.0	186.0	ambiguous	False	False	1.0	0.41209552	0.0	0.0	0.0	0.0	150.0	ambiguous	False	False	1.0	0.13198096000000004	0.55239126	False	False
Cruci_CruV-656	crucivirus	1	Purple	Purple	0.6217988	1.0	1.0	1.0	1.0	455.0	moderate_crucivirus_like	False	False	1.0	0.728528	1.0	1.0	1.0	1.0	118.0	moderate_crucivirus_like	False	False	1.0	0.57119155	1.0	1.0	1.0	1.0	188.0	ambiguous	False	False	1.0	0.19304948	0.0	0.0	0.0	0.0	149.0	strong_rna_like	True	True	1.0	-0.10672919999999997	0.6751634	False	False
Cruci_CruV-757	crucivirus	1	Purple	Purple	0.9560879	1.0	1.0	1.0	1.0	459.0	strong_crucivirus_like	False	False	1.0	0.9794806	1.0	1.0	1.0	1.0	121.0	strong_crucivirus_like	False	False	1.0	0.5269291	1.0	1.0	1.0	1.0	187.0	ambiguous	False	False	1.0	0.2934944	0.0	0.0	0.0	0.0	151.0	moderate_rna_like	False	True	1.0	-0.023392700000000044	0.96778425	False	False
Cruci_CruV-695	crucivirus	1	Purple	Purple	0.75003403	1.0	1.0	1.0	1.0	454.0	moderate_crucivirus_like	False	False	1.0	0.78685784	1.0	1.0	1.0	1.0	106.0	moderate_crucivirus_like	False	False	1.0	0.4459256	0.0	0.0	0.0	0.0	185.0	ambiguous	False	False	1.0	0.6917739	1.0	1.0	1.0	1.0	163.0	moderate_crucivirus_like	False	False	1.0	-0.03682381000000001	0.768445935	False	False
Cruci_CruV-668	crucivirus	1	Purple	Purple	0.8489273	1.0	1.0	1.0	1.0	449.0	strong_crucivirus_like	False	False	1.0	0.84970146	1.0	1.0	1.0	1.0	109.0	strong_crucivirus_like	False	False	1.0	0.6798516	1.0	1.0	1.0	1.0	185.0	moderate_crucivirus_like	False	False	1.0	0.62679064	1.0	1.0	1.0	1.0	155.0	moderate_crucivirus_like	False	False	1.0	-0.0007741599999999682	0.84931438	False	False
Cruci_CruV-746	crucivirus	1	Purple	Purple	0.29613203	0.0	0.0	0.0	0.0	503.0	moderate_rna_like	False	True	1.0	0.6326249	1.0	1.0	1.0	1.0	143.0	moderate_crucivirus_like	False	False	1.0	0.687575	1.0	1.0	1.0	1.0	185.0	moderate_crucivirus_like	False	False	1.0	0.8035001	1.0	1.0	1.0	1.0	175.0	strong_crucivirus_like	False	False	1.0	-0.33649287000000005	0.464378465	False	False
Cruci_CruV_241	crucivirus	1	Purple	Purple	0.8013204	1.0	1.0	1.0	1.0	463.0	strong_crucivirus_like	False	False	1.0	0.77905095	1.0	1.0	1.0	1.0	101.0	moderate_crucivirus_like	False	False	1.0	0.50110286	1.0	1.0	1.0	1.0	185.0	ambiguous	False	False	1.0	0.85911566	1.0	1.0	1.0	1.0	177.0	strong_crucivirus_like	False	False	1.0	0.022269450000000024	0.790185675	False	False
Cruci_CruV_140	crucivirus	1	Purple	Purple	0.8266092	1.0	1.0	1.0	1.0	462.0	strong_crucivirus_like	False	False	1.0	0.670925	1.0	1.0	1.0	1.0	106.0	moderate_crucivirus_like	False	False	1.0	0.492873	0.0	0.0	0.0	0.0	186.0	ambiguous	False	False	1.0	0.51282424	1.0	1.0	1.0	1.0	170.0	ambiguous	False	False	1.0	0.15568420000000005	0.7487671	False	False
Cruci_CruV_92	crucivirus	1	Purple	Purple	0.27085692	0.0	0.0	0.0	0.0	500.0	moderate_rna_like	False	True	1.0	0.57564205	1.0	1.0	1.0	1.0	166.0	ambiguous	False	False	1.0	0.42799386	0.0	0.0	0.0	0.0	184.0	ambiguous	False	False	1.0	0.60889006	1.0	1.0	1.0	1.0	150.0	moderate_crucivirus_like	False	False	1.0	-0.30478513	0.42324948500000004	False	False
Cruci_CruV-609	crucivirus	1	Purple	Purple	0.32483476	0.0	0.0	0.0	0.0	440.0	moderate_rna_like	False	True	1.0	0.39653525	0.0	0.0	0.0	0.0	104.0	moderate_rna_like	False	True	1.0	0.40509975	0.0	0.0	0.0	0.0	185.0	ambiguous	False	False	1.0	0.8844147	1.0	1.0	1.0	1.0	151.0	strong_crucivirus_like	False	False	1.0	-0.07170049	0.360685005	False	True
Cruci_CruV-578	crucivirus	1	Purple	Purple	0.37062064	0.0	0.0	0.0	0.0	435.0	moderate_rna_like	False	True	1.0	0.46915716	0.0	0.0	0.0	0.0	99.0	ambiguous	False	False	1.0	0.37892807	0.0	0.0	0.0	0.0	185.0	moderate_rna_like	False	True	1.0	0.791873	1.0	1.0	1.0	1.0	151.0	moderate_crucivirus_like	False	False	1.0	-0.09853652000000002	0.4198889	False	False
Cruci_CruV-594	crucivirus	1	Purple	Purple	0.82634646	1.0	1.0	1.0	1.0	460.0	strong_crucivirus_like	False	False	1.0	0.7274861	1.0	1.0	1.0	1.0	125.0	moderate_crucivirus_like	False	False	1.0	0.70170915	1.0	1.0	1.0	1.0	185.0	moderate_crucivirus_like	False	False	1.0	0.86997664	1.0	1.0	1.0	1.0	150.0	strong_crucivirus_like	False	False	1.0	0.09886035999999998	0.77691628	False	False
Cruci_CruV_246	crucivirus	1	Purple	Purple	0.8130179	1.0	1.0	1.0	1.0	483.0	strong_crucivirus_like	False	False	1.0	0.88784105	1.0	1.0	1.0	1.0	142.0	strong_crucivirus_like	False	False	1.0	0.58339846	1.0	1.0	1.0	1.0	185.0	ambiguous	False	False	1.0	0.7450127	1.0	1.0	1.0	1.0	156.0	moderate_crucivirus_like	False	False	1.0	-0.07482315000000006	0.850429475	False	False
Cruci_Mire_OM154310	crucivirus	1	Purple	Purple	0.91198266	1.0	1.0	1.0	1.0	463.0	strong_crucivirus_like	False	False	1.0	0.93683404	1.0	1.0	1.0	1.0	119.0	strong_crucivirus_like	False	False	1.0	0.6877752	1.0	1.0	1.0	1.0	183.0	moderate_crucivirus_like	False	False	1.0	0.8388007	1.0	1.0	1.0	1.0	161.0	strong_crucivirus_like	False	False	1.0	-0.02485138000000009	0.92440835	False	False
Cruci_CruV_270	crucivirus	1	Purple	Purple	0.9484569	1.0	1.0	1.0	1.0	464.0	strong_crucivirus_like	False	False	1.0	0.94519806	1.0	1.0	1.0	1.0	119.0	strong_crucivirus_like	False	False	1.0	0.76690155	1.0	1.0	1.0	1.0	188.0	moderate_crucivirus_like	False	False	1.0	0.72782195	1.0	1.0	1.0	1.0	157.0	moderate_crucivirus_like	False	False	1.0	0.003258840000000096	0.94682748	False	False
Cruci_CruV_196	crucivirus	1	Purple	Purple	0.87222636	1.0	1.0	1.0	1.0	447.0	strong_crucivirus_like	False	False	1.0	0.88780046	1.0	1.0	1.0	1.0	106.0	strong_crucivirus_like	False	False	1.0	0.63255095	1.0	1.0	1.0	1.0	185.0	moderate_crucivirus_like	False	False	1.0	0.78706574	1.0	1.0	1.0	1.0	156.0	moderate_crucivirus_like	False	False	1.0	-0.015574100000000035	0.88001341	False	False
Ribo_ND_197526	rna_virus	0	Purple	Purple	0.3186394	0.0	0.0	1.0	1.0	416.0	moderate_rna_like	False	False	1.0	0.1077577	0.0	0.0	1.0	1.0	81.0	strong_rna_like	False	False	1.0	0.44735587	0.0	0.0	1.0	1.0	184.0	ambiguous	False	False	1.0	0.58936375	1.0	1.0	0.0	0.0	151.0	ambiguous	False	False	1.0	0.2108817	0.21319855000000001	False	False
Ribo_ND_388118	rna_virus	0	Purple	Purple	0.65646243	1.0	1.0	0.0	0.0	427.0	moderate_crucivirus_like	False	True	1.0	0.47603133	0.0	0.0	1.0	1.0	92.0	ambiguous	False	False	1.0	0.80852926	1.0	1.0	0.0	0.0	185.0	strong_crucivirus_like	True	True	1.0	0.682987	1.0	1.0	0.0	0.0	150.0	moderate_crucivirus_like	False	True	1.0	0.18043110000000007	0.56624688	False	False
Ribo_ND_118549	rna_virus	0	Purple	Purple	0.33700928	0.0	0.0	1.0	1.0	430.0	moderate_rna_like	False	False	1.0	0.28588825	0.0	0.0	1.0	1.0	96.0	moderate_rna_like	False	False	1.0	0.5618289	1.0	1.0	0.0	0.0	186.0	ambiguous	False	False	1.0	0.49058184	0.0	0.0	1.0	1.0	148.0	ambiguous	False	False	1.0	0.05112103000000001	0.311448765	False	False
Ribo_ND_095194	rna_virus	0	Purple	Purple	0.58594406	1.0	1.0	0.0	0.0	435.0	ambiguous	False	False	1.0	0.5945809	1.0	1.0	0.0	0.0	100.0	ambiguous	False	False	1.0	0.70462495	1.0	1.0	0.0	0.0	189.0	moderate_crucivirus_like	False	True	1.0	0.8058879	1.0	1.0	0.0	0.0	146.0	strong_crucivirus_like	True	True	1.0	-0.008636839999999979	0.59026248	False	False
Ribo_ND_112191	rna_virus	0	Purple	Purple	0.41050076	0.0	0.0	1.0	1.0	475.0	ambiguous	False	False	1.0	0.28176516	0.0	0.0	1.0	1.0	135.0	moderate_rna_like	False	False	1.0	0.64687103	1.0	1.0	0.0	0.0	186.0	moderate_crucivirus_like	False	True	1.0	0.47820073	0.0	0.0	1.0	1.0	154.0	ambiguous	False	False	1.0	0.1287356	0.34613296000000005	False	False
Ribo_ND_221222	rna_virus	0	Purple	Purple	0.6359316	1.0	1.0	0.0	0.0	498.0	moderate_crucivirus_like	False	True	1.0	0.38281143	0.0	0.0	1.0	1.0	155.0	moderate_rna_like	False	False	1.0	0.6618368	1.0	1.0	0.0	0.0	186.0	moderate_crucivirus_like	False	True	1.0	0.62058264	1.0	1.0	0.0	0.0	157.0	moderate_crucivirus_like	False	True	1.0	0.25312017000000003	0.509371515	False	False
Cruci_CruV-714	crucivirus	1	Purple	Purple	0.9129168	1.0	1.0	1.0	1.0	444.0	strong_crucivirus_like	False	False	1.0	0.97404826	1.0	1.0	1.0	1.0	112.0	strong_crucivirus_like	False	False	1.0	0.2279248	0.0	0.0	0.0	0.0	180.0	moderate_rna_like	False	True	1.0	0.8769147	1.0	1.0	1.0	1.0	152.0	strong_crucivirus_like	False	False	1.0	-0.061131460000000026	0.94348253	False	False
Cruci_PB_KX388506	crucivirus	1	Purple	Purple	0.6391071	1.0	1.0	1.0	1.0	425.0	moderate_crucivirus_like	False	False	1.0	0.8672549	1.0	1.0	1.0	1.0	90.0	strong_crucivirus_like	False	False	1.0	0.321656	0.0	0.0	0.0	0.0	180.0	moderate_rna_like	False	True	1.0	0.8037044	1.0	1.0	1.0	1.0	155.0	strong_crucivirus_like	False	False	1.0	-0.2281478	0.7531810000000001	False	False
Cruci_CruV-598	crucivirus	1	Purple	Purple	0.6534712	1.0	1.0	1.0	1.0	439.0	moderate_crucivirus_like	False	False	1.0	0.7952736	1.0	1.0	1.0	1.0	104.0	moderate_crucivirus_like	False	False	1.0	0.34201413	0.0	0.0	0.0	0.0	181.0	moderate_rna_like	False	True	1.0	0.7270837	1.0	1.0	1.0	1.0	154.0	moderate_crucivirus_like	False	False	1.0	-0.1418024	0.7243724	False	False
Cruci_CruV-608	crucivirus	1	Purple	Purple	0.66571814	1.0	1.0	1.0	1.0	439.0	moderate_crucivirus_like	False	False	1.0	0.7952736	1.0	1.0	1.0	1.0	104.0	moderate_crucivirus_like	False	False	1.0	0.36100662	0.0	0.0	0.0	0.0	181.0	moderate_rna_like	False	True	1.0	0.7270837	1.0	1.0	1.0	1.0	154.0	moderate_crucivirus_like	False	False	1.0	-0.12955546000000007	0.7304958699999999	False	False
Cruci_CruV-660	crucivirus	1	Purple	Purple	0.7683162	1.0	1.0	1.0	1.0	442.0	moderate_crucivirus_like	False	False	1.0	0.80971575	1.0	1.0	1.0	1.0	115.0	strong_crucivirus_like	False	False	1.0	0.5209334	1.0	1.0	1.0	1.0	181.0	ambiguous	False	False	1.0	0.3905439	0.0	0.0	0.0	0.0	146.0	moderate_rna_like	False	True	1.0	-0.04139954999999995	0.789015975	False	False
Cruci_CruV-676	crucivirus	1	Purple	Purple	0.3692801	0.0	0.0	0.0	0.0	430.0	moderate_rna_like	False	True	1.0	0.51130706	1.0	1.0	1.0	1.0	103.0	ambiguous	False	False	1.0	0.6651048	1.0	1.0	1.0	1.0	181.0	moderate_crucivirus_like	False	False	1.0	0.4651342	0.0	0.0	0.0	0.0	146.0	ambiguous	False	False	1.0	-0.14202696000000004	0.44029358	False	False
Cruci_CruV-677	crucivirus	1	Purple	Purple	0.3692801	0.0	0.0	0.0	0.0	430.0	moderate_rna_like	False	True	1.0	0.51130706	1.0	1.0	1.0	1.0	103.0	ambiguous	False	False	1.0	0.6651048	1.0	1.0	1.0	1.0	181.0	moderate_crucivirus_like	False	False	1.0	0.4651342	0.0	0.0	0.0	0.0	146.0	ambiguous	False	False	1.0	-0.14202696000000004	0.44029358	False	False
Cruci_CruV_224	crucivirus	1	Purple	Purple	0.59514016	1.0	1.0	1.0	1.0	437.0	ambiguous	False	False	1.0	0.55011725	1.0	1.0	1.0	1.0	108.0	ambiguous	False	False	1.0	0.5986222	1.0	1.0	1.0	1.0	181.0	ambiguous	False	False	1.0	0.55802417	1.0	1.0	1.0	1.0	148.0	ambiguous	False	False	1.0	0.04502291000000003	0.5726287050000001	False	False
Cruci_CruV_106	crucivirus	1	Purple	Purple	0.5766825	1.0	1.0	1.0	1.0	455.0	ambiguous	False	False	1.0	0.6898441	1.0	1.0	1.0	1.0	115.0	moderate_crucivirus_like	False	False	1.0	0.7206157	1.0	1.0	1.0	1.0	186.0	moderate_crucivirus_like	False	False	1.0	0.74170506	1.0	1.0	1.0	1.0	154.0	moderate_crucivirus_like	False	False	1.0	-0.11316159999999997	0.6332633	False	False
Cruci_CruV-569	crucivirus	1	Purple	Purple	0.45795768	0.0	0.0	0.0	0.0	436.0	ambiguous	False	False	1.0	0.45616302	0.0	0.0	0.0	0.0	98.0	ambiguous	False	False	1.0	0.55551046	1.0	1.0	1.0	1.0	185.0	ambiguous	False	False	1.0	0.65582633	1.0	1.0	1.0	1.0	153.0	moderate_crucivirus_like	False	False	1.0	0.0017946600000000035	0.45706035	False	False
Cruci_CruV-592	crucivirus	1	Purple	Purple	0.30737114	0.0	0.0	0.0	0.0	422.0	moderate_rna_like	False	True	1.0	0.27019337	0.0	0.0	0.0	0.0	83.0	moderate_rna_like	False	True	1.0	0.64601904	1.0	1.0	1.0	1.0	185.0	moderate_crucivirus_like	False	False	1.0	0.64708614	1.0	1.0	1.0	1.0	154.0	moderate_crucivirus_like	False	False	1.0	0.03717777	0.288782255	False	True
Cruci_CruV-699	crucivirus	1	Purple	Purple	0.6617097	1.0	1.0	1.0	1.0	453.0	moderate_crucivirus_like	False	False	1.0	0.7845444	1.0	1.0	1.0	1.0	123.0	moderate_crucivirus_like	False	False	1.0	0.58131075	1.0	1.0	1.0	1.0	184.0	ambiguous	False	False	1.0	0.69499373	1.0	1.0	1.0	1.0	146.0	moderate_crucivirus_like	False	False	1.0	-0.12283470000000007	0.72312705	False	False
Cruci_CruV-643	crucivirus	1	Purple	Purple	0.6986787	1.0	1.0	1.0	1.0	429.0	moderate_crucivirus_like	False	False	1.0	0.5648756	1.0	1.0	1.0	1.0	92.0	ambiguous	False	False	1.0	0.48394167	0.0	0.0	0.0	0.0	186.0	ambiguous	False	False	1.0	0.41149205	0.0	0.0	0.0	0.0	151.0	ambiguous	False	False	1.0	0.13380309999999995	0.63177715	False	False
Ribo_NC_032991	rna_virus	0	Purple	Purple	0.54777944	1.0	1.0	0.0	0.0	453.0	ambiguous	False	False	1.0	0.4494087	0.0	0.0	1.0	1.0	123.0	ambiguous	False	False	1.0	0.5759734	1.0	1.0	0.0	0.0	184.0	ambiguous	False	False	1.0	0.45498148	0.0	0.0	1.0	1.0	146.0	ambiguous	False	False	1.0	0.09837074000000001	0.49859407	False	False
Cruci_PB_KX388505	crucivirus	1	Purple	Purple	0.6559909	1.0	1.0	1.0	1.0	458.0	moderate_crucivirus_like	False	False	1.0	0.7644729	1.0	1.0	1.0	1.0	98.0	moderate_crucivirus_like	False	False	1.0	0.56525296	1.0	1.0	1.0	1.0	185.0	ambiguous	False	False	1.0	0.8578999	1.0	1.0	1.0	1.0	175.0	strong_crucivirus_like	False	False	1.0	-0.10848199999999997	0.7102319	False	False
Cruci_CruV-642	crucivirus	1	Purple	Purple	0.71553147	1.0	1.0	1.0	1.0	457.0	moderate_crucivirus_like	False	False	1.0	0.6400385	1.0	1.0	1.0	1.0	97.0	moderate_crucivirus_like	False	False	1.0	0.6956212	1.0	1.0	1.0	1.0	185.0	moderate_crucivirus_like	False	False	1.0	0.6805936	1.0	1.0	1.0	1.0	175.0	moderate_crucivirus_like	False	False	1.0	0.07549296999999999	0.677784985	False	False
Ribo_ND_114032	rna_virus	0	Purple	Purple	0.7626412	1.0	1.0	0.0	0.0	453.0	moderate_crucivirus_like	False	True	1.0	0.4957532	0.0	0.0	1.0	1.0	122.0	ambiguous	False	False	1.0	0.4799062	0.0	0.0	1.0	1.0	184.0	ambiguous	False	False	1.0	0.72252536	1.0	1.0	0.0	0.0	147.0	moderate_crucivirus_like	False	True	1.0	0.266888	0.6291972	False	False
Ribo_ND_024616	rna_virus	0	Purple	Purple	0.7469449	1.0	1.0	0.0	0.0	475.0	moderate_crucivirus_like	False	True	1.0	0.5591972	1.0	1.0	0.0	0.0	93.0	ambiguous	False	False	1.0	0.4973794	0.0	0.0	1.0	1.0	185.0	ambiguous	False	False	1.0	0.4051925	0.0	0.0	1.0	1.0	197.0	ambiguous	False	False	1.0	0.18774770000000007	0.65307105	False	False
Ribo_ND_122116	rna_virus	0	Purple	Purple	0.7509026	1.0	1.0	0.0	0.0	464.0	moderate_crucivirus_like	False	True	1.0	0.70350456	1.0	1.0	0.0	0.0	91.0	moderate_crucivirus_like	False	True	1.0	0.41682926	0.0	0.0	1.0	1.0	185.0	ambiguous	False	False	1.0	0.60176796	1.0	1.0	0.0	0.0	188.0	moderate_crucivirus_like	False	True	1.0	0.04739804000000003	0.72720358	False	True
Ribo_ND_203599	rna_virus	0	Purple	Purple	0.5147325	1.0	1.0	0.0	0.0	464.0	ambiguous	False	False	1.0	0.3577684	0.0	0.0	1.0	1.0	95.0	moderate_rna_like	False	False	1.0	0.5272125	1.0	1.0	0.0	0.0	185.0	ambiguous	False	False	1.0	0.73849976	1.0	1.0	0.0	0.0	184.0	moderate_crucivirus_like	False	True	1.0	0.15696410000000005	0.43625045	False	False
Ribo_ND_096144	rna_virus	0	Purple	Purple	0.598573	1.0	1.0	0.0	0.0	472.0	ambiguous	False	False	1.0	0.336342	0.0	0.0	1.0	1.0	100.0	moderate_rna_like	False	False	1.0	0.4069956	0.0	0.0	1.0	1.0	185.0	ambiguous	False	False	1.0	0.5404071	1.0	1.0	0.0	0.0	187.0	ambiguous	False	False	1.0	0.26223100000000005	0.46745749999999997	False	False
Ribo_ND_096184	rna_virus	0	Purple	Purple	0.23894425	0.0	0.0	1.0	1.0	497.0	moderate_rna_like	False	False	1.0	0.22743054	0.0	0.0	1.0	1.0	118.0	moderate_rna_like	False	False	1.0	0.5225916	1.0	1.0	0.0	0.0	185.0	ambiguous	False	False	1.0	0.52607656	1.0	1.0	0.0	0.0	194.0	ambiguous	False	False	1.0	0.01151371000000001	0.233187395	False	False
Ribo_ND_268835	rna_virus	0	Purple	Purple	0.4925179	0.0	0.0	1.0	1.0	469.0	ambiguous	False	False	1.0	0.3877219	0.0	0.0	1.0	1.0	99.0	moderate_rna_like	False	False	1.0	0.4762477	0.0	0.0	1.0	1.0	185.0	ambiguous	False	False	1.0	0.5782508	1.0	1.0	0.0	0.0	185.0	ambiguous	False	False	1.0	0.104796	0.4401199	False	False
Ribo_ND_134282	rna_virus	0	Purple	Purple	0.32143223	0.0	0.0	1.0	1.0	463.0	moderate_rna_like	False	False	1.0	0.47965097	0.0	0.0	1.0	1.0	89.0	ambiguous	False	False	1.0	0.2990367	0.0	0.0	1.0	1.0	185.0	moderate_rna_like	False	False	1.0	0.5384653	1.0	1.0	0.0	0.0	189.0	ambiguous	False	False	1.0	-0.15821874000000002	0.4005416	False	False
Ribo_ND_123948	rna_virus	0	Purple	Purple	0.46984568	0.0	0.0	1.0	1.0	472.0	ambiguous	False	False	1.0	0.3124714	0.0	0.0	1.0	1.0	95.0	moderate_rna_like	False	False	1.0	0.6120631	1.0	1.0	0.0	0.0	185.0	moderate_crucivirus_like	False	True	1.0	0.66578317	1.0	1.0	0.0	0.0	192.0	moderate_crucivirus_like	False	True	1.0	0.15737427999999998	0.39115854	False	False
Ribo_ND_179939	rna_virus	0	Purple	Purple	0.49520627	0.0	0.0	1.0	1.0	462.0	ambiguous	False	False	1.0	0.54063123	1.0	1.0	0.0	0.0	93.0	ambiguous	False	False	1.0	0.50648636	1.0	1.0	0.0	0.0	185.0	ambiguous	False	False	1.0	0.6701709	1.0	1.0	0.0	0.0	184.0	moderate_crucivirus_like	False	True	1.0	-0.045424960000000014	0.51791875	False	False
Ribo_ND_095931	rna_virus	0	Purple	Purple	0.79508185	1.0	1.0	0.0	0.0	505.0	moderate_crucivirus_like	False	True	1.0	0.82763755	1.0	1.0	0.0	0.0	95.0	strong_crucivirus_like	True	True	1.0	0.56385785	1.0	1.0	0.0	0.0	185.0	ambiguous	False	False	1.0	0.4573601	0.0	0.0	1.0	1.0	225.0	ambiguous	False	False	1.0	-0.032555700000000076	0.8113597	False	True
Ribo_ND_097088	rna_virus	0	Purple	Purple	0.75910705	1.0	1.0	0.0	0.0	492.0	moderate_crucivirus_like	False	True	1.0	0.8449701	1.0	1.0	0.0	0.0	95.0	strong_crucivirus_like	True	True	1.0	0.5996208	1.0	1.0	0.0	0.0	185.0	ambiguous	False	False	1.0	0.59644574	1.0	1.0	0.0	0.0	212.0	ambiguous	False	False	1.0	-0.08586304999999994	0.802038575	False	True
Ribo_ND_095663	rna_virus	0	Purple	Purple	0.5142596	1.0	1.0	0.0	0.0	479.0	ambiguous	False	False	1.0	0.50469893	1.0	1.0	0.0	0.0	96.0	ambiguous	False	False	1.0	0.52180845	1.0	1.0	0.0	0.0	185.0	ambiguous	False	False	1.0	0.6482048	1.0	1.0	0.0	0.0	198.0	moderate_crucivirus_like	False	True	1.0	0.009560670000000049	0.509479265	False	False
Ribo_JAAOEH010002232.1	rna_virus	0	Purple	Purple	0.4109882	0.0	0.0	1.0	1.0	430.0	ambiguous	False	False	1.0	0.24885295	0.0	0.0	1.0	1.0	97.0	moderate_rna_like	False	False	1.0	0.6824701	1.0	1.0	0.0	0.0	186.0	moderate_crucivirus_like	False	True	1.0	0.23385487	0.0	0.0	1.0	1.0	147.0	moderate_rna_like	False	False	1.0	0.16213525000000004	0.329920575	False	False
Ribo_ND_182785	rna_virus	0	Purple	Purple	0.20460358	0.0	0.0	1.0	1.0	418.0	moderate_rna_like	False	False	1.0	0.04026046	0.0	0.0	1.0	1.0	88.0	strong_rna_like	False	False	1.0	0.67296445	1.0	1.0	0.0	0.0	185.0	moderate_crucivirus_like	False	True	1.0	0.63098484	1.0	1.0	0.0	0.0	145.0	moderate_crucivirus_like	False	True	1.0	0.16434312	0.12243202	False	False
Ribo_ND_182235	rna_virus	0	Purple	Purple	0.7129256	1.0	1.0	0.0	0.0	495.0	moderate_crucivirus_like	False	True	1.0	0.5206966	1.0	1.0	0.0	0.0	107.0	ambiguous	False	False	1.0	0.6668718	1.0	1.0	0.0	0.0	185.0	moderate_crucivirus_like	False	True	1.0	0.67913824	1.0	1.0	0.0	0.0	203.0	moderate_crucivirus_like	False	True	1.0	0.1922290000000001	0.6168111000000001	False	False
Ribo_ND_267441	rna_virus	0	Purple	Purple	0.38022834	0.0	0.0	1.0	1.0	543.0	moderate_rna_like	False	False	1.0	0.40341374	0.0	0.0	1.0	1.0	120.0	ambiguous	False	False	1.0	0.5768258	1.0	1.0	0.0	0.0	184.0	ambiguous	False	False	1.0	0.57209444	1.0	1.0	0.0	0.0	239.0	ambiguous	False	False	1.0	-0.023185400000000023	0.39182104	False	False
Ribo_ND_112738	rna_virus	0	Purple	Purple	0.82896847	1.0	1.0	0.0	0.0	450.0	strong_crucivirus_like	True	True	1.0	0.49777442	0.0	0.0	1.0	1.0	88.0	ambiguous	False	False	1.0	0.57132095	1.0	1.0	0.0	0.0	185.0	ambiguous	False	False	1.0	0.8712312	1.0	1.0	0.0	0.0	177.0	strong_crucivirus_like	True	True	1.0	0.33119404999999996	0.663371445	False	False
Ribo_ND_122391	rna_virus	0	Purple	Purple	0.3761497	0.0	0.0	1.0	1.0	468.0	moderate_rna_like	False	False	1.0	0.23662633	0.0	0.0	1.0	1.0	108.0	moderate_rna_like	False	False	1.0	0.38406554	0.0	0.0	1.0	1.0	185.0	moderate_rna_like	False	False	1.0	0.65294653	1.0	1.0	0.0	0.0	175.0	moderate_crucivirus_like	False	True	1.0	0.13952336999999998	0.306388015	False	False
Cruci_PB_KX388507	crucivirus	1	Purple	Purple	0.47017694	0.0	0.0	0.0	0.0	464.0	ambiguous	False	False	1.0	0.46018735	0.0	0.0	0.0	0.0	111.0	ambiguous	False	False	1.0	0.6405211	1.0	1.0	1.0	1.0	184.0	moderate_crucivirus_like	False	False	1.0	0.6367039	1.0	1.0	1.0	1.0	169.0	moderate_crucivirus_like	False	False	1.0	0.009989589999999993	0.465182145	False	False
Cruci_CruCGE-610	crucivirus	1	Purple	Purple	0.65271926	1.0	1.0	1.0	1.0	456.0	moderate_crucivirus_like	False	False	1.0	0.687739	1.0	1.0	1.0	1.0	115.0	moderate_crucivirus_like	False	False	1.0	0.58836406	1.0	1.0	1.0	1.0	188.0	ambiguous	False	False	1.0	0.62105936	1.0	1.0	1.0	1.0	153.0	moderate_crucivirus_like	False	False	1.0	-0.035019739999999966	0.6702291300000001	False	False
Cruci_CruV-570	crucivirus	1	Purple	Purple	0.56607604	1.0	1.0	1.0	1.0	437.0	ambiguous	False	False	1.0	0.54852057	1.0	1.0	1.0	1.0	96.0	ambiguous	False	False	1.0	0.42339516	0.0	0.0	0.0	0.0	185.0	ambiguous	False	False	1.0	0.6683545	1.0	1.0	1.0	1.0	156.0	moderate_crucivirus_like	False	False	1.0	0.017555470000000017	0.557298305	False	False
Cruci_CruV-571	crucivirus	1	Purple	Purple	0.66447943	1.0	1.0	1.0	1.0	437.0	moderate_crucivirus_like	False	False	1.0	0.6563339	1.0	1.0	1.0	1.0	96.0	moderate_crucivirus_like	False	False	1.0	0.42339516	0.0	0.0	0.0	0.0	185.0	ambiguous	False	False	1.0	0.6816506	1.0	1.0	1.0	1.0	156.0	moderate_crucivirus_like	False	False	1.0	0.008145529999999956	0.660406665	False	False
Ribo_ND_249738	rna_virus	0	Purple	Purple	0.4813331	0.0	0.0	1.0	1.0	438.0	ambiguous	False	False	1.0	0.35617912	0.0	0.0	1.0	1.0	103.0	moderate_rna_like	False	False	1.0	0.6276167	1.0	1.0	0.0	0.0	187.0	moderate_crucivirus_like	False	True	1.0	0.74630016	1.0	1.0	0.0	0.0	148.0	moderate_crucivirus_like	False	True	1.0	0.12515398	0.41875611	False	False
Ribo_ND_119710	rna_virus	0	Purple	Purple	0.57705826	1.0	1.0	0.0	0.0	436.0	ambiguous	False	False	1.0	0.47054958	0.0	0.0	1.0	1.0	97.0	ambiguous	False	False	1.0	0.71719337	1.0	1.0	0.0	0.0	187.0	moderate_crucivirus_like	False	True	1.0	0.74950963	1.0	1.0	0.0	0.0	152.0	moderate_crucivirus_like	False	True	1.0	0.10650868000000002	0.52380392	False	False
Cruci_CruV_130	crucivirus	1	Purple	Purple	0.13542771	0.0	0.0	0.0	0.0	431.0	strong_rna_like	True	True	1.0	0.09312254	0.0	0.0	0.0	0.0	93.0	strong_rna_like	True	True	1.0	0.6126838	1.0	1.0	1.0	1.0	185.0	moderate_crucivirus_like	False	False	1.0	0.8414936	1.0	1.0	1.0	1.0	153.0	strong_crucivirus_like	False	False	1.0	0.04230517	0.114275125	True	True
Ribo_ND_046378	rna_virus	0	Purple	Purple	0.44428918	0.0	0.0	1.0	1.0	488.0	ambiguous	False	False	1.0	0.5247544	1.0	1.0	0.0	0.0	103.0	ambiguous	False	False	1.0	0.55869055	1.0	1.0	0.0	0.0	185.0	ambiguous	False	False	1.0	0.60899156	1.0	1.0	0.0	0.0	200.0	moderate_crucivirus_like	False	True	1.0	-0.08046521999999995	0.48452178999999995	False	False
Ribo_ND_045743	rna_virus	0	Purple	Purple	0.6195686	1.0	1.0	0.0	0.0	473.0	moderate_crucivirus_like	False	True	1.0	0.3082342	0.0	0.0	1.0	1.0	106.0	moderate_rna_like	False	False	1.0	0.65821075	1.0	1.0	0.0	0.0	185.0	moderate_crucivirus_like	False	True	1.0	0.7201168	1.0	1.0	0.0	0.0	182.0	moderate_crucivirus_like	False	True	1.0	0.3113344	0.4639014	False	False
Cruci_CruV_141	crucivirus	1	Purple	Purple	0.6832796	1.0	1.0	1.0	1.0	442.0	moderate_crucivirus_like	False	False	1.0	0.82077974	1.0	1.0	1.0	1.0	103.0	strong_crucivirus_like	False	False	1.0	0.56625575	1.0	1.0	1.0	1.0	184.0	ambiguous	False	False	1.0	0.7283942	1.0	1.0	1.0	1.0	155.0	moderate_crucivirus_like	False	False	1.0	-0.13750014	0.75202967	False	False
Cruci_CruV-713	crucivirus	1	Purple	Purple	0.71311617	1.0	1.0	1.0	1.0	430.0	moderate_crucivirus_like	False	False	1.0	0.8655782	1.0	1.0	1.0	1.0	94.0	strong_crucivirus_like	False	False	1.0	0.72807395	1.0	1.0	1.0	1.0	185.0	moderate_crucivirus_like	False	False	1.0	0.55930126	1.0	1.0	1.0	1.0	151.0	ambiguous	False	False	1.0	-0.15246202999999992	0.789347185	False	False
Cruci_CruV-602	crucivirus	1	Purple	Purple	0.5130976	1.0	1.0	1.0	1.0	427.0	ambiguous	False	False	1.0	0.61742395	1.0	1.0	1.0	1.0	96.0	moderate_crucivirus_like	False	False	1.0	0.78233594	1.0	1.0	1.0	1.0	185.0	moderate_crucivirus_like	False	False	1.0	0.6346291	1.0	1.0	1.0	1.0	146.0	moderate_crucivirus_like	False	False	1.0	-0.10432635000000001	0.565260775	False	False
Cruci_CruV-604	crucivirus	1	Purple	Purple	0.24589945	0.0	0.0	0.0	0.0	485.0	moderate_rna_like	False	True	1.0	0.43064845	0.0	0.0	0.0	0.0	105.0	ambiguous	False	False	1.0	0.41775146	0.0	0.0	0.0	0.0	185.0	ambiguous	False	False	1.0	0.5495593	1.0	1.0	1.0	1.0	195.0	ambiguous	False	False	1.0	-0.18474900000000002	0.33827395	False	False
Cruci_CruV_275	crucivirus	1	Purple	Purple	0.68383765	1.0	1.0	1.0	1.0	491.0	moderate_crucivirus_like	False	False	1.0	0.67657435	1.0	1.0	1.0	1.0	111.0	moderate_crucivirus_like	False	False	1.0	0.5034426	1.0	1.0	1.0	1.0	186.0	ambiguous	False	False	1.0	0.5625882	1.0	1.0	1.0	1.0	194.0	ambiguous	False	False	1.0	0.0072632999999999726	0.680206	False	False
Cruci_CruV-741	crucivirus	1	Purple	Purple	0.8197601	1.0	1.0	1.0	1.0	461.0	strong_crucivirus_like	False	False	1.0	0.79527104	1.0	1.0	1.0	1.0	105.0	moderate_crucivirus_like	False	False	1.0	0.44444454	0.0	0.0	0.0	0.0	185.0	ambiguous	False	False	1.0	0.8911823	1.0	1.0	1.0	1.0	171.0	strong_crucivirus_like	False	False	1.0	0.02448905999999995	0.8075155700000001	False	False
Ribo_ND_024902	rna_virus	0	Purple	Purple	0.39217713	0.0	0.0	1.0	1.0	520.0	moderate_rna_like	False	False	1.0	0.33895946	0.0	0.0	1.0	1.0	114.0	moderate_rna_like	False	False	1.0	0.32641587	0.0	0.0	1.0	1.0	184.0	moderate_rna_like	False	False	1.0	0.7007987	1.0	1.0	0.0	0.0	222.0	moderate_crucivirus_like	False	True	1.0	0.053217669999999995	0.365568295	False	False
Ribo_ND_246835	rna_virus	0	Purple	Purple	0.5830438	1.0	1.0	0.0	0.0	464.0	ambiguous	False	False	1.0	0.34611395	0.0	0.0	1.0	1.0	95.0	moderate_rna_like	False	False	1.0	0.59062254	1.0	1.0	0.0	0.0	184.0	ambiguous	False	False	1.0	0.59277904	1.0	1.0	0.0	0.0	185.0	ambiguous	False	False	1.0	0.23692985	0.464578875	False	False
Ribo_ND_025008	rna_virus	0	Purple	Purple	0.40444323	0.0	0.0	1.0	1.0	476.0	ambiguous	False	False	1.0	0.3806097	0.0	0.0	1.0	1.0	101.0	moderate_rna_like	False	False	1.0	0.37752825	0.0	0.0	1.0	1.0	185.0	moderate_rna_like	False	False	1.0	0.56715244	1.0	1.0	0.0	0.0	190.0	ambiguous	False	False	1.0	0.02383352999999999	0.392526465	False	False
Cruci_CruV-691	crucivirus	1	Purple	Purple	0.7078648	1.0	1.0	1.0	1.0	431.0	moderate_crucivirus_like	False	False	1.0	0.7830929	1.0	1.0	1.0	1.0	96.0	moderate_crucivirus_like	False	False	1.0	0.7401695	1.0	1.0	1.0	1.0	187.0	moderate_crucivirus_like	False	False	1.0	0.3646005	0.0	0.0	0.0	0.0	148.0	moderate_rna_like	False	True	1.0	-0.07522810000000002	0.74547885	False	False
Ribo_ND_198292	rna_virus	0	Purple	Purple	0.5504858	1.0	1.0	0.0	0.0	476.0	ambiguous	False	False	1.0	0.5632419	1.0	1.0	0.0	0.0	99.0	ambiguous	False	False	1.0	0.50190216	1.0	1.0	0.0	0.0	183.0	ambiguous	False	False	1.0	0.44176897	0.0	0.0	1.0	1.0	194.0	ambiguous	False	False	1.0	-0.012756099999999937	0.55686385	False	False
Ribo_ND_264019	rna_virus	0	Purple	Purple	0.47100398	0.0	0.0	1.0	1.0	460.0	ambiguous	False	False	1.0	0.196633	0.0	0.0	1.0	1.0	98.0	strong_rna_like	False	False	1.0	0.6047485	1.0	1.0	0.0	0.0	181.0	moderate_crucivirus_like	False	True	1.0	0.6688343	1.0	1.0	0.0	0.0	181.0	moderate_crucivirus_like	False	True	1.0	0.27437098	0.33381848999999997	False	False
Ribo_ND_226039	rna_virus	0	Purple	Purple	0.13491397	0.0	0.0	1.0	1.0	508.0	strong_rna_like	False	False	1.0	0.18409577	0.0	0.0	1.0	1.0	128.0	strong_rna_like	False	False	1.0	0.6621273	1.0	1.0	0.0	0.0	184.0	moderate_crucivirus_like	False	True	1.0	0.43725142	0.0	0.0	1.0	1.0	196.0	ambiguous	False	False	1.0	-0.0491818	0.15950487	False	False
Cruci_CruV-919	crucivirus	1	Purple	Purple	0.790815	1.0	1.0	1.0	1.0	430.0	moderate_crucivirus_like	False	False	1.0	0.5500674	1.0	1.0	1.0	1.0	36.0	ambiguous	False	False	1.0	0.7916816	1.0	1.0	1.0	1.0	187.0	moderate_crucivirus_like	False	False	1.0	0.81989264	1.0	1.0	1.0	1.0	207.0	strong_crucivirus_like	False	False	1.0	0.24074760000000006	0.6704412	False	False
Cruci_CruV_376	crucivirus	1	Purple	Purple	0.9047121	1.0	1.0	1.0	1.0	592.0	strong_crucivirus_like	False	False	1.0	0.94880456	1.0	1.0	1.0	1.0	141.0	strong_crucivirus_like	False	False	1.0	0.6113041	1.0	1.0	1.0	1.0	180.0	moderate_crucivirus_like	False	False	1.0	0.4866614	0.0	0.0	0.0	0.0	271.0	ambiguous	False	False	1.0	-0.04409246	0.92675833	False	False
Cruci_CruV_400	crucivirus	1	Purple	Purple	0.7556609	1.0	1.0	1.0	1.0	565.0	moderate_crucivirus_like	False	False	1.0	0.7774694	1.0	1.0	1.0	1.0	27.0	moderate_crucivirus_like	False	False	1.0	0.5664448	1.0	1.0	1.0	1.0	180.0	ambiguous	False	False	1.0	0.34286177	0.0	0.0	0.0	0.0	358.0	moderate_rna_like	False	True	1.0	-0.02180850000000001	0.7665651499999999	False	False
Cruci_CruV_386	crucivirus	1	Purple	Purple	0.30490476	0.0	0.0	0.0	0.0	493.0	moderate_rna_like	False	True	1.0	0.768878	1.0	1.0	1.0	1.0	7.0	moderate_crucivirus_like	False	False	1.0	0.5901015	1.0	1.0	1.0	1.0	180.0	ambiguous	False	False	1.0	0.50048995	1.0	1.0	1.0	1.0	306.0	ambiguous	False	False	1.0	-0.46397323999999995	0.5368913799999999	False	False
Cruci_CruV_368	crucivirus	1	Purple	Purple	0.9394412	1.0	1.0	1.0	1.0	562.0	strong_crucivirus_like	False	False	1.0	0.92678404	1.0	1.0	1.0	1.0	117.0	strong_crucivirus_like	False	False	1.0	0.8439397	1.0	1.0	1.0	1.0	180.0	strong_crucivirus_like	False	False	1.0	0.2373358	0.0	0.0	0.0	0.0	265.0	moderate_rna_like	False	True	1.0	0.012657159999999945	0.93311262	False	False
Cruci_CruV-819	crucivirus	1	Purple	Purple	0.9406621	1.0	1.0	1.0	1.0	598.0	strong_crucivirus_like	False	False	1.0	0.96339977	1.0	1.0	1.0	1.0	105.0	strong_crucivirus_like	False	False	1.0	0.80918354	1.0	1.0	1.0	1.0	189.0	strong_crucivirus_like	False	False	1.0	0.1499936	0.0	0.0	0.0	0.0	304.0	strong_rna_like	True	True	1.0	-0.022737670000000043	0.952030935	False	False
Cruci_CruV-813	crucivirus	1	Purple	Purple	0.75526017	1.0	1.0	1.0	1.0	553.0	moderate_crucivirus_like	False	False	1.0	0.70910674	1.0	1.0	1.0	1.0	103.0	moderate_crucivirus_like	False	False	1.0	0.6066414	1.0	1.0	1.0	1.0	184.0	moderate_crucivirus_like	False	False	1.0	0.46142963	0.0	0.0	0.0	0.0	266.0	ambiguous	False	False	1.0	0.04615343000000005	0.7321834549999999	False	False
Cruci_CruV-756	crucivirus	1	Purple	Purple	0.74250686	1.0	1.0	1.0	1.0	542.0	moderate_crucivirus_like	False	False	1.0	0.8205069	1.0	1.0	1.0	1.0	99.0	strong_crucivirus_like	False	False	1.0	0.58621246	1.0	1.0	1.0	1.0	186.0	ambiguous	False	False	1.0	0.5862623	1.0	1.0	1.0	1.0	257.0	ambiguous	False	False	1.0	-0.07800004000000005	0.78150688	False	False
Cruci_CruV_95	crucivirus	1	Purple	Purple	0.6353582	1.0	1.0	1.0	1.0	485.0	moderate_crucivirus_like	False	False	1.0	0.84150153	1.0	1.0	1.0	1.0	148.0	strong_crucivirus_like	False	False	1.0	0.91977406	1.0	1.0	1.0	1.0	184.0	strong_crucivirus_like	False	False	1.0	0.7414497	1.0	1.0	1.0	1.0	153.0	moderate_crucivirus_like	False	False	1.0	-0.20614333000000007	0.7384298650000001	False	False
Cruci_CruV_129	crucivirus	1	Purple	Purple	0.94355756	1.0	1.0	1.0	1.0	461.0	strong_crucivirus_like	False	False	1.0	0.9549853	1.0	1.0	1.0	1.0	126.0	strong_crucivirus_like	False	False	1.0	0.81705874	1.0	1.0	1.0	1.0	185.0	strong_crucivirus_like	False	False	1.0	0.44706258	0.0	0.0	0.0	0.0	151.0	ambiguous	False	False	1.0	-0.01142774000000002	0.94927143	False	False
Cruci_CruV-823	crucivirus	1	Purple	Purple	0.5802855	1.0	1.0	1.0	1.0	352.0	ambiguous	False	False	1.0	0.6692895	1.0	1.0	1.0	1.0	9.0	moderate_crucivirus_like	False	False	1.0	0.4805619	0.0	0.0	0.0	0.0	184.0	ambiguous	False	False	1.0	0.640673	1.0	1.0	1.0	1.0	159.0	moderate_crucivirus_like	False	False	1.0	-0.08900399999999997	0.6247875	False	False
Cruci_CruV-816	crucivirus	1	Purple	Purple	0.95448077	1.0	1.0	1.0	1.0	438.0	strong_crucivirus_like	False	False	1.0	0.80967355	1.0	1.0	1.0	1.0	90.0	strong_crucivirus_like	False	False	1.0	0.8160463	1.0	1.0	1.0	1.0	185.0	strong_crucivirus_like	False	False	1.0	0.6868725	1.0	1.0	1.0	1.0	163.0	moderate_crucivirus_like	False	False	1.0	0.14480722000000001	0.8820771599999999	False	False
Cruci_CruV-723	crucivirus	1	Purple	Purple	0.5773229	1.0	1.0	1.0	1.0	590.0	ambiguous	False	False	1.0	0.77729285	1.0	1.0	1.0	1.0	146.0	moderate_crucivirus_like	False	False	1.0	0.609097	1.0	1.0	1.0	1.0	184.0	moderate_crucivirus_like	False	False	1.0	0.38681442	0.0	0.0	0.0	0.0	260.0	moderate_rna_like	False	True	1.0	-0.19996995000000006	0.677307875	False	False
Cruci_CruV_220	crucivirus	1	Purple	Purple	0.86182225	1.0	1.0	1.0	1.0	577.0	strong_crucivirus_like	False	False	1.0	0.8631889	1.0	1.0	1.0	1.0	109.0	strong_crucivirus_like	False	False	1.0	0.66993463	1.0	1.0	1.0	1.0	184.0	moderate_crucivirus_like	False	False	1.0	0.62462455	1.0	1.0	1.0	1.0	284.0	moderate_crucivirus_like	False	False	1.0	-0.0013666500000000248	0.862505575	False	False
Cruci_CruV_240	crucivirus	1	Purple	Purple	0.7721693	1.0	1.0	1.0	1.0	539.0	moderate_crucivirus_like	False	False	1.0	0.8817985	1.0	1.0	1.0	1.0	101.0	strong_crucivirus_like	False	False	1.0	0.6105854	1.0	1.0	1.0	1.0	188.0	moderate_crucivirus_like	False	False	1.0	0.5852787	1.0	1.0	1.0	1.0	250.0	ambiguous	False	False	1.0	-0.1096292000000001	0.8269839	False	False
Cruci_Ariz_MW697558	crucivirus	1	Purple	Purple	0.45592466	0.0	0.0	0.0	0.0	534.0	ambiguous	False	False	1.0	0.59977335	1.0	1.0	1.0	1.0	86.0	ambiguous	False	False	1.0	0.6032711	1.0	1.0	1.0	1.0	184.0	moderate_crucivirus_like	False	False	1.0	0.676764	1.0	1.0	1.0	1.0	264.0	moderate_crucivirus_like	False	False	1.0	-0.14384869	0.527849005	False	False
Cruci_CruV_297	crucivirus	1	Purple	Purple	0.9171143	1.0	1.0	1.0	1.0	530.0	strong_crucivirus_like	False	False	1.0	0.94364536	1.0	1.0	1.0	1.0	99.0	strong_crucivirus_like	False	False	1.0	0.42051184	0.0	0.0	0.0	0.0	191.0	ambiguous	False	False	1.0	0.30977672	0.0	0.0	0.0	0.0	240.0	moderate_rna_like	False	True	1.0	-0.02653105999999994	0.93037983	False	False
Cruci_CruV_183	crucivirus	1	Purple	Purple	0.3928674	0.0	0.0	0.0	0.0	526.0	moderate_rna_like	False	True	1.0	0.5039448	1.0	1.0	1.0	1.0	105.0	ambiguous	False	False	1.0	0.48050115	0.0	0.0	0.0	0.0	184.0	ambiguous	False	False	1.0	0.14493233	0.0	0.0	0.0	0.0	237.0	strong_rna_like	True	True	1.0	-0.11107739999999999	0.4484061	False	False
Cruci_CruV_274	crucivirus	1	Purple	Purple	0.9082041	1.0	1.0	1.0	1.0	541.0	strong_crucivirus_like	False	False	1.0	0.9278167	1.0	1.0	1.0	1.0	131.0	strong_crucivirus_like	False	False	1.0	0.7457699	1.0	1.0	1.0	1.0	184.0	moderate_crucivirus_like	False	False	1.0	0.37393492	0.0	0.0	0.0	0.0	226.0	moderate_rna_like	False	True	1.0	-0.01961260000000009	0.9180104	False	False
Cruci_CruV_524	crucivirus	1	Purple	Purple	0.84982497	1.0	1.0	1.0	1.0	518.0	strong_crucivirus_like	False	False	1.0	0.6201042	1.0	1.0	1.0	1.0	118.0	moderate_crucivirus_like	False	False	1.0	0.65986806	1.0	1.0	1.0	1.0	183.0	moderate_crucivirus_like	False	False	1.0	0.7497567	1.0	1.0	1.0	1.0	217.0	moderate_crucivirus_like	False	False	1.0	0.22972077000000002	0.734964585	False	False
Cruci_CruV_525	crucivirus	1	Purple	Purple	0.8144565	1.0	1.0	1.0	1.0	497.0	strong_crucivirus_like	False	False	1.0	0.7544617	1.0	1.0	1.0	1.0	96.0	moderate_crucivirus_like	False	False	1.0	0.67839515	1.0	1.0	1.0	1.0	183.0	moderate_crucivirus_like	False	False	1.0	0.70526034	1.0	1.0	1.0	1.0	218.0	moderate_crucivirus_like	False	False	1.0	0.059994800000000015	0.7844591000000001	False	False
Cruci_CruV_521	crucivirus	1	Purple	Purple	0.9406288	1.0	1.0	1.0	1.0	487.0	strong_crucivirus_like	False	False	1.0	0.94047415	1.0	1.0	1.0	1.0	86.0	strong_crucivirus_like	False	False	1.0	0.6900959	1.0	1.0	1.0	1.0	183.0	moderate_crucivirus_like	False	False	1.0	0.73400897	1.0	1.0	1.0	1.0	218.0	moderate_crucivirus_like	False	False	1.0	0.00015465000000003393	0.940551475	False	False
Cruci_CruV_510	crucivirus	1	Purple	Purple	0.97120696	1.0	1.0	1.0	1.0	459.0	strong_crucivirus_like	False	False	1.0	0.9372981	1.0	1.0	1.0	1.0	71.0	strong_crucivirus_like	False	False	1.0	0.75070727	1.0	1.0	1.0	1.0	183.0	moderate_crucivirus_like	False	False	1.0	0.65520775	1.0	1.0	1.0	1.0	205.0	moderate_crucivirus_like	False	False	1.0	0.03390885999999993	0.95425253	False	False
Cruci_CruV_534	crucivirus	1	Purple	Purple	0.96149075	1.0	1.0	1.0	1.0	472.0	strong_crucivirus_like	False	False	1.0	0.77358943	1.0	1.0	1.0	1.0	79.0	moderate_crucivirus_like	False	False	1.0	0.6900975	1.0	1.0	1.0	1.0	183.0	moderate_crucivirus_like	False	False	1.0	0.630043	1.0	1.0	1.0	1.0	210.0	moderate_crucivirus_like	False	False	1.0	0.18790131999999993	0.86754009	False	False
Cruci_CruV_507	crucivirus	1	Purple	Purple	0.9746718	1.0	1.0	1.0	1.0	437.0	strong_crucivirus_like	False	False	1.0	0.9787724	1.0	1.0	1.0	1.0	48.0	strong_crucivirus_like	False	False	1.0	0.8096887	1.0	1.0	1.0	1.0	183.0	strong_crucivirus_like	False	False	1.0	0.5497788	1.0	1.0	1.0	1.0	206.0	ambiguous	False	False	1.0	-0.00410060000000001	0.9767220999999999	False	False
Cruci_CruV_505	crucivirus	1	Purple	Purple	0.9588724	1.0	1.0	1.0	1.0	453.0	strong_crucivirus_like	False	False	1.0	0.91146183	1.0	1.0	1.0	1.0	72.0	strong_crucivirus_like	False	False	1.0	0.52908397	1.0	1.0	1.0	1.0	183.0	ambiguous	False	False	1.0	0.6969598	1.0	1.0	1.0	1.0	198.0	moderate_crucivirus_like	False	False	1.0	0.04741056999999993	0.935167115	False	False
Cruci_CruV_506	crucivirus	1	Purple	Purple	0.9588724	1.0	1.0	1.0	1.0	453.0	strong_crucivirus_like	False	False	1.0	0.91146183	1.0	1.0	1.0	1.0	72.0	strong_crucivirus_like	False	False	1.0	0.52908397	1.0	1.0	1.0	1.0	183.0	ambiguous	False	False	1.0	0.6969598	1.0	1.0	1.0	1.0	198.0	moderate_crucivirus_like	False	False	1.0	0.04741056999999993	0.935167115	False	False
Cruci_CruV-894	crucivirus	1	Purple	Purple	0.95163614	1.0	1.0	1.0	1.0	483.0	strong_crucivirus_like	False	False	1.0	0.936215	1.0	1.0	1.0	1.0	84.0	strong_crucivirus_like	False	False	1.0	0.45244408	0.0	0.0	0.0	0.0	183.0	ambiguous	False	False	1.0	0.5618457	1.0	1.0	1.0	1.0	216.0	ambiguous	False	False	1.0	0.015421139999999944	0.94392557	False	False
Cruci_CruV-895	crucivirus	1	Purple	Purple	0.95163614	1.0	1.0	1.0	1.0	483.0	strong_crucivirus_like	False	False	1.0	0.936215	1.0	1.0	1.0	1.0	84.0	strong_crucivirus_like	False	False	1.0	0.45244408	0.0	0.0	0.0	0.0	183.0	ambiguous	False	False	1.0	0.5618457	1.0	1.0	1.0	1.0	216.0	ambiguous	False	False	1.0	0.015421139999999944	0.94392557	False	False
Cruci_CruV_527	crucivirus	1	Purple	Purple	0.9787041	1.0	1.0	1.0	1.0	451.0	strong_crucivirus_like	False	False	1.0	0.9623123	1.0	1.0	1.0	1.0	65.0	strong_crucivirus_like	False	False	1.0	0.70875967	1.0	1.0	1.0	1.0	183.0	moderate_crucivirus_like	False	False	1.0	0.7788903	1.0	1.0	1.0	1.0	203.0	moderate_crucivirus_like	False	False	1.0	0.016391799999999956	0.9705082	False	False
Cruci_CruV_528	crucivirus	1	Purple	Purple	0.9787041	1.0	1.0	1.0	1.0	451.0	strong_crucivirus_like	False	False	1.0	0.9623123	1.0	1.0	1.0	1.0	65.0	strong_crucivirus_like	False	False	1.0	0.70875967	1.0	1.0	1.0	1.0	183.0	moderate_crucivirus_like	False	False	1.0	0.7788914	1.0	1.0	1.0	1.0	203.0	moderate_crucivirus_like	False	False	1.0	0.016391799999999956	0.9705082	False	False
Cruci_Mire_OM154316	crucivirus	1	Purple	Purple	0.48438329	0.0	0.0	0.0	0.0	517.0	ambiguous	False	False	1.0	0.8750011	1.0	1.0	1.0	1.0	111.0	strong_crucivirus_like	False	False	1.0	0.5639989	1.0	1.0	1.0	1.0	187.0	ambiguous	False	False	1.0	0.59111035	1.0	1.0	1.0	1.0	219.0	ambiguous	False	False	1.0	-0.39061780999999995	0.679692195	False	False
Cruci_CruV-865	crucivirus	1	Purple	Purple	0.7903366	1.0	1.0	1.0	1.0	474.0	moderate_crucivirus_like	False	False	1.0	0.9038575	1.0	1.0	1.0	1.0	84.0	strong_crucivirus_like	False	False	1.0	0.71031487	1.0	1.0	1.0	1.0	187.0	moderate_crucivirus_like	False	False	1.0	0.7067018	1.0	1.0	1.0	1.0	203.0	moderate_crucivirus_like	False	False	1.0	-0.11352090000000004	0.8470970499999999	False	False
Cruci_CruV-877	crucivirus	1	Purple	Purple	0.92322016	1.0	1.0	1.0	1.0	473.0	strong_crucivirus_like	False	False	1.0	0.9509781	1.0	1.0	1.0	1.0	83.0	strong_crucivirus_like	False	False	1.0	0.6219371	1.0	1.0	1.0	1.0	187.0	moderate_crucivirus_like	False	False	1.0	0.8004739	1.0	1.0	1.0	1.0	203.0	strong_crucivirus_like	False	False	1.0	-0.027757940000000092	0.93709913	False	False
Cruci_CruV-903	crucivirus	1	Purple	Purple	0.90417653	1.0	1.0	1.0	1.0	467.0	strong_crucivirus_like	False	False	1.0	0.8924416	1.0	1.0	1.0	1.0	84.0	strong_crucivirus_like	False	False	1.0	0.54524165	1.0	1.0	1.0	1.0	191.0	ambiguous	False	False	1.0	0.7016424	1.0	1.0	1.0	1.0	192.0	moderate_crucivirus_like	False	False	1.0	0.011734930000000032	0.898309065	False	False
Cruci_CruV-868	crucivirus	1	Purple	Purple	0.9944682	1.0	1.0	1.0	1.0	500.0	strong_crucivirus_like	False	False	1.0	0.9938642	1.0	1.0	1.0	1.0	104.0	strong_crucivirus_like	False	False	1.0	0.527996	1.0	1.0	1.0	1.0	187.0	ambiguous	False	False	1.0	0.8471706	1.0	1.0	1.0	1.0	209.0	strong_crucivirus_like	False	False	1.0	0.0006040000000000489	0.9941662	False	False
Cruci_PB_KX388517	crucivirus	1	Purple	Purple	0.9792656	1.0	1.0	1.0	1.0	483.0	strong_crucivirus_like	False	False	1.0	0.97065836	1.0	1.0	1.0	1.0	77.0	strong_crucivirus_like	False	False	1.0	0.7318802	1.0	1.0	1.0	1.0	207.0	moderate_crucivirus_like	False	False	1.0	0.7894371	1.0	1.0	1.0	1.0	199.0	moderate_crucivirus_like	False	False	1.0	0.008607239999999905	0.97496198	False	False
Cruci_PB_KX388518	crucivirus	1	Purple	Purple	0.9792656	1.0	1.0	1.0	1.0	483.0	strong_crucivirus_like	False	False	1.0	0.97065836	1.0	1.0	1.0	1.0	77.0	strong_crucivirus_like	False	False	1.0	0.7318802	1.0	1.0	1.0	1.0	207.0	moderate_crucivirus_like	False	False	1.0	0.7894371	1.0	1.0	1.0	1.0	199.0	moderate_crucivirus_like	False	False	1.0	0.008607239999999905	0.97496198	False	False
Cruci_CruV_492	crucivirus	1	Purple	Purple	0.97244376	1.0	1.0	1.0	1.0	432.0	strong_crucivirus_like	False	False	1.0	0.96161973	1.0	1.0	1.0	1.0	67.0	strong_crucivirus_like	False	False	1.0	0.54683137	1.0	1.0	1.0	1.0	191.0	ambiguous	False	False	1.0	0.6487574	1.0	1.0	1.0	1.0	174.0	moderate_crucivirus_like	False	False	1.0	0.010824029999999984	0.967031745	False	False
Cruci_CruV_487	crucivirus	1	Purple	Purple	0.9704944	1.0	1.0	1.0	1.0	428.0	strong_crucivirus_like	False	False	1.0	0.93385816	1.0	1.0	1.0	1.0	57.0	strong_crucivirus_like	False	False	1.0	0.5048997	1.0	1.0	1.0	1.0	191.0	ambiguous	False	False	1.0	0.689718	1.0	1.0	1.0	1.0	180.0	moderate_crucivirus_like	False	False	1.0	0.03663623999999999	0.95217628	False	False
Cruci_CruV_518	crucivirus	1	Purple	Purple	0.84765935	1.0	1.0	1.0	1.0	462.0	strong_crucivirus_like	False	False	1.0	0.93493384	1.0	1.0	1.0	1.0	69.0	strong_crucivirus_like	False	False	1.0	0.46455875	0.0	0.0	0.0	0.0	193.0	ambiguous	False	False	1.0	0.41497958	0.0	0.0	0.0	0.0	200.0	ambiguous	False	False	1.0	-0.08727448999999998	0.891296595	False	False
Cruci_CruV-906	crucivirus	1	Purple	Purple	0.9472954	1.0	1.0	1.0	1.0	463.0	strong_crucivirus_like	False	False	1.0	0.94274	1.0	1.0	1.0	1.0	77.0	strong_crucivirus_like	False	False	1.0	0.62607324	1.0	1.0	1.0	1.0	191.0	moderate_crucivirus_like	False	False	1.0	0.7949344	1.0	1.0	1.0	1.0	195.0	moderate_crucivirus_like	False	False	1.0	0.004555399999999987	0.9450177	False	False
Cruci_CruV_504	crucivirus	1	Purple	Purple	0.9355409	1.0	1.0	1.0	1.0	446.0	strong_crucivirus_like	False	False	1.0	0.89388114	1.0	1.0	1.0	1.0	59.0	strong_crucivirus_like	False	False	1.0	0.48276734	0.0	0.0	0.0	0.0	194.0	ambiguous	False	False	1.0	0.62597	1.0	1.0	1.0	1.0	193.0	moderate_crucivirus_like	False	False	1.0	0.041659760000000046	0.9147110199999999	False	False
Cruci_CruV_537	crucivirus	1	Purple	Purple	0.145897	0.0	0.0	0.0	0.0	481.0	strong_rna_like	True	True	1.0	0.6289185	1.0	1.0	1.0	1.0	95.0	moderate_crucivirus_like	False	False	1.0	0.34466708	0.0	0.0	0.0	0.0	185.0	moderate_rna_like	False	True	1.0	0.5633254	1.0	1.0	1.0	1.0	201.0	ambiguous	False	False	1.0	-0.48302150000000005	0.38740775000000005	False	False
Cruci_CruV-876	crucivirus	1	Purple	Purple	0.9322494	1.0	1.0	1.0	1.0	497.0	strong_crucivirus_like	False	False	1.0	0.86620116	1.0	1.0	1.0	1.0	107.0	strong_crucivirus_like	False	False	1.0	0.7503139	1.0	1.0	1.0	1.0	189.0	moderate_crucivirus_like	False	False	1.0	0.6803486	1.0	1.0	1.0	1.0	201.0	moderate_crucivirus_like	False	False	1.0	0.06604823999999998	0.89922528	False	False
Cruci_CruV-907	crucivirus	1	Purple	Purple	0.50405	1.0	1.0	1.0	1.0	513.0	ambiguous	False	False	1.0	0.8657847	1.0	1.0	1.0	1.0	130.0	strong_crucivirus_like	False	False	1.0	0.89830023	1.0	1.0	1.0	1.0	187.0	strong_crucivirus_like	False	False	1.0	0.70980775	1.0	1.0	1.0	1.0	196.0	moderate_crucivirus_like	False	False	1.0	-0.36173469999999996	0.68491735	False	False
Cruci_CruV_535	crucivirus	1	Purple	Purple	0.9622571	1.0	1.0	1.0	1.0	491.0	strong_crucivirus_like	False	False	1.0	0.98074657	1.0	1.0	1.0	1.0	89.0	strong_crucivirus_like	False	False	1.0	0.46118245	0.0	0.0	0.0	0.0	189.0	ambiguous	False	False	1.0	0.7256271	1.0	1.0	1.0	1.0	213.0	moderate_crucivirus_like	False	False	1.0	-0.018489470000000008	0.971501835	False	False
Cruci_PSU_CruV-234	crucivirus	1	Purple	Purple	0.9637929	1.0	1.0	1.0	1.0	491.0	strong_crucivirus_like	False	False	1.0	0.98131484	1.0	1.0	1.0	1.0	89.0	strong_crucivirus_like	False	False	1.0	0.55669254	1.0	1.0	1.0	1.0	189.0	ambiguous	False	False	1.0	0.71478635	1.0	1.0	1.0	1.0	213.0	moderate_crucivirus_like	False	False	1.0	-0.01752194000000007	0.97255387	False	False
Cruci_CruV_494	crucivirus	1	Purple	Purple	0.797071	1.0	1.0	1.0	1.0	498.0	moderate_crucivirus_like	False	False	1.0	0.8432148	1.0	1.0	1.0	1.0	98.0	strong_crucivirus_like	False	False	1.0	0.6439425	1.0	1.0	1.0	1.0	188.0	moderate_crucivirus_like	False	False	1.0	0.7696017	1.0	1.0	1.0	1.0	212.0	moderate_crucivirus_like	False	False	1.0	-0.04614380000000007	0.8201429	False	False
Cruci_PSU_CruV-50	crucivirus	1	Purple	Purple	0.79948306	1.0	1.0	1.0	1.0	483.0	moderate_crucivirus_like	False	False	1.0	0.8450574	1.0	1.0	1.0	1.0	90.0	strong_crucivirus_like	False	False	1.0	0.65233016	1.0	1.0	1.0	1.0	184.0	moderate_crucivirus_like	False	False	1.0	0.6666193	1.0	1.0	1.0	1.0	209.0	moderate_crucivirus_like	False	False	1.0	-0.045574339999999935	0.82227023	False	False
Cruci_CruV-838	crucivirus	1	Purple	Purple	0.8537977	1.0	1.0	1.0	1.0	455.0	strong_crucivirus_like	False	False	1.0	0.49648884	0.0	0.0	0.0	0.0	86.0	ambiguous	False	False	1.0	0.5644468	1.0	1.0	1.0	1.0	184.0	ambiguous	False	False	1.0	0.75677675	1.0	1.0	1.0	1.0	185.0	moderate_crucivirus_like	False	False	1.0	0.35730886	0.67514327	False	False
Cruci_CruV-798	crucivirus	1	Purple	Purple	0.90704685	1.0	1.0	1.0	1.0	442.0	strong_crucivirus_like	False	False	1.0	0.7029767	1.0	1.0	1.0	1.0	73.0	moderate_crucivirus_like	False	False	1.0	0.60376453	1.0	1.0	1.0	1.0	183.0	moderate_crucivirus_like	False	False	1.0	0.7393135	1.0	1.0	1.0	1.0	186.0	moderate_crucivirus_like	False	False	1.0	0.20407014999999995	0.805011775	False	False
Cruci_CruV-891	crucivirus	1	Purple	Purple	0.41580886	0.0	0.0	0.0	0.0	514.0	ambiguous	False	False	1.0	0.48949003	0.0	0.0	0.0	0.0	123.0	ambiguous	False	False	1.0	0.85526985	1.0	1.0	1.0	1.0	190.0	strong_crucivirus_like	False	False	1.0	0.6357728	1.0	1.0	1.0	1.0	201.0	moderate_crucivirus_like	False	False	1.0	-0.07368117000000002	0.45264944500000004	False	False
Cruci_CruV-837	crucivirus	1	Purple	Purple	0.95946574	1.0	1.0	1.0	1.0	428.0	strong_crucivirus_like	False	False	1.0	0.9713662	1.0	1.0	1.0	1.0	74.0	strong_crucivirus_like	False	False	1.0	0.43199247	0.0	0.0	0.0	0.0	185.0	ambiguous	False	False	1.0	0.6215468	1.0	1.0	1.0	1.0	169.0	moderate_crucivirus_like	False	False	1.0	-0.011900460000000002	0.96541597	False	False
Cruci_CruV-862	crucivirus	1	Purple	Purple	0.9585573	1.0	1.0	1.0	1.0	428.0	strong_crucivirus_like	False	False	1.0	0.9564561	1.0	1.0	1.0	1.0	74.0	strong_crucivirus_like	False	False	1.0	0.4561384	0.0	0.0	0.0	0.0	185.0	ambiguous	False	False	1.0	0.61472857	1.0	1.0	1.0	1.0	169.0	moderate_crucivirus_like	False	False	1.0	0.0021011999999999142	0.9575066999999999	False	False
Cruci_CruV-860	crucivirus	1	Purple	Purple	0.9547191	1.0	1.0	1.0	1.0	428.0	strong_crucivirus_like	False	False	1.0	0.9564561	1.0	1.0	1.0	1.0	74.0	strong_crucivirus_like	False	False	1.0	0.44873485	0.0	0.0	0.0	0.0	185.0	ambiguous	False	False	1.0	0.613805	1.0	1.0	1.0	1.0	169.0	moderate_crucivirus_like	False	False	1.0	-0.0017369999999999886	0.9555876000000001	False	False
Cruci_CruV-844	crucivirus	1	Purple	Purple	0.9248934	1.0	1.0	1.0	1.0	415.0	strong_crucivirus_like	False	False	1.0	0.90984243	1.0	1.0	1.0	1.0	65.0	strong_crucivirus_like	False	False	1.0	0.5591227	1.0	1.0	1.0	1.0	184.0	ambiguous	False	False	1.0	0.8053214	1.0	1.0	1.0	1.0	166.0	strong_crucivirus_like	False	False	1.0	0.015050969999999997	0.917367915	False	False
Cruci_CruV-845	crucivirus	1	Purple	Purple	0.9248934	1.0	1.0	1.0	1.0	415.0	strong_crucivirus_like	False	False	1.0	0.90984243	1.0	1.0	1.0	1.0	65.0	strong_crucivirus_like	False	False	1.0	0.5591227	1.0	1.0	1.0	1.0	184.0	ambiguous	False	False	1.0	0.8053214	1.0	1.0	1.0	1.0	166.0	strong_crucivirus_like	False	False	1.0	0.015050969999999997	0.917367915	False	False
Cruci_CruV-863	crucivirus	1	Purple	Purple	0.95009327	1.0	1.0	1.0	1.0	412.0	strong_crucivirus_like	False	False	1.0	0.9384002	1.0	1.0	1.0	1.0	64.0	strong_crucivirus_like	False	False	1.0	0.56559885	1.0	1.0	1.0	1.0	184.0	ambiguous	False	False	1.0	0.7767493	1.0	1.0	1.0	1.0	164.0	moderate_crucivirus_like	False	False	1.0	0.011693069999999972	0.944246735	False	False
Cruci_CruV-875	crucivirus	1	Purple	Purple	0.89724565	1.0	1.0	1.0	1.0	411.0	strong_crucivirus_like	False	False	1.0	0.87896204	1.0	1.0	1.0	1.0	59.0	strong_crucivirus_like	False	False	1.0	0.34970033	0.0	0.0	0.0	0.0	184.0	moderate_rna_like	False	True	1.0	0.32186615	0.0	0.0	0.0	0.0	168.0	moderate_rna_like	False	True	1.0	0.018283610000000006	0.8881038450000001	False	False
Cruci_CruV-847	crucivirus	1	Purple	Purple	0.20302278	0.0	0.0	0.0	0.0	407.0	moderate_rna_like	False	True	1.0	0.14736277	0.0	0.0	0.0	0.0	55.0	strong_rna_like	True	True	1.0	0.32042518	0.0	0.0	0.0	0.0	190.0	moderate_rna_like	False	True	1.0	0.36543137	0.0	0.0	0.0	0.0	162.0	moderate_rna_like	False	True	1.0	0.05566001000000001	0.17519277500000002	False	True
Cruci_CruV_170	crucivirus	1	Purple	Purple	0.25214225	0.0	0.0	0.0	0.0	377.0	moderate_rna_like	False	True	1.0	0.65950894	1.0	1.0	1.0	1.0	5.0	moderate_crucivirus_like	False	False	1.0	0.67062306	1.0	1.0	1.0	1.0	191.0	moderate_crucivirus_like	False	False	1.0	0.6038748	1.0	1.0	1.0	1.0	181.0	moderate_crucivirus_like	False	False	1.0	-0.40736669000000003	0.45582559500000003	False	False
Cruci_CruV-728	crucivirus	1	Purple	Purple	0.47014883	0.0	0.0	0.0	0.0	510.0	ambiguous	False	False	1.0	0.54132396	1.0	1.0	1.0	1.0	140.0	ambiguous	False	False	1.0	0.6744648	1.0	1.0	1.0	1.0	192.0	moderate_crucivirus_like	False	False	1.0	0.50849986	1.0	1.0	1.0	1.0	178.0	ambiguous	False	False	1.0	-0.07117513000000003	0.505736395	False	False
Cruci_CruV-727	crucivirus	1	Purple	Purple	0.82564074	1.0	1.0	1.0	1.0	478.0	strong_crucivirus_like	False	False	1.0	0.8357217	1.0	1.0	1.0	1.0	108.0	strong_crucivirus_like	False	False	1.0	0.63244236	1.0	1.0	1.0	1.0	192.0	moderate_crucivirus_like	False	False	1.0	0.54050374	1.0	1.0	1.0	1.0	178.0	ambiguous	False	False	1.0	-0.010080960000000028	0.83068122	False	False
Cruci_CruV-729	crucivirus	1	Purple	Purple	0.3562109	0.0	0.0	0.0	0.0	510.0	moderate_rna_like	False	True	1.0	0.43766826	0.0	0.0	0.0	0.0	140.0	ambiguous	False	False	1.0	0.6332462	1.0	1.0	1.0	1.0	192.0	moderate_crucivirus_like	False	False	1.0	0.5005887	1.0	1.0	1.0	1.0	178.0	ambiguous	False	False	1.0	-0.08145735999999998	0.39693957999999996	False	False
Cruci_CruV-724	crucivirus	1	Purple	Purple	0.68126357	1.0	1.0	1.0	1.0	478.0	moderate_crucivirus_like	False	False	1.0	0.54468936	1.0	1.0	1.0	1.0	108.0	ambiguous	False	False	1.0	0.7525733	1.0	1.0	1.0	1.0	192.0	moderate_crucivirus_like	False	False	1.0	0.45357022	0.0	0.0	0.0	0.0	178.0	ambiguous	False	False	1.0	0.13657421000000003	0.612976465	False	False
Cruci_CruV-726	crucivirus	1	Purple	Purple	0.8253718	1.0	1.0	1.0	1.0	475.0	strong_crucivirus_like	False	False	1.0	0.7131348	1.0	1.0	1.0	1.0	105.0	moderate_crucivirus_like	False	False	1.0	0.6174269	1.0	1.0	1.0	1.0	192.0	moderate_crucivirus_like	False	False	1.0	0.59084797	1.0	1.0	1.0	1.0	178.0	ambiguous	False	False	1.0	0.11223700000000003	0.7692532999999999	False	False
Cruci_CruV-644	crucivirus	1	Purple	Purple	0.79331875	1.0	1.0	1.0	1.0	462.0	moderate_crucivirus_like	False	False	1.0	0.77240986	1.0	1.0	1.0	1.0	98.0	moderate_crucivirus_like	False	False	1.0	0.7749868	1.0	1.0	1.0	1.0	192.0	moderate_crucivirus_like	False	False	1.0	0.7210651	1.0	1.0	1.0	1.0	172.0	moderate_crucivirus_like	False	False	1.0	0.020908889999999958	0.7828643049999999	False	False
Cruci_CruV_257	crucivirus	1	Purple	Purple	0.9055464	1.0	1.0	1.0	1.0	467.0	strong_crucivirus_like	False	False	1.0	0.82874286	1.0	1.0	1.0	1.0	105.0	strong_crucivirus_like	False	False	1.0	0.6388467	1.0	1.0	1.0	1.0	192.0	moderate_crucivirus_like	False	False	1.0	0.67803127	1.0	1.0	1.0	1.0	170.0	moderate_crucivirus_like	False	False	1.0	0.07680354	0.86714463	False	False
Cruci_CruV-632	crucivirus	1	Purple	Purple	0.22826423	0.0	0.0	0.0	0.0	493.0	moderate_rna_like	False	True	1.0	0.598592	1.0	1.0	1.0	1.0	132.0	ambiguous	False	False	1.0	0.4384678	0.0	0.0	0.0	0.0	193.0	ambiguous	False	False	1.0	0.78924024	1.0	1.0	1.0	1.0	168.0	moderate_crucivirus_like	False	False	1.0	-0.37032777	0.413428115	False	False
Cruci_CruV-586	crucivirus	1	Purple	Purple	0.49701586	0.0	0.0	0.0	0.0	477.0	ambiguous	False	False	1.0	0.5320497	1.0	1.0	1.0	1.0	116.0	ambiguous	False	False	1.0	0.49730888	0.0	0.0	0.0	0.0	193.0	ambiguous	False	False	1.0	0.78543645	1.0	1.0	1.0	1.0	168.0	moderate_crucivirus_like	False	False	1.0	-0.03503383999999998	0.5145327799999999	False	False
Cruci_chiv_Airborne_RD1_contig10	crucivirus	1	Purple	Purple	0.800136	1.0	1.0	1.0	1.0	463.0	strong_crucivirus_like	False	False	1.0	0.8150871	1.0	1.0	1.0	1.0	100.0	strong_crucivirus_like	False	False	1.0	0.63608724	1.0	1.0	1.0	1.0	192.0	moderate_crucivirus_like	False	False	1.0	0.74824893	1.0	1.0	1.0	1.0	171.0	moderate_crucivirus_like	False	False	1.0	-0.014951099999999995	0.80761155	False	False
Cruci_CruV_211	crucivirus	1	Purple	Purple	0.42223847	0.0	0.0	0.0	0.0	447.0	ambiguous	False	False	1.0	0.35974774	0.0	0.0	0.0	0.0	91.0	moderate_rna_like	False	True	1.0	0.765391	1.0	1.0	1.0	1.0	193.0	moderate_crucivirus_like	False	False	1.0	0.803421	1.0	1.0	1.0	1.0	163.0	strong_crucivirus_like	False	False	1.0	0.062490729999999994	0.39099310499999995	False	False
Cruci_CruV_234	crucivirus	1	Purple	Purple	0.42223847	0.0	0.0	0.0	0.0	447.0	ambiguous	False	False	1.0	0.35974774	0.0	0.0	0.0	0.0	91.0	moderate_rna_like	False	True	1.0	0.765391	1.0	1.0	1.0	1.0	193.0	moderate_crucivirus_like	False	False	1.0	0.803421	1.0	1.0	1.0	1.0	163.0	strong_crucivirus_like	False	False	1.0	0.062490729999999994	0.39099310499999995	False	False
Cruci_CruV-913	crucivirus	1	Purple	Purple	0.71782947	1.0	1.0	1.0	1.0	435.0	moderate_crucivirus_like	False	False	1.0	0.59055346	1.0	1.0	1.0	1.0	77.0	ambiguous	False	False	1.0	0.56492656	1.0	1.0	1.0	1.0	190.0	ambiguous	False	False	1.0	0.78708243	1.0	1.0	1.0	1.0	168.0	moderate_crucivirus_like	False	False	1.0	0.12727601	0.654191465	False	False
Cruci_CruV-929	crucivirus	1	Purple	Purple	0.7276878	1.0	1.0	1.0	1.0	416.0	moderate_crucivirus_like	False	False	1.0	0.7804718	1.0	1.0	1.0	1.0	47.0	moderate_crucivirus_like	False	False	1.0	0.56435734	1.0	1.0	1.0	1.0	191.0	ambiguous	False	False	1.0	0.45799196	0.0	0.0	0.0	0.0	178.0	ambiguous	False	False	1.0	-0.05278400000000005	0.7540798	False	False
Cruci_CruV-912	crucivirus	1	Purple	Purple	0.27073792	0.0	0.0	0.0	0.0	278.0	moderate_rna_like	False	True	1.0	0.47859055	0.0	0.0	0.0	0.0	63.0	ambiguous	False	False	1.0	0.5269622	1.0	1.0	1.0	1.0	184.0	ambiguous	False	False	1.0	0.31129682	0.0	0.0	0.0	0.0	31.0	moderate_rna_like	False	True	1.0	-0.20785262999999998	0.374664235	False	False
Cruci_PB_KX388494	crucivirus	1	Purple	Purple	0.98044604	1.0	1.0	1.0	1.0	491.0	strong_crucivirus_like	False	False	1.0	0.96833056	1.0	1.0	1.0	1.0	104.0	strong_crucivirus_like	False	False	1.0	0.7808215	1.0	1.0	1.0	1.0	181.0	moderate_crucivirus_like	False	False	1.0	0.68441427	1.0	1.0	1.0	1.0	206.0	moderate_crucivirus_like	False	False	1.0	0.012115480000000067	0.9743883	False	False
Cruci_CruV-964	crucivirus	1	Purple	Purple	0.25894284	0.0	0.0	0.0	0.0	335.0	moderate_rna_like	False	True	1.0	0.7418066	1.0	1.0	1.0	1.0	16.0	moderate_crucivirus_like	False	False	1.0	0.44663587	0.0	0.0	0.0	0.0	200.0	ambiguous	False	False	1.0	0.17427309	0.0	0.0	0.0	0.0	119.0	strong_rna_like	True	True	1.0	-0.48286376	0.5003747199999999	False	False
Cruci_CruV_358	crucivirus	1	Purple	Purple	0.6017725	1.0	1.0	1.0	1.0	348.0	moderate_crucivirus_like	False	False	1.0	0.46467817	0.0	0.0	0.0	0.0	14.0	ambiguous	False	False	1.0	0.71835905	1.0	1.0	1.0	1.0	180.0	moderate_crucivirus_like	False	False	1.0	0.55059683	1.0	1.0	1.0	1.0	154.0	ambiguous	False	False	1.0	0.13709433000000004	0.533225335	False	False
Cruci_chiv_Lake_Bourget_contig37546	crucivirus	1	Purple	Purple	0.8704167	1.0	1.0	1.0	1.0	458.0	strong_crucivirus_like	False	False	1.0	0.8071116	1.0	1.0	1.0	1.0	116.0	strong_crucivirus_like	False	False	1.0	0.6756035	1.0	1.0	1.0	1.0	179.0	moderate_crucivirus_like	False	False	1.0	0.75955325	1.0	1.0	1.0	1.0	163.0	moderate_crucivirus_like	False	False	1.0	0.0633051	0.83876415	False	False
Cruci_CruV_179	crucivirus	1	Purple	Purple	0.65052634	1.0	1.0	1.0	1.0	447.0	moderate_crucivirus_like	False	False	1.0	0.8553008	1.0	1.0	1.0	1.0	122.0	strong_crucivirus_like	False	False	1.0	0.5871406	1.0	1.0	1.0	1.0	179.0	ambiguous	False	False	1.0	0.53045106	1.0	1.0	1.0	1.0	146.0	ambiguous	False	False	1.0	-0.20477446	0.75291357	False	False
Cruci_CruV_180	crucivirus	1	Purple	Purple	0.6546882	1.0	1.0	1.0	1.0	447.0	moderate_crucivirus_like	False	False	1.0	0.8553008	1.0	1.0	1.0	1.0	122.0	strong_crucivirus_like	False	False	1.0	0.5871406	1.0	1.0	1.0	1.0	179.0	ambiguous	False	False	1.0	0.5552247	1.0	1.0	1.0	1.0	146.0	ambiguous	False	False	1.0	-0.20061259999999992	0.7549945	False	False
Cruci_CruV_119	crucivirus	1	Purple	Purple	0.71625614	1.0	1.0	1.0	1.0	452.0	moderate_crucivirus_like	False	False	1.0	0.7332677	1.0	1.0	1.0	1.0	119.0	moderate_crucivirus_like	False	False	1.0	0.6779743	1.0	1.0	1.0	1.0	182.0	moderate_crucivirus_like	False	False	1.0	0.32177213	0.0	0.0	0.0	0.0	151.0	moderate_rna_like	False	True	1.0	-0.017011559999999926	0.72476192	False	False
Cruci_CruV_172	crucivirus	1	Purple	Purple	0.8494613	1.0	1.0	1.0	1.0	565.0	strong_crucivirus_like	False	False	1.0	0.8243017	1.0	1.0	1.0	1.0	223.0	strong_crucivirus_like	False	False	1.0	0.8322717	1.0	1.0	1.0	1.0	186.0	strong_crucivirus_like	False	False	1.0	0.47891763	0.0	0.0	0.0	0.0	156.0	ambiguous	False	False	1.0	0.02515959999999995	0.8368815000000001	False	False
Cruci_Mire_OM154314	crucivirus	1	Purple	Purple	0.8984608	1.0	1.0	1.0	1.0	500.0	strong_crucivirus_like	False	False	1.0	0.92828786	1.0	1.0	1.0	1.0	163.0	strong_crucivirus_like	False	False	1.0	0.48950168	0.0	0.0	0.0	0.0	185.0	ambiguous	False	False	1.0	0.3838856	0.0	0.0	0.0	0.0	152.0	moderate_rna_like	False	True	1.0	-0.029827060000000016	0.9133743299999999	False	False
Cruci_CruCGE_110	crucivirus	1	Purple	Purple	0.94047624	1.0	1.0	1.0	1.0	464.0	strong_crucivirus_like	False	False	1.0	0.951277	1.0	1.0	1.0	1.0	127.0	strong_crucivirus_like	False	False	1.0	0.7931675	1.0	1.0	1.0	1.0	185.0	moderate_crucivirus_like	False	False	1.0	0.49291304	0.0	0.0	0.0	0.0	152.0	ambiguous	False	False	1.0	-0.010800760000000076	0.94587662	False	False
Cruci_CruV-700	crucivirus	1	Purple	Purple	0.95484084	1.0	1.0	1.0	1.0	449.0	strong_crucivirus_like	False	False	1.0	0.9030932	1.0	1.0	1.0	1.0	110.0	strong_crucivirus_like	False	False	1.0	0.7310784	1.0	1.0	1.0	1.0	185.0	moderate_crucivirus_like	False	False	1.0	0.44715014	0.0	0.0	0.0	0.0	154.0	ambiguous	False	False	1.0	0.051747639999999984	0.92896702	False	False
Cruci_CruV-566	crucivirus	1	Purple	Purple	0.90195215	1.0	1.0	1.0	1.0	447.0	strong_crucivirus_like	False	False	1.0	0.83214414	1.0	1.0	1.0	1.0	109.0	strong_crucivirus_like	False	False	1.0	0.8009625	1.0	1.0	1.0	1.0	185.0	strong_crucivirus_like	False	False	1.0	0.38362414	0.0	0.0	0.0	0.0	153.0	moderate_rna_like	False	True	1.0	0.06980800999999992	0.867048145	False	False
Cruci_CruV-563	crucivirus	1	Purple	Purple	0.8263928	1.0	1.0	1.0	1.0	441.0	strong_crucivirus_like	False	False	1.0	0.6881107	1.0	1.0	1.0	1.0	106.0	moderate_crucivirus_like	False	False	1.0	0.8440595	1.0	1.0	1.0	1.0	185.0	strong_crucivirus_like	False	False	1.0	0.3530525	0.0	0.0	0.0	0.0	150.0	moderate_rna_like	False	True	1.0	0.13828210000000007	0.75725175	False	False
Cruci_CruV-690	crucivirus	1	Purple	Purple	0.9369535	1.0	1.0	1.0	1.0	452.0	strong_crucivirus_like	False	False	1.0	0.9497217	1.0	1.0	1.0	1.0	118.0	strong_crucivirus_like	False	False	1.0	0.709312	1.0	1.0	1.0	1.0	185.0	moderate_crucivirus_like	False	False	1.0	0.34699816	0.0	0.0	0.0	0.0	149.0	moderate_rna_like	False	True	1.0	-0.012768200000000007	0.9433376	False	False
Cruci_CruV-624	crucivirus	1	Purple	Purple	0.90237725	1.0	1.0	1.0	1.0	477.0	strong_crucivirus_like	False	False	1.0	0.91383404	1.0	1.0	1.0	1.0	119.0	strong_crucivirus_like	False	False	1.0	0.8384892	1.0	1.0	1.0	1.0	186.0	strong_crucivirus_like	False	False	1.0	0.5920583	1.0	1.0	1.0	1.0	172.0	ambiguous	False	False	1.0	-0.011456789999999994	0.908105645	False	False
Cruci_MC_CRUV-WPB1	crucivirus	1	Purple	Purple	0.8755951	1.0	1.0	1.0	1.0	503.0	strong_crucivirus_like	False	False	1.0	0.9386501	1.0	1.0	1.0	1.0	123.0	strong_crucivirus_like	False	False	1.0	0.60343397	1.0	1.0	1.0	1.0	184.0	moderate_crucivirus_like	False	False	1.0	0.43820205	0.0	0.0	0.0	0.0	196.0	ambiguous	False	False	1.0	-0.06305500000000008	0.9071226	False	False
Cruci_CruV-815	crucivirus	1	Purple	Purple	0.8761046	1.0	1.0	1.0	1.0	514.0	strong_crucivirus_like	False	False	1.0	0.9081566	1.0	1.0	1.0	1.0	152.0	strong_crucivirus_like	False	False	1.0	0.7266154	1.0	1.0	1.0	1.0	185.0	moderate_crucivirus_like	False	False	1.0	0.76429194	1.0	1.0	1.0	1.0	177.0	moderate_crucivirus_like	False	False	1.0	-0.03205199999999997	0.8921306	False	False
Cruci_CruV-811	crucivirus	1	Purple	Purple	0.7677659	1.0	1.0	1.0	1.0	510.0	moderate_crucivirus_like	False	False	1.0	0.8589935	1.0	1.0	1.0	1.0	148.0	strong_crucivirus_like	False	False	1.0	0.7266154	1.0	1.0	1.0	1.0	185.0	moderate_crucivirus_like	False	False	1.0	0.76429164	1.0	1.0	1.0	1.0	177.0	moderate_crucivirus_like	False	False	1.0	-0.09122759999999996	0.8133797	False	False
Cruci_CruV-812	crucivirus	1	Purple	Purple	0.78525585	1.0	1.0	1.0	1.0	414.0	moderate_crucivirus_like	False	False	1.0	0.4503375	0.0	0.0	0.0	0.0	52.0	ambiguous	False	False	1.0	0.55593127	1.0	1.0	1.0	1.0	194.0	ambiguous	False	False	1.0	0.79719263	1.0	1.0	1.0	1.0	168.0	moderate_crucivirus_like	False	False	1.0	0.33491835	0.617796675	False	False
Cruci_CruV-805	crucivirus	1	Purple	Purple	0.77957094	1.0	1.0	1.0	1.0	369.0	moderate_crucivirus_like	False	False	1.0	0.54386353	1.0	1.0	1.0	1.0	20.0	ambiguous	False	False	1.0	0.3566081	0.0	0.0	0.0	0.0	194.0	moderate_rna_like	False	True	1.0	0.67837846	1.0	1.0	1.0	1.0	155.0	moderate_crucivirus_like	False	False	1.0	0.23570741000000006	0.661717235	False	False
Ribo_JAAOEH010000682.1	rna_virus	0	Purple	Purple	0.3585905	0.0	0.0	1.0	1.0	544.0	moderate_rna_like	False	False	1.0	0.26418105	0.0	0.0	1.0	1.0	112.0	moderate_rna_like	False	False	1.0	0.35157844	0.0	0.0	1.0	1.0	185.0	moderate_rna_like	False	False	1.0	0.44799185	0.0	0.0	1.0	1.0	247.0	ambiguous	False	False	1.0	0.09440945	0.311385775	False	False
Cruci_CruV-963	crucivirus	1	Purple	Purple	0.42963123	0.0	0.0	0.0	0.0	381.0	ambiguous	False	False	1.0	0.7021649	1.0	1.0	1.0	1.0	14.0	moderate_crucivirus_like	False	False	1.0	0.56819195	1.0	1.0	1.0	1.0	188.0	ambiguous	False	False	1.0	0.78185874	1.0	1.0	1.0	1.0	179.0	moderate_crucivirus_like	False	False	1.0	-0.27253367	0.565898065	False	False
Cruci_CruV_163	crucivirus	1	Purple	Purple	0.89677835	1.0	1.0	1.0	1.0	521.0	strong_crucivirus_like	False	False	1.0	0.92226285	1.0	1.0	1.0	1.0	110.0	strong_crucivirus_like	False	False	1.0	0.90263176	1.0	1.0	1.0	1.0	185.0	strong_crucivirus_like	False	False	1.0	0.32587823	0.0	0.0	0.0	0.0	226.0	moderate_rna_like	False	True	1.0	-0.02548450000000002	0.9095206	False	False
Cruci_CruV_207	crucivirus	1	Purple	Purple	0.7226963	1.0	1.0	1.0	1.0	477.0	moderate_crucivirus_like	False	False	1.0	0.90343326	1.0	1.0	1.0	1.0	139.0	strong_crucivirus_like	False	False	1.0	0.9116305	1.0	1.0	1.0	1.0	185.0	strong_crucivirus_like	False	False	1.0	0.34569648	0.0	0.0	0.0	0.0	153.0	moderate_rna_like	False	True	1.0	-0.18073696000000006	0.8130647799999999	False	False
Cruci_CruV_122	crucivirus	1	Purple	Purple	0.9065303	1.0	1.0	1.0	1.0	444.0	strong_crucivirus_like	False	False	1.0	0.82477415	1.0	1.0	1.0	1.0	107.0	strong_crucivirus_like	False	False	1.0	0.9050516	1.0	1.0	1.0	1.0	185.0	strong_crucivirus_like	False	False	1.0	0.5427502	1.0	1.0	1.0	1.0	152.0	ambiguous	False	False	1.0	0.08175615000000003	0.865652225	False	False
Cruci_CruV_116	crucivirus	1	Purple	Purple	0.8796598	1.0	1.0	1.0	1.0	448.0	strong_crucivirus_like	False	False	1.0	0.9153665	1.0	1.0	1.0	1.0	110.0	strong_crucivirus_like	False	False	1.0	0.7575867	1.0	1.0	1.0	1.0	185.0	moderate_crucivirus_like	False	False	1.0	0.39802158	0.0	0.0	0.0	0.0	153.0	moderate_rna_like	False	True	1.0	-0.03570669999999998	0.89751315	False	False
Cruci_CruV-657	crucivirus	1	Purple	Purple	0.92508125	1.0	1.0	1.0	1.0	448.0	strong_crucivirus_like	False	False	1.0	0.9523051	1.0	1.0	1.0	1.0	110.0	strong_crucivirus_like	False	False	1.0	0.7450929	1.0	1.0	1.0	1.0	185.0	moderate_crucivirus_like	False	False	1.0	0.40602958	0.0	0.0	0.0	0.0	153.0	ambiguous	False	False	1.0	-0.02722385000000005	0.938693175	False	False
Cruci_CruCGE_85	crucivirus	1	Purple	Purple	0.62253433	1.0	1.0	1.0	1.0	443.0	moderate_crucivirus_like	False	False	1.0	0.48474672	0.0	0.0	0.0	0.0	105.0	ambiguous	False	False	1.0	0.8773165	1.0	1.0	1.0	1.0	185.0	strong_crucivirus_like	False	False	1.0	0.6714457	1.0	1.0	1.0	1.0	153.0	moderate_crucivirus_like	False	False	1.0	0.13778761	0.553640525	False	False
Cruci_CruV_428	crucivirus	1	Purple	Purple	0.9446619	1.0	1.0	1.0	1.0	459.0	strong_crucivirus_like	False	False	1.0	0.97981787	1.0	1.0	1.0	1.0	119.0	strong_crucivirus_like	False	False	1.0	0.5965336	1.0	1.0	1.0	1.0	185.0	ambiguous	False	False	1.0	0.20604743	0.0	0.0	0.0	0.0	155.0	moderate_rna_like	False	True	1.0	-0.035155969999999925	0.962239885	False	False
Cruci_CruV_156	crucivirus	1	Purple	Purple	0.9451565	1.0	1.0	1.0	1.0	453.0	strong_crucivirus_like	False	False	1.0	0.96704	1.0	1.0	1.0	1.0	113.0	strong_crucivirus_like	False	False	1.0	0.91233903	1.0	1.0	1.0	1.0	185.0	strong_crucivirus_like	False	False	1.0	0.6261201	1.0	1.0	1.0	1.0	155.0	moderate_crucivirus_like	False	False	1.0	-0.021883500000000056	0.9560982499999999	False	False
Cruci_CruV_167	crucivirus	1	Purple	Purple	0.9395051	1.0	1.0	1.0	1.0	453.0	strong_crucivirus_like	False	False	1.0	0.9660226	1.0	1.0	1.0	1.0	113.0	strong_crucivirus_like	False	False	1.0	0.89182913	1.0	1.0	1.0	1.0	185.0	strong_crucivirus_like	False	False	1.0	0.5494054	1.0	1.0	1.0	1.0	155.0	ambiguous	False	False	1.0	-0.02651749999999997	0.95276385	False	False
Cruci_CruV_149	crucivirus	1	Purple	Purple	0.9419632	1.0	1.0	1.0	1.0	446.0	strong_crucivirus_like	False	False	1.0	0.9693317	1.0	1.0	1.0	1.0	113.0	strong_crucivirus_like	False	False	1.0	0.8959203	1.0	1.0	1.0	1.0	185.0	strong_crucivirus_like	False	False	1.0	0.4235252	0.0	0.0	0.0	0.0	148.0	ambiguous	False	False	1.0	-0.027368500000000018	0.9556474500000001	False	False
Cruci_CruV-617	crucivirus	1	Purple	Purple	0.78653187	1.0	1.0	1.0	1.0	449.0	moderate_crucivirus_like	False	False	1.0	0.8044461	1.0	1.0	1.0	1.0	119.0	strong_crucivirus_like	False	False	1.0	0.81960815	1.0	1.0	1.0	1.0	185.0	strong_crucivirus_like	False	False	1.0	0.6533737	1.0	1.0	1.0	1.0	145.0	moderate_crucivirus_like	False	False	1.0	-0.01791423000000003	0.795488985	False	False
Cruci_CruV_379	crucivirus	1	Purple	Purple	0.9910591	1.0	1.0	1.0	1.0	458.0	strong_crucivirus_like	False	False	1.0	0.9919686	1.0	1.0	1.0	1.0	114.0	strong_crucivirus_like	False	False	1.0	0.80732167	1.0	1.0	1.0	1.0	185.0	strong_crucivirus_like	False	False	1.0	0.1132826	0.0	0.0	0.0	0.0	159.0	strong_rna_like	True	True	1.0	-0.0009095000000000075	0.99151385	False	False
Cruci_CruV_371	crucivirus	1	Purple	Purple	0.9561233	1.0	1.0	1.0	1.0	467.0	strong_crucivirus_like	False	False	1.0	0.97184145	1.0	1.0	1.0	1.0	114.0	strong_crucivirus_like	False	False	1.0	0.7762434	1.0	1.0	1.0	1.0	190.0	moderate_crucivirus_like	False	False	1.0	0.74267566	1.0	1.0	1.0	1.0	163.0	moderate_crucivirus_like	False	False	1.0	-0.015718149999999986	0.9639823750000001	False	False
Cruci_CruV_372	crucivirus	1	Purple	Purple	0.955598	1.0	1.0	1.0	1.0	467.0	strong_crucivirus_like	False	False	1.0	0.97184145	1.0	1.0	1.0	1.0	114.0	strong_crucivirus_like	False	False	1.0	0.7762434	1.0	1.0	1.0	1.0	190.0	moderate_crucivirus_like	False	False	1.0	0.7531013	1.0	1.0	1.0	1.0	163.0	moderate_crucivirus_like	False	False	1.0	-0.016243450000000048	0.963719725	False	False
Cruci_CruV_387	crucivirus	1	Purple	Purple	0.95081824	1.0	1.0	1.0	1.0	462.0	strong_crucivirus_like	False	False	1.0	0.94263756	1.0	1.0	1.0	1.0	110.0	strong_crucivirus_like	False	False	1.0	0.82395643	1.0	1.0	1.0	1.0	188.0	strong_crucivirus_like	False	False	1.0	0.5079876	1.0	1.0	1.0	1.0	164.0	ambiguous	False	False	1.0	0.008180680000000051	0.9467279	False	False
Cruci_CruV-762	crucivirus	1	Purple	Purple	0.89432	1.0	1.0	1.0	1.0	631.0	strong_crucivirus_like	False	False	1.0	0.8431999	1.0	1.0	1.0	1.0	290.0	strong_crucivirus_like	False	False	1.0	0.74005854	1.0	1.0	1.0	1.0	187.0	moderate_crucivirus_like	False	False	1.0	0.7368988	1.0	1.0	1.0	1.0	154.0	moderate_crucivirus_like	False	False	1.0	0.0511201	0.8687599500000001	False	False
Cruci_CruV-752	crucivirus	1	Purple	Purple	0.4422881	0.0	0.0	0.0	0.0	510.0	ambiguous	False	False	1.0	0.77784765	1.0	1.0	1.0	1.0	176.0	moderate_crucivirus_like	False	False	1.0	0.58751833	1.0	1.0	1.0	1.0	187.0	ambiguous	False	False	1.0	0.69049454	1.0	1.0	1.0	1.0	147.0	moderate_crucivirus_like	False	False	1.0	-0.33555955	0.610067875	False	False
Cruci_CruV_340	crucivirus	1	Purple	Purple	0.5475032	1.0	1.0	1.0	1.0	491.0	ambiguous	False	False	1.0	0.53232807	1.0	1.0	1.0	1.0	156.0	ambiguous	False	False	1.0	0.6932036	1.0	1.0	1.0	1.0	187.0	moderate_crucivirus_like	False	False	1.0	0.7231966	1.0	1.0	1.0	1.0	148.0	moderate_crucivirus_like	False	False	1.0	0.015175129999999926	0.5399156350000001	False	False
Cruci_CruV-574	crucivirus	1	Purple	Purple	0.7084139	1.0	1.0	1.0	1.0	445.0	moderate_crucivirus_like	False	False	1.0	0.705655	1.0	1.0	1.0	1.0	109.0	moderate_crucivirus_like	False	False	1.0	0.7624363	1.0	1.0	1.0	1.0	187.0	moderate_crucivirus_like	False	False	1.0	0.7039687	1.0	1.0	1.0	1.0	149.0	moderate_crucivirus_like	False	False	1.0	0.0027589000000000086	0.7070344500000001	False	False
Cruci_CruV_258	crucivirus	1	Purple	Purple	0.87667704	1.0	1.0	1.0	1.0	492.0	strong_crucivirus_like	False	False	1.0	0.8996898	1.0	1.0	1.0	1.0	131.0	strong_crucivirus_like	False	False	1.0	0.75972164	1.0	1.0	1.0	1.0	194.0	moderate_crucivirus_like	False	False	1.0	0.81427175	1.0	1.0	1.0	1.0	167.0	strong_crucivirus_like	False	False	1.0	-0.023012759999999965	0.8881834200000001	False	False
Cruci_CruV-704	crucivirus	1	Purple	Purple	0.8328108	1.0	1.0	1.0	1.0	492.0	strong_crucivirus_like	False	False	1.0	0.7027952	1.0	1.0	1.0	1.0	133.0	moderate_crucivirus_like	False	False	1.0	0.7529719	1.0	1.0	1.0	1.0	187.0	moderate_crucivirus_like	False	False	1.0	0.5824721	1.0	1.0	1.0	1.0	172.0	ambiguous	False	False	1.0	0.1300156	0.767803	False	False
Cruci_CruV-705	crucivirus	1	Purple	Purple	0.832504	1.0	1.0	1.0	1.0	492.0	strong_crucivirus_like	False	False	1.0	0.7027952	1.0	1.0	1.0	1.0	133.0	moderate_crucivirus_like	False	False	1.0	0.75812215	1.0	1.0	1.0	1.0	187.0	moderate_crucivirus_like	False	False	1.0	0.62974757	1.0	1.0	1.0	1.0	172.0	moderate_crucivirus_like	False	False	1.0	0.12970880000000007	0.7676495999999999	False	False
Cruci_Tisza_MH617070.1	crucivirus	1	Purple	Purple	0.8395429	1.0	1.0	1.0	1.0	478.0	strong_crucivirus_like	False	False	1.0	0.8867111	1.0	1.0	1.0	1.0	119.0	strong_crucivirus_like	False	False	1.0	0.82215005	1.0	1.0	1.0	1.0	187.0	strong_crucivirus_like	False	False	1.0	0.9087091	1.0	1.0	1.0	1.0	172.0	strong_crucivirus_like	False	False	1.0	-0.04716819999999999	0.863127	False	False
Cruci_CruV_195	crucivirus	1	Purple	Purple	0.808058	1.0	1.0	1.0	1.0	476.0	strong_crucivirus_like	False	False	1.0	0.8781562	1.0	1.0	1.0	1.0	124.0	strong_crucivirus_like	False	False	1.0	0.7138722	1.0	1.0	1.0	1.0	191.0	moderate_crucivirus_like	False	False	1.0	0.83323246	1.0	1.0	1.0	1.0	161.0	strong_crucivirus_like	False	False	1.0	-0.0700982	0.8431071000000001	False	False
Cruci_CruV_279	crucivirus	1	Purple	Purple	0.7648271	1.0	1.0	1.0	1.0	461.0	moderate_crucivirus_like	False	False	1.0	0.736927	1.0	1.0	1.0	1.0	115.0	moderate_crucivirus_like	False	False	1.0	0.586797	1.0	1.0	1.0	1.0	187.0	ambiguous	False	False	1.0	0.8790941	1.0	1.0	1.0	1.0	159.0	strong_crucivirus_like	False	False	1.0	0.027900099999999983	0.7508770499999999	False	False
Cruci_CruV_151	crucivirus	1	Purple	Purple	0.77457666	1.0	1.0	1.0	1.0	460.0	moderate_crucivirus_like	False	False	1.0	0.9102224	1.0	1.0	1.0	1.0	119.0	strong_crucivirus_like	False	False	1.0	0.79393864	1.0	1.0	1.0	1.0	187.0	moderate_crucivirus_like	False	False	1.0	0.7943529	1.0	1.0	1.0	1.0	154.0	moderate_crucivirus_like	False	False	1.0	-0.13564573999999996	0.84239953	False	False
Cruci_PB_KX388519	crucivirus	1	Purple	Purple	0.73218554	1.0	1.0	1.0	1.0	459.0	moderate_crucivirus_like	False	False	1.0	0.7429669	1.0	1.0	1.0	1.0	113.0	moderate_crucivirus_like	False	False	1.0	0.55569947	1.0	1.0	1.0	1.0	187.0	ambiguous	False	False	1.0	0.95556796	1.0	1.0	1.0	1.0	159.0	strong_crucivirus_like	False	False	1.0	-0.010781359999999962	0.73757622	False	False
Cruci_PB_KX388520	crucivirus	1	Purple	Purple	0.63272196	1.0	1.0	1.0	1.0	458.0	moderate_crucivirus_like	False	False	1.0	0.61596054	1.0	1.0	1.0	1.0	113.0	moderate_crucivirus_like	False	False	1.0	0.6128135	1.0	1.0	1.0	1.0	187.0	moderate_crucivirus_like	False	False	1.0	0.9314589	1.0	1.0	1.0	1.0	158.0	strong_crucivirus_like	False	False	1.0	0.016761420000000027	0.6243412500000001	False	False
Cruci_muss_OR270671	crucivirus	1	Purple	Purple	0.9076555	1.0	1.0	1.0	1.0	437.0	strong_crucivirus_like	False	False	1.0	0.7388518	1.0	1.0	1.0	1.0	108.0	moderate_crucivirus_like	False	False	1.0	0.7176063	1.0	1.0	1.0	1.0	186.0	moderate_crucivirus_like	False	False	1.0	0.8194016	1.0	1.0	1.0	1.0	143.0	strong_crucivirus_like	False	False	1.0	0.1688037	0.82325365	False	False
Cruci_CruV_112	crucivirus	1	Purple	Purple	0.93609315	1.0	1.0	1.0	1.0	434.0	strong_crucivirus_like	False	False	1.0	0.946867	1.0	1.0	1.0	1.0	106.0	strong_crucivirus_like	False	False	1.0	0.62931955	1.0	1.0	1.0	1.0	186.0	moderate_crucivirus_like	False	False	1.0	0.81614226	1.0	1.0	1.0	1.0	142.0	strong_crucivirus_like	False	False	1.0	-0.010773849999999974	0.9414800750000001	False	False
Cruci_CruV-733	crucivirus	1	Purple	Purple	0.80677897	1.0	1.0	1.0	1.0	423.0	strong_crucivirus_like	False	False	1.0	0.7670924	1.0	1.0	1.0	1.0	95.0	moderate_crucivirus_like	False	False	1.0	0.5615009	1.0	1.0	1.0	1.0	186.0	ambiguous	False	False	1.0	0.89945936	1.0	1.0	1.0	1.0	142.0	strong_crucivirus_like	False	False	1.0	0.03968656999999998	0.786935685	False	False
Cruci_CruV_168	crucivirus	1	Purple	Purple	0.854013	1.0	1.0	1.0	1.0	427.0	strong_crucivirus_like	False	False	1.0	0.7598857	1.0	1.0	1.0	1.0	99.0	moderate_crucivirus_like	False	False	1.0	0.7609796	1.0	1.0	1.0	1.0	186.0	moderate_crucivirus_like	False	False	1.0	0.8947384	1.0	1.0	1.0	1.0	142.0	strong_crucivirus_like	False	False	1.0	0.09412730000000002	0.80694935	False	False
Cruci_CruV-655	crucivirus	1	Purple	Purple	0.8948946	1.0	1.0	1.0	1.0	427.0	strong_crucivirus_like	False	False	1.0	0.8515818	1.0	1.0	1.0	1.0	96.0	strong_crucivirus_like	False	False	1.0	0.670995	1.0	1.0	1.0	1.0	186.0	moderate_crucivirus_like	False	False	1.0	0.76104736	1.0	1.0	1.0	1.0	145.0	moderate_crucivirus_like	False	False	1.0	0.04331279999999993	0.8732382000000001	False	False
Cruci_CruV-649	crucivirus	1	Purple	Purple	0.732493	1.0	1.0	1.0	1.0	430.0	moderate_crucivirus_like	False	False	1.0	0.72142255	1.0	1.0	1.0	1.0	96.0	moderate_crucivirus_like	False	False	1.0	0.67559665	1.0	1.0	1.0	1.0	189.0	moderate_crucivirus_like	False	False	1.0	0.83484215	1.0	1.0	1.0	1.0	145.0	strong_crucivirus_like	False	False	1.0	0.011070449999999954	0.726957775	False	False
Cruci_CruV_355	crucivirus	1	Purple	Purple	0.7351043	1.0	1.0	1.0	1.0	572.0	moderate_crucivirus_like	False	False	1.0	0.6255495	1.0	1.0	1.0	1.0	235.0	moderate_crucivirus_like	False	False	1.0	0.7602784	1.0	1.0	1.0	1.0	186.0	moderate_crucivirus_like	False	False	1.0	0.85676575	1.0	1.0	1.0	1.0	151.0	strong_crucivirus_like	False	False	1.0	0.10955480000000006	0.6803269000000001	False	False
Cruci_CruV-582	crucivirus	1	Purple	Purple	0.76960075	1.0	1.0	1.0	1.0	476.0	moderate_crucivirus_like	False	False	1.0	0.79230165	1.0	1.0	1.0	1.0	137.0	moderate_crucivirus_like	False	False	1.0	0.76201636	1.0	1.0	1.0	1.0	186.0	moderate_crucivirus_like	False	False	1.0	0.7454797	1.0	1.0	1.0	1.0	153.0	moderate_crucivirus_like	False	False	1.0	-0.022700900000000024	0.7809512	False	False
Cruci_CruV-587	crucivirus	1	Purple	Purple	0.92874205	1.0	1.0	1.0	1.0	459.0	strong_crucivirus_like	False	False	1.0	0.9446984	1.0	1.0	1.0	1.0	120.0	strong_crucivirus_like	False	False	1.0	0.7131836	1.0	1.0	1.0	1.0	186.0	moderate_crucivirus_like	False	False	1.0	0.757517	1.0	1.0	1.0	1.0	153.0	moderate_crucivirus_like	False	False	1.0	-0.015956350000000064	0.936720225	False	False
Cruci_CruV_90	crucivirus	1	Purple	Purple	0.686636	1.0	1.0	1.0	1.0	455.0	moderate_crucivirus_like	False	False	1.0	0.87288606	1.0	1.0	1.0	1.0	114.0	strong_crucivirus_like	False	False	1.0	0.6563045	1.0	1.0	1.0	1.0	186.0	moderate_crucivirus_like	False	False	1.0	0.7533382	1.0	1.0	1.0	1.0	155.0	moderate_crucivirus_like	False	False	1.0	-0.18625006	0.77976103	False	False
Cruci_CruV_91	crucivirus	1	Purple	Purple	0.68667436	1.0	1.0	1.0	1.0	455.0	moderate_crucivirus_like	False	False	1.0	0.87288606	1.0	1.0	1.0	1.0	114.0	strong_crucivirus_like	False	False	1.0	0.6563045	1.0	1.0	1.0	1.0	186.0	moderate_crucivirus_like	False	False	1.0	0.7465016	1.0	1.0	1.0	1.0	155.0	moderate_crucivirus_like	False	False	1.0	-0.18621169999999998	0.77978021	False	False
Cruci_CruV_100	crucivirus	1	Purple	Purple	0.75269294	1.0	1.0	1.0	1.0	449.0	moderate_crucivirus_like	False	False	1.0	0.894011	1.0	1.0	1.0	1.0	108.0	strong_crucivirus_like	False	False	1.0	0.5702078	1.0	1.0	1.0	1.0	186.0	ambiguous	False	False	1.0	0.6966198	1.0	1.0	1.0	1.0	155.0	moderate_crucivirus_like	False	False	1.0	-0.14131806000000002	0.82335197	False	False
Cruci_CruV_178	crucivirus	1	Purple	Purple	0.95363444	1.0	1.0	1.0	1.0	461.0	strong_crucivirus_like	False	False	1.0	0.95535845	1.0	1.0	1.0	1.0	119.0	strong_crucivirus_like	False	False	1.0	0.8280531	1.0	1.0	1.0	1.0	186.0	strong_crucivirus_like	False	False	1.0	0.60195607	1.0	1.0	1.0	1.0	156.0	moderate_crucivirus_like	False	False	1.0	-0.001724009999999998	0.954496445	False	False
Cruci_CruV-640	crucivirus	1	Purple	Purple	0.986336	1.0	1.0	1.0	1.0	457.0	strong_crucivirus_like	False	False	1.0	0.98979175	1.0	1.0	1.0	1.0	123.0	strong_crucivirus_like	False	False	1.0	0.80198413	1.0	1.0	1.0	1.0	186.0	strong_crucivirus_like	False	False	1.0	0.7630462	1.0	1.0	1.0	1.0	148.0	moderate_crucivirus_like	False	False	1.0	-0.0034557499999999797	0.9880638749999999	False	False
Cruci_CruV_357	crucivirus	1	Purple	Purple	0.89044017	1.0	1.0	1.0	1.0	449.0	strong_crucivirus_like	False	False	1.0	0.8889569	1.0	1.0	1.0	1.0	114.0	strong_crucivirus_like	False	False	1.0	0.6868551	1.0	1.0	1.0	1.0	186.0	moderate_crucivirus_like	False	False	1.0	0.62698156	1.0	1.0	1.0	1.0	149.0	moderate_crucivirus_like	False	False	1.0	0.0014832699999999255	0.889698535	False	False
Cruci_CruV-669	crucivirus	1	Purple	Purple	0.84535277	1.0	1.0	1.0	1.0	456.0	strong_crucivirus_like	False	False	1.0	0.92918676	1.0	1.0	1.0	1.0	121.0	strong_crucivirus_like	False	False	1.0	0.33408615	0.0	0.0	0.0	0.0	186.0	moderate_rna_like	False	True	1.0	0.8233568	1.0	1.0	1.0	1.0	149.0	strong_crucivirus_like	False	False	1.0	-0.08383399000000002	0.887269765	False	False
Cruci_CruV_268	crucivirus	1	Purple	Purple	0.8318769	1.0	1.0	1.0	1.0	452.0	strong_crucivirus_like	False	False	1.0	0.8523821	1.0	1.0	1.0	1.0	118.0	strong_crucivirus_like	False	False	1.0	0.4850495	0.0	0.0	0.0	0.0	186.0	ambiguous	False	False	1.0	0.82028806	1.0	1.0	1.0	1.0	148.0	strong_crucivirus_like	False	False	1.0	-0.0205052	0.8421295	False	False
Cruci_CruV-579	crucivirus	1	Purple	Purple	0.88878095	1.0	1.0	1.0	1.0	451.0	strong_crucivirus_like	False	False	1.0	0.9036463	1.0	1.0	1.0	1.0	120.0	strong_crucivirus_like	False	False	1.0	0.4370212	0.0	0.0	0.0	0.0	186.0	ambiguous	False	False	1.0	0.78978765	1.0	1.0	1.0	1.0	145.0	moderate_crucivirus_like	False	False	1.0	-0.01486535	0.896213625	False	False
Cruci_CruV-638	crucivirus	1	Purple	Purple	0.83629066	1.0	1.0	1.0	1.0	435.0	strong_crucivirus_like	False	False	1.0	0.76316196	1.0	1.0	1.0	1.0	95.0	moderate_crucivirus_like	False	False	1.0	0.6084076	1.0	1.0	1.0	1.0	186.0	moderate_crucivirus_like	False	False	1.0	0.86954117	1.0	1.0	1.0	1.0	154.0	strong_crucivirus_like	False	False	1.0	0.07312869999999994	0.79972631	False	False
Cruci_CruV-568	crucivirus	1	Purple	Purple	0.96480954	1.0	1.0	1.0	1.0	436.0	strong_crucivirus_like	False	False	1.0	0.98204917	1.0	1.0	1.0	1.0	107.0	strong_crucivirus_like	False	False	1.0	0.6457564	1.0	1.0	1.0	1.0	187.0	moderate_crucivirus_like	False	False	1.0	0.66998196	1.0	1.0	1.0	1.0	142.0	moderate_crucivirus_like	False	False	1.0	-0.01723963000000006	0.9734293549999999	False	False
Cruci_CruV-758	crucivirus	1	Purple	Purple	0.86458945	1.0	1.0	1.0	1.0	395.0	strong_crucivirus_like	False	False	1.0	0.77936935	1.0	1.0	1.0	1.0	53.0	moderate_crucivirus_like	False	False	1.0	0.7713177	1.0	1.0	1.0	1.0	188.0	moderate_crucivirus_like	False	False	1.0	0.84918195	1.0	1.0	1.0	1.0	154.0	strong_crucivirus_like	False	False	1.0	0.08522010000000002	0.8219794	False	False
Cruci_CruV_431	crucivirus	1	Purple	Purple	0.9959318	1.0	1.0	1.0	1.0	462.0	strong_crucivirus_like	False	False	1.0	0.9945492	1.0	1.0	1.0	1.0	114.0	strong_crucivirus_like	False	False	1.0	0.8111725	1.0	1.0	1.0	1.0	184.0	strong_crucivirus_like	False	False	1.0	0.7772469	1.0	1.0	1.0	1.0	164.0	moderate_crucivirus_like	False	False	1.0	0.0013826000000000116	0.9952405	False	False
Cruci_CruV_389	crucivirus	1	Purple	Purple	0.9855952	1.0	1.0	1.0	1.0	456.0	strong_crucivirus_like	False	False	1.0	0.9928127	1.0	1.0	1.0	1.0	114.0	strong_crucivirus_like	False	False	1.0	0.7853665	1.0	1.0	1.0	1.0	187.0	moderate_crucivirus_like	False	False	1.0	0.5987265	1.0	1.0	1.0	1.0	155.0	ambiguous	False	False	1.0	-0.007217499999999988	0.98920395	False	False
Cruci_CruV_99	crucivirus	1	Purple	Purple	0.93978804	1.0	1.0	1.0	1.0	525.0	strong_crucivirus_like	False	False	1.0	0.9077383	1.0	1.0	1.0	1.0	173.0	strong_crucivirus_like	False	False	1.0	0.6153405	1.0	1.0	1.0	1.0	188.0	moderate_crucivirus_like	False	False	1.0	0.8425927	1.0	1.0	1.0	1.0	164.0	strong_crucivirus_like	False	False	1.0	0.03204974000000005	0.92376317	False	False
Cruci_PB_KX388521	crucivirus	1	Purple	Purple	0.94669443	1.0	1.0	1.0	1.0	489.0	strong_crucivirus_like	False	False	1.0	0.94185257	1.0	1.0	1.0	1.0	123.0	strong_crucivirus_like	False	False	1.0	0.6611505	1.0	1.0	1.0	1.0	185.0	moderate_crucivirus_like	False	False	1.0	0.8188577	1.0	1.0	1.0	1.0	181.0	strong_crucivirus_like	False	False	1.0	0.004841859999999976	0.9442735	False	False
Cruci_PB_KX388522	crucivirus	1	Purple	Purple	0.94669443	1.0	1.0	1.0	1.0	489.0	strong_crucivirus_like	False	False	1.0	0.94185257	1.0	1.0	1.0	1.0	123.0	strong_crucivirus_like	False	False	1.0	0.6611505	1.0	1.0	1.0	1.0	185.0	moderate_crucivirus_like	False	False	1.0	0.8188577	1.0	1.0	1.0	1.0	181.0	strong_crucivirus_like	False	False	1.0	0.004841859999999976	0.9442735	False	False
Cruci_PB_KX388524	crucivirus	1	Purple	Purple	0.9448468	1.0	1.0	1.0	1.0	489.0	strong_crucivirus_like	False	False	1.0	0.9372538	1.0	1.0	1.0	1.0	123.0	strong_crucivirus_like	False	False	1.0	0.6252793	1.0	1.0	1.0	1.0	185.0	moderate_crucivirus_like	False	False	1.0	0.8188577	1.0	1.0	1.0	1.0	181.0	strong_crucivirus_like	False	False	1.0	0.007592999999999961	0.9410503	False	False
Cruci_PB_KX388526	crucivirus	1	Purple	Purple	0.9448468	1.0	1.0	1.0	1.0	489.0	strong_crucivirus_like	False	False	1.0	0.9372538	1.0	1.0	1.0	1.0	123.0	strong_crucivirus_like	False	False	1.0	0.6252793	1.0	1.0	1.0	1.0	185.0	moderate_crucivirus_like	False	False	1.0	0.8188577	1.0	1.0	1.0	1.0	181.0	strong_crucivirus_like	False	False	1.0	0.007592999999999961	0.9410503	False	False
Cruci_CruV-719	crucivirus	1	Purple	Purple	0.9448468	1.0	1.0	1.0	1.0	489.0	strong_crucivirus_like	False	False	1.0	0.9372538	1.0	1.0	1.0	1.0	123.0	strong_crucivirus_like	False	False	1.0	0.6252793	1.0	1.0	1.0	1.0	185.0	moderate_crucivirus_like	False	False	1.0	0.8188577	1.0	1.0	1.0	1.0	181.0	strong_crucivirus_like	False	False	1.0	0.007592999999999961	0.9410503	False	False
Cruci_PB_KX388525	crucivirus	1	Purple	Purple	0.9464273	1.0	1.0	1.0	1.0	489.0	strong_crucivirus_like	False	False	1.0	0.9372538	1.0	1.0	1.0	1.0	123.0	strong_crucivirus_like	False	False	1.0	0.6076526	1.0	1.0	1.0	1.0	185.0	moderate_crucivirus_like	False	False	1.0	0.8188577	1.0	1.0	1.0	1.0	181.0	strong_crucivirus_like	False	False	1.0	0.009173499999999946	0.94184055	False	False
Cruci_PB_KX388523	crucivirus	1	Purple	Purple	0.9447901	1.0	1.0	1.0	1.0	481.0	strong_crucivirus_like	False	False	1.0	0.9372538	1.0	1.0	1.0	1.0	123.0	strong_crucivirus_like	False	False	1.0	0.58483624	1.0	1.0	1.0	1.0	177.0	ambiguous	False	False	1.0	0.8188577	1.0	1.0	1.0	1.0	181.0	strong_crucivirus_like	False	False	1.0	0.00753629999999994	0.94102195	False	False
Cruci_CruV_102	crucivirus	1	Purple	Purple	0.9182401	1.0	1.0	1.0	1.0	450.0	strong_crucivirus_like	False	False	1.0	0.8764958	1.0	1.0	1.0	1.0	111.0	strong_crucivirus_like	False	False	1.0	0.84602773	1.0	1.0	1.0	1.0	187.0	strong_crucivirus_like	False	False	1.0	0.5332313	1.0	1.0	1.0	1.0	152.0	ambiguous	False	False	1.0	0.041744299999999956	0.89736795	False	False
Cruci_CruV_138	crucivirus	1	Purple	Purple	0.7869228	1.0	1.0	1.0	1.0	442.0	moderate_crucivirus_like	False	False	1.0	0.84963775	1.0	1.0	1.0	1.0	104.0	strong_crucivirus_like	False	False	1.0	0.72707087	1.0	1.0	1.0	1.0	186.0	moderate_crucivirus_like	False	False	1.0	0.7768874	1.0	1.0	1.0	1.0	152.0	moderate_crucivirus_like	False	False	1.0	-0.06271494999999994	0.818280275	False	False
Cruci_CruV-776	crucivirus	1	Purple	Purple	0.54767394	1.0	1.0	1.0	1.0	413.0	ambiguous	False	False	1.0	0.48943532	0.0	0.0	0.0	0.0	73.0	ambiguous	False	False	1.0	0.6356626	1.0	1.0	1.0	1.0	186.0	moderate_crucivirus_like	False	False	1.0	0.8868472	1.0	1.0	1.0	1.0	154.0	strong_crucivirus_like	False	False	1.0	0.05823862000000002	0.51855463	False	False
Cruci_CruV-777	crucivirus	1	Purple	Purple	0.62391543	1.0	1.0	1.0	1.0	410.0	moderate_crucivirus_like	False	False	1.0	0.57030606	1.0	1.0	1.0	1.0	73.0	ambiguous	False	False	1.0	0.67148334	1.0	1.0	1.0	1.0	186.0	moderate_crucivirus_like	False	False	1.0	0.8679974	1.0	1.0	1.0	1.0	151.0	strong_crucivirus_like	False	False	1.0	0.0536093700000001	0.5971107449999999	False	False
Cruci_CruV_81	crucivirus	1	Purple	Purple	0.7697248	1.0	1.0	1.0	1.0	435.0	moderate_crucivirus_like	False	False	1.0	0.39738145	0.0	0.0	0.0	0.0	95.0	moderate_rna_like	False	True	1.0	0.77404875	1.0	1.0	1.0	1.0	187.0	moderate_crucivirus_like	False	False	1.0	0.78791434	1.0	1.0	1.0	1.0	153.0	moderate_crucivirus_like	False	False	1.0	0.37234334999999996	0.583553125	False	False
Cruci_MC_CRUV-WPB2	crucivirus	1	Purple	Purple	0.80414385	1.0	1.0	1.0	1.0	485.0	strong_crucivirus_like	False	False	1.0	0.7477336	1.0	1.0	1.0	1.0	132.0	moderate_crucivirus_like	False	False	1.0	0.72833574	1.0	1.0	1.0	1.0	187.0	moderate_crucivirus_like	False	False	1.0	0.7156891	1.0	1.0	1.0	1.0	166.0	moderate_crucivirus_like	False	False	1.0	0.056410249999999995	0.775938725	False	False
Cruci_CruV_142	crucivirus	1	Purple	Purple	0.6467971	1.0	1.0	1.0	1.0	469.0	moderate_crucivirus_like	False	False	1.0	0.69900334	1.0	1.0	1.0	1.0	128.0	moderate_crucivirus_like	False	False	1.0	0.85004485	1.0	1.0	1.0	1.0	186.0	strong_crucivirus_like	False	False	1.0	0.7513511	1.0	1.0	1.0	1.0	155.0	moderate_crucivirus_like	False	False	1.0	-0.05220623999999996	0.67290022	False	False
Cruci_CruV-689	crucivirus	1	Purple	Purple	0.84208363	1.0	1.0	1.0	1.0	450.0	strong_crucivirus_like	False	False	1.0	0.76818746	1.0	1.0	1.0	1.0	111.0	moderate_crucivirus_like	False	False	1.0	0.76200736	1.0	1.0	1.0	1.0	186.0	moderate_crucivirus_like	False	False	1.0	0.83043265	1.0	1.0	1.0	1.0	153.0	strong_crucivirus_like	False	False	1.0	0.07389616999999993	0.805135545	False	False
Cruci_CruV_312	crucivirus	1	Purple	Purple	0.86706036	1.0	1.0	1.0	1.0	463.0	strong_crucivirus_like	False	False	1.0	0.9160724	1.0	1.0	1.0	1.0	123.0	strong_crucivirus_like	False	False	1.0	0.72974974	1.0	1.0	1.0	1.0	186.0	moderate_crucivirus_like	False	False	1.0	0.80657846	1.0	1.0	1.0	1.0	154.0	strong_crucivirus_like	False	False	1.0	-0.049012040000000034	0.89156638	False	False
Cruci_Tisza_MH617326.1	crucivirus	1	Purple	Purple	0.86973804	1.0	1.0	1.0	1.0	469.0	strong_crucivirus_like	False	False	1.0	0.88307345	1.0	1.0	1.0	1.0	123.0	strong_crucivirus_like	False	False	1.0	0.73694557	1.0	1.0	1.0	1.0	186.0	moderate_crucivirus_like	False	False	1.0	0.84022844	1.0	1.0	1.0	1.0	160.0	strong_crucivirus_like	False	False	1.0	-0.013335410000000048	0.876405745	False	False
Cruci_CruV_229	crucivirus	1	Purple	Purple	0.9520829	1.0	1.0	1.0	1.0	471.0	strong_crucivirus_like	False	False	1.0	0.9422662	1.0	1.0	1.0	1.0	136.0	strong_crucivirus_like	False	False	1.0	0.81797075	1.0	1.0	1.0	1.0	185.0	strong_crucivirus_like	False	False	1.0	0.8556124	1.0	1.0	1.0	1.0	150.0	strong_crucivirus_like	False	False	1.0	0.0098166999999999	0.94717455	False	False
Cruci_CruV-682	crucivirus	1	Purple	Purple	0.92611635	1.0	1.0	1.0	1.0	471.0	strong_crucivirus_like	False	False	1.0	0.9037264	1.0	1.0	1.0	1.0	134.0	strong_crucivirus_like	False	False	1.0	0.7642004	1.0	1.0	1.0	1.0	186.0	moderate_crucivirus_like	False	False	1.0	0.7616257	1.0	1.0	1.0	1.0	151.0	moderate_crucivirus_like	False	False	1.0	0.022389949999999992	0.914921375	False	False
Cruci_CruV_200	crucivirus	1	Purple	Purple	0.94234496	1.0	1.0	1.0	1.0	452.0	strong_crucivirus_like	False	False	1.0	0.8796299	1.0	1.0	1.0	1.0	117.0	strong_crucivirus_like	False	False	1.0	0.6040769	1.0	1.0	1.0	1.0	185.0	moderate_crucivirus_like	False	False	1.0	0.8277562	1.0	1.0	1.0	1.0	150.0	strong_crucivirus_like	False	False	1.0	0.06271506000000004	0.91098743	False	False
Cruci_CruV-738	crucivirus	1	Purple	Purple	0.9665849	1.0	1.0	1.0	1.0	441.0	strong_crucivirus_like	False	False	1.0	0.9372494	1.0	1.0	1.0	1.0	108.0	strong_crucivirus_like	False	False	1.0	0.75065255	1.0	1.0	1.0	1.0	187.0	moderate_crucivirus_like	False	False	1.0	0.7472691	1.0	1.0	1.0	1.0	146.0	moderate_crucivirus_like	False	False	1.0	0.02933549999999996	0.95191715	False	False
Cruci_CruV_97	crucivirus	1	Purple	Purple	0.79048574	1.0	1.0	1.0	1.0	456.0	moderate_crucivirus_like	False	False	1.0	0.7953433	1.0	1.0	1.0	1.0	100.0	moderate_crucivirus_like	False	False	1.0	0.6392461	1.0	1.0	1.0	1.0	188.0	moderate_crucivirus_like	False	False	1.0	0.72282857	1.0	1.0	1.0	1.0	168.0	moderate_crucivirus_like	False	False	1.0	-0.0048575599999999275	0.7929145200000001	False	False
Cruci_CruV_98	crucivirus	1	Purple	Purple	0.91861606	1.0	1.0	1.0	1.0	452.0	strong_crucivirus_like	False	False	1.0	0.9122499	1.0	1.0	1.0	1.0	96.0	strong_crucivirus_like	False	False	1.0	0.6645503	1.0	1.0	1.0	1.0	188.0	moderate_crucivirus_like	False	False	1.0	0.7969718	1.0	1.0	1.0	1.0	168.0	moderate_crucivirus_like	False	False	1.0	0.00636616000000001	0.91543298	False	False
Cruci_CruV_143	crucivirus	1	Purple	Purple	0.72925	1.0	1.0	1.0	1.0	471.0	moderate_crucivirus_like	False	False	1.0	0.8570331	1.0	1.0	1.0	1.0	129.0	strong_crucivirus_like	False	False	1.0	0.900996	1.0	1.0	1.0	1.0	184.0	strong_crucivirus_like	False	False	1.0	0.8071532	1.0	1.0	1.0	1.0	158.0	strong_crucivirus_like	False	False	1.0	-0.12778310000000004	0.79314155	False	False
Cruci_CruV_120	crucivirus	1	Purple	Purple	0.74763006	1.0	1.0	1.0	1.0	465.0	moderate_crucivirus_like	False	False	1.0	0.8042269	1.0	1.0	1.0	1.0	125.0	strong_crucivirus_like	False	False	1.0	0.7480106	1.0	1.0	1.0	1.0	187.0	moderate_crucivirus_like	False	False	1.0	0.87472147	1.0	1.0	1.0	1.0	153.0	strong_crucivirus_like	False	False	1.0	-0.05659683999999998	0.7759284799999999	False	False
Cruci_CruV_304	crucivirus	1	Purple	Purple	0.897439	1.0	1.0	1.0	1.0	522.0	strong_crucivirus_like	False	False	1.0	0.97268325	1.0	1.0	1.0	1.0	170.0	strong_crucivirus_like	False	False	1.0	0.40240732	0.0	0.0	0.0	0.0	191.0	ambiguous	False	False	1.0	0.74947697	1.0	1.0	1.0	1.0	161.0	moderate_crucivirus_like	False	False	1.0	-0.07524425000000001	0.935061125	False	False
Cruci_CruV_293	crucivirus	1	Purple	Purple	0.97325706	1.0	1.0	1.0	1.0	483.0	strong_crucivirus_like	False	False	1.0	0.9902291	1.0	1.0	1.0	1.0	129.0	strong_crucivirus_like	False	False	1.0	0.47030845	0.0	0.0	0.0	0.0	191.0	ambiguous	False	False	1.0	0.80999905	1.0	1.0	1.0	1.0	163.0	strong_crucivirus_like	False	False	1.0	-0.016972039999999966	0.98174308	False	False
Cruci_CruV_174	crucivirus	1	Purple	Purple	0.31185582	0.0	0.0	0.0	0.0	516.0	moderate_rna_like	False	True	1.0	0.47681996	0.0	0.0	0.0	0.0	161.0	ambiguous	False	False	1.0	0.584573	1.0	1.0	1.0	1.0	188.0	ambiguous	False	False	1.0	0.88645166	1.0	1.0	1.0	1.0	167.0	strong_crucivirus_like	False	False	1.0	-0.16496413999999998	0.39433788999999997	False	False
Cruci_CruV_175	crucivirus	1	Purple	Purple	0.30425256	0.0	0.0	0.0	0.0	516.0	moderate_rna_like	False	True	1.0	0.47681996	0.0	0.0	0.0	0.0	161.0	ambiguous	False	False	1.0	0.584573	1.0	1.0	1.0	1.0	188.0	ambiguous	False	False	1.0	0.89691776	1.0	1.0	1.0	1.0	167.0	strong_crucivirus_like	False	False	1.0	-0.17256739999999998	0.39053625999999997	False	False
Cruci_CruV_243	crucivirus	1	Purple	Purple	0.8398581	1.0	1.0	1.0	1.0	505.0	strong_crucivirus_like	False	False	1.0	0.7836272	1.0	1.0	1.0	1.0	140.0	moderate_crucivirus_like	False	False	1.0	0.68441254	1.0	1.0	1.0	1.0	189.0	moderate_crucivirus_like	False	False	1.0	0.8913392	1.0	1.0	1.0	1.0	176.0	strong_crucivirus_like	False	False	1.0	0.056230900000000084	0.81174265	False	False
Cruci_CruV_245	crucivirus	1	Purple	Purple	0.8398581	1.0	1.0	1.0	1.0	505.0	strong_crucivirus_like	False	False	1.0	0.7836272	1.0	1.0	1.0	1.0	140.0	moderate_crucivirus_like	False	False	1.0	0.68441254	1.0	1.0	1.0	1.0	189.0	moderate_crucivirus_like	False	False	1.0	0.8913392	1.0	1.0	1.0	1.0	176.0	strong_crucivirus_like	False	False	1.0	0.056230900000000084	0.81174265	False	False
Cruci_CruV_276	crucivirus	1	Purple	Purple	0.8398581	1.0	1.0	1.0	1.0	505.0	strong_crucivirus_like	False	False	1.0	0.7836272	1.0	1.0	1.0	1.0	140.0	moderate_crucivirus_like	False	False	1.0	0.68441254	1.0	1.0	1.0	1.0	189.0	moderate_crucivirus_like	False	False	1.0	0.8913392	1.0	1.0	1.0	1.0	176.0	strong_crucivirus_like	False	False	1.0	0.056230900000000084	0.81174265	False	False
Cruci_CruV_278	crucivirus	1	Purple	Purple	0.8398581	1.0	1.0	1.0	1.0	505.0	strong_crucivirus_like	False	False	1.0	0.7836272	1.0	1.0	1.0	1.0	140.0	moderate_crucivirus_like	False	False	1.0	0.68441254	1.0	1.0	1.0	1.0	189.0	moderate_crucivirus_like	False	False	1.0	0.8913392	1.0	1.0	1.0	1.0	176.0	strong_crucivirus_like	False	False	1.0	0.056230900000000084	0.81174265	False	False
Cruci_CruV_264	crucivirus	1	Purple	Purple	0.8409321	1.0	1.0	1.0	1.0	505.0	strong_crucivirus_like	False	False	1.0	0.7836272	1.0	1.0	1.0	1.0	140.0	moderate_crucivirus_like	False	False	1.0	0.68441254	1.0	1.0	1.0	1.0	189.0	moderate_crucivirus_like	False	False	1.0	0.8952298	1.0	1.0	1.0	1.0	176.0	strong_crucivirus_like	False	False	1.0	0.05730489999999999	0.81227965	False	False
Cruci_CruV-718	crucivirus	1	Purple	Purple	0.48897815	0.0	0.0	0.0	0.0	581.0	ambiguous	False	False	1.0	0.5375961	1.0	1.0	1.0	1.0	242.0	ambiguous	False	False	1.0	0.7927933	1.0	1.0	1.0	1.0	190.0	moderate_crucivirus_like	False	False	1.0	0.841983	1.0	1.0	1.0	1.0	149.0	strong_crucivirus_like	False	False	1.0	-0.04861795000000002	0.513287125	False	False
Cruci_CruV-722	crucivirus	1	Purple	Purple	0.46707428	0.0	0.0	0.0	0.0	581.0	ambiguous	False	False	1.0	0.5672478	1.0	1.0	1.0	1.0	242.0	ambiguous	False	False	1.0	0.79570645	1.0	1.0	1.0	1.0	190.0	moderate_crucivirus_like	False	False	1.0	0.8415883	1.0	1.0	1.0	1.0	149.0	strong_crucivirus_like	False	False	1.0	-0.10017351999999996	0.51716104	False	False
Cruci_CruV-577	crucivirus	1	Purple	Purple	0.64084095	1.0	1.0	1.0	1.0	461.0	moderate_crucivirus_like	False	False	1.0	0.3916158	0.0	0.0	0.0	0.0	112.0	moderate_rna_like	False	True	1.0	0.7909347	1.0	1.0	1.0	1.0	190.0	moderate_crucivirus_like	False	False	1.0	0.47516087	0.0	0.0	0.0	0.0	159.0	ambiguous	False	False	1.0	0.24922514999999995	0.516228375	False	False
Cruci_CruV-773	crucivirus	1	Purple	Purple	0.87180346	1.0	1.0	1.0	1.0	474.0	strong_crucivirus_like	False	False	1.0	0.84231776	1.0	1.0	1.0	1.0	111.0	strong_crucivirus_like	False	False	1.0	0.64613736	1.0	1.0	1.0	1.0	185.0	moderate_crucivirus_like	False	False	1.0	0.93164223	1.0	1.0	1.0	1.0	178.0	strong_crucivirus_like	False	False	1.0	0.029485699999999948	0.85706061	False	False
Cruci_MC_CRUV-WPB3	crucivirus	1	Purple	Purple	0.9787265	1.0	1.0	1.0	1.0	509.0	strong_crucivirus_like	False	False	1.0	0.9773382	1.0	1.0	1.0	1.0	164.0	strong_crucivirus_like	False	False	1.0	0.737518	1.0	1.0	1.0	1.0	188.0	moderate_crucivirus_like	False	False	1.0	0.62405884	1.0	1.0	1.0	1.0	157.0	moderate_crucivirus_like	False	False	1.0	0.001388300000000009	0.9780323500000001	False	False
Cruci_CruV-670	crucivirus	1	Purple	Purple	0.9591593	1.0	1.0	1.0	1.0	498.0	strong_crucivirus_like	False	False	1.0	0.97252196	1.0	1.0	1.0	1.0	155.0	strong_crucivirus_like	False	False	1.0	0.76705855	1.0	1.0	1.0	1.0	188.0	moderate_crucivirus_like	False	False	1.0	0.36874226	0.0	0.0	0.0	0.0	155.0	moderate_rna_like	False	True	1.0	-0.01336265999999997	0.96584063	False	False
Cruci_CruV-615	crucivirus	1	Purple	Purple	0.8700313	1.0	1.0	1.0	1.0	458.0	strong_crucivirus_like	False	False	1.0	0.9644171	1.0	1.0	1.0	1.0	121.0	strong_crucivirus_like	False	False	1.0	0.6628792	1.0	1.0	1.0	1.0	190.0	moderate_crucivirus_like	False	False	1.0	0.40927708	0.0	0.0	0.0	0.0	147.0	ambiguous	False	False	1.0	-0.09438580000000008	0.9172241999999999	False	False
Cruci_CruV-616	crucivirus	1	Purple	Purple	0.8652933	1.0	1.0	1.0	1.0	425.0	strong_crucivirus_like	False	False	1.0	0.9295531	1.0	1.0	1.0	1.0	88.0	strong_crucivirus_like	False	False	1.0	0.6628792	1.0	1.0	1.0	1.0	190.0	moderate_crucivirus_like	False	False	1.0	0.40927708	0.0	0.0	0.0	0.0	147.0	ambiguous	False	False	1.0	-0.06425979999999998	0.8974232	False	False
Cruci_CruV-589	crucivirus	1	Purple	Purple	0.7468033	1.0	1.0	1.0	1.0	447.0	moderate_crucivirus_like	False	False	1.0	0.83205056	1.0	1.0	1.0	1.0	110.0	strong_crucivirus_like	False	False	1.0	0.5269173	1.0	1.0	1.0	1.0	190.0	ambiguous	False	False	1.0	0.14984798	0.0	0.0	0.0	0.0	147.0	strong_rna_like	True	True	1.0	-0.08524726000000005	0.78942693	False	False
Cruci_CruV-596	crucivirus	1	Purple	Purple	0.8156832	1.0	1.0	1.0	1.0	456.0	strong_crucivirus_like	False	False	1.0	0.85090363	1.0	1.0	1.0	1.0	125.0	strong_crucivirus_like	False	False	1.0	0.564726	1.0	1.0	1.0	1.0	186.0	ambiguous	False	False	1.0	0.6296662	1.0	1.0	1.0	1.0	145.0	moderate_crucivirus_like	False	False	1.0	-0.03522042999999997	0.833293415	False	False
Cruci_CruV-599	crucivirus	1	Purple	Purple	0.88418657	1.0	1.0	1.0	1.0	441.0	strong_crucivirus_like	False	False	1.0	0.9150688	1.0	1.0	1.0	1.0	111.0	strong_crucivirus_like	False	False	1.0	0.73307866	1.0	1.0	1.0	1.0	186.0	moderate_crucivirus_like	False	False	1.0	0.6854719	1.0	1.0	1.0	1.0	144.0	moderate_crucivirus_like	False	False	1.0	-0.03088223000000001	0.899627685	False	False
Cruci_CruV-601	crucivirus	1	Purple	Purple	0.877838	1.0	1.0	1.0	1.0	441.0	strong_crucivirus_like	False	False	1.0	0.9059508	1.0	1.0	1.0	1.0	111.0	strong_crucivirus_like	False	False	1.0	0.73307866	1.0	1.0	1.0	1.0	186.0	moderate_crucivirus_like	False	False	1.0	0.69004065	1.0	1.0	1.0	1.0	144.0	moderate_crucivirus_like	False	False	1.0	-0.028112799999999938	0.8918944	False	False
Cruci_CruV-600	crucivirus	1	Purple	Purple	0.88071346	1.0	1.0	1.0	1.0	441.0	strong_crucivirus_like	False	False	1.0	0.9059508	1.0	1.0	1.0	1.0	111.0	strong_crucivirus_like	False	False	1.0	0.73307866	1.0	1.0	1.0	1.0	186.0	moderate_crucivirus_like	False	False	1.0	0.6819264	1.0	1.0	1.0	1.0	144.0	moderate_crucivirus_like	False	False	1.0	-0.025237339999999997	0.8933321299999999	False	False
Cruci_CruV-573	crucivirus	1	Purple	Purple	0.36171868	0.0	0.0	0.0	0.0	435.0	moderate_rna_like	False	True	1.0	0.20234159	0.0	0.0	0.0	0.0	104.0	moderate_rna_like	False	True	1.0	0.7811938	1.0	1.0	1.0	1.0	186.0	moderate_crucivirus_like	False	False	1.0	0.5940048	1.0	1.0	1.0	1.0	145.0	ambiguous	False	False	1.0	0.15937709000000003	0.282030135	False	True
Cruci_CruV-564	crucivirus	1	Purple	Purple	0.1951905	0.0	0.0	0.0	0.0	441.0	strong_rna_like	True	True	1.0	0.59601814	1.0	1.0	1.0	1.0	109.0	ambiguous	False	False	1.0	0.2077386	0.0	0.0	0.0	0.0	184.0	moderate_rna_like	False	True	1.0	0.3632566	0.0	0.0	0.0	0.0	148.0	moderate_rna_like	False	True	1.0	-0.40082764	0.39560432	False	False
Cruci_CruV-565	crucivirus	1	Purple	Purple	0.1951905	0.0	0.0	0.0	0.0	441.0	strong_rna_like	True	True	1.0	0.59601814	1.0	1.0	1.0	1.0	109.0	ambiguous	False	False	1.0	0.2077386	0.0	0.0	0.0	0.0	184.0	moderate_rna_like	False	True	1.0	0.3632566	0.0	0.0	0.0	0.0	148.0	moderate_rna_like	False	True	1.0	-0.40082764	0.39560432	False	False
Cruci_CruV_192	crucivirus	1	Purple	Purple	0.89439505	1.0	1.0	1.0	1.0	502.0	strong_crucivirus_like	False	False	1.0	0.91631997	1.0	1.0	1.0	1.0	131.0	strong_crucivirus_like	False	False	1.0	0.72321427	1.0	1.0	1.0	1.0	186.0	moderate_crucivirus_like	False	False	1.0	0.8338888	1.0	1.0	1.0	1.0	185.0	strong_crucivirus_like	False	False	1.0	-0.021924920000000014	0.90535751	False	False
Cruci_CruV-754	crucivirus	1	Purple	Purple	0.8894608	1.0	1.0	1.0	1.0	595.0	strong_crucivirus_like	False	False	1.0	0.89404595	1.0	1.0	1.0	1.0	249.0	strong_crucivirus_like	False	False	1.0	0.8787357	1.0	1.0	1.0	1.0	184.0	strong_crucivirus_like	False	False	1.0	0.8010666	1.0	1.0	1.0	1.0	162.0	strong_crucivirus_like	False	False	1.0	-0.004585149999999927	0.891753375	False	False
Cruci_CruV-755	crucivirus	1	Purple	Purple	0.8894608	1.0	1.0	1.0	1.0	595.0	strong_crucivirus_like	False	False	1.0	0.89404595	1.0	1.0	1.0	1.0	249.0	strong_crucivirus_like	False	False	1.0	0.8787357	1.0	1.0	1.0	1.0	184.0	strong_crucivirus_like	False	False	1.0	0.8010666	1.0	1.0	1.0	1.0	162.0	strong_crucivirus_like	False	False	1.0	-0.004585149999999927	0.891753375	False	False
Cruci_CruV-686	crucivirus	1	Purple	Purple	0.5741593	1.0	1.0	1.0	1.0	488.0	ambiguous	False	False	1.0	0.7347308	1.0	1.0	1.0	1.0	146.0	moderate_crucivirus_like	False	False	1.0	0.9257025	1.0	1.0	1.0	1.0	184.0	strong_crucivirus_like	False	False	1.0	0.86736	1.0	1.0	1.0	1.0	158.0	strong_crucivirus_like	False	False	1.0	-0.16057149999999998	0.6544450500000001	False	False
Cruci_CruV_131	crucivirus	1	Purple	Purple	0.81845987	1.0	1.0	1.0	1.0	473.0	strong_crucivirus_like	False	False	1.0	0.8805613	1.0	1.0	1.0	1.0	135.0	strong_crucivirus_like	False	False	1.0	0.8528746	1.0	1.0	1.0	1.0	184.0	strong_crucivirus_like	False	False	1.0	0.7641948	1.0	1.0	1.0	1.0	154.0	moderate_crucivirus_like	False	False	1.0	-0.06210143000000001	0.849510585	False	False
Cruci_CruV-625	crucivirus	1	Purple	Purple	0.7435099	1.0	1.0	1.0	1.0	490.0	moderate_crucivirus_like	False	False	1.0	0.74970365	1.0	1.0	1.0	1.0	141.0	moderate_crucivirus_like	False	False	1.0	0.8596684	1.0	1.0	1.0	1.0	185.0	strong_crucivirus_like	False	False	1.0	0.65074414	1.0	1.0	1.0	1.0	164.0	moderate_crucivirus_like	False	False	1.0	-0.006193750000000109	0.7466067750000001	False	False
Cruci_CruV_261	crucivirus	1	Purple	Purple	0.7108387	1.0	1.0	1.0	1.0	467.0	moderate_crucivirus_like	False	False	1.0	0.78390133	1.0	1.0	1.0	1.0	96.0	moderate_crucivirus_like	False	False	1.0	0.59105694	1.0	1.0	1.0	1.0	184.0	ambiguous	False	False	1.0	0.92610025	1.0	1.0	1.0	1.0	187.0	strong_crucivirus_like	False	False	1.0	-0.0730626299999999	0.747370015	False	False
Cruci_CruV-607	crucivirus	1	Purple	Purple	0.96702075	1.0	1.0	1.0	1.0	484.0	strong_crucivirus_like	False	False	1.0	0.93586594	1.0	1.0	1.0	1.0	125.0	strong_crucivirus_like	False	False	1.0	0.76676196	1.0	1.0	1.0	1.0	184.0	moderate_crucivirus_like	False	False	1.0	0.87040544	1.0	1.0	1.0	1.0	175.0	strong_crucivirus_like	False	False	1.0	0.031154809999999977	0.9514433449999999	False	False
Cruci_CruV-606	crucivirus	1	Purple	Purple	0.95766944	1.0	1.0	1.0	1.0	484.0	strong_crucivirus_like	False	False	1.0	0.9263225	1.0	1.0	1.0	1.0	124.0	strong_crucivirus_like	False	False	1.0	0.7916077	1.0	1.0	1.0	1.0	185.0	moderate_crucivirus_like	False	False	1.0	0.87370014	1.0	1.0	1.0	1.0	175.0	strong_crucivirus_like	False	False	1.0	0.031346939999999934	0.94199597	False	False
Cruci_CruV-605	crucivirus	1	Purple	Purple	0.95731646	1.0	1.0	1.0	1.0	484.0	strong_crucivirus_like	False	False	1.0	0.921922	1.0	1.0	1.0	1.0	124.0	strong_crucivirus_like	False	False	1.0	0.80043894	1.0	1.0	1.0	1.0	185.0	strong_crucivirus_like	False	False	1.0	0.87248105	1.0	1.0	1.0	1.0	175.0	strong_crucivirus_like	False	False	1.0	0.035394460000000016	0.93961923	False	False
Cruci_PSU_CruV-223	crucivirus	1	Purple	Purple	0.9775179	1.0	1.0	1.0	1.0	461.0	strong_crucivirus_like	False	False	1.0	0.9838808	1.0	1.0	1.0	1.0	114.0	strong_crucivirus_like	False	False	1.0	0.8421469	1.0	1.0	1.0	1.0	184.0	strong_crucivirus_like	False	False	1.0	0.840783	1.0	1.0	1.0	1.0	163.0	strong_crucivirus_like	False	False	1.0	-0.006362899999999949	0.9806993500000001	False	False
Cruci_MC_NODE_72	crucivirus	1	Purple	Purple	0.913026	1.0	1.0	1.0	1.0	458.0	strong_crucivirus_like	False	False	1.0	0.9215333	1.0	1.0	1.0	1.0	110.0	strong_crucivirus_like	False	False	1.0	0.81119615	1.0	1.0	1.0	1.0	184.0	strong_crucivirus_like	False	False	1.0	0.8889332	1.0	1.0	1.0	1.0	164.0	strong_crucivirus_like	False	False	1.0	-0.008507299999999995	0.91727965	False	False
Cruci_CruV_322	crucivirus	1	Purple	Purple	0.43140268	0.0	0.0	0.0	0.0	565.0	ambiguous	False	False	1.0	0.5124941	1.0	1.0	1.0	1.0	211.0	ambiguous	False	False	1.0	0.76440793	1.0	1.0	1.0	1.0	187.0	moderate_crucivirus_like	False	False	1.0	0.585558	1.0	1.0	1.0	1.0	167.0	ambiguous	False	False	1.0	-0.08109141999999997	0.47194839	False	False
Cruci_CruV_323	crucivirus	1	Purple	Purple	0.42976496	0.0	0.0	0.0	0.0	565.0	ambiguous	False	False	1.0	0.5124941	1.0	1.0	1.0	1.0	211.0	ambiguous	False	False	1.0	0.76440793	1.0	1.0	1.0	1.0	187.0	moderate_crucivirus_like	False	False	1.0	0.5636056	1.0	1.0	1.0	1.0	167.0	ambiguous	False	False	1.0	-0.08272913999999998	0.47112952999999996	False	False
Cruci_CruV_324	crucivirus	1	Purple	Purple	0.46076012	0.0	0.0	0.0	0.0	565.0	ambiguous	False	False	1.0	0.5124941	1.0	1.0	1.0	1.0	211.0	ambiguous	False	False	1.0	0.76440793	1.0	1.0	1.0	1.0	187.0	moderate_crucivirus_like	False	False	1.0	0.61938286	1.0	1.0	1.0	1.0	167.0	moderate_crucivirus_like	False	False	1.0	-0.05173397999999996	0.48662711	False	False
Cruci_CruV_146	crucivirus	1	Purple	Purple	0.9798024	1.0	1.0	1.0	1.0	472.0	strong_crucivirus_like	False	False	1.0	0.97745514	1.0	1.0	1.0	1.0	113.0	strong_crucivirus_like	False	False	1.0	0.8249674	1.0	1.0	1.0	1.0	187.0	strong_crucivirus_like	False	False	1.0	0.8281901	1.0	1.0	1.0	1.0	172.0	strong_crucivirus_like	False	False	1.0	0.002347259999999962	0.97862877	False	False
Cruci_CruV_147	crucivirus	1	Purple	Purple	0.9798024	1.0	1.0	1.0	1.0	472.0	strong_crucivirus_like	False	False	1.0	0.97745514	1.0	1.0	1.0	1.0	113.0	strong_crucivirus_like	False	False	1.0	0.8249674	1.0	1.0	1.0	1.0	187.0	strong_crucivirus_like	False	False	1.0	0.8281901	1.0	1.0	1.0	1.0	172.0	strong_crucivirus_like	False	False	1.0	0.002347259999999962	0.97862877	False	False
Cruci_CruV_148	crucivirus	1	Purple	Purple	0.9798024	1.0	1.0	1.0	1.0	472.0	strong_crucivirus_like	False	False	1.0	0.97745514	1.0	1.0	1.0	1.0	113.0	strong_crucivirus_like	False	False	1.0	0.8249674	1.0	1.0	1.0	1.0	187.0	strong_crucivirus_like	False	False	1.0	0.8281901	1.0	1.0	1.0	1.0	172.0	strong_crucivirus_like	False	False	1.0	0.002347259999999962	0.97862877	False	False
Cruci_CruV_152	crucivirus	1	Purple	Purple	0.98787075	1.0	1.0	1.0	1.0	472.0	strong_crucivirus_like	False	False	1.0	0.98456776	1.0	1.0	1.0	1.0	113.0	strong_crucivirus_like	False	False	1.0	0.7985155	1.0	1.0	1.0	1.0	187.0	moderate_crucivirus_like	False	False	1.0	0.8409145	1.0	1.0	1.0	1.0	172.0	strong_crucivirus_like	False	False	1.0	0.0033029900000000056	0.986219255	False	False
Cruci_CruV-692	crucivirus	1	Purple	Purple	0.21602735	0.0	0.0	0.0	0.0	542.0	moderate_rna_like	False	True	1.0	0.03161214	0.0	0.0	0.0	0.0	154.0	strong_rna_like	True	True	1.0	0.6161251	1.0	1.0	1.0	1.0	184.0	moderate_crucivirus_like	False	False	1.0	0.9380992	1.0	1.0	1.0	1.0	204.0	strong_crucivirus_like	False	False	1.0	0.18441521	0.12381974500000001	False	True
Cruci_CruV-693	crucivirus	1	Purple	Purple	0.21602735	0.0	0.0	0.0	0.0	542.0	moderate_rna_like	False	True	1.0	0.03161214	0.0	0.0	0.0	0.0	154.0	strong_rna_like	True	True	1.0	0.6161251	1.0	1.0	1.0	1.0	184.0	moderate_crucivirus_like	False	False	1.0	0.9380992	1.0	1.0	1.0	1.0	204.0	strong_crucivirus_like	False	False	1.0	0.18441521	0.12381974500000001	False	True
Cruci_CruV_266	crucivirus	1	Purple	Purple	0.10774815	0.0	0.0	0.0	0.0	510.0	strong_rna_like	True	True	1.0	0.2575413	0.0	0.0	0.0	0.0	69.0	moderate_rna_like	False	True	1.0	0.56331384	1.0	1.0	1.0	1.0	190.0	ambiguous	False	False	1.0	0.8069042	1.0	1.0	1.0	1.0	251.0	strong_crucivirus_like	False	False	1.0	-0.14979314999999999	0.18264472499999998	False	True
Cruci_CruV_265	crucivirus	1	Purple	Purple	0.083502315	0.0	0.0	0.0	0.0	445.0	strong_rna_like	True	True	1.0	0.2575413	0.0	0.0	0.0	0.0	69.0	moderate_rna_like	False	True	1.0	0.56331384	1.0	1.0	1.0	1.0	190.0	ambiguous	False	False	1.0	0.87010896	1.0	1.0	1.0	1.0	186.0	strong_crucivirus_like	False	False	1.0	-0.17403898499999998	0.17052180749999998	False	True
Cruci_CruV_250	crucivirus	1	Purple	Purple	0.48642725	0.0	0.0	0.0	0.0	444.0	ambiguous	False	False	1.0	0.64909804	1.0	1.0	1.0	1.0	68.0	moderate_crucivirus_like	False	False	1.0	0.69944435	1.0	1.0	1.0	1.0	190.0	moderate_crucivirus_like	False	False	1.0	0.58164084	1.0	1.0	1.0	1.0	186.0	ambiguous	False	False	1.0	-0.16267079000000007	0.567762645	False	False
Cruci_CruV_251	crucivirus	1	Purple	Purple	0.48642725	0.0	0.0	0.0	0.0	444.0	ambiguous	False	False	1.0	0.64909804	1.0	1.0	1.0	1.0	68.0	moderate_crucivirus_like	False	False	1.0	0.69944435	1.0	1.0	1.0	1.0	190.0	moderate_crucivirus_like	False	False	1.0	0.58164084	1.0	1.0	1.0	1.0	186.0	ambiguous	False	False	1.0	-0.16267079000000007	0.567762645	False	False
Cruci_CruV-791	crucivirus	1	Purple	Purple	0.3066297	0.0	0.0	0.0	0.0	445.0	moderate_rna_like	False	True	1.0	0.7468034	1.0	1.0	1.0	1.0	70.0	moderate_crucivirus_like	False	False	1.0	0.7771875	1.0	1.0	1.0	1.0	185.0	moderate_crucivirus_like	False	False	1.0	0.8246459	1.0	1.0	1.0	1.0	190.0	strong_crucivirus_like	False	False	1.0	-0.4401737	0.52671655	False	False
Cruci_CruV-717	crucivirus	1	Purple	Purple	0.86856395	1.0	1.0	1.0	1.0	534.0	strong_crucivirus_like	False	False	1.0	0.8928184	1.0	1.0	1.0	1.0	151.0	strong_crucivirus_like	False	False	1.0	0.7146247	1.0	1.0	1.0	1.0	186.0	moderate_crucivirus_like	False	False	1.0	0.64513165	1.0	1.0	1.0	1.0	197.0	moderate_crucivirus_like	False	False	1.0	-0.02425445000000004	0.8806911749999999	False	False
Cruci_CruV-721	crucivirus	1	Purple	Purple	0.99008626	1.0	1.0	1.0	1.0	501.0	strong_crucivirus_like	False	False	1.0	0.9877699	1.0	1.0	1.0	1.0	126.0	strong_crucivirus_like	False	False	1.0	0.89127886	1.0	1.0	1.0	1.0	185.0	strong_crucivirus_like	False	False	1.0	0.5352267	1.0	1.0	1.0	1.0	190.0	ambiguous	False	False	1.0	0.0023163600000000173	0.98892808	False	False
Cruci_CruV_461	crucivirus	1	Purple	Purple	0.40102395	0.0	0.0	0.0	0.0	460.0	ambiguous	False	False	1.0	0.37876347	0.0	0.0	0.0	0.0	95.0	moderate_rna_like	False	True	1.0	0.45112404	0.0	0.0	0.0	0.0	186.0	ambiguous	False	False	1.0	0.72643703	1.0	1.0	1.0	1.0	179.0	moderate_crucivirus_like	False	False	1.0	0.022260480000000027	0.38989371	False	False
Cruci_PB_KX388508	crucivirus	1	Purple	Purple	0.8712533	1.0	1.0	1.0	1.0	478.0	strong_crucivirus_like	False	False	1.0	0.65768975	1.0	1.0	1.0	1.0	89.0	moderate_crucivirus_like	False	False	1.0	0.8299274	1.0	1.0	1.0	1.0	195.0	strong_crucivirus_like	False	False	1.0	0.9100293	1.0	1.0	1.0	1.0	194.0	strong_crucivirus_like	False	False	1.0	0.21356355000000005	0.764471525	False	False
Cruci_CruV_468	crucivirus	1	Purple	Purple	0.99242765	1.0	1.0	1.0	1.0	478.0	strong_crucivirus_like	False	False	1.0	0.9937914	1.0	1.0	1.0	1.0	115.0	strong_crucivirus_like	False	False	1.0	0.85706943	1.0	1.0	1.0	1.0	188.0	strong_crucivirus_like	False	False	1.0	0.8592243	1.0	1.0	1.0	1.0	175.0	strong_crucivirus_like	False	False	1.0	-0.001363749999999997	0.9931095249999999	False	False
Cruci_CruV-769	crucivirus	1	Purple	Purple	0.36683267	0.0	0.0	0.0	0.0	445.0	moderate_rna_like	False	True	1.0	0.5235617	1.0	1.0	1.0	1.0	76.0	ambiguous	False	False	1.0	0.7500314	1.0	1.0	1.0	1.0	186.0	moderate_crucivirus_like	False	False	1.0	0.842136	1.0	1.0	1.0	1.0	183.0	strong_crucivirus_like	False	False	1.0	-0.15672903	0.44519718500000005	False	False
Cruci_CruV-678	crucivirus	1	Purple	Purple	0.18222764	0.0	0.0	0.0	0.0	422.0	strong_rna_like	True	True	1.0	0.27443448	0.0	0.0	0.0	0.0	77.0	moderate_rna_like	False	True	1.0	0.5322694	1.0	1.0	1.0	1.0	186.0	ambiguous	False	False	1.0	0.6125579	1.0	1.0	1.0	1.0	159.0	moderate_crucivirus_like	False	False	1.0	-0.09220683999999998	0.22833105999999997	False	True
Ribo_ND_366110	rna_virus	0	Purple	Purple	0.7309671	1.0	1.0	0.0	0.0	377.0	moderate_crucivirus_like	False	True	1.0	0.657974	1.0	1.0	0.0	0.0	45.0	moderate_crucivirus_like	False	True	1.0	0.53112084	1.0	1.0	0.0	0.0	179.0	ambiguous	False	False	1.0	0.6020791	1.0	1.0	0.0	0.0	153.0	moderate_crucivirus_like	False	True	1.0	0.07299310000000003	0.6944705499999999	False	True
Cruci_CruV-652	crucivirus	1	Purple	Purple	0.44121996	0.0	0.0	0.0	0.0	409.0	ambiguous	False	False	1.0	0.54999006	1.0	1.0	1.0	1.0	72.0	ambiguous	False	False	1.0	0.7171443	1.0	1.0	1.0	1.0	183.0	moderate_crucivirus_like	False	False	1.0	0.83158666	1.0	1.0	1.0	1.0	154.0	strong_crucivirus_like	False	False	1.0	-0.10877009999999993	0.49560501	False	False
Cruci_CruV_444	crucivirus	1	Purple	Purple	0.9179315	1.0	1.0	1.0	1.0	417.0	strong_crucivirus_like	False	False	1.0	0.88326186	1.0	1.0	1.0	1.0	73.0	strong_crucivirus_like	False	False	1.0	0.4241138	0.0	0.0	0.0	0.0	188.0	ambiguous	False	False	1.0	0.5885662	1.0	1.0	1.0	1.0	156.0	ambiguous	False	False	1.0	0.03466964000000006	0.90059668	False	False
Cruci_CruV_449	crucivirus	1	Purple	Purple	0.88709366	1.0	1.0	1.0	1.0	407.0	strong_crucivirus_like	False	False	1.0	0.793887	1.0	1.0	1.0	1.0	70.0	moderate_crucivirus_like	False	False	1.0	0.22987476	0.0	0.0	0.0	0.0	188.0	moderate_rna_like	False	True	1.0	0.6566458	1.0	1.0	1.0	1.0	149.0	moderate_crucivirus_like	False	False	1.0	0.09320666	0.84049033	False	False
Cruci_CruV_247	crucivirus	1	Purple	Purple	0.7378955	1.0	1.0	1.0	1.0	512.0	moderate_crucivirus_like	False	False	1.0	0.7513591	1.0	1.0	1.0	1.0	146.0	moderate_crucivirus_like	False	False	1.0	0.4624495	0.0	0.0	0.0	0.0	188.0	ambiguous	False	False	1.0	0.8681994	1.0	1.0	1.0	1.0	178.0	strong_crucivirus_like	False	False	1.0	-0.013463599999999909	0.7446273	False	False
Cruci_chiv_RW_Nursery_DNA_contig62	crucivirus	1	Purple	Purple	0.9863002	1.0	1.0	1.0	1.0	462.0	strong_crucivirus_like	False	False	1.0	0.9868679	1.0	1.0	1.0	1.0	110.0	strong_crucivirus_like	False	False	1.0	0.63204473	1.0	1.0	1.0	1.0	188.0	moderate_crucivirus_like	False	False	1.0	0.77445686	1.0	1.0	1.0	1.0	164.0	moderate_crucivirus_like	False	False	1.0	-0.0005677000000000598	0.98658405	False	False
Cruci_Tisza_MH617001.1	crucivirus	1	Purple	Purple	0.98304385	1.0	1.0	1.0	1.0	459.0	strong_crucivirus_like	False	False	1.0	0.9785043	1.0	1.0	1.0	1.0	105.0	strong_crucivirus_like	False	False	1.0	0.46712363	0.0	0.0	0.0	0.0	188.0	ambiguous	False	False	1.0	0.8019487	1.0	1.0	1.0	1.0	166.0	strong_crucivirus_like	False	False	1.0	0.004539550000000059	0.980774075	False	False
Cruci_CruV_188	crucivirus	1	Purple	Purple	0.94511753	1.0	1.0	1.0	1.0	445.0	strong_crucivirus_like	False	False	1.0	0.90389836	1.0	1.0	1.0	1.0	90.0	strong_crucivirus_like	False	False	1.0	0.80541337	1.0	1.0	1.0	1.0	189.0	strong_crucivirus_like	False	False	1.0	0.56437635	1.0	1.0	1.0	1.0	166.0	ambiguous	False	False	1.0	0.04121916999999997	0.924507945	False	False
Cruci_CruV_360	crucivirus	1	Purple	Purple	0.95147717	1.0	1.0	1.0	1.0	457.0	strong_crucivirus_like	False	False	1.0	0.9660297	1.0	1.0	1.0	1.0	108.0	strong_crucivirus_like	False	False	1.0	0.5211401	1.0	1.0	1.0	1.0	188.0	ambiguous	False	False	1.0	0.6335645	1.0	1.0	1.0	1.0	161.0	moderate_crucivirus_like	False	False	1.0	-0.014552530000000008	0.958753435	False	False
Cruci_CruV_210	crucivirus	1	Purple	Purple	0.8516063	1.0	1.0	1.0	1.0	447.0	strong_crucivirus_like	False	False	1.0	0.74162316	1.0	1.0	1.0	1.0	94.0	moderate_crucivirus_like	False	False	1.0	0.3758896	0.0	0.0	0.0	0.0	188.0	moderate_rna_like	False	True	1.0	0.7441355	1.0	1.0	1.0	1.0	165.0	moderate_crucivirus_like	False	False	1.0	0.10998314000000009	0.7966147299999999	False	False
Cruci_CruV_404	crucivirus	1	Purple	Purple	0.9819235	1.0	1.0	1.0	1.0	458.0	strong_crucivirus_like	False	False	1.0	0.98649395	1.0	1.0	1.0	1.0	103.0	strong_crucivirus_like	False	False	1.0	0.543806	1.0	1.0	1.0	1.0	188.0	ambiguous	False	False	1.0	0.6844782	1.0	1.0	1.0	1.0	167.0	moderate_crucivirus_like	False	False	1.0	-0.004570450000000004	0.984208725	False	False
Cruci_CruV-742	crucivirus	1	Purple	Purple	0.7027917	1.0	1.0	1.0	1.0	470.0	moderate_crucivirus_like	False	False	1.0	0.6653288	1.0	1.0	1.0	1.0	119.0	moderate_crucivirus_like	False	False	1.0	0.5161129	1.0	1.0	1.0	1.0	188.0	ambiguous	False	False	1.0	0.77554053	1.0	1.0	1.0	1.0	163.0	moderate_crucivirus_like	False	False	1.0	0.037462899999999966	0.68406025	False	False
Cruci_Oys_GWHBFST00001471_circ	crucivirus	1	Purple	Purple	0.91769695	1.0	1.0	1.0	1.0	464.0	strong_crucivirus_like	False	False	1.0	0.8307836	1.0	1.0	1.0	1.0	107.0	strong_crucivirus_like	False	False	1.0	0.5650536	1.0	1.0	1.0	1.0	187.0	ambiguous	False	False	1.0	0.85335183	1.0	1.0	1.0	1.0	170.0	strong_crucivirus_like	False	False	1.0	0.08691335	0.874240275	False	False
Cruci_CruV-673	crucivirus	1	Purple	Purple	0.98556143	1.0	1.0	1.0	1.0	464.0	strong_crucivirus_like	False	False	1.0	0.9813803	1.0	1.0	1.0	1.0	116.0	strong_crucivirus_like	False	False	1.0	0.7056206	1.0	1.0	1.0	1.0	189.0	moderate_crucivirus_like	False	False	1.0	0.7972762	1.0	1.0	1.0	1.0	159.0	moderate_crucivirus_like	False	False	1.0	0.004181129999999977	0.9834708649999999	False	False
Cruci_CruV-928	crucivirus	1	Purple	Purple	0.52334857	1.0	1.0	1.0	1.0	425.0	ambiguous	False	False	1.0	0.31769332	0.0	0.0	0.0	0.0	32.0	moderate_rna_like	False	True	1.0	0.568111	1.0	1.0	1.0	1.0	192.0	ambiguous	False	False	1.0	0.78121585	1.0	1.0	1.0	1.0	201.0	moderate_crucivirus_like	False	False	1.0	0.20565525	0.42052094500000003	False	False
Cruci_CruV-923	crucivirus	1	Purple	Purple	0.52423567	1.0	1.0	1.0	1.0	402.0	ambiguous	False	False	1.0	0.23175101	0.0	0.0	0.0	0.0	28.0	moderate_rna_like	False	True	1.0	0.6211829	1.0	1.0	1.0	1.0	191.0	moderate_crucivirus_like	False	False	1.0	0.84745353	1.0	1.0	1.0	1.0	183.0	strong_crucivirus_like	False	False	1.0	0.29248466000000006	0.37799334	False	False
Cruci_CruV-924	crucivirus	1	Purple	Purple	0.47420174	0.0	0.0	0.0	0.0	415.0	ambiguous	False	False	1.0	0.37502027	0.0	0.0	0.0	0.0	27.0	moderate_rna_like	False	True	1.0	0.6538176	1.0	1.0	1.0	1.0	192.0	moderate_crucivirus_like	False	False	1.0	0.836696	1.0	1.0	1.0	1.0	196.0	strong_crucivirus_like	False	False	1.0	0.09918147	0.424611005	False	False
Cruci_PSU_CruV-34	crucivirus	1	Purple	Purple	0.70149255	1.0	1.0	1.0	1.0	397.0	moderate_crucivirus_like	False	False	1.0	0.68718266	1.0	1.0	1.0	1.0	28.0	moderate_crucivirus_like	False	False	1.0	0.5694707	1.0	1.0	1.0	1.0	185.0	ambiguous	False	False	1.0	0.45170426	0.0	0.0	0.0	0.0	184.0	ambiguous	False	False	1.0	0.014309890000000047	0.694337605	False	False
Cruci_CruV_536	crucivirus	1	Purple	Purple	0.7049088	1.0	1.0	1.0	1.0	395.0	moderate_crucivirus_like	False	False	1.0	0.63631	1.0	1.0	1.0	1.0	28.0	moderate_crucivirus_like	False	False	1.0	0.5916995	1.0	1.0	1.0	1.0	185.0	ambiguous	False	False	1.0	0.6805932	1.0	1.0	1.0	1.0	182.0	moderate_crucivirus_like	False	False	1.0	0.06859879999999996	0.6706094	False	False
Cruci_CruV-917	crucivirus	1	Purple	Purple	0.5202752	1.0	1.0	1.0	1.0	413.0	ambiguous	False	False	1.0	0.39146984	0.0	0.0	0.0	0.0	24.0	moderate_rna_like	False	True	1.0	0.5996242	1.0	1.0	1.0	1.0	193.0	ambiguous	False	False	1.0	0.7661107	1.0	1.0	1.0	1.0	196.0	moderate_crucivirus_like	False	False	1.0	0.12880536000000004	0.45587252	False	False
Cruci_CruV_405	crucivirus	1	Purple	Purple	0.27129355	0.0	0.0	0.0	0.0	353.0	moderate_rna_like	False	True	1.0	0.5164166	1.0	1.0	1.0	1.0	4.0	ambiguous	False	False	1.0	0.5378465	1.0	1.0	1.0	1.0	190.0	ambiguous	False	False	1.0	0.5730156	1.0	1.0	1.0	1.0	159.0	ambiguous	False	False	1.0	-0.24512305	0.393855075	False	False
Cruci_MC_NODE_61	crucivirus	1	Purple	Purple	0.90807116	1.0	1.0	1.0	1.0	638.0	strong_crucivirus_like	False	False	1.0	0.87448806	1.0	1.0	1.0	1.0	143.0	strong_crucivirus_like	False	False	1.0	0.7262922	1.0	1.0	1.0	1.0	186.0	moderate_crucivirus_like	False	False	1.0	0.6021066	1.0	1.0	1.0	1.0	309.0	moderate_crucivirus_like	False	False	1.0	0.03358309999999998	0.89127961	False	False
Cruci_CruV-735	crucivirus	1	Purple	Purple	0.7201959	1.0	1.0	1.0	1.0	578.0	moderate_crucivirus_like	False	False	1.0	0.7607162	1.0	1.0	1.0	1.0	128.0	moderate_crucivirus_like	False	False	1.0	0.61930776	1.0	1.0	1.0	1.0	181.0	moderate_crucivirus_like	False	False	1.0	0.10430058	0.0	0.0	0.0	0.0	269.0	strong_rna_like	True	True	1.0	-0.040520299999999954	0.7404560499999999	False	False
Cruci_CruV-851	crucivirus	1	Purple	Purple	0.9305925	1.0	1.0	1.0	1.0	546.0	strong_crucivirus_like	False	False	1.0	0.93576694	1.0	1.0	1.0	1.0	120.0	strong_crucivirus_like	False	False	1.0	0.6407441	1.0	1.0	1.0	1.0	181.0	moderate_crucivirus_like	False	False	1.0	0.3169745	0.0	0.0	0.0	0.0	245.0	moderate_rna_like	False	True	1.0	-0.005174440000000002	0.93317972	False	False
Cruci_CruV_408	crucivirus	1	Purple	Purple	0.79309976	1.0	1.0	1.0	1.0	557.0	moderate_crucivirus_like	False	False	1.0	0.89044166	1.0	1.0	1.0	1.0	129.0	strong_crucivirus_like	False	False	1.0	0.7142402	1.0	1.0	1.0	1.0	184.0	moderate_crucivirus_like	False	False	1.0	0.21802768	0.0	0.0	0.0	0.0	244.0	moderate_rna_like	False	True	1.0	-0.09734189999999998	0.84177071	False	False
Cruci_CruV-739	crucivirus	1	Purple	Purple	0.7403122	1.0	1.0	1.0	1.0	606.0	moderate_crucivirus_like	False	False	1.0	0.88036746	1.0	1.0	1.0	1.0	109.0	strong_crucivirus_like	False	False	1.0	0.72983	1.0	1.0	1.0	1.0	186.0	moderate_crucivirus_like	False	False	1.0	0.5674326	1.0	1.0	1.0	1.0	311.0	ambiguous	False	False	1.0	-0.14005526000000001	0.81033983	False	False
Cruci_CruV_237	crucivirus	1	Purple	Purple	0.4737134	0.0	0.0	0.0	0.0	600.0	ambiguous	False	False	1.0	0.39803767	0.0	0.0	0.0	0.0	244.0	moderate_rna_like	False	True	1.0	0.34790203	0.0	0.0	0.0	0.0	185.0	moderate_rna_like	False	True	1.0	0.78120404	1.0	1.0	1.0	1.0	171.0	moderate_crucivirus_like	False	False	1.0	0.07567573	0.435875535	False	False
Cruci_CruV-825	crucivirus	1	Purple	Purple	0.46107492	0.0	0.0	0.0	0.0	414.0	ambiguous	False	False	1.0	0.35697713	0.0	0.0	0.0	0.0	58.0	moderate_rna_like	False	True	1.0	0.43238267	0.0	0.0	0.0	0.0	189.0	ambiguous	False	False	1.0	0.4963585	0.0	0.0	0.0	0.0	167.0	ambiguous	False	False	1.0	0.10409779000000002	0.40902602499999996	False	False
Cruci_CruV-832	crucivirus	1	Purple	Purple	0.5890654	1.0	1.0	1.0	1.0	413.0	ambiguous	False	False	1.0	0.31129414	0.0	0.0	0.0	0.0	57.0	moderate_rna_like	False	True	1.0	0.48663843	0.0	0.0	0.0	0.0	189.0	ambiguous	False	False	1.0	0.61870545	1.0	1.0	1.0	1.0	167.0	moderate_crucivirus_like	False	False	1.0	0.27777125999999996	0.45017977	False	False
Cruci_CruV_144	crucivirus	1	Purple	Purple	0.24401781	0.0	0.0	0.0	0.0	355.0	moderate_rna_like	False	True	1.0	0.57166916	1.0	1.0	1.0	1.0	10.0	ambiguous	False	False	1.0	0.34235802	0.0	0.0	0.0	0.0	187.0	moderate_rna_like	False	True	1.0	0.4084328	0.0	0.0	0.0	0.0	158.0	ambiguous	False	False	1.0	-0.32765135	0.407843485	False	False
Cruci_CruV_481	crucivirus	1	Purple	Purple	0.5409297	1.0	1.0	1.0	1.0	492.0	ambiguous	False	False	1.0	0.78836805	1.0	1.0	1.0	1.0	129.0	moderate_crucivirus_like	False	False	1.0	0.58565724	1.0	1.0	1.0	1.0	189.0	ambiguous	False	False	1.0	0.8280064	1.0	1.0	1.0	1.0	174.0	strong_crucivirus_like	False	False	1.0	-0.24743835000000003	0.6646488749999999	False	False
Cruci_CruV-712	crucivirus	1	Purple	Purple	0.6143279	1.0	1.0	1.0	1.0	481.0	moderate_crucivirus_like	False	False	1.0	0.6436108	1.0	1.0	1.0	1.0	135.0	moderate_crucivirus_like	False	False	1.0	0.74318093	1.0	1.0	1.0	1.0	187.0	moderate_crucivirus_like	False	False	1.0	0.42286867	0.0	0.0	0.0	0.0	159.0	ambiguous	False	False	1.0	-0.0292829	0.62896935	False	False
Ribo_ND_343206	rna_virus	0	Purple	Purple	0.36281437	0.0	0.0	1.0	1.0	490.0	moderate_rna_like	False	False	1.0	0.2402719	0.0	0.0	1.0	1.0	131.0	moderate_rna_like	False	False	1.0	0.40155867	0.0	0.0	1.0	1.0	185.0	ambiguous	False	False	1.0	0.5815377	1.0	1.0	0.0	0.0	174.0	ambiguous	False	False	1.0	0.12254246999999999	0.301543135	False	False
Cruci_CruV_429	crucivirus	1	Purple	Purple	0.48307106	0.0	0.0	0.0	0.0	487.0	ambiguous	False	False	1.0	0.7829889	1.0	1.0	1.0	1.0	123.0	moderate_crucivirus_like	False	False	1.0	0.44568315	0.0	0.0	0.0	0.0	185.0	ambiguous	False	False	1.0	0.7364585	1.0	1.0	1.0	1.0	179.0	moderate_crucivirus_like	False	False	1.0	-0.29991784	0.63302998	False	False
Cruci_CruV-953	crucivirus	1	Purple	Purple	0.19562922	0.0	0.0	0.0	0.0	363.0	strong_rna_like	True	True	1.0											0.7052596	1.0	1.0	1.0	1.0	188.0	moderate_crucivirus_like	False	False	1.0	0.5873465	1.0	1.0	1.0	1.0	175.0	ambiguous	False	False	1.0		0.19562922	False	False
Cruci_CruV-749	crucivirus	1	Purple	Purple	0.26696053	0.0	0.0	0.0	0.0	534.0	moderate_rna_like	False	True	1.0	0.34835383	0.0	0.0	0.0	0.0	159.0	moderate_rna_like	False	True	1.0	0.75525266	1.0	1.0	1.0	1.0	188.0	moderate_crucivirus_like	False	False	1.0	0.40901604	0.0	0.0	0.0	0.0	187.0	ambiguous	False	False	1.0	-0.0813933	0.30765718	False	True
Cruci_CruV_441	crucivirus	1	Purple	Purple	0.9842488	1.0	1.0	1.0	1.0	470.0	strong_crucivirus_like	False	False	1.0	0.99179757	1.0	1.0	1.0	1.0	114.0	strong_crucivirus_like	False	False	1.0	0.6915299	1.0	1.0	1.0	1.0	184.0	moderate_crucivirus_like	False	False	1.0	0.4731393	0.0	0.0	0.0	0.0	172.0	ambiguous	False	False	1.0	-0.0075487699999999824	0.9880231850000001	False	False
Cruci_CruV_390	crucivirus	1	Purple	Purple	0.7905491	1.0	1.0	1.0	1.0	509.0	moderate_crucivirus_like	False	False	1.0	0.6976165	1.0	1.0	1.0	1.0	166.0	moderate_crucivirus_like	False	False	1.0	0.5577503	1.0	1.0	1.0	1.0	183.0	ambiguous	False	False	1.0	0.40057108	0.0	0.0	0.0	0.0	160.0	ambiguous	False	False	1.0	0.09293260000000003	0.7440827999999999	False	False
Cruci_CruV_361	crucivirus	1	Purple	Purple	0.7625512	1.0	1.0	1.0	1.0	505.0	moderate_crucivirus_like	False	False	1.0	0.6527677	1.0	1.0	1.0	1.0	161.0	moderate_crucivirus_like	False	False	1.0	0.55830795	1.0	1.0	1.0	1.0	184.0	ambiguous	False	False	1.0	0.43312567	0.0	0.0	0.0	0.0	160.0	ambiguous	False	False	1.0	0.10978350000000003	0.70765945	False	False
Cruci_CruV_378	crucivirus	1	Purple	Purple	0.8684059	1.0	1.0	1.0	1.0	454.0	strong_crucivirus_like	False	False	1.0	0.8768385	1.0	1.0	1.0	1.0	113.0	strong_crucivirus_like	False	False	1.0	0.38327318	0.0	0.0	0.0	0.0	184.0	moderate_rna_like	False	True	1.0	0.57537377	1.0	1.0	1.0	1.0	157.0	ambiguous	False	False	1.0	-0.008432600000000012	0.8726221999999999	False	False
Cruci_Ariz_MW697623	crucivirus	1	Purple	Purple	0.4760653	0.0	0.0	0.0	0.0	435.0	ambiguous	False	False	1.0	0.7250194	1.0	1.0	1.0	1.0	100.0	moderate_crucivirus_like	False	False	1.0	0.2615343	0.0	0.0	0.0	0.0	183.0	moderate_rna_like	False	True	1.0	0.22719927	0.0	0.0	0.0	0.0	152.0	moderate_rna_like	False	True	1.0	-0.24895409999999996	0.60054235	False	False
Cruci_CruV_308	crucivirus	1	Purple	Purple	0.32887006	0.0	0.0	0.0	0.0	460.0	moderate_rna_like	False	True	1.0	0.8197655	1.0	1.0	1.0	1.0	111.0	strong_crucivirus_like	False	False	1.0	0.86700493	1.0	1.0	1.0	1.0	181.0	strong_crucivirus_like	False	False	1.0	0.35044777	0.0	0.0	0.0	0.0	168.0	moderate_rna_like	False	True	1.0	-0.49089544	0.57431778	False	False
Cruci_CruV_198	crucivirus	1	Purple	Purple	0.79259837	1.0	1.0	1.0	1.0	424.0	moderate_crucivirus_like	False	False	1.0	0.6868749	1.0	1.0	1.0	1.0	84.0	moderate_crucivirus_like	False	False	1.0	0.8553431	1.0	1.0	1.0	1.0	182.0	strong_crucivirus_like	False	False	1.0	0.3563244	0.0	0.0	0.0	0.0	158.0	moderate_rna_like	False	True	1.0	0.10572347000000004	0.739736635	False	False
Cruci_CruV-833	crucivirus	1	Purple	Purple	0.83676636	1.0	1.0	1.0	1.0	469.0	strong_crucivirus_like	False	False	1.0	0.66041553	1.0	1.0	1.0	1.0	93.0	moderate_crucivirus_like	False	False	1.0	0.75311315	1.0	1.0	1.0	1.0	184.0	moderate_crucivirus_like	False	False	1.0	0.8894535	1.0	1.0	1.0	1.0	192.0	strong_crucivirus_like	False	False	1.0	0.17635083000000007	0.748590945	False	False
Cruci_CruV_443	crucivirus	1	Purple	Purple	0.6044503	1.0	1.0	1.0	1.0	472.0	moderate_crucivirus_like	False	False	1.0	0.58370626	1.0	1.0	1.0	1.0	99.0	ambiguous	False	False	1.0	0.74275225	1.0	1.0	1.0	1.0	203.0	moderate_crucivirus_like	False	False	1.0	0.67344016	1.0	1.0	1.0	1.0	170.0	moderate_crucivirus_like	False	False	1.0	0.020744039999999964	0.59407828	False	False
Cruci_CruV_249	crucivirus	1	Purple	Purple	0.8853793	1.0	1.0	1.0	1.0	470.0	strong_crucivirus_like	False	False	1.0	0.7558381	1.0	1.0	1.0	1.0	96.0	moderate_crucivirus_like	False	False	1.0	0.8252547	1.0	1.0	1.0	1.0	210.0	strong_crucivirus_like	False	False	1.0	0.42719883	0.0	0.0	0.0	0.0	164.0	ambiguous	False	False	1.0	0.12954120000000002	0.8206087	False	False
Cruci_CruV-753	crucivirus	1	Purple	Purple	0.76339465	1.0	1.0	1.0	1.0	457.0	moderate_crucivirus_like	False	False	1.0	0.76839226	1.0	1.0	1.0	1.0	99.0	moderate_crucivirus_like	False	False	1.0	0.846528	1.0	1.0	1.0	1.0	194.0	strong_crucivirus_like	False	False	1.0	0.7758736	1.0	1.0	1.0	1.0	164.0	moderate_crucivirus_like	False	False	1.0	-0.004997610000000097	0.7658934550000001	False	False
Cruci_CruV_316	crucivirus	1	Purple	Purple	0.6150898	1.0	1.0	1.0	1.0	467.0	moderate_crucivirus_like	False	False	1.0	0.64208	1.0	1.0	1.0	1.0	100.0	moderate_crucivirus_like	False	False	1.0	0.6148431	1.0	1.0	1.0	1.0	196.0	moderate_crucivirus_like	False	False	1.0	0.7128617	1.0	1.0	1.0	1.0	171.0	moderate_crucivirus_like	False	False	1.0	-0.026990199999999964	0.6285849	False	False
Cruci_CruV_294	crucivirus	1	Purple	Purple	0.63583094	1.0	1.0	1.0	1.0	466.0	moderate_crucivirus_like	False	False	1.0	0.5926071	1.0	1.0	1.0	1.0	104.0	ambiguous	False	False	1.0	0.56752616	1.0	1.0	1.0	1.0	196.0	ambiguous	False	False	1.0	0.64577645	1.0	1.0	1.0	1.0	166.0	moderate_crucivirus_like	False	False	1.0	0.0432238399999999	0.61421902	False	False
Cruci_CruV_411	crucivirus	1	Purple	Purple	0.79491174	1.0	1.0	1.0	1.0	461.0	moderate_crucivirus_like	False	False	1.0	0.67765963	1.0	1.0	1.0	1.0	88.0	moderate_crucivirus_like	False	False	1.0	0.6698177	1.0	1.0	1.0	1.0	199.0	moderate_crucivirus_like	False	False	1.0	0.42068923	0.0	0.0	0.0	0.0	174.0	ambiguous	False	False	1.0	0.11725211000000002	0.7362856849999999	False	False
Cruci_CruV_409	crucivirus	1	Purple	Purple	0.7276355	1.0	1.0	1.0	1.0	455.0	moderate_crucivirus_like	False	False	1.0	0.6640823	1.0	1.0	1.0	1.0	84.0	moderate_crucivirus_like	False	False	1.0	0.5162288	1.0	1.0	1.0	1.0	195.0	ambiguous	False	False	1.0	0.70465076	1.0	1.0	1.0	1.0	176.0	moderate_crucivirus_like	False	False	1.0	0.06355319999999998	0.6958589	False	False
Cruci_CruV_410	crucivirus	1	Purple	Purple	0.7276355	1.0	1.0	1.0	1.0	455.0	moderate_crucivirus_like	False	False	1.0	0.6640823	1.0	1.0	1.0	1.0	84.0	moderate_crucivirus_like	False	False	1.0	0.5162288	1.0	1.0	1.0	1.0	195.0	ambiguous	False	False	1.0	0.70465076	1.0	1.0	1.0	1.0	176.0	moderate_crucivirus_like	False	False	1.0	0.06355319999999998	0.6958589	False	False
Cruci_CruV_394	crucivirus	1	Purple	Purple	0.8879308	1.0	1.0	1.0	1.0	457.0	strong_crucivirus_like	False	False	1.0	0.72145134	1.0	1.0	1.0	1.0	89.0	moderate_crucivirus_like	False	False	1.0	0.58290976	1.0	1.0	1.0	1.0	195.0	ambiguous	False	False	1.0	0.67077255	1.0	1.0	1.0	1.0	173.0	moderate_crucivirus_like	False	False	1.0	0.16647946000000002	0.8046910700000001	False	False
Cruci_CruV_329	crucivirus	1	Purple	Purple	0.93678385	1.0	1.0	1.0	1.0	467.0	strong_crucivirus_like	False	False	1.0	0.8528267	1.0	1.0	1.0	1.0	107.0	strong_crucivirus_like	False	False	1.0	0.6179521	1.0	1.0	1.0	1.0	195.0	moderate_crucivirus_like	False	False	1.0	0.4600653	0.0	0.0	0.0	0.0	165.0	ambiguous	False	False	1.0	0.08395714999999992	0.894805275	False	False
Cruci_CruV-730	crucivirus	1	Purple	Purple	0.6299715	1.0	1.0	1.0	1.0	466.0	moderate_crucivirus_like	False	False	1.0	0.73860455	1.0	1.0	1.0	1.0	93.0	moderate_crucivirus_like	False	False	1.0	0.32789162	0.0	0.0	0.0	0.0	205.0	moderate_rna_like	False	True	1.0	0.3944625	0.0	0.0	0.0	0.0	168.0	moderate_rna_like	False	True	1.0	-0.10863305000000001	0.6842880250000001	False	False
Cruci_CruV_362	crucivirus	1	Purple	Purple	0.63043004	1.0	1.0	1.0	1.0	455.0	moderate_crucivirus_like	False	False	1.0	0.47949478	0.0	0.0	0.0	0.0	89.0	ambiguous	False	False	1.0	0.6127684	1.0	1.0	1.0	1.0	207.0	moderate_crucivirus_like	False	False	1.0	0.56062776	1.0	1.0	1.0	1.0	159.0	ambiguous	False	False	1.0	0.15093526000000002	0.55496241	False	False
Cruci_PSU_CruV-210	crucivirus	1	Purple	Purple	0.8497809	1.0	1.0	1.0	1.0	450.0	strong_crucivirus_like	False	False	1.0	0.79243207	1.0	1.0	1.0	1.0	97.0	moderate_crucivirus_like	False	False	1.0	0.8745018	1.0	1.0	1.0	1.0	194.0	strong_crucivirus_like	False	False	1.0	0.6470587	1.0	1.0	1.0	1.0	159.0	moderate_crucivirus_like	False	False	1.0	0.057348829999999906	0.821106485	False	False
Cruci_PSU_CruV-218	crucivirus	1	Purple	Purple	0.8813239	1.0	1.0	1.0	1.0	440.0	strong_crucivirus_like	False	False	1.0	0.86082405	1.0	1.0	1.0	1.0	95.0	strong_crucivirus_like	False	False	1.0	0.9147797	1.0	1.0	1.0	1.0	189.0	strong_crucivirus_like	False	False	1.0	0.5859055	1.0	1.0	1.0	1.0	156.0	ambiguous	False	False	1.0	0.020499850000000097	0.8710739750000001	False	False
Cruci_Mire_OM154313	crucivirus	1	Purple	Purple	0.5779169	1.0	1.0	1.0	1.0	456.0	ambiguous	False	False	1.0	0.4405695	0.0	0.0	0.0	0.0	94.0	ambiguous	False	False	1.0	0.895968	1.0	1.0	1.0	1.0	200.0	strong_crucivirus_like	False	False	1.0	0.73032737	1.0	1.0	1.0	1.0	162.0	moderate_crucivirus_like	False	False	1.0	0.13734739999999995	0.5092432	False	False
Cruci_CruV-716	crucivirus	1	Purple	Purple	0.98545974	1.0	1.0	1.0	1.0	509.0	strong_crucivirus_like	False	False	1.0	0.95720315	1.0	1.0	1.0	1.0	130.0	strong_crucivirus_like	False	False	1.0	0.46829423	0.0	0.0	0.0	0.0	186.0	ambiguous	False	False	1.0	0.59500796	1.0	1.0	1.0	1.0	193.0	ambiguous	False	False	1.0	0.028256590000000026	0.971331445	False	False
Cruci_CruV-694	crucivirus	1	Purple	Purple	0.9639283	1.0	1.0	1.0	1.0	492.0	strong_crucivirus_like	False	False	1.0	0.9502225	1.0	1.0	1.0	1.0	127.0	strong_crucivirus_like	False	False	1.0	0.7443844	1.0	1.0	1.0	1.0	186.0	moderate_crucivirus_like	False	False	1.0	0.46271846	0.0	0.0	0.0	0.0	179.0	ambiguous	False	False	1.0	0.01370579999999999	0.9570753999999999	False	False
Cruci_CruV-881	crucivirus	1	Purple	Purple	0.62601835	1.0	1.0	1.0	1.0	544.0	moderate_crucivirus_like	False	False	1.0	0.8911619	1.0	1.0	1.0	1.0	146.0	strong_crucivirus_like	False	False	1.0	0.78837144	1.0	1.0	1.0	1.0	182.0	moderate_crucivirus_like	False	False	1.0	0.42145753	0.0	0.0	0.0	0.0	216.0	ambiguous	False	False	1.0	-0.26514355	0.758590125	False	False
Cruci_CruV_488	crucivirus	1	Purple	Purple	0.9480937	1.0	1.0	1.0	1.0	652.0	strong_crucivirus_like	False	False	1.0	0.84901184	1.0	1.0	1.0	1.0	313.0	strong_crucivirus_like	False	False	1.0	0.49981314	0.0	0.0	0.0	0.0	185.0	ambiguous	False	False	1.0	0.6236999	1.0	1.0	1.0	1.0	154.0	moderate_crucivirus_like	False	False	1.0	0.09908186000000008	0.89855277	False	False
Cruci_CruV-828	crucivirus	1	Purple	Purple	0.9925827	1.0	1.0	1.0	1.0	546.0	strong_crucivirus_like	False	False	1.0	0.9931171	1.0	1.0	1.0	1.0	109.0	strong_crucivirus_like	False	False	1.0	0.60575044	1.0	1.0	1.0	1.0	185.0	moderate_crucivirus_like	False	False	1.0	0.85083604	1.0	1.0	1.0	1.0	252.0	strong_crucivirus_like	False	False	1.0	-0.0005343999999999349	0.9928499	False	False
Cruci_CruV-799	crucivirus	1	Purple	Purple	0.37387022	0.0	0.0	0.0	0.0	499.0	moderate_rna_like	False	True	1.0	0.2167733	0.0	0.0	0.0	0.0	92.0	moderate_rna_like	False	True	1.0	0.6786173	1.0	1.0	1.0	1.0	185.0	moderate_crucivirus_like	False	False	1.0	0.4109932	0.0	0.0	0.0	0.0	222.0	ambiguous	False	False	1.0	0.15709691999999997	0.29532176	False	True
Ribo_ND_156755	rna_virus	0	Purple	Purple	0.3324033	0.0	0.0	1.0	1.0	446.0	moderate_rna_like	False	False	1.0	0.3695336	0.0	0.0	1.0	1.0	118.0	moderate_rna_like	False	False	1.0	0.59337074	1.0	1.0	0.0	0.0	183.0	ambiguous	False	False	1.0	0.31163907	0.0	0.0	1.0	1.0	145.0	moderate_rna_like	False	False	1.0	-0.037130300000000005	0.35096845	False	False
Cruci_CruV-820	crucivirus	1	Purple	Purple	0.6370666	1.0	1.0	1.0	1.0	624.0	moderate_crucivirus_like	False	False	1.0	0.5514561	1.0	1.0	1.0	1.0	266.0	ambiguous	False	False	1.0	0.5763334	1.0	1.0	1.0	1.0	188.0	ambiguous	False	False	1.0	0.82915896	1.0	1.0	1.0	1.0	170.0	strong_crucivirus_like	False	False	1.0	0.08561050000000003	0.59426135	False	False
Cruci_CruV_313	crucivirus	1	Purple	Purple	0.6546562	1.0	1.0	1.0	1.0	583.0	moderate_crucivirus_like	False	False	1.0	0.57152814	1.0	1.0	1.0	1.0	230.0	ambiguous	False	False	1.0	0.82243854	1.0	1.0	1.0	1.0	188.0	strong_crucivirus_like	False	False	1.0	0.4959029	0.0	0.0	0.0	0.0	165.0	ambiguous	False	False	1.0	0.08312806000000006	0.61309217	False	False
Cruci_CruV-785	crucivirus	1	Purple	Purple	0.1798863	0.0	0.0	0.0	0.0	392.0	strong_rna_like	True	True	1.0	0.46723026	0.0	0.0	0.0	0.0	185.0	ambiguous	False	False	1.0	0.52900344	1.0	1.0	1.0	1.0	199.0	ambiguous	False	False	1.0	0.10531641	0.0	0.0	0.0	0.0	8.0	strong_rna_like	True	True	1.0	-0.28734396	0.32355828	False	False
Cruci_CruV-835	crucivirus	1	Purple	Purple	0.5828002	1.0	1.0	1.0	1.0	580.0	ambiguous	False	False	1.0	0.56383383	1.0	1.0	1.0	1.0	242.0	ambiguous	False	False	1.0	0.6976781	1.0	1.0	1.0	1.0	186.0	moderate_crucivirus_like	False	False	1.0	0.2587751	0.0	0.0	0.0	0.0	152.0	moderate_rna_like	False	True	1.0	0.01896637000000001	0.573317015	False	False
Cruci_PSU_CruV-242	crucivirus	1	Purple	Purple	0.7015153	1.0	1.0	1.0	1.0	511.0	moderate_crucivirus_like	False	False	1.0	0.88182247	1.0	1.0	1.0	1.0	128.0	strong_crucivirus_like	False	False	1.0	0.2632495	0.0	0.0	0.0	0.0	185.0	moderate_rna_like	False	True	1.0	0.25210145	0.0	0.0	0.0	0.0	198.0	moderate_rna_like	False	True	1.0	-0.18030717000000007	0.791668885	False	False
Cruci_CruV-763	crucivirus	1	Purple	Purple	0.5769217	1.0	1.0	1.0	1.0	507.0	ambiguous	False	False	1.0	0.44328305	0.0	0.0	0.0	0.0	120.0	ambiguous	False	False	1.0	0.23735532	0.0	0.0	0.0	0.0	185.0	moderate_rna_like	False	True	1.0	0.25941074	0.0	0.0	0.0	0.0	202.0	moderate_rna_like	False	True	1.0	0.13363864999999997	0.510102375	False	False
Cruci_CruV-800	crucivirus	1	Purple	Purple	0.21267875	0.0	0.0	0.0	0.0	493.0	moderate_rna_like	False	True	1.0	0.42669088	0.0	0.0	0.0	0.0	137.0	ambiguous	False	False	1.0	0.48856026	0.0	0.0	0.0	0.0	188.0	ambiguous	False	False	1.0	0.550604	1.0	1.0	1.0	1.0	168.0	ambiguous	False	False	1.0	-0.21401213	0.319684815	False	False
Cruci_CruV-708	crucivirus	1	Purple	Purple	0.5010751	1.0	1.0	1.0	1.0	486.0	ambiguous	False	False	1.0	0.7950725	1.0	1.0	1.0	1.0	129.0	moderate_crucivirus_like	False	False	1.0	0.22300455	0.0	0.0	0.0	0.0	185.0	moderate_rna_like	False	True	1.0	0.4406099	0.0	0.0	0.0	0.0	172.0	ambiguous	False	False	1.0	-0.29399739999999996	0.6480737999999999	False	False
Cruci_Tisza_MK012518.1	crucivirus	1	Purple	Purple	0.35728812	0.0	0.0	0.0	0.0	508.0	moderate_rna_like	False	True	1.0	0.6943866	1.0	1.0	1.0	1.0	143.0	moderate_crucivirus_like	False	False	1.0	0.76724416	1.0	1.0	1.0	1.0	188.0	moderate_crucivirus_like	False	False	1.0	0.7249292	1.0	1.0	1.0	1.0	177.0	moderate_crucivirus_like	False	False	1.0	-0.33709848	0.5258373599999999	False	False
Cruci_CruV_135	crucivirus	1	Purple	Purple	0.35855052	0.0	0.0	0.0	0.0	529.0	moderate_rna_like	False	True	1.0	0.39267883	0.0	0.0	0.0	0.0	173.0	moderate_rna_like	False	True	1.0	0.6225716	1.0	1.0	1.0	1.0	192.0	moderate_crucivirus_like	False	False	1.0	0.7830812	1.0	1.0	1.0	1.0	164.0	moderate_crucivirus_like	False	False	1.0	-0.034128309999999995	0.375614675	False	True
Cruci_CruV-951	crucivirus	1	Purple	Purple	0.45614874	0.0	0.0	0.0	0.0	452.0	ambiguous	False	False	1.0	0.33541176	0.0	0.0	0.0	0.0	30.0	moderate_rna_like	False	True	1.0	0.66610754	1.0	1.0	1.0	1.0	189.0	moderate_crucivirus_like	False	False	1.0	0.80250704	1.0	1.0	1.0	1.0	233.0	strong_crucivirus_like	False	False	1.0	0.12073698	0.39578025	False	False
Ribo_ND_030664	rna_virus	0	Purple	Purple	0.109682605	0.0	0.0	1.0	1.0	460.0	strong_rna_like	False	False	1.0	0.19840866	0.0	0.0	1.0	1.0	134.0	strong_rna_like	False	False	1.0	0.67029655	1.0	1.0	0.0	0.0	179.0	moderate_crucivirus_like	False	True	1.0	0.32062382	0.0	0.0	1.0	1.0	147.0	moderate_rna_like	False	False	1.0	-0.08872605499999998	0.1540456325	False	False
Ribo_JAAOEH010001845.1	rna_virus	0	Purple	Purple	0.2937401	0.0	0.0	1.0	1.0	448.0	moderate_rna_like	False	False	1.0	0.5854415	1.0	1.0	0.0	0.0	122.0	ambiguous	False	False	1.0	0.62814796	1.0	1.0	0.0	0.0	182.0	moderate_crucivirus_like	False	True	1.0	0.19607201	0.0	0.0	1.0	1.0	144.0	strong_rna_like	False	False	1.0	-0.29170139999999994	0.43959079999999995	False	False
Ribo_ND_025152	rna_virus	0	Purple	Purple	0.43094313	0.0	0.0	1.0	1.0	450.0	ambiguous	False	False	1.0	0.52008015	1.0	1.0	0.0	0.0	124.0	ambiguous	False	False	1.0	0.62814796	1.0	1.0	0.0	0.0	182.0	moderate_crucivirus_like	False	True	1.0	0.19607201	0.0	0.0	1.0	1.0	144.0	strong_rna_like	False	False	1.0	-0.08913701999999996	0.47551164	False	False
Ribo_ND_184566	rna_virus	0	Purple	Purple	0.22196317	0.0	0.0	1.0	1.0	425.0	moderate_rna_like	False	False	1.0	0.13320859	0.0	0.0	1.0	1.0	99.0	strong_rna_like	False	False	1.0	0.73487407	1.0	1.0	0.0	0.0	182.0	moderate_crucivirus_like	False	True	1.0	0.5869574	1.0	1.0	0.0	0.0	144.0	ambiguous	False	False	1.0	0.08875458	0.17758587999999997	False	False
Ribo_ND_210459	rna_virus	0	Purple	Purple	0.18263993	0.0	0.0	1.0	1.0	417.0	strong_rna_like	False	False	1.0	0.06761076	0.0	0.0	1.0	1.0	92.0	strong_rna_like	False	False	1.0	0.7763007	1.0	1.0	0.0	0.0	181.0	moderate_crucivirus_like	False	True	1.0	0.42414877	0.0	0.0	1.0	1.0	144.0	ambiguous	False	False	1.0	0.11502917	0.125125345	False	False
Ribo_ND_024707	rna_virus	0	Purple	Purple	0.30738074	0.0	0.0	1.0	1.0	437.0	moderate_rna_like	False	False	1.0	0.3567979	0.0	0.0	1.0	1.0	108.0	moderate_rna_like	False	False	1.0	0.43736655	0.0	0.0	1.0	1.0	182.0	ambiguous	False	False	1.0	0.6233608	1.0	1.0	0.0	0.0	147.0	moderate_crucivirus_like	False	True	1.0	-0.049417160000000016	0.33208932	False	False
Ribo_ND_251156	rna_virus	0	Purple	Purple	0.25175935	0.0	0.0	1.0	1.0	412.0	moderate_rna_like	False	False	1.0	0.07908758	0.0	0.0	1.0	1.0	81.0	strong_rna_like	False	False	1.0	0.72907275	1.0	1.0	0.0	0.0	183.0	moderate_crucivirus_like	False	True	1.0	0.4701225	0.0	0.0	1.0	1.0	148.0	ambiguous	False	False	1.0	0.17267177	0.165423465	False	False
Ribo_ND_160131	rna_virus	0	Purple	Purple	0.20542587	0.0	0.0	1.0	1.0	407.0	moderate_rna_like	False	False	1.0	0.06293085	0.0	0.0	1.0	1.0	81.0	strong_rna_like	False	False	1.0	0.69596386	1.0	1.0	0.0	0.0	184.0	moderate_crucivirus_like	False	True	1.0	0.54905987	1.0	1.0	0.0	0.0	142.0	ambiguous	False	False	1.0	0.14249502000000003	0.13417836	False	False
Ribo_ND_159768	rna_virus	0	Purple	Purple	0.19382305	0.0	0.0	1.0	1.0	441.0	strong_rna_like	False	False	1.0	0.1993689	0.0	0.0	1.0	1.0	112.0	strong_rna_like	False	False	1.0	0.67485636	1.0	1.0	0.0	0.0	184.0	moderate_crucivirus_like	False	True	1.0	0.5193851	1.0	1.0	0.0	0.0	145.0	ambiguous	False	False	1.0	-0.005545849999999991	0.19659597499999998	False	False
Ribo_ND_025550	rna_virus	0	Purple	Purple	0.113899425	0.0	0.0	1.0	1.0	418.0	strong_rna_like	False	False	1.0	0.10901656	0.0	0.0	1.0	1.0	94.0	strong_rna_like	False	False	1.0	0.66557556	1.0	1.0	0.0	0.0	177.0	moderate_crucivirus_like	False	True	1.0	0.5242165	1.0	1.0	0.0	0.0	147.0	ambiguous	False	False	1.0	0.004882865	0.11145799249999999	False	False
Ribo_ND_025169	rna_virus	0	Purple	Purple	0.085173085	0.0	0.0	1.0	1.0	420.0	strong_rna_like	False	False	1.0	0.06596161	0.0	0.0	1.0	1.0	97.0	strong_rna_like	False	False	1.0	0.3657418	0.0	0.0	1.0	1.0	178.0	moderate_rna_like	False	False	1.0	0.3476285	0.0	0.0	1.0	1.0	145.0	moderate_rna_like	False	False	1.0	0.019211474999999992	0.07556734749999999	False	False
Ribo_ND_387567	rna_virus	0	Purple	Purple	0.30364528	0.0	0.0	1.0	1.0	447.0	moderate_rna_like	False	False	1.0	0.5081283	1.0	1.0	0.0	0.0	111.0	ambiguous	False	False	1.0	0.47544435	0.0	0.0	1.0	1.0	182.0	ambiguous	False	False	1.0	0.5449839	1.0	1.0	0.0	0.0	154.0	ambiguous	False	False	1.0	-0.20448301999999996	0.40588679	False	False
Ribo_ND_249653	rna_virus	0	Purple	Purple	0.24802288	0.0	0.0	1.0	1.0	454.0	moderate_rna_like	False	False	1.0	0.32344657	0.0	0.0	1.0	1.0	119.0	moderate_rna_like	False	False	1.0	0.841229	1.0	1.0	0.0	0.0	181.0	strong_crucivirus_like	True	True	1.0	0.5162988	1.0	1.0	0.0	0.0	154.0	ambiguous	False	False	1.0	-0.07542368999999999	0.28573472499999997	False	False
Cruci_CruV_495	crucivirus	1	Purple	Purple	0.7725518	1.0	1.0	1.0	1.0	584.0	moderate_crucivirus_like	False	False	1.0	0.7674543	1.0	1.0	1.0	1.0	212.0	moderate_crucivirus_like	False	False	1.0	0.75165224	1.0	1.0	1.0	1.0	190.0	moderate_crucivirus_like	False	False	1.0	0.6937096	1.0	1.0	1.0	1.0	182.0	moderate_crucivirus_like	False	False	1.0	0.005097499999999977	0.77000305	False	False
Cruci_CruV-818	crucivirus	1	Purple	Purple	0.6220191	1.0	1.0	1.0	1.0	482.0	moderate_crucivirus_like	False	False	1.0	0.703689	1.0	1.0	1.0	1.0	127.0	moderate_crucivirus_like	False	False	1.0	0.8539979	1.0	1.0	1.0	1.0	191.0	strong_crucivirus_like	False	False	1.0	0.53645927	1.0	1.0	1.0	1.0	164.0	ambiguous	False	False	1.0	-0.08166989999999996	0.66285405	False	False
Cruci_CruV_479	crucivirus	1	Purple	Purple	0.99383014	1.0	1.0	1.0	1.0	474.0	strong_crucivirus_like	False	False	1.0	0.994351	1.0	1.0	1.0	1.0	111.0	strong_crucivirus_like	False	False	1.0	0.7384307	1.0	1.0	1.0	1.0	184.0	moderate_crucivirus_like	False	False	1.0	0.89561856	1.0	1.0	1.0	1.0	179.0	strong_crucivirus_like	False	False	1.0	-0.0005208599999999564	0.99409057	False	False
Cruci_CruV-948	crucivirus	1	Purple	Purple	0.8499378	1.0	1.0	1.0	1.0	614.0	strong_crucivirus_like	False	False	1.0	0.5050092	1.0	1.0	1.0	1.0	57.0	ambiguous	False	False	1.0	0.6927827	1.0	1.0	1.0	1.0	187.0	moderate_crucivirus_like	False	False	1.0	0.3647987	0.0	0.0	0.0	0.0	370.0	moderate_rna_like	False	True	1.0	0.3449285999999999	0.6774735000000001	False	False
Cruci_CruCGE-562	crucivirus	1	Purple	Purple	0.79230034	1.0	1.0	1.0	1.0	573.0	moderate_crucivirus_like	False	False	1.0	0.29797998	0.0	0.0	0.0	0.0	29.0	moderate_rna_like	False	True	1.0	0.7427966	1.0	1.0	1.0	1.0	188.0	moderate_crucivirus_like	False	False	1.0	0.47504658	0.0	0.0	0.0	0.0	356.0	ambiguous	False	False	1.0	0.49432036000000007	0.54514016	False	False
Ribo_ND_037751	rna_virus	0	Purple	Purple	0.20862009	0.0	0.0	1.0	1.0	544.0	moderate_rna_like	False	False	1.0	0.11236387	0.0	0.0	1.0	1.0	97.0	strong_rna_like	False	False	1.0	0.887739	1.0	1.0	0.0	0.0	174.0	strong_crucivirus_like	True	True	1.0	0.3489602	0.0	0.0	1.0	1.0	273.0	moderate_rna_like	False	False	1.0	0.09625622	0.16049198	False	False
Cruci_CruV_418	crucivirus	1	Purple	Purple	0.70917845	1.0	1.0	1.0	1.0	560.0	moderate_crucivirus_like	False	False	1.0	0.48530608	0.0	0.0	0.0	0.0	51.0	ambiguous	False	False	1.0	0.28119242	0.0	0.0	0.0	0.0	180.0	moderate_rna_like	False	True	1.0	0.43020055	0.0	0.0	0.0	0.0	329.0	ambiguous	False	False	1.0	0.22387237000000004	0.597242265	False	False
Cruci_CruV-950	crucivirus	1	Purple	Purple	0.9520377	1.0	1.0	1.0	1.0	528.0	strong_crucivirus_like	False	False	1.0	0.89259547	1.0	1.0	1.0	1.0	51.0	strong_crucivirus_like	False	False	1.0	0.7485429	1.0	1.0	1.0	1.0	182.0	moderate_crucivirus_like	False	False	1.0	0.6586801	1.0	1.0	1.0	1.0	295.0	moderate_crucivirus_like	False	False	1.0	0.05944223000000004	0.9223165849999999	False	False
Ribo_ND_139084	rna_virus	0	Purple	Purple	0.15902424	0.0	0.0	1.0	1.0	517.0	strong_rna_like	False	False	1.0	0.0787338	0.0	0.0	1.0	1.0	85.0	strong_rna_like	False	False	1.0	0.5687684	1.0	1.0	0.0	0.0	178.0	ambiguous	False	False	1.0	0.4477336	0.0	0.0	1.0	1.0	254.0	ambiguous	False	False	1.0	0.08029044	0.11887902	False	False
Cruci_CruV-954	crucivirus	1	Purple	Purple	0.6177951	1.0	1.0	1.0	1.0	534.0	moderate_crucivirus_like	False	False	1.0	0.52682334	1.0	1.0	1.0	1.0	131.0	ambiguous	False	False	1.0	0.13511245	0.0	0.0	0.0	0.0	201.0	strong_rna_like	True	True	1.0	0.8230749	1.0	1.0	1.0	1.0	202.0	strong_crucivirus_like	False	False	1.0	0.09097176000000007	0.57230922	False	False
Cruci_CruV-941	crucivirus	1	Purple	Purple	0.9421018	1.0	1.0	1.0	1.0	496.0	strong_crucivirus_like	False	False	1.0	0.92467314	1.0	1.0	1.0	1.0	64.0	strong_crucivirus_like	False	False	1.0	0.20726463	0.0	0.0	0.0	0.0	202.0	moderate_rna_like	False	True	1.0	0.81679124	1.0	1.0	1.0	1.0	230.0	strong_crucivirus_like	False	False	1.0	0.017428659999999985	0.93338747	False	False
Cruci_CruV_490	crucivirus	1	Purple	Purple	0.2692198	0.0	0.0	0.0	0.0	430.0	moderate_rna_like	False	True	1.0	0.20992689	0.0	0.0	0.0	0.0	23.0	moderate_rna_like	False	True	1.0	0.67113924	1.0	1.0	1.0	1.0	192.0	moderate_crucivirus_like	False	False	1.0	0.5600269	1.0	1.0	1.0	1.0	215.0	ambiguous	False	False	1.0	0.059292910000000004	0.239573345	False	True
Cruci_CruV-896	crucivirus	1	Purple	Purple	0.78818476	1.0	1.0	1.0	1.0	522.0	moderate_crucivirus_like	False	False	1.0	0.884758	1.0	1.0	1.0	1.0	172.0	strong_crucivirus_like	False	False	1.0	0.58959997	1.0	1.0	1.0	1.0	190.0	ambiguous	False	False	1.0	0.3814508	0.0	0.0	0.0	0.0	160.0	moderate_rna_like	False	True	1.0	-0.09657324	0.8364713800000001	False	False
Cruci_CruCGE-561	crucivirus	1	Purple	Purple	0.29940557	0.0	0.0	0.0	0.0	205.0	moderate_rna_like	False	True	1.0											0.4234357	0.0	0.0	0.0	0.0	57.0	ambiguous	False	False	1.0	0.9076034	1.0	1.0	1.0	1.0	148.0	strong_crucivirus_like	False	False	1.0		0.29940557	False	False
Ribo_ND_024358	rna_virus	0	Red	Red	0.5877351	1.0	1.0	0.0	0.0	481.0	ambiguous	False	False	1.0	0.0934613	0.0	0.0	1.0	1.0	67.0	strong_rna_like	False	False	1.0	0.4789731	0.0	1.0	1.0	0.0	178.0	ambiguous	False	False	1.0	0.7251595	1.0	1.0	0.0	0.0	236.0	moderate_crucivirus_like	False	True	1.0	0.4942738	0.34059819999999996	False	False
Ribo_ND_363042	rna_virus	0	Red	Red	0.09626553	0.0	0.0	1.0	1.0	353.0	strong_rna_like	False	False	1.0	0.057144858	0.0	0.0	1.0	1.0	30.0	strong_rna_like	False	False	1.0	0.17929642	0.0	0.0	1.0	1.0	185.0	strong_rna_like	False	False	1.0	0.35564455	0.0	0.0	1.0	1.0	138.0	moderate_rna_like	False	False	1.0	0.039120672	0.076705194	False	False
Ribo_ND_028954	rna_virus	0	Red	Red	0.15271452	0.0	0.0	1.0	1.0	611.0	strong_rna_like	False	False	1.0	0.034777425	0.0	0.0	1.0	1.0	41.0	strong_rna_like	False	False	1.0	0.11936207	0.0	0.0	1.0	1.0	187.0	strong_rna_like	False	False	1.0	0.4265325	0.0	0.0	1.0	1.0	383.0	ambiguous	False	False	1.0	0.11793709499999999	0.0937459725	False	False
Ribo_ND_282720	rna_virus	0	Red	Red	0.058234204	0.0	0.0	1.0	1.0	485.0	strong_rna_like	False	False	1.0	0.0073492974	0.0	0.0	1.0	1.0	50.0	strong_rna_like	False	False	1.0	0.32582217	0.0	0.0	1.0	1.0	175.0	moderate_rna_like	False	False	1.0	0.5676814	1.0	1.0	0.0	0.0	260.0	ambiguous	False	False	1.0	0.050884906599999995	0.0327917507	False	False
Ribo_ND_386299	rna_virus	0	Red	Red	0.29045573	0.0	0.0	1.0	1.0	355.0	moderate_rna_like	False	False	1.0	0.06899986	0.0	0.0	1.0	1.0	30.0	strong_rna_like	False	False	1.0	0.24986766	0.0	0.0	1.0	1.0	173.0	moderate_rna_like	False	False	1.0	0.5182054	1.0	1.0	0.0	0.0	152.0	ambiguous	False	False	1.0	0.22145587000000003	0.17972779500000002	False	False
Ribo_ND_286064	rna_virus	0	Red	Red	0.12834921	0.0	0.0	1.0	1.0	481.0	strong_rna_like	False	False	1.0	0.18243936	0.0	0.0	1.0	1.0	141.0	strong_rna_like	False	False	1.0	0.1597645	0.0	0.0	1.0	1.0	177.0	strong_rna_like	False	False	1.0	0.24863438	0.0	0.0	1.0	1.0	163.0	moderate_rna_like	False	False	1.0	-0.054090150000000004	0.155394285	False	False
Ribo_ND_381566	rna_virus	0	Red	Red	0.12828	0.0	0.0	1.0	1.0	477.0	strong_rna_like	False	False	1.0	0.14772569	0.0	0.0	1.0	1.0	142.0	strong_rna_like	False	False	1.0	0.13595574	0.0	0.0	1.0	1.0	173.0	strong_rna_like	False	False	1.0	0.31529287	0.0	0.0	1.0	1.0	162.0	moderate_rna_like	False	False	1.0	-0.019445689999999988	0.13800284499999999	False	False
Ribo_ND_057910	rna_virus	0	Red	Red	0.20702033	0.0	0.0	1.0	1.0	409.0	moderate_rna_like	False	False	1.0	0.06896365	0.0	0.0	1.0	1.0	93.0	strong_rna_like	False	False	1.0	0.21809319	0.0	0.0	1.0	1.0	178.0	moderate_rna_like	False	False	1.0	0.28916842	0.0	0.0	1.0	1.0	138.0	moderate_rna_like	False	False	1.0	0.13805668	0.13799199	False	False
Ribo_ND_370441	rna_virus	0	Red	Red	0.050482504	0.0	0.0	1.0	1.0	403.0	strong_rna_like	False	False	1.0	0.09021663	0.0	0.0	1.0	1.0	86.0	strong_rna_like	False	False	1.0	0.1369253	0.0	0.0	1.0	1.0	172.0	strong_rna_like	False	False	1.0	0.1436521	0.0	0.0	1.0	1.0	145.0	strong_rna_like	False	False	1.0	-0.03973412600000001	0.070349567	False	False
Ribo_ND_389828	rna_virus	0	Red	Red	0.13820161	0.0	0.0	1.0	1.0	353.0	strong_rna_like	False	False	1.0	0.15873216	0.0	0.0	1.0	1.0	40.0	strong_rna_like	False	False	1.0	0.20544925	0.0	0.0	1.0	1.0	172.0	moderate_rna_like	False	False	1.0	0.10794531	0.0	0.0	1.0	1.0	141.0	strong_rna_like	False	False	1.0	-0.02053055000000001	0.148466885	False	False
Ribo_ND_364440	rna_virus	0	Red	Red	0.04974646	0.0	0.0	1.0	1.0	393.0	strong_rna_like	False	False	1.0	0.28665	0.0	0.0	1.0	1.0	78.0	moderate_rna_like	False	False	1.0	0.1808567	0.0	0.0	1.0	1.0	171.0	strong_rna_like	False	False	1.0	0.2383365	0.0	0.0	1.0	1.0	144.0	moderate_rna_like	False	False	1.0	-0.23690354000000002	0.16819823	False	False
Ribo_ND_290207	rna_virus	0	Red	Red	0.45396554	0.0	0.0	1.0	1.0	348.0	ambiguous	False	False	1.0	0.06597307	0.0	0.0	1.0	1.0	43.0	strong_rna_like	False	False	1.0	0.292542	0.0	0.0	1.0	1.0	171.0	moderate_rna_like	False	False	1.0	0.1672644	0.0	0.0	1.0	1.0	134.0	strong_rna_like	False	False	1.0	0.38799247000000003	0.259969305	False	False
Ribo_ND_391489	rna_virus	0	Red	Red	0.06038398	0.0	0.0	1.0	1.0	350.0	strong_rna_like	False	False	1.0	0.02411991	0.0	0.0	1.0	1.0	56.0	strong_rna_like	False	False	1.0	0.34688193	0.0	0.0	1.0	1.0	171.0	moderate_rna_like	False	False	1.0	0.11509903	0.0	0.0	1.0	1.0	123.0	strong_rna_like	False	False	1.0	0.036264069999999995	0.042251945	False	False
Ribo_ND_391228	rna_virus	0	Red	Red	0.119600445	0.0	0.0	1.0	1.0	349.0	strong_rna_like	False	False	1.0	0.012915876	0.0	0.0	1.0	1.0	54.0	strong_rna_like	False	False	1.0	0.30322897	0.0	0.0	1.0	1.0	171.0	moderate_rna_like	False	False	1.0	0.16684698	0.0	0.0	1.0	1.0	124.0	strong_rna_like	False	False	1.0	0.106684569	0.0662581605	False	False
Ribo_ND_391490	rna_virus	0	Red	Red	0.088135	0.0	0.0	1.0	1.0	350.0	strong_rna_like	False	False	1.0	0.051018197	0.0	0.0	1.0	1.0	53.0	strong_rna_like	False	False	1.0	0.30426508	0.0	0.0	1.0	1.0	171.0	moderate_rna_like	False	False	1.0	0.1375887	0.0	0.0	1.0	1.0	126.0	strong_rna_like	False	False	1.0	0.037116803000000004	0.0695765985	False	False
Ribo_ND_048689	rna_virus	0	Red	Red	0.1115645	0.0	0.0	1.0	1.0	302.0	strong_rna_like	False	False	1.0	0.02422118	0.0	0.0	1.0	1.0	34.0	strong_rna_like	False	False	1.0	0.33282623	0.0	0.0	1.0	1.0	170.0	moderate_rna_like	False	False	1.0	0.35947704	0.0	0.0	1.0	1.0	98.0	moderate_rna_like	False	False	1.0	0.08734332	0.06789284	False	False
Ribo_ND_025350	rna_virus	0	Red	Red	0.101191685	0.0	0.0	1.0	1.0	359.0	strong_rna_like	False	False	1.0	0.051369317	0.0	0.0	1.0	1.0	46.0	strong_rna_like	False	False	1.0	0.27918637	0.0	0.0	1.0	1.0	169.0	moderate_rna_like	False	False	1.0	0.47746536	0.0	1.0	1.0	0.0	144.0	ambiguous	False	False	1.0	0.049822368000000006	0.076280501	False	False
Ribo_ND_366252	rna_virus	0	Red	Red	0.1800786	0.0	0.0	1.0	1.0	343.0	strong_rna_like	False	False	1.0	0.019188862	0.0	0.0	1.0	1.0	41.0	strong_rna_like	False	False	1.0	0.15046997	0.0	0.0	1.0	1.0	169.0	strong_rna_like	False	False	1.0	0.27294937	0.0	0.0	1.0	1.0	133.0	moderate_rna_like	False	False	1.0	0.160889738	0.099633731	False	False
Ribo_ND_165024	rna_virus	0	Red	Red	0.13510221	0.0	0.0	1.0	1.0	317.0	strong_rna_like	False	False	1.0	0.11328716	0.0	0.0	1.0	1.0	17.0	strong_rna_like	False	False	1.0	0.16605014	0.0	0.0	1.0	1.0	170.0	strong_rna_like	False	False	1.0	0.13309619	0.0	0.0	1.0	1.0	130.0	strong_rna_like	False	False	1.0	0.021815050000000002	0.124194685	False	False
Ribo_ND_291744	rna_virus	0	Red	Red	0.101966366	0.0	0.0	1.0	1.0	379.0	strong_rna_like	False	False	1.0	0.16626772	0.0	0.0	1.0	1.0	80.0	strong_rna_like	False	False	1.0	0.21066944	0.0	0.0	1.0	1.0	170.0	moderate_rna_like	False	False	1.0	0.34123352	0.0	0.0	1.0	1.0	129.0	moderate_rna_like	False	False	1.0	-0.064301354	0.134117043	False	False
Ribo_ND_391167	rna_virus	0	Red	Red	0.37426358	0.0	0.0	1.0	1.0	385.0	moderate_rna_like	False	False	1.0	0.20749246	0.0	0.0	1.0	1.0	83.0	moderate_rna_like	False	False	1.0	0.1517419	0.0	0.0	1.0	1.0	169.0	strong_rna_like	False	False	1.0	0.12457863	0.0	0.0	1.0	1.0	133.0	strong_rna_like	False	False	1.0	0.16677112	0.29087801999999996	False	False
Ribo_ND_175762	rna_virus	0	Red	Red	0.43591687	0.0	0.0	1.0	1.0	391.0	ambiguous	False	False	1.0	0.06220274	0.0	0.0	1.0	1.0	65.0	strong_rna_like	False	False	1.0	0.53111804	1.0	1.0	0.0	0.0	170.0	ambiguous	False	False	1.0	0.3472142	0.0	0.0	1.0	1.0	156.0	moderate_rna_like	False	False	1.0	0.37371413000000003	0.249059805	False	False
Ribo_ND_025523	rna_virus	0	Red	Red	0.14776973	0.0	0.0	1.0	1.0	358.0	strong_rna_like	False	False	1.0	0.08806758	0.0	0.0	1.0	1.0	46.0	strong_rna_like	False	False	1.0	0.5012102	1.0	1.0	0.0	0.0	169.0	ambiguous	False	False	1.0	0.2361912	0.0	0.0	1.0	1.0	143.0	moderate_rna_like	False	False	1.0	0.05970214999999998	0.117918655	False	False
Ribo_ND_289146	rna_virus	0	Red	Red	0.19622916	0.0	0.0	1.0	1.0	407.0	strong_rna_like	False	False	1.0	0.02972596	0.0	0.0	1.0	1.0	79.0	strong_rna_like	False	False	1.0	0.21427226	0.0	0.0	1.0	1.0	171.0	moderate_rna_like	False	False	1.0	0.6441475	1.0	1.0	0.0	0.0	157.0	moderate_crucivirus_like	False	True	1.0	0.16650320000000002	0.11297756	False	False
Ribo_ND_025533	rna_virus	0	Red	Red	0.08697041	0.0	0.0	1.0	1.0	409.0	strong_rna_like	False	False	1.0	0.066087246	0.0	0.0	1.0	1.0	114.0	strong_rna_like	False	False	1.0	0.10923957	0.0	0.0	1.0	1.0	154.0	strong_rna_like	False	False	1.0	0.31724617	0.0	0.0	1.0	1.0	141.0	moderate_rna_like	False	False	1.0	0.020883163999999996	0.076528828	False	False
Ribo_ND_025549	rna_virus	0	Red	Red	0.2674413	0.0	0.0	1.0	1.0	381.0	moderate_rna_like	False	False	1.0	0.03747511	0.0	0.0	1.0	1.0	92.0	strong_rna_like	False	False	1.0	0.23887141	0.0	0.0	1.0	1.0	151.0	moderate_rna_like	False	False	1.0	0.34958884	0.0	0.0	1.0	1.0	138.0	moderate_rna_like	False	False	1.0	0.22996619	0.15245820499999999	False	False
Ribo_ND_363252	rna_virus	0	Red	Red	0.22333124	0.0	0.0	1.0	1.0	395.0	moderate_rna_like	False	False	1.0	0.12017953	0.0	0.0	1.0	1.0	101.0	strong_rna_like	False	False	1.0	0.17853862	0.0	0.0	1.0	1.0	154.0	strong_rna_like	False	False	1.0	0.3619852	0.0	0.0	1.0	1.0	140.0	moderate_rna_like	False	False	1.0	0.10315170999999998	0.17175538499999998	False	False
Ribo_ND_043223	rna_virus	0	Red	Red	0.26480913	0.0	0.0	1.0	1.0	380.0	moderate_rna_like	False	False	1.0	0.19848756	0.0	0.0	1.0	1.0	98.0	strong_rna_like	False	False	1.0	0.22238821	0.0	0.0	1.0	1.0	156.0	moderate_rna_like	False	False	1.0	0.39632723	0.0	0.0	1.0	1.0	126.0	moderate_rna_like	False	False	1.0	0.06632157	0.231648345	False	False
Ribo_ND_025487	rna_virus	0	Red	Red	0.23432468	0.0	0.0	1.0	1.0	334.0	moderate_rna_like	False	False	1.0	0.045815352	0.0	0.0	1.0	1.0	51.0	strong_rna_like	False	False	1.0	0.11940758	0.0	0.0	1.0	1.0	155.0	strong_rna_like	False	False	1.0	0.3327015	0.0	0.0	1.0	1.0	128.0	moderate_rna_like	False	False	1.0	0.188509328	0.140070016	False	False
Ribo_ND_025373	rna_virus	0	Red	Red	0.4630907	0.0	0.0	1.0	1.0	369.0	ambiguous	False	False	1.0	0.13405524	0.0	0.0	1.0	1.0	83.0	strong_rna_like	False	False	1.0	0.21224897	0.0	0.0	1.0	1.0	162.0	moderate_rna_like	False	False	1.0	0.43898314	0.0	0.0	1.0	1.0	124.0	ambiguous	False	False	1.0	0.32903546000000006	0.29857297	False	False
Ribo_ND_028733	rna_virus	0	Red	Red	0.26900527	0.0	0.0	1.0	1.0	367.0	moderate_rna_like	False	False	1.0	0.19367489	0.0	0.0	1.0	1.0	90.0	strong_rna_like	False	False	1.0	0.357335	0.0	0.0	1.0	1.0	148.0	moderate_rna_like	False	False	1.0	0.3909521	0.0	0.0	1.0	1.0	129.0	moderate_rna_like	False	False	1.0	0.07533038000000003	0.23134008	False	False
Ribo_ND_025327	rna_virus	0	Red	Red	0.28416133	0.0	0.0	1.0	1.0	399.0	moderate_rna_like	False	False	1.0	0.17213674	0.0	0.0	1.0	1.0	115.0	strong_rna_like	False	False	1.0	0.3199623	0.0	0.0	1.0	1.0	155.0	moderate_rna_like	False	False	1.0	0.34091252	0.0	0.0	1.0	1.0	129.0	moderate_rna_like	False	False	1.0	0.11202458999999998	0.228149035	False	False
Ribo_ND_025475	rna_virus	0	Red	Red	0.13679527	0.0	0.0	1.0	1.0	396.0	strong_rna_like	False	False	1.0	0.108507715	0.0	0.0	1.0	1.0	93.0	strong_rna_like	False	False	1.0	0.08209797	0.0	0.0	1.0	1.0	167.0	strong_rna_like	False	False	1.0	0.16906317	0.0	0.0	1.0	1.0	136.0	strong_rna_like	False	False	1.0	0.028287554999999992	0.1226514925	False	False
Ribo_ND_289130	rna_virus	0	Red	Red	0.19036141	0.0	0.0	1.0	1.0	379.0	strong_rna_like	False	False	1.0	0.06710322	0.0	0.0	1.0	1.0	53.0	strong_rna_like	False	False	1.0	0.04238429	0.0	0.0	1.0	1.0	165.0	strong_rna_like	False	False	1.0	0.53781074	1.0	1.0	0.0	0.0	161.0	ambiguous	False	False	1.0	0.12325819	0.128732315	False	False
Ribo_ND_024939	rna_virus	0	Red	Red	0.36294442	0.0	0.0	1.0	1.0	462.0	moderate_rna_like	False	False	1.0	0.06304021	0.0	0.0	1.0	1.0	101.0	strong_rna_like	False	False	1.0	0.16929051	0.0	0.0	1.0	1.0	198.0	strong_rna_like	False	False	1.0	0.7332087	1.0	1.0	0.0	0.0	163.0	moderate_crucivirus_like	False	True	1.0	0.29990421	0.212992315	False	False
Ribo_ND_264333	rna_virus	0	Red	Red	0.58236164	1.0	1.0	0.0	0.0	317.0	ambiguous	False	False	1.0	0.4575735	0.0	0.0	1.0	1.0	104.0	ambiguous	False	False	1.0	0.5897001	1.0	1.0	0.0	0.0	152.0	ambiguous	False	False	1.0	0.26415125	0.0	0.0	1.0	1.0	61.0	moderate_rna_like	False	False	1.0	0.12478813999999999	0.51996757	False	False
Ribo_ND_026159	rna_virus	0	Red	Red	0.30810842	0.0	0.0	1.0	1.0	319.0	moderate_rna_like	False	False	1.0	0.07543404	0.0	0.0	1.0	1.0	96.0	strong_rna_like	False	False	1.0	0.5179653	1.0	1.0	0.0	0.0	167.0	ambiguous	False	False	1.0	0.5304278	1.0	1.0	0.0	0.0	56.0	ambiguous	False	False	1.0	0.23267438000000001	0.19177123	False	False
Ribo_ND_177717	rna_virus	0	Red	Red	0.5491935	1.0	1.0	0.0	0.0	467.0	ambiguous	False	False	1.0	0.24785198	0.0	0.0	1.0	1.0	61.0	moderate_rna_like	False	False	1.0	0.2231411	0.0	0.0	1.0	1.0	178.0	moderate_rna_like	False	False	1.0	0.12823409	0.0	0.0	1.0	1.0	228.0	strong_rna_like	False	False	1.0	0.30134152000000003	0.39852274	False	False
Ribo_ND_239648	rna_virus	0	Red	Red	0.18024428	0.0	0.0	1.0	1.0	478.0	strong_rna_like	False	False	1.0	0.19230865	0.0	0.0	1.0	1.0	63.0	strong_rna_like	False	False	1.0	0.60406166	1.0	1.0	0.0	0.0	174.0	moderate_crucivirus_like	False	True	1.0	0.32773396	0.0	0.0	1.0	1.0	241.0	moderate_rna_like	False	False	1.0	-0.012064369999999991	0.186276465	False	False
Ribo_ND_113791	rna_virus	0	Red	Red	0.08967047	0.0	0.0	1.0	1.0	515.0	strong_rna_like	False	False	1.0	0.055375777	0.0	0.0	1.0	1.0	71.0	strong_rna_like	False	False	1.0	0.45883918	0.0	1.0	1.0	0.0	184.0	ambiguous	False	False	1.0	0.2723965	0.0	0.0	1.0	1.0	260.0	moderate_rna_like	False	False	1.0	0.034294693	0.07252312350000001	False	False
Ribo_ND_095564	rna_virus	0	Red	Red	0.29970858	0.0	0.0	1.0	1.0	492.0	moderate_rna_like	False	False	1.0	0.07071972	0.0	0.0	1.0	1.0	68.0	strong_rna_like	False	False	1.0	0.22570772	0.0	0.0	1.0	1.0	178.0	moderate_rna_like	False	False	1.0	0.1688709	0.0	0.0	1.0	1.0	246.0	strong_rna_like	False	False	1.0	0.22898886000000002	0.18521415	False	False
Ribo_ND_024293	rna_virus	0	Red	Red	0.08838314	0.0	0.0	1.0	1.0	461.0	strong_rna_like	False	False	1.0	0.01621891	0.0	0.0	1.0	1.0	56.0	strong_rna_like	False	False	1.0	0.5621312	1.0	1.0	0.0	0.0	178.0	ambiguous	False	False	1.0	0.21524139	0.0	0.0	1.0	1.0	227.0	moderate_rna_like	False	False	1.0	0.07216423	0.052301025	False	False
Ribo_ND_209831	rna_virus	0	Red	Red	0.122078106	0.0	0.0	1.0	1.0	565.0	strong_rna_like	False	False	1.0	0.121590905	0.0	0.0	1.0	1.0	168.0	strong_rna_like	False	False	1.0	0.1669107	0.0	0.0	1.0	1.0	178.0	strong_rna_like	False	False	1.0	0.17538092	0.0	0.0	1.0	1.0	219.0	strong_rna_like	False	False	1.0	0.00048720100000000655	0.1218345055	False	False
Ribo_ND_129009	rna_virus	0	Red	Red	0.08783368	0.0	0.0	1.0	1.0	514.0	strong_rna_like	False	False	1.0	0.08006336	0.0	0.0	1.0	1.0	121.0	strong_rna_like	False	False	1.0	0.22409226	0.0	0.0	1.0	1.0	179.0	moderate_rna_like	False	False	1.0	0.31823534	0.0	0.0	1.0	1.0	214.0	moderate_rna_like	False	False	1.0	0.007770319999999997	0.08394852	False	False
Ribo_ND_046068	rna_virus	0	Red	Red	0.39809912	0.0	0.0	1.0	1.0	563.0	moderate_rna_like	False	False	1.0	0.085134506	0.0	0.0	1.0	1.0	148.0	strong_rna_like	False	False	1.0	0.6800467	1.0	1.0	0.0	0.0	180.0	moderate_crucivirus_like	False	True	1.0	0.2818422	0.0	0.0	1.0	1.0	235.0	moderate_rna_like	False	False	1.0	0.312964614	0.24161681299999999	False	False
Ribo_ND_024416	rna_virus	0	Red	Red	0.07118505	0.0	0.0	1.0	1.0	500.0	strong_rna_like	False	False	1.0	0.15574129	0.0	0.0	1.0	1.0	106.0	strong_rna_like	False	False	1.0	0.5331513	1.0	1.0	0.0	0.0	185.0	ambiguous	False	False	1.0	0.31877643	0.0	0.0	1.0	1.0	209.0	moderate_rna_like	False	False	1.0	-0.08455624	0.11346317	False	False
Ribo_ND_044838	rna_virus	0	Red	Red	0.17258397	0.0	0.0	1.0	1.0	590.0	strong_rna_like	False	False	1.0	0.038202524	0.0	0.0	1.0	1.0	167.0	strong_rna_like	False	False	1.0	0.64337224	1.0	1.0	0.0	0.0	184.0	moderate_crucivirus_like	False	True	1.0	0.39867827	0.0	0.0	1.0	1.0	239.0	moderate_rna_like	False	False	1.0	0.13438144600000002	0.105393247	False	False
Ribo_ND_391151	rna_virus	0	Red	Red	0.14887358	0.0	0.0	1.0	1.0	528.0	strong_rna_like	False	False	1.0	0.075085916	0.0	0.0	1.0	1.0	113.0	strong_rna_like	False	False	1.0	0.31727448	0.0	0.0	1.0	1.0	171.0	moderate_rna_like	False	False	1.0	0.29031667	0.0	0.0	1.0	1.0	244.0	moderate_rna_like	False	False	1.0	0.073787664	0.111979748	False	False
Ribo_ND_163206	rna_virus	0	Red	Red	0.64747554	1.0	1.0	0.0	0.0	687.0	moderate_crucivirus_like	False	True	1.0	0.057922028	0.0	0.0	1.0	1.0	306.0	strong_rna_like	False	False	1.0	0.28972006	0.0	0.0	1.0	1.0	184.0	moderate_rna_like	False	False	1.0	0.30512625	0.0	0.0	1.0	1.0	197.0	moderate_rna_like	False	False	1.0	0.589553512	0.352698784	False	False
Ribo_ND_017768	rna_virus	0	Red	Red	0.08327327	0.0	0.0	1.0	1.0	301.0	strong_rna_like	False	False	1.0	0.246107	0.0	0.0	1.0	1.0	103.0	moderate_rna_like	False	False	1.0	0.62382346	1.0	1.0	0.0	0.0	170.0	moderate_crucivirus_like	False	True	1.0	0.39439434	0.0	0.0	1.0	1.0	28.0	moderate_rna_like	False	False	1.0	-0.16283373	0.164690135	False	False
Ribo_ND_307123	rna_virus	0	Red	Red	0.300145	0.0	0.0	1.0	1.0	302.0	moderate_rna_like	False	False	1.0	0.287793	0.0	0.0	1.0	1.0	111.0	moderate_rna_like	False	False	1.0	0.26352918	0.0	0.0	1.0	1.0	184.0	moderate_rna_like	False	False	1.0	0.50438774	1.0	1.0	0.0	0.0	7.0	ambiguous	False	False	1.0	0.012351999999999974	0.29396900000000004	False	False
Ribo_ND_240910	rna_virus	0	Red	Red	0.35673076	0.0	0.0	1.0	1.0	450.0	moderate_rna_like	False	False	1.0	0.07873511	0.0	0.0	1.0	1.0	38.0	strong_rna_like	False	False	1.0	0.32108498	0.0	0.0	1.0	1.0	177.0	moderate_rna_like	False	False	1.0	0.74346006	1.0	1.0	0.0	0.0	235.0	moderate_crucivirus_like	False	True	1.0	0.27799565	0.217732935	False	False
Ribo_ND_068953	rna_virus	0	Red	Red	0.3287666	0.0	0.0	1.0	1.0	462.0	moderate_rna_like	False	False	1.0	0.48845732	0.0	0.0	1.0	1.0	147.0	ambiguous	False	False	1.0	0.20058438	0.0	0.0	1.0	1.0	172.0	moderate_rna_like	False	False	1.0	0.2527049	0.0	0.0	1.0	1.0	143.0	moderate_rna_like	False	False	1.0	-0.15969071999999995	0.40861196	False	False
Ribo_ND_381618	rna_virus	0	Red	Red	0.40241957	0.0	0.0	1.0	1.0	435.0	ambiguous	False	False	1.0	0.41811806	0.0	0.0	1.0	1.0	95.0	ambiguous	False	False	1.0	0.12105109	0.0	0.0	1.0	1.0	172.0	strong_rna_like	False	False	1.0	0.18848392	0.0	0.0	1.0	1.0	168.0	strong_rna_like	False	False	1.0	-0.01569849000000001	0.410268815	False	False
Ribo_ND_155991	rna_virus	0	Red	Red	0.08494644	0.0	0.0	1.0	1.0	446.0	strong_rna_like	False	False	1.0	0.2854631	0.0	0.0	1.0	1.0	116.0	moderate_rna_like	False	False	1.0	0.5444209	1.0	1.0	0.0	0.0	176.0	ambiguous	False	False	1.0	0.68949986	1.0	1.0	0.0	0.0	154.0	moderate_crucivirus_like	False	True	1.0	-0.20051666	0.18520477000000002	False	False
Ribo_ND_129822	rna_virus	0	Red	Red	0.23402402	0.0	0.0	1.0	1.0	320.0	moderate_rna_like	False	False	1.0	0.20358315	0.0	0.0	1.0	1.0	105.0	moderate_rna_like	False	False	1.0	0.43031892	0.0	1.0	1.0	0.0	171.0	ambiguous	False	False	1.0	0.3858467	0.0	0.0	1.0	1.0	44.0	moderate_rna_like	False	False	1.0	0.03044087000000001	0.218803585	False	False
Ribo_ND_366370	rna_virus	0	Red	Red	0.095795594	0.0	0.0	1.0	1.0	452.0	strong_rna_like	False	False	1.0	0.12788117	0.0	0.0	1.0	1.0	104.0	strong_rna_like	False	False	1.0	0.37257335	0.0	0.0	1.0	1.0	184.0	moderate_rna_like	False	False	1.0	0.5797676	1.0	1.0	0.0	0.0	164.0	ambiguous	False	False	1.0	-0.03208557599999999	0.11183838199999999	False	False
Ribo_ND_105004	rna_virus	0	Red	Red	0.16562465	0.0	0.0	1.0	1.0	460.0	strong_rna_like	False	False	1.0	0.06007666	0.0	0.0	1.0	1.0	91.0	strong_rna_like	False	False	1.0	0.22479181	0.0	0.0	1.0	1.0	203.0	moderate_rna_like	False	False	1.0	0.4546456	0.0	0.0	1.0	1.0	166.0	ambiguous	False	False	1.0	0.10554799000000001	0.11285065500000001	False	False
Ribo_ND_203978	rna_virus	0	Red	Red	0.18397047	0.0	0.0	1.0	1.0	333.0	strong_rna_like	False	False	1.0	0.13075422	0.0	0.0	1.0	1.0	21.0	strong_rna_like	False	False	1.0	0.4055259	0.0	1.0	1.0	0.0	166.0	ambiguous	False	False	1.0	0.59419155	1.0	1.0	0.0	0.0	146.0	ambiguous	False	False	1.0	0.05321624999999999	0.15736234500000001	False	False
Ribo_ND_090759	rna_virus	0	Red	Red	0.08180845	0.0	0.0	1.0	1.0	340.0	strong_rna_like	False	False	1.0	0.23516731	0.0	0.0	1.0	1.0	89.0	moderate_rna_like	False	False	1.0	0.5799199	1.0	1.0	0.0	0.0	193.0	ambiguous	False	False	1.0	0.17741309	0.0	0.0	1.0	1.0	58.0	strong_rna_like	False	False	1.0	-0.15335885999999999	0.15848788	False	False
Cruci_CruV-878	crucivirus	1	Red	Red	0.8727263	1.0	1.0	1.0	1.0	615.0	strong_crucivirus_like	False	False	1.0	0.49714488	0.0	0.0	0.0	0.0	206.0	ambiguous	False	False	1.0	0.7107848	1.0	1.0	1.0	1.0	192.0	moderate_crucivirus_like	False	False	1.0	0.68499315	1.0	1.0	1.0	1.0	217.0	moderate_crucivirus_like	False	False	1.0	0.37558141999999994	0.68493559	False	False
Ribo_ND_293245	rna_virus	0	Red	Red	0.39097154	0.0	0.0	1.0	1.0	355.0	moderate_rna_like	False	False	1.0	0.064946964	0.0	0.0	1.0	1.0	40.0	strong_rna_like	False	False	1.0	0.23404878	0.0	0.0	1.0	1.0	178.0	moderate_rna_like	False	False	1.0	0.49441007	0.0	1.0	1.0	0.0	137.0	ambiguous	False	False	1.0	0.326024576	0.227959252	False	False
Ribo_ND_057797	rna_virus	0	Red	Red	0.12838872	0.0	0.0	1.0	1.0	378.0	strong_rna_like	False	False	1.0	0.102319	0.0	0.0	1.0	1.0	27.0	strong_rna_like	False	False	1.0	0.080093	0.0	0.0	1.0	1.0	194.0	strong_rna_like	False	False	1.0	0.64561564	1.0	1.0	0.0	0.0	157.0	moderate_crucivirus_like	False	True	1.0	0.02606972000000002	0.11535386	False	False
Ribo_ND_146235	rna_virus	0	Red	Red	0.17109671	0.0	0.0	1.0	1.0	420.0	strong_rna_like	False	False	1.0	0.24058872	0.0	0.0	1.0	1.0	98.0	moderate_rna_like	False	False	1.0	0.2869146	0.0	0.0	1.0	1.0	175.0	moderate_rna_like	False	False	1.0	0.15056713	0.0	0.0	1.0	1.0	147.0	strong_rna_like	False	False	1.0	-0.06949200999999999	0.205842715	False	False
Ribo_ND_058946	rna_virus	0	Red	Red	0.5484713	1.0	1.0	0.0	0.0	450.0	ambiguous	False	False	1.0	0.28341913	0.0	0.0	1.0	1.0	83.0	moderate_rna_like	False	False	1.0	0.10934398	0.0	0.0	1.0	1.0	183.0	strong_rna_like	False	False	1.0	0.3650322	0.0	0.0	1.0	1.0	184.0	moderate_rna_like	False	False	1.0	0.26505217	0.41594521500000003	False	False
Ribo_ND_025097	rna_virus	0	Red	Red	0.15711136	0.0	0.0	1.0	1.0	419.0	strong_rna_like	False	False	1.0	0.23019136	0.0	0.0	1.0	1.0	101.0	moderate_rna_like	False	False	1.0	0.13846245	0.0	0.0	1.0	1.0	177.0	strong_rna_like	False	False	1.0	0.6703317	1.0	1.0	0.0	0.0	141.0	moderate_crucivirus_like	False	True	1.0	-0.07308	0.19365136	False	False
Cruci_CruV-861	crucivirus	1	Red	Red	0.8716068	1.0	1.0	1.0	1.0	448.0	strong_crucivirus_like	False	False	1.0	0.95195085	1.0	1.0	1.0	1.0	97.0	strong_crucivirus_like	False	False	1.0	0.37829083	0.0	0.0	0.0	0.0	176.0	moderate_rna_like	False	True	1.0	0.50818944	1.0	1.0	1.0	1.0	175.0	ambiguous	False	False	1.0	-0.08034405	0.9117788250000001	False	False
Ribo_ND_057539	rna_virus	0	Red	Red	0.44942725	0.0	0.0	1.0	1.0	311.0	ambiguous	False	False	1.0											0.40861833	0.0	1.0	1.0	0.0	167.0	ambiguous	False	False	1.0	0.270261	0.0	0.0	1.0	1.0	144.0	moderate_rna_like	False	False	1.0		0.44942725	False	False
Ribo_ND_291015	rna_virus	0	Red	Red	0.09238133	0.0	0.0	1.0	1.0	353.0	strong_rna_like	False	False	1.0	0.016272506	0.0	0.0	1.0	1.0	38.0	strong_rna_like	False	False	1.0	0.11476221	0.0	0.0	1.0	1.0	175.0	strong_rna_like	False	False	1.0	0.395027	0.0	0.0	1.0	1.0	140.0	moderate_rna_like	False	False	1.0	0.07610882399999999	0.054326918	False	False
Ribo_ND_306663	rna_virus	0	Red	Red	0.17571302	0.0	0.0	1.0	1.0	331.0	strong_rna_like	False	False	1.0	0.28367034	0.0	0.0	1.0	1.0	16.0	moderate_rna_like	False	False	1.0	0.26812068	0.0	0.0	1.0	1.0	175.0	moderate_rna_like	False	False	1.0	0.22045915	0.0	0.0	1.0	1.0	140.0	moderate_rna_like	False	False	1.0	-0.10795732000000002	0.22969168	False	False
Ribo_ND_387559	rna_virus	0	Red	Red	0.05075272	0.0	0.0	1.0	1.0	362.0	strong_rna_like	False	False	1.0	0.027633794	0.0	0.0	1.0	1.0	47.0	strong_rna_like	False	False	1.0	0.27262896	0.0	0.0	1.0	1.0	171.0	moderate_rna_like	False	False	1.0	0.5689216	1.0	1.0	0.0	0.0	144.0	ambiguous	False	False	1.0	0.023118926	0.039193257	False	False
Ribo_ND_370409	rna_virus	0	Red	Red	0.17128077	0.0	0.0	1.0	1.0	359.0	strong_rna_like	False	False	1.0	0.03915798	0.0	0.0	1.0	1.0	40.0	strong_rna_like	False	False	1.0	0.16396058	0.0	0.0	1.0	1.0	168.0	strong_rna_like	False	False	1.0	0.7544103	1.0	1.0	0.0	0.0	151.0	moderate_crucivirus_like	False	True	1.0	0.13212279	0.105219375	False	False
Ribo_ND_025670	rna_virus	0	Red	Red	0.24770272	0.0	0.0	1.0	1.0	408.0	moderate_rna_like	False	False	1.0	0.063782156	0.0	0.0	1.0	1.0	88.0	strong_rna_like	False	False	1.0	0.54811424	1.0	1.0	0.0	0.0	172.0	ambiguous	False	False	1.0	0.4572273	0.0	0.0	1.0	1.0	148.0	ambiguous	False	False	1.0	0.18392056399999998	0.15574243799999998	False	False
Ribo_ND_029384	rna_virus	0	Red	Red	0.2921232	0.0	0.0	1.0	1.0	409.0	moderate_rna_like	False	False	1.0	0.036603816	0.0	0.0	1.0	1.0	88.0	strong_rna_like	False	False	1.0	0.17754975	0.0	0.0	1.0	1.0	174.0	strong_rna_like	False	False	1.0	0.39795923	0.0	0.0	1.0	1.0	147.0	moderate_rna_like	False	False	1.0	0.255519384	0.16436350800000002	False	False
Ribo_ND_391476	rna_virus	0	Red	Red	0.44713745	0.0	0.0	1.0	1.0	405.0	ambiguous	False	False	1.0	0.10945083	0.0	0.0	1.0	1.0	87.0	strong_rna_like	False	False	1.0	0.30709434	0.0	0.0	1.0	1.0	172.0	moderate_rna_like	False	False	1.0	0.19561058	0.0	0.0	1.0	1.0	146.0	strong_rna_like	False	False	1.0	0.33768662	0.27829413999999997	False	False
Ribo_ND_391473	rna_virus	0	Red	Red	0.20593424	0.0	0.0	1.0	1.0	411.0	moderate_rna_like	False	False	1.0	0.0903631	0.0	0.0	1.0	1.0	98.0	strong_rna_like	False	False	1.0	0.20194286	0.0	0.0	1.0	1.0	170.0	moderate_rna_like	False	False	1.0	0.31467614	0.0	0.0	1.0	1.0	143.0	moderate_rna_like	False	False	1.0	0.11557113999999999	0.14814866999999998	False	False
Ribo_ND_386716	rna_virus	0	Red	Red	0.3993541	0.0	0.0	1.0	1.0	405.0	moderate_rna_like	False	False	1.0	0.18063353	0.0	0.0	1.0	1.0	88.0	strong_rna_like	False	False	1.0	0.22512701	0.0	0.0	1.0	1.0	168.0	moderate_rna_like	False	False	1.0	0.51544225	1.0	1.0	0.0	0.0	149.0	ambiguous	False	False	1.0	0.21872057	0.289993815	False	False
Ribo_ND_124838	rna_virus	0	Red	Red	0.6856677	1.0	1.0	0.0	0.0	395.0	moderate_crucivirus_like	False	True	1.0	0.40992802	0.0	0.0	1.0	1.0	88.0	ambiguous	False	False	1.0	0.10077171	0.0	0.0	1.0	1.0	175.0	strong_rna_like	False	False	1.0	0.4979123	0.0	1.0	1.0	0.0	132.0	ambiguous	False	False	1.0	0.27573968	0.54779786	False	False
Ribo_ND_125556	rna_virus	0	Red	Red	0.3952213	0.0	0.0	1.0	1.0	317.0	moderate_rna_like	False	False	1.0	0.59950995	1.0	1.0	0.0	0.0	7.0	ambiguous	False	False	1.0	0.07718641	0.0	0.0	1.0	1.0	175.0	strong_rna_like	False	False	1.0	0.52190936	1.0	1.0	0.0	0.0	135.0	ambiguous	False	False	1.0	-0.20428864999999996	0.497365625	False	False
Ribo_ND_390249	rna_virus	0	Red	Red	0.1533976	0.0	0.0	1.0	1.0	434.0	strong_rna_like	False	False	1.0	0.13505386	0.0	0.0	1.0	1.0	116.0	strong_rna_like	False	False	1.0	0.06954179	0.0	0.0	1.0	1.0	167.0	strong_rna_like	False	False	1.0	0.21985081	0.0	0.0	1.0	1.0	151.0	moderate_rna_like	False	False	1.0	0.018343739999999997	0.14422573	False	False
Ribo_ND_327924	rna_virus	0	Red	Red	0.39271942	0.0	0.0	1.0	1.0	389.0	moderate_rna_like	False	False	1.0	0.16478187	0.0	0.0	1.0	1.0	80.0	strong_rna_like	False	False	1.0	0.043801308	0.0	0.0	1.0	1.0	171.0	strong_rna_like	False	False	1.0	0.29069242	0.0	0.0	1.0	1.0	138.0	moderate_rna_like	False	False	1.0	0.22793755	0.278750645	False	False
Ribo_ND_363601	rna_virus	0	Red	Red	0.3796741	0.0	0.0	1.0	1.0	387.0	moderate_rna_like	False	False	1.0	0.19857495	0.0	0.0	1.0	1.0	80.0	strong_rna_like	False	False	1.0	0.07529255	0.0	0.0	1.0	1.0	171.0	strong_rna_like	False	False	1.0	0.31365868	0.0	0.0	1.0	1.0	136.0	moderate_rna_like	False	False	1.0	0.18109915000000001	0.289124525	False	False
Ribo_ND_390447	rna_virus	0	Red	Red	0.62911934	1.0	1.0	0.0	0.0	377.0	moderate_crucivirus_like	False	True	1.0	0.15547757	0.0	0.0	1.0	1.0	80.0	strong_rna_like	False	False	1.0	0.14382432	0.0	0.0	1.0	1.0	171.0	strong_rna_like	False	False	1.0	0.4340904	0.0	0.0	1.0	1.0	126.0	ambiguous	False	False	1.0	0.47364177	0.39229845500000005	False	False
Ribo_ND_391477	rna_virus	0	Red	Red	0.17520033	0.0	0.0	1.0	1.0	409.0	strong_rna_like	False	False	1.0	0.13639799	0.0	0.0	1.0	1.0	103.0	strong_rna_like	False	False	1.0	0.07698985	0.0	0.0	1.0	1.0	171.0	strong_rna_like	False	False	1.0	0.12917455	0.0	0.0	1.0	1.0	135.0	strong_rna_like	False	False	1.0	0.03880233999999999	0.15579916	False	False
Ribo_ND_025791	rna_virus	0	Red	Red	0.4694064	0.0	0.0	1.0	1.0	386.0	ambiguous	False	False	1.0	0.087664105	0.0	0.0	1.0	1.0	73.0	strong_rna_like	False	False	1.0	0.15139966	0.0	0.0	1.0	1.0	174.0	strong_rna_like	False	False	1.0	0.38117787	0.0	0.0	1.0	1.0	139.0	moderate_rna_like	False	False	1.0	0.381742295	0.2785352525	False	False
Ribo_ND_387053	rna_virus	0	Red	Red	0.62132907	1.0	1.0	0.0	0.0	401.0	moderate_crucivirus_like	False	True	1.0	0.28523514	0.0	0.0	1.0	1.0	94.0	moderate_rna_like	False	False	1.0	0.18080337	0.0	0.0	1.0	1.0	171.0	strong_rna_like	False	False	1.0	0.4589416	0.0	1.0	1.0	0.0	136.0	ambiguous	False	False	1.0	0.33609393000000004	0.453282105	False	False
Ribo_ND_282993	rna_virus	0	Red	Red	0.38957617	0.0	0.0	1.0	1.0	415.0	moderate_rna_like	False	False	1.0	0.17471874	0.0	0.0	1.0	1.0	93.0	strong_rna_like	False	False	1.0	0.20377623	0.0	0.0	1.0	1.0	169.0	moderate_rna_like	False	False	1.0	0.3070309	0.0	0.0	1.0	1.0	153.0	moderate_rna_like	False	False	1.0	0.21485743	0.282147455	False	False
Ribo_ND_339575	rna_virus	0	Red	Red	0.24180385	0.0	0.0	1.0	1.0	396.0	moderate_rna_like	False	False	1.0	0.4664776	0.0	0.0	1.0	1.0	97.0	ambiguous	False	False	1.0	0.21232635	0.0	0.0	1.0	1.0	168.0	moderate_rna_like	False	False	1.0	0.24907652	0.0	0.0	1.0	1.0	131.0	moderate_rna_like	False	False	1.0	-0.22467375	0.354140725	False	False
Ribo_ND_384050	rna_virus	0	Red	Red	0.50063473	1.0	1.0	0.0	0.0	385.0	ambiguous	False	False	1.0	0.36868057	0.0	0.0	1.0	1.0	86.0	moderate_rna_like	False	False	1.0	0.4071309	0.0	1.0	1.0	0.0	170.0	ambiguous	False	False	1.0	0.3464919	0.0	0.0	1.0	1.0	129.0	moderate_rna_like	False	False	1.0	0.13195416000000004	0.43465765	False	False
Ribo_ND_348995	rna_virus	0	Red	Red	0.6829886	1.0	1.0	0.0	0.0	377.0	moderate_crucivirus_like	False	True	1.0	0.3202503	0.0	0.0	1.0	1.0	83.0	moderate_rna_like	False	False	1.0	0.29246816	0.0	0.0	1.0	1.0	169.0	moderate_rna_like	False	False	1.0	0.26562494	0.0	0.0	1.0	1.0	125.0	moderate_rna_like	False	False	1.0	0.36273829999999996	0.50161945	False	False
Ribo_ND_380131	rna_virus	0	Red	Red	0.18595122	0.0	0.0	1.0	1.0	373.0	strong_rna_like	False	False	1.0	0.09580282	0.0	0.0	1.0	1.0	75.0	strong_rna_like	False	False	1.0	0.41686013	0.0	1.0	1.0	0.0	168.0	ambiguous	False	False	1.0	0.1344521	0.0	0.0	1.0	1.0	130.0	strong_rna_like	False	False	1.0	0.0901484	0.14087702	False	False
Ribo_ND_030238	rna_virus	0	Red	Red	0.27279642	0.0	0.0	1.0	1.0	392.0	moderate_rna_like	False	False	1.0	0.11071265	0.0	0.0	1.0	1.0	82.0	strong_rna_like	False	False	1.0	0.4729924	0.0	1.0	1.0	0.0	173.0	ambiguous	False	False	1.0	0.55176044	1.0	1.0	0.0	0.0	137.0	ambiguous	False	False	1.0	0.16208377	0.191754535	False	False
Ribo_ND_168815	rna_virus	0	Red	Red	0.4058923	0.0	0.0	1.0	1.0	389.0	ambiguous	False	False	1.0	0.123442516	0.0	0.0	1.0	1.0	77.0	strong_rna_like	False	False	1.0	0.6005003	1.0	1.0	0.0	0.0	173.0	moderate_crucivirus_like	False	True	1.0	0.36953285	0.0	0.0	1.0	1.0	139.0	moderate_rna_like	False	False	1.0	0.282449784	0.264667408	False	False
Ribo_ND_391035	rna_virus	0	Red	Red	0.2894188	0.0	0.0	1.0	1.0	374.0	moderate_rna_like	False	False	1.0	0.03205439	0.0	0.0	1.0	1.0	78.0	strong_rna_like	False	False	1.0	0.29637775	0.0	0.0	1.0	1.0	169.0	moderate_rna_like	False	False	1.0	0.25228915	0.0	0.0	1.0	1.0	127.0	moderate_rna_like	False	False	1.0	0.25736441	0.16073659499999998	False	False
Ribo_ND_306697	rna_virus	0	Red	Red	0.16499916	0.0	0.0	1.0	1.0	378.0	strong_rna_like	False	False	1.0	0.071422316	0.0	0.0	1.0	1.0	82.0	strong_rna_like	False	False	1.0	0.3230735	0.0	0.0	1.0	1.0	169.0	moderate_rna_like	False	False	1.0	0.29005346	0.0	0.0	1.0	1.0	127.0	moderate_rna_like	False	False	1.0	0.093576844	0.11821073800000001	False	False
Ribo_ND_107501	rna_virus	0	Red	Red	0.23527084	0.0	0.0	1.0	1.0	383.0	moderate_rna_like	False	False	1.0	0.22254626	0.0	0.0	1.0	1.0	58.0	moderate_rna_like	False	False	1.0	0.17206243	0.0	0.0	1.0	1.0	174.0	strong_rna_like	False	False	1.0	0.2576768	0.0	0.0	1.0	1.0	151.0	moderate_rna_like	False	False	1.0	0.012724580000000013	0.22890855	False	False
Ribo_ND_117960	rna_virus	0	Red	Red	0.09254041	0.0	0.0	1.0	1.0	407.0	strong_rna_like	False	False	1.0	0.05953921	0.0	0.0	1.0	1.0	74.0	strong_rna_like	False	False	1.0	0.33571804	0.0	0.0	1.0	1.0	178.0	moderate_rna_like	False	False	1.0	0.3845551	0.0	0.0	1.0	1.0	155.0	moderate_rna_like	False	False	1.0	0.0330012	0.07603981	False	False
Ribo_ND_025491	rna_virus	0	Red	Red	0.024895951	0.0	0.0	1.0	1.0	473.0	strong_rna_like	False	False	1.0	0.08779266	0.0	0.0	1.0	1.0	150.0	strong_rna_like	False	False	1.0	0.19213963	0.0	0.0	1.0	1.0	174.0	strong_rna_like	False	False	1.0	0.30859408	0.0	0.0	1.0	1.0	149.0	moderate_rna_like	False	False	1.0	-0.062896709	0.0563443055	False	False
Ribo_JAAOEH010001918.1	rna_virus	0	Red	Red	0.22129434	0.0	0.0	1.0	1.0	414.0	moderate_rna_like	False	False	1.0	0.58565813	1.0	1.0	0.0	0.0	89.0	ambiguous	False	False	1.0	0.18315904	0.0	0.0	1.0	1.0	173.0	strong_rna_like	False	False	1.0	0.18892072	0.0	0.0	1.0	1.0	152.0	strong_rna_like	False	False	1.0	-0.36436378999999997	0.403476235	False	False
Ribo_ND_379330	rna_virus	0	Red	Red	0.24908946	0.0	0.0	1.0	1.0	385.0	moderate_rna_like	False	False	1.0	0.28038052	0.0	0.0	1.0	1.0	63.0	moderate_rna_like	False	False	1.0	0.11744769	0.0	0.0	1.0	1.0	174.0	strong_rna_like	False	False	1.0	0.13314317	0.0	0.0	1.0	1.0	148.0	strong_rna_like	False	False	1.0	-0.03129106000000001	0.26473499	False	False
Ribo_ND_391182	rna_virus	0	Red	Red	0.16546325	0.0	0.0	1.0	1.0	377.0	strong_rna_like	False	False	1.0	0.041183464	0.0	0.0	1.0	1.0	57.0	strong_rna_like	False	False	1.0	0.20532969	0.0	0.0	1.0	1.0	172.0	moderate_rna_like	False	False	1.0	0.20405385	0.0	0.0	1.0	1.0	148.0	moderate_rna_like	False	False	1.0	0.124279786	0.103323357	False	False
Ribo_ND_282038	rna_virus	0	Red	Red	0.1811401	0.0	0.0	1.0	1.0	393.0	strong_rna_like	False	False	1.0	0.22285424	0.0	0.0	1.0	1.0	76.0	moderate_rna_like	False	False	1.0	0.18624103	0.0	0.0	1.0	1.0	169.0	strong_rna_like	False	False	1.0	0.28961945	0.0	0.0	1.0	1.0	148.0	moderate_rna_like	False	False	1.0	-0.04171414000000001	0.20199717	False	False
Ribo_ND_128048	rna_virus	0	Red	Red	0.07681311	0.0	0.0	1.0	1.0	412.0	strong_rna_like	False	False	1.0	0.12361266	0.0	0.0	1.0	1.0	92.0	strong_rna_like	False	False	1.0	0.4429888	0.0	1.0	1.0	0.0	173.0	ambiguous	False	False	1.0	0.35036698	0.0	0.0	1.0	1.0	147.0	moderate_rna_like	False	False	1.0	-0.046799549999999995	0.100212885	False	False
Ribo_ND_029735	rna_virus	0	Red	Red	0.34202293	0.0	0.0	1.0	1.0	352.0	moderate_rna_like	False	False	1.0	0.544151	1.0	1.0	0.0	0.0	24.0	ambiguous	False	False	1.0	0.15497324	0.0	0.0	1.0	1.0	180.0	strong_rna_like	False	False	1.0	0.59980154	1.0	1.0	0.0	0.0	148.0	ambiguous	False	False	1.0	-0.20212807000000005	0.443086965	False	False
Ribo_ND_290178	rna_virus	0	Red	Red	0.30851018	0.0	0.0	1.0	1.0	376.0	moderate_rna_like	False	False	1.0	0.07044312	0.0	0.0	1.0	1.0	38.0	strong_rna_like	False	False	1.0	0.10531701	0.0	0.0	1.0	1.0	172.0	strong_rna_like	False	False	1.0	0.27908495	0.0	0.0	1.0	1.0	166.0	moderate_rna_like	False	False	1.0	0.23806706000000002	0.18947665000000002	False	False
Ribo_ND_385473	rna_virus	0	Red	Red	0.08545378	0.0	0.0	1.0	1.0	385.0	strong_rna_like	False	False	1.0	0.08675157	0.0	0.0	1.0	1.0	48.0	strong_rna_like	False	False	1.0	0.13008524	0.0	0.0	1.0	1.0	172.0	strong_rna_like	False	False	1.0	0.32617766	0.0	0.0	1.0	1.0	165.0	moderate_rna_like	False	False	1.0	-0.001297790000000007	0.08610267499999999	False	False
Ribo_ND_166489	rna_virus	0	Red	Red	0.22132465	0.0	0.0	1.0	1.0	375.0	moderate_rna_like	False	False	1.0	0.017583357	0.0	0.0	1.0	1.0	51.0	strong_rna_like	False	False	1.0	0.2834117	0.0	0.0	1.0	1.0	176.0	moderate_rna_like	False	False	1.0	0.46322417	0.0	1.0	1.0	0.0	148.0	ambiguous	False	False	1.0	0.20374129300000002	0.1194540035	False	False
Ribo_ND_181970	rna_virus	0	Red	Red	0.29677612	0.0	0.0	1.0	1.0	383.0	moderate_rna_like	False	False	1.0	0.27129462	0.0	0.0	1.0	1.0	65.0	moderate_rna_like	False	False	1.0	0.38071236	0.0	0.0	1.0	1.0	174.0	moderate_rna_like	False	False	1.0	0.48185876	0.0	1.0	1.0	0.0	144.0	ambiguous	False	False	1.0	0.02548149999999999	0.28403537	False	False
Ribo_ND_390206	rna_virus	0	Red	Red	0.12087578	0.0	0.0	1.0	1.0	367.0	strong_rna_like	False	False	1.0	0.08498844	0.0	0.0	1.0	1.0	49.0	strong_rna_like	False	False	1.0	0.15269706	0.0	0.0	1.0	1.0	172.0	strong_rna_like	False	False	1.0	0.36236596	0.0	0.0	1.0	1.0	146.0	moderate_rna_like	False	False	1.0	0.035887340000000004	0.10293211	False	False
Ribo_ND_023567	rna_virus	0	Red	Red	0.031900644	0.0	0.0	1.0	1.0	342.0	strong_rna_like	False	False	1.0	0.010617185	0.0	0.0	1.0	1.0	31.0	strong_rna_like	False	False	1.0	0.51074445	1.0	1.0	0.0	0.0	174.0	ambiguous	False	False	1.0	0.3712312	0.0	0.0	1.0	1.0	137.0	moderate_rna_like	False	False	1.0	0.021283458999999998	0.0212589145	False	False
Ribo_ND_026280	rna_virus	0	Red	Red	0.16274147	0.0	0.0	1.0	1.0	350.0	strong_rna_like	False	False	1.0	0.025326185	0.0	0.0	1.0	1.0	31.0	strong_rna_like	False	False	1.0	0.20358379	0.0	0.0	1.0	1.0	172.0	moderate_rna_like	False	False	1.0	0.30234468	0.0	0.0	1.0	1.0	147.0	moderate_rna_like	False	False	1.0	0.137415285	0.0940338275	False	False
Ribo_ND_101574	rna_virus	0	Red	Red	0.30432597	0.0	0.0	1.0	1.0	347.0	moderate_rna_like	False	False	1.0	0.36453432	0.0	0.0	1.0	1.0	29.0	moderate_rna_like	False	False	1.0	0.34962186	0.0	0.0	1.0	1.0	172.0	moderate_rna_like	False	False	1.0	0.25360107	0.0	0.0	1.0	1.0	146.0	moderate_rna_like	False	False	1.0	-0.06020835000000002	0.334430145	False	False
Ribo_ND_094183	rna_virus	0	Red	Red	0.16060907	0.0	0.0	1.0	1.0	375.0	strong_rna_like	False	False	1.0	0.052906353	0.0	0.0	1.0	1.0	49.0	strong_rna_like	False	False	1.0	0.23744178	0.0	0.0	1.0	1.0	172.0	moderate_rna_like	False	False	1.0	0.39435828	0.0	0.0	1.0	1.0	154.0	moderate_rna_like	False	False	1.0	0.10770271699999999	0.10675771149999999	False	False
Ribo_ND_387173	rna_virus	0	Red	Red	0.12411645	0.0	0.0	1.0	1.0	420.0	strong_rna_like	False	False	1.0	0.06380295	0.0	0.0	1.0	1.0	104.0	strong_rna_like	False	False	1.0	0.2104947	0.0	0.0	1.0	1.0	171.0	moderate_rna_like	False	False	1.0	0.3478637	0.0	0.0	1.0	1.0	145.0	moderate_rna_like	False	False	1.0	0.060313500000000006	0.09395970000000001	False	False
Ribo_ND_381701	rna_virus	0	Red	Red	0.14911146	0.0	0.0	1.0	1.0	421.0	strong_rna_like	False	False	1.0	0.0732768	0.0	0.0	1.0	1.0	105.0	strong_rna_like	False	False	1.0	0.09757135	0.0	0.0	1.0	1.0	171.0	strong_rna_like	False	False	1.0	0.41543132	0.0	0.0	1.0	1.0	145.0	ambiguous	False	False	1.0	0.07583466	0.11119413	False	False
Ribo_ND_294854	rna_virus	0	Red	Red	0.21561968	0.0	0.0	1.0	1.0	441.0	moderate_rna_like	False	False	1.0	0.17057386	0.0	0.0	1.0	1.0	116.0	strong_rna_like	False	False	1.0	0.31698242	0.0	0.0	1.0	1.0	174.0	moderate_rna_like	False	False	1.0	0.29870117	0.0	0.0	1.0	1.0	151.0	moderate_rna_like	False	False	1.0	0.045045820000000014	0.19309677	False	False
Ribo_ND_389843	rna_virus	0	Red	Red	0.22479	0.0	0.0	1.0	1.0	470.0	moderate_rna_like	False	False	1.0	0.3693795	0.0	0.0	1.0	1.0	149.0	moderate_rna_like	False	False	1.0	0.104446165	0.0	0.0	1.0	1.0	173.0	strong_rna_like	False	False	1.0	0.32141188	0.0	0.0	1.0	1.0	148.0	moderate_rna_like	False	False	1.0	-0.14458950000000004	0.29708475	False	False
Ribo_ND_306667	rna_virus	0	Red	Red	0.23541713	0.0	0.0	1.0	1.0	388.0	moderate_rna_like	False	False	1.0	0.026466602	0.0	0.0	1.0	1.0	65.0	strong_rna_like	False	False	1.0	0.7692246	1.0	1.0	0.0	0.0	174.0	moderate_crucivirus_like	False	True	1.0	0.33271492	0.0	0.0	1.0	1.0	149.0	moderate_rna_like	False	False	1.0	0.208950528	0.130941866	False	False
Ribo_ND_306441	rna_virus	0	Red	Red	0.32914186	0.0	0.0	1.0	1.0	366.0	moderate_rna_like	False	False	1.0	0.080995895	0.0	0.0	1.0	1.0	43.0	strong_rna_like	False	False	1.0	0.66864496	1.0	1.0	0.0	0.0	174.0	moderate_crucivirus_like	False	True	1.0	0.41745898	0.0	0.0	1.0	1.0	149.0	ambiguous	False	False	1.0	0.24814596500000002	0.2050688775	False	False
Ribo_ND_065538	rna_virus	0	Red	Red	0.4531538	0.0	0.0	1.0	1.0	379.0	ambiguous	False	False	1.0	0.14896867	0.0	0.0	1.0	1.0	56.0	strong_rna_like	False	False	1.0	0.6216494	1.0	1.0	0.0	0.0	174.0	moderate_crucivirus_like	False	True	1.0	0.26877007	0.0	0.0	1.0	1.0	149.0	moderate_rna_like	False	False	1.0	0.30418513	0.301061235	False	False
Ribo_ND_327870	rna_virus	0	Red	Red	0.13761523	0.0	0.0	1.0	1.0	369.0	strong_rna_like	False	False	1.0	0.06984616	0.0	0.0	1.0	1.0	43.0	strong_rna_like	False	False	1.0	0.7628808	1.0	1.0	0.0	0.0	174.0	moderate_crucivirus_like	False	True	1.0	0.33297777	0.0	0.0	1.0	1.0	152.0	moderate_rna_like	False	False	1.0	0.06776907	0.10373069500000001	False	False
Ribo_ND_095360	rna_virus	0	Red	Red	0.6480532	1.0	1.0	0.0	0.0	433.0	moderate_crucivirus_like	False	True	1.0	0.24020824	0.0	0.0	1.0	1.0	89.0	moderate_rna_like	False	False	1.0	0.37433934	0.0	0.0	1.0	1.0	179.0	moderate_rna_like	False	False	1.0	0.2680627	0.0	0.0	1.0	1.0	165.0	moderate_rna_like	False	False	1.0	0.40784496000000003	0.44413072	False	False
Ribo_ND_184545	rna_virus	0	Red	Red	0.15158865	0.0	0.0	1.0	1.0	407.0	strong_rna_like	False	False	1.0	0.10278138	0.0	0.0	1.0	1.0	66.0	strong_rna_like	False	False	1.0	0.34462637	0.0	0.0	1.0	1.0	178.0	moderate_rna_like	False	False	1.0	0.5913431	1.0	1.0	0.0	0.0	163.0	ambiguous	False	False	1.0	0.048807269999999986	0.127185015	False	False
Ribo_ND_113214	rna_virus	0	Red	Red	0.0932523	0.0	0.0	1.0	1.0	397.0	strong_rna_like	False	False	1.0	0.045404688	0.0	0.0	1.0	1.0	57.0	strong_rna_like	False	False	1.0	0.59863377	1.0	1.0	0.0	0.0	178.0	ambiguous	False	False	1.0	0.3225332	0.0	0.0	1.0	1.0	162.0	moderate_rna_like	False	False	1.0	0.047847612	0.06932849399999999	False	False
Ribo_ND_097179	rna_virus	0	Red	Red	0.40140375	0.0	0.0	1.0	1.0	419.0	ambiguous	False	False	1.0	0.12594765	0.0	0.0	1.0	1.0	93.0	strong_rna_like	False	False	1.0	0.34560007	0.0	0.0	1.0	1.0	181.0	moderate_rna_like	False	False	1.0	0.3092952	0.0	0.0	1.0	1.0	145.0	moderate_rna_like	False	False	1.0	0.2754561	0.2636757	False	False
Ribo_ND_115234	rna_virus	0	Red	Red	0.13705085	0.0	0.0	1.0	1.0	376.0	strong_rna_like	False	False	1.0	0.01849754	0.0	0.0	1.0	1.0	48.0	strong_rna_like	False	False	1.0	0.26608315	0.0	0.0	1.0	1.0	178.0	moderate_rna_like	False	False	1.0	0.3931587	0.0	0.0	1.0	1.0	150.0	moderate_rna_like	False	False	1.0	0.11855331	0.077774195	False	False
Ribo_ND_248208	rna_virus	0	Red	Red	0.26313892	0.0	0.0	1.0	1.0	472.0	moderate_rna_like	False	False	1.0	0.2724963	0.0	0.0	1.0	1.0	151.0	moderate_rna_like	False	False	1.0	0.20117305	0.0	0.0	1.0	1.0	178.0	moderate_rna_like	False	False	1.0	0.30789384	0.0	0.0	1.0	1.0	143.0	moderate_rna_like	False	False	1.0	-0.009357380000000026	0.26781761000000004	False	False
Ribo_ND_025706	rna_virus	0	Red	Red	0.05175073	0.0	0.0	1.0	1.0	390.0	strong_rna_like	False	False	1.0	0.013831734	0.0	0.0	1.0	1.0	70.0	strong_rna_like	False	False	1.0	0.22360982	0.0	0.0	1.0	1.0	178.0	moderate_rna_like	False	False	1.0	0.0520472	0.0	0.0	1.0	1.0	142.0	strong_rna_like	False	False	1.0	0.037918996	0.032791232000000003	False	False
Ribo_ND_221336	rna_virus	0	Red	Red	0.29169816	0.0	0.0	1.0	1.0	385.0	moderate_rna_like	False	False	1.0	0.12200801	0.0	0.0	1.0	1.0	62.0	strong_rna_like	False	False	1.0	0.34559438	0.0	0.0	1.0	1.0	178.0	moderate_rna_like	False	False	1.0	0.1488176	0.0	0.0	1.0	1.0	145.0	strong_rna_like	False	False	1.0	0.16969014999999998	0.206853085	False	False
Ribo_ND_127829	rna_virus	0	Red	Red	0.15920967	0.0	0.0	1.0	1.0	377.0	strong_rna_like	False	False	1.0	0.2092139	0.0	0.0	1.0	1.0	54.0	moderate_rna_like	False	False	1.0	0.11894513	0.0	0.0	1.0	1.0	178.0	strong_rna_like	False	False	1.0	0.077431075	0.0	0.0	1.0	1.0	145.0	strong_rna_like	False	False	1.0	-0.05000423000000001	0.18421178500000002	False	False
Ribo_ND_046480	rna_virus	0	Red	Red	0.6746979	1.0	1.0	0.0	0.0	425.0	moderate_crucivirus_like	False	True	1.0	0.48329026	0.0	0.0	1.0	1.0	94.0	ambiguous	False	False	1.0	0.30797344	0.0	0.0	1.0	1.0	180.0	moderate_rna_like	False	False	1.0	0.5883695	1.0	1.0	0.0	0.0	151.0	ambiguous	False	False	1.0	0.19140763999999993	0.57899408	False	False
Ribo_ND_114535	rna_virus	0	Red	Red	0.35627654	0.0	0.0	1.0	1.0	431.0	moderate_rna_like	False	False	1.0	0.59994704	1.0	1.0	0.0	0.0	108.0	ambiguous	False	False	1.0	0.35413432	0.0	0.0	1.0	1.0	178.0	moderate_rna_like	False	False	1.0	0.32029694	0.0	0.0	1.0	1.0	145.0	moderate_rna_like	False	False	1.0	-0.2436705	0.47811179	False	False
Ribo_ND_113432	rna_virus	0	Red	Red	0.17140298	0.0	0.0	1.0	1.0	429.0	strong_rna_like	False	False	1.0	0.24526341	0.0	0.0	1.0	1.0	102.0	moderate_rna_like	False	False	1.0	0.3226233	0.0	0.0	1.0	1.0	178.0	moderate_rna_like	False	False	1.0	0.18038946	0.0	0.0	1.0	1.0	149.0	strong_rna_like	False	False	1.0	-0.07386042999999998	0.208333195	False	False
Ribo_ND_184896	rna_virus	0	Red	Red	0.12416553	0.0	0.0	1.0	1.0	458.0	strong_rna_like	False	False	1.0	0.118440256	0.0	0.0	1.0	1.0	129.0	strong_rna_like	False	False	1.0	0.6225644	1.0	1.0	0.0	0.0	179.0	moderate_crucivirus_like	False	True	1.0	0.33371425	0.0	0.0	1.0	1.0	150.0	moderate_rna_like	False	False	1.0	0.005725274000000002	0.121302893	False	False
Ribo_ND_180066	rna_virus	0	Red	Red	0.12083987	0.0	0.0	1.0	1.0	373.0	strong_rna_like	False	False	1.0	0.024209531	0.0	0.0	1.0	1.0	55.0	strong_rna_like	False	False	1.0	0.22341807	0.0	0.0	1.0	1.0	176.0	moderate_rna_like	False	False	1.0	0.38306665	0.0	0.0	1.0	1.0	142.0	moderate_rna_like	False	False	1.0	0.09663033900000001	0.0725247005	False	False
Ribo_ND_134742	rna_virus	0	Red	Red	0.14141859	0.0	0.0	1.0	1.0	393.0	strong_rna_like	False	False	1.0	0.1364308	0.0	0.0	1.0	1.0	68.0	strong_rna_like	False	False	1.0	0.37048942	0.0	0.0	1.0	1.0	176.0	moderate_rna_like	False	False	1.0	0.5787688	1.0	1.0	0.0	0.0	149.0	ambiguous	False	False	1.0	0.00498779000000002	0.138924695	False	False
Ribo_ND_355772	rna_virus	0	Red	Red	0.13148989	0.0	0.0	1.0	1.0	377.0	strong_rna_like	False	False	1.0	0.035421938	0.0	0.0	1.0	1.0	58.0	strong_rna_like	False	False	1.0	0.20576064	0.0	0.0	1.0	1.0	172.0	moderate_rna_like	False	False	1.0	0.44175664	0.0	0.0	1.0	1.0	147.0	ambiguous	False	False	1.0	0.096067952	0.08345591399999999	False	False
Ribo_ND_124450	rna_virus	0	Red	Red	0.05048486	0.0	0.0	1.0	1.0	418.0	strong_rna_like	False	False	1.0	0.0078257825	0.0	0.0	1.0	1.0	67.0	strong_rna_like	False	False	1.0	0.5755458	1.0	1.0	0.0	0.0	185.0	ambiguous	False	False	1.0	0.39438814	0.0	0.0	1.0	1.0	166.0	moderate_rna_like	False	False	1.0	0.0426590775	0.029155321249999998	False	False
Ribo_ND_338439	rna_virus	0	Red	Red	0.2483652	0.0	0.0	1.0	1.0	337.0	moderate_rna_like	False	False	1.0	0.026396222	0.0	0.0	1.0	1.0	41.0	strong_rna_like	False	False	1.0	0.6172051	1.0	1.0	0.0	0.0	169.0	moderate_crucivirus_like	False	True	1.0	0.2639235	0.0	0.0	1.0	1.0	127.0	moderate_rna_like	False	False	1.0	0.221968978	0.13738071100000002	False	False
Ribo_ND_202064	rna_virus	0	Red	Red	0.1942962	0.0	0.0	1.0	1.0	365.0	strong_rna_like	False	False	1.0	0.0413279	0.0	0.0	1.0	1.0	56.0	strong_rna_like	False	False	1.0	0.74628836	1.0	1.0	0.0	0.0	178.0	moderate_crucivirus_like	False	True	1.0	0.3150275	0.0	0.0	1.0	1.0	131.0	moderate_rna_like	False	False	1.0	0.1529683	0.11781205	False	False
Ribo_ND_150904	rna_virus	0	Red	Red	0.13221903	0.0	0.0	1.0	1.0	357.0	strong_rna_like	False	False	1.0	0.014610315	0.0	0.0	1.0	1.0	32.0	strong_rna_like	False	False	1.0	0.3426115	0.0	0.0	1.0	1.0	175.0	moderate_rna_like	False	False	1.0	0.55226904	1.0	1.0	0.0	0.0	150.0	ambiguous	False	False	1.0	0.11760871499999999	0.0734146725	False	False
Ribo_ND_016151	rna_virus	0	Red	Red	0.57812995	1.0	1.0	0.0	0.0	351.0	ambiguous	False	False	1.0	0.23352207	0.0	0.0	1.0	1.0	41.0	moderate_rna_like	False	False	1.0	0.16056757	0.0	0.0	1.0	1.0	173.0	strong_rna_like	False	False	1.0	0.15108827	0.0	0.0	1.0	1.0	137.0	strong_rna_like	False	False	1.0	0.34460788	0.40582601	False	False
Ribo_ND_044364	rna_virus	0	Red	Red	0.33906496	0.0	0.0	1.0	1.0	303.0	moderate_rna_like	False	False	1.0											0.24283835	0.0	0.0	1.0	1.0	153.0	moderate_rna_like	False	False	1.0	0.5197738	1.0	1.0	0.0	0.0	150.0	ambiguous	False	False	1.0		0.33906496	False	False
Ribo_ND_327198	rna_virus	0	Red	Red	0.36584827	0.0	0.0	1.0	1.0	361.0	moderate_rna_like	False	False	1.0	0.3038535	0.0	0.0	1.0	1.0	35.0	moderate_rna_like	False	False	1.0	0.26035908	0.0	0.0	1.0	1.0	180.0	moderate_rna_like	False	False	1.0	0.48861688	0.0	1.0	1.0	0.0	146.0	ambiguous	False	False	1.0	0.06199476999999998	0.334850885	False	False
Ribo_NC_033187	rna_virus	0	Red	Red	0.16417488	0.0	0.0	1.0	1.0	351.0	strong_rna_like	False	False	1.0	0.047241386	0.0	0.0	1.0	1.0	38.0	strong_rna_like	False	False	1.0	0.18790819	0.0	0.0	1.0	1.0	170.0	strong_rna_like	False	False	1.0	0.39351648	0.0	0.0	1.0	1.0	143.0	moderate_rna_like	False	False	1.0	0.116933494	0.105708133	False	False
Ribo_ND_157660	rna_virus	0	Red	Red	0.1693813	0.0	0.0	1.0	1.0	384.0	strong_rna_like	False	False	1.0	0.12226606	0.0	0.0	1.0	1.0	81.0	strong_rna_like	False	False	1.0	0.39291272	0.0	0.0	1.0	1.0	169.0	moderate_rna_like	False	False	1.0	0.5059209	1.0	1.0	0.0	0.0	134.0	ambiguous	False	False	1.0	0.04711524000000002	0.14582368	False	False
Ribo_ND_028450	rna_virus	0	Red	Red	0.31903857	0.0	0.0	1.0	1.0	495.0	moderate_rna_like	False	False	1.0	0.13803542	0.0	0.0	1.0	1.0	93.0	strong_rna_like	False	False	1.0	0.42811012	0.0	1.0	1.0	0.0	179.0	ambiguous	False	False	1.0	0.28004408	0.0	0.0	1.0	1.0	223.0	moderate_rna_like	False	False	1.0	0.18100315000000003	0.22853699500000002	False	False
Ribo_ND_202996	rna_virus	0	Red	Red	0.57545215	1.0	1.0	0.0	0.0	447.0	ambiguous	False	False	1.0	0.039307736	0.0	0.0	1.0	1.0	37.0	strong_rna_like	False	False	1.0	0.5223624	1.0	1.0	0.0	0.0	179.0	ambiguous	False	False	1.0	0.8264144	1.0	1.0	0.0	0.0	231.0	strong_crucivirus_like	True	True	1.0	0.536144414	0.30737994300000004	False	False
Ribo_ND_289203	rna_virus	0	Red	Red	0.10926992	0.0	0.0	1.0	1.0	395.0	strong_rna_like	False	False	1.0	0.09043353	0.0	0.0	1.0	1.0	37.0	strong_rna_like	False	False	1.0	0.14942336	0.0	0.0	1.0	1.0	177.0	strong_rna_like	False	False	1.0	0.11854473	0.0	0.0	1.0	1.0	181.0	strong_rna_like	False	False	1.0	0.01883639000000001	0.099851725	False	False
Ribo_ND_150220	rna_virus	0	Red	Red	0.4134931	0.0	0.0	1.0	1.0	392.0	ambiguous	False	False	1.0	0.14701168	0.0	0.0	1.0	1.0	55.0	strong_rna_like	False	False	1.0	0.44999495	0.0	1.0	1.0	0.0	171.0	ambiguous	False	False	1.0	0.46442094	0.0	1.0	1.0	0.0	166.0	ambiguous	False	False	1.0	0.26648141999999997	0.28025239	False	False
Ribo_ND_093203	rna_virus	0	Red	Red	0.33837172	0.0	0.0	1.0	1.0	347.0	moderate_rna_like	False	False	1.0	0.030107409	0.0	0.0	1.0	1.0	58.0	strong_rna_like	False	False	1.0	0.5765971	1.0	1.0	0.0	0.0	173.0	ambiguous	False	False	1.0	0.3400312	0.0	0.0	1.0	1.0	116.0	moderate_rna_like	False	False	1.0	0.30826431099999996	0.1842395645	False	False
Ribo_ND_130920	rna_virus	0	Red	Red	0.048160285	0.0	0.0	1.0	1.0	422.0	strong_rna_like	False	False	1.0	0.1127544	0.0	0.0	1.0	1.0	101.0	strong_rna_like	False	False	1.0	0.12699504	0.0	0.0	1.0	1.0	168.0	strong_rna_like	False	False	1.0	0.31822783	0.0	0.0	1.0	1.0	153.0	moderate_rna_like	False	False	1.0	-0.06459411500000001	0.0804573425	False	False
Ribo_ND_129240	rna_virus	0	Red	Red	0.32835996	0.0	0.0	1.0	1.0	396.0	moderate_rna_like	False	False	1.0	0.14159323	0.0	0.0	1.0	1.0	74.0	strong_rna_like	False	False	1.0	0.12500893	0.0	0.0	1.0	1.0	168.0	strong_rna_like	False	False	1.0	0.46153206	0.0	1.0	1.0	0.0	154.0	ambiguous	False	False	1.0	0.18676673000000002	0.234976595	False	False
Ribo_ND_351124	rna_virus	0	Red	Red	0.38214833	0.0	0.0	1.0	1.0	313.0	moderate_rna_like	False	False	1.0	0.08049118	0.0	0.0	1.0	1.0	66.0	strong_rna_like	False	False	1.0	0.41269708	0.0	1.0	1.0	0.0	176.0	ambiguous	False	False	1.0	0.060612865	0.0	0.0	1.0	1.0	71.0	strong_rna_like	False	False	1.0	0.30165715	0.231319755	False	False
Ribo_ND_043264	rna_virus	0	Red	Red	0.30368137	0.0	0.0	1.0	1.0	598.0	moderate_rna_like	False	False	1.0	0.1599995	0.0	0.0	1.0	1.0	65.0	strong_rna_like	False	False	1.0	0.18437341	0.0	0.0	1.0	1.0	177.0	strong_rna_like	False	False	1.0	0.6886861	1.0	1.0	0.0	0.0	356.0	moderate_crucivirus_like	False	True	1.0	0.14368187000000002	0.231840435	False	False
Ribo_ND_056148	rna_virus	0	Red	Red	0.5390299	1.0	1.0	0.0	0.0	466.0	ambiguous	False	False	1.0	0.2644759	0.0	0.0	1.0	1.0	104.0	moderate_rna_like	False	False	1.0	0.29578945	0.0	0.0	1.0	1.0	177.0	moderate_rna_like	False	False	1.0	0.27757642	0.0	0.0	1.0	1.0	185.0	moderate_rna_like	False	False	1.0	0.27455399999999996	0.40175289999999997	False	False
Ribo_ND_294143	rna_virus	0	Red	Red	0.3393743	0.0	0.0	1.0	1.0	477.0	moderate_rna_like	False	False	1.0	0.033739194	0.0	0.0	1.0	1.0	45.0	strong_rna_like	False	False	1.0	0.16431224	0.0	0.0	1.0	1.0	176.0	strong_rna_like	False	False	1.0	0.7657356	1.0	1.0	0.0	0.0	256.0	moderate_crucivirus_like	False	True	1.0	0.305635106	0.18655674700000002	False	False
Ribo_ND_131051	rna_virus	0	Red	Red	0.43914527	0.0	0.0	1.0	1.0	478.0	ambiguous	False	False	1.0	0.13162906	0.0	0.0	1.0	1.0	86.0	strong_rna_like	False	False	1.0	0.28471875	0.0	0.0	1.0	1.0	185.0	moderate_rna_like	False	False	1.0	0.1634268	0.0	0.0	1.0	1.0	207.0	strong_rna_like	False	False	1.0	0.30751620999999996	0.285387165	False	False
Ribo_ND_329178	rna_virus	0	Red	Red	0.3087914	0.0	0.0	1.0	1.0	425.0	moderate_rna_like	False	False	1.0	0.14201847	0.0	0.0	1.0	1.0	37.0	strong_rna_like	False	False	1.0	0.04694593	0.0	0.0	1.0	1.0	163.0	strong_rna_like	False	False	1.0	0.2901151	0.0	0.0	1.0	1.0	225.0	moderate_rna_like	False	False	1.0	0.16677292999999999	0.225404935	False	False
Ribo_ND_092587	rna_virus	0	Red	Red	0.31508863	0.0	0.0	1.0	1.0	397.0	moderate_rna_like	False	False	1.0	0.16379808	0.0	0.0	1.0	1.0	57.0	strong_rna_like	False	False	1.0	0.10694301	0.0	0.0	1.0	1.0	175.0	strong_rna_like	False	False	1.0	0.72899437	1.0	1.0	0.0	0.0	165.0	moderate_crucivirus_like	False	True	1.0	0.15129054999999997	0.239443355	False	False
Ribo_ND_295007	rna_virus	0	Red	Red	0.28649858	0.0	0.0	1.0	1.0	317.0	moderate_rna_like	False	False	1.0	0.61403376	1.0	1.0	0.0	0.0	12.0	moderate_crucivirus_like	False	True	1.0	0.041614715	0.0	0.0	1.0	1.0	163.0	strong_rna_like	False	False	1.0	0.57514685	1.0	1.0	0.0	0.0	142.0	ambiguous	False	False	1.0	-0.32753518	0.45026617	False	False
Ribo_ND_091569	rna_virus	0	Red	Red	0.16373321	0.0	0.0	1.0	1.0	401.0	strong_rna_like	False	False	1.0	0.37660518	0.0	0.0	1.0	1.0	137.0	moderate_rna_like	False	False	1.0	0.43398288	0.0	1.0	1.0	0.0	189.0	ambiguous	False	False	1.0	0.56216997	1.0	1.0	0.0	0.0	75.0	ambiguous	False	False	1.0	-0.21287197	0.270169195	False	False
Ribo_ND_085206	rna_virus	0	Red	Red	0.14452341	0.0	0.0	1.0	1.0	307.0	strong_rna_like	False	False	1.0	0.028108336	0.0	0.0	1.0	1.0	37.0	strong_rna_like	False	False	1.0	0.5340845	1.0	1.0	0.0	0.0	190.0	ambiguous	False	False	1.0	0.54518855	1.0	1.0	0.0	0.0	80.0	ambiguous	False	False	1.0	0.116415074	0.086315873	False	False
Ribo_ND_379896	rna_virus	0	Red	Red	0.22969796	0.0	0.0	1.0	1.0	422.0	moderate_rna_like	False	False	1.0	0.08081099	0.0	0.0	1.0	1.0	82.0	strong_rna_like	False	False	1.0	0.11248987	0.0	0.0	1.0	1.0	180.0	strong_rna_like	False	False	1.0	0.4689237	0.0	1.0	1.0	0.0	160.0	ambiguous	False	False	1.0	0.14888697	0.155254475	False	False
Ribo_ND_382439	rna_virus	0	Red	Red	0.7182075	1.0	1.0	0.0	0.0	379.0	moderate_crucivirus_like	False	True	1.0	0.6287429	1.0	1.0	0.0	0.0	46.0	moderate_crucivirus_like	False	True	1.0	0.049521375	0.0	0.0	1.0	1.0	178.0	strong_rna_like	False	False	1.0	0.23644844	0.0	0.0	1.0	1.0	155.0	moderate_rna_like	False	False	1.0	0.0894646	0.6734751999999999	False	True
Ribo_ND_133927	rna_virus	0	Red	Red	0.17001693	0.0	0.0	1.0	1.0	399.0	strong_rna_like	False	False	1.0	0.12806398	0.0	0.0	1.0	1.0	48.0	strong_rna_like	False	False	1.0	0.17861265	0.0	0.0	1.0	1.0	196.0	strong_rna_like	False	False	1.0	0.51182586	1.0	1.0	0.0	0.0	155.0	ambiguous	False	False	1.0	0.04195295000000002	0.14904045500000002	False	False
Ribo_ND_113090	rna_virus	0	Red	Red	0.22908475	0.0	0.0	1.0	1.0	356.0	moderate_rna_like	False	False	1.0	0.029791387	0.0	0.0	1.0	1.0	78.0	strong_rna_like	False	False	1.0	0.17535701	0.0	0.0	1.0	1.0	167.0	strong_rna_like	False	False	1.0	0.3253672	0.0	0.0	1.0	1.0	111.0	moderate_rna_like	False	False	1.0	0.199293363	0.1294380685	False	False
Cruci_CruV-869	crucivirus	1	Red	Red	0.8007027	1.0	1.0	1.0	1.0	461.0	strong_crucivirus_like	False	False	1.0	0.9408797	1.0	1.0	1.0	1.0	136.0	strong_crucivirus_like	False	False	1.0	0.43007174	0.0	1.0	0.0	1.0	172.0	ambiguous	False	False	1.0	0.21903203	0.0	0.0	0.0	0.0	153.0	moderate_rna_like	False	True	1.0	-0.140177	0.8707912	False	False
Ribo_ND_125904	rna_virus	0	Red	Red	0.7502219	1.0	1.0	0.0	0.0	542.0	moderate_crucivirus_like	False	True	1.0	0.5192485	1.0	1.0	0.0	0.0	227.0	ambiguous	False	False	1.0	0.41461194	0.0	1.0	1.0	0.0	171.0	ambiguous	False	False	1.0	0.5635954	1.0	1.0	0.0	0.0	144.0	ambiguous	False	False	1.0	0.2309734	0.6347351999999999	False	False
Ribo_ND_152138	rna_virus	0	Red	Red	0.675236	1.0	1.0	0.0	0.0	484.0	moderate_crucivirus_like	False	True	1.0	0.44579867	0.0	0.0	1.0	1.0	162.0	ambiguous	False	False	1.0	0.273284	0.0	0.0	1.0	1.0	170.0	moderate_rna_like	False	False	1.0	0.5152305	1.0	1.0	0.0	0.0	152.0	ambiguous	False	False	1.0	0.22943732999999994	0.560517335	False	False
Ribo_ND_133241	rna_virus	0	Red	Red	0.5784668	1.0	1.0	0.0	0.0	474.0	ambiguous	False	False	1.0	0.32482913	0.0	0.0	1.0	1.0	155.0	moderate_rna_like	False	False	1.0	0.18564355	0.0	0.0	1.0	1.0	170.0	strong_rna_like	False	False	1.0	0.4119184	0.0	0.0	1.0	1.0	149.0	ambiguous	False	False	1.0	0.2536376699999999	0.451647965	False	False
Ribo_ND_082351	rna_virus	0	Red	Red	0.70566237	1.0	1.0	0.0	0.0	479.0	moderate_crucivirus_like	False	True	1.0	0.75151056	1.0	1.0	0.0	0.0	152.0	moderate_crucivirus_like	False	True	1.0	0.21365035	0.0	0.0	1.0	1.0	175.0	moderate_rna_like	False	False	1.0	0.6008312	1.0	1.0	0.0	0.0	152.0	moderate_crucivirus_like	False	True	1.0	-0.045848190000000066	0.728586465	False	True
Ribo_ND_125033	rna_virus	0	Red	Red	0.39145973	0.0	0.0	1.0	1.0	418.0	moderate_rna_like	False	False	1.0	0.6659635	1.0	1.0	0.0	0.0	107.0	moderate_crucivirus_like	False	True	1.0	0.30409405	0.0	0.0	1.0	1.0	172.0	moderate_rna_like	False	False	1.0	0.38072488	0.0	0.0	1.0	1.0	139.0	moderate_rna_like	False	False	1.0	-0.27450377000000004	0.528711615	False	False
Ribo_ND_030168	rna_virus	0	Red	Red	0.7915315	1.0	1.0	0.0	0.0	471.0	moderate_crucivirus_like	False	True	1.0	0.9178825	1.0	1.0	0.0	0.0	160.0	strong_crucivirus_like	True	True	1.0	0.2991155	0.0	0.0	1.0	1.0	172.0	moderate_rna_like	False	False	1.0	0.3243606	0.0	0.0	1.0	1.0	139.0	moderate_rna_like	False	False	1.0	-0.126351	0.8547070000000001	False	True
Ribo_ND_107279	rna_virus	0	Red	Red	0.46419835	0.0	0.0	1.0	1.0	477.0	ambiguous	False	False	1.0	0.6404528	1.0	1.0	0.0	0.0	165.0	moderate_crucivirus_like	False	True	1.0	0.17145301	0.0	0.0	1.0	1.0	172.0	strong_rna_like	False	False	1.0	0.20441015	0.0	0.0	1.0	1.0	140.0	moderate_rna_like	False	False	1.0	-0.17625445000000006	0.552325575	False	False
Ribo_ND_028684	rna_virus	0	Red	Red	0.40151498	0.0	0.0	1.0	1.0	499.0	ambiguous	False	False	1.0	0.50741595	1.0	0.0	0.0	1.0	187.0	ambiguous	False	False	1.0	0.19954042	0.0	0.0	1.0	1.0	172.0	strong_rna_like	False	False	1.0	0.31806204	0.0	0.0	1.0	1.0	140.0	moderate_rna_like	False	False	1.0	-0.10590096999999993	0.45446546499999996	False	False
Ribo_ND_030439	rna_virus	0	Red	Red	0.5788061	1.0	1.0	0.0	0.0	512.0	ambiguous	False	False	1.0	0.7546149	1.0	1.0	0.0	0.0	201.0	moderate_crucivirus_like	False	True	1.0	0.16702165	0.0	0.0	1.0	1.0	170.0	strong_rna_like	False	False	1.0	0.47496772	0.0	1.0	1.0	0.0	141.0	ambiguous	False	False	1.0	-0.1758088	0.6667105	False	False
Ribo_ND_134564	rna_virus	0	Red	Red	0.51660794	1.0	1.0	0.0	0.0	528.0	ambiguous	False	False	1.0	0.63587683	1.0	1.0	0.0	0.0	211.0	moderate_crucivirus_like	False	True	1.0	0.21660466	0.0	0.0	1.0	1.0	172.0	moderate_rna_like	False	False	1.0	0.35079545	0.0	0.0	1.0	1.0	145.0	moderate_rna_like	False	False	1.0	-0.11926888999999996	0.576242385	False	False
Ribo_ND_030182	rna_virus	0	Red	Red	0.47352463	0.0	0.0	1.0	1.0	492.0	ambiguous	False	False	1.0	0.40826666	0.0	0.0	1.0	1.0	184.0	ambiguous	False	False	1.0	0.4512006	0.0	1.0	1.0	0.0	170.0	ambiguous	False	False	1.0	0.3475336	0.0	0.0	1.0	1.0	138.0	moderate_rna_like	False	False	1.0	0.06525797	0.440895645	False	False
Ribo_ND_121659	rna_virus	0	Red	Red	0.41540006	0.0	0.0	1.0	1.0	498.0	ambiguous	False	False	1.0	0.53818405	1.0	1.0	0.0	0.0	187.0	ambiguous	False	False	1.0	0.23364195	0.0	0.0	1.0	1.0	170.0	moderate_rna_like	False	False	1.0	0.27662182	0.0	0.0	1.0	1.0	141.0	moderate_rna_like	False	False	1.0	-0.12278399000000001	0.476792055	False	False
Ribo_ND_258921	rna_virus	0	Red	Red	0.59892225	1.0	1.0	0.0	0.0	549.0	ambiguous	False	False	1.0	0.7484906	1.0	1.0	0.0	0.0	236.0	moderate_crucivirus_like	False	True	1.0	0.3013733	0.0	0.0	1.0	1.0	170.0	moderate_rna_like	False	False	1.0	0.4334006	0.0	0.0	1.0	1.0	143.0	ambiguous	False	False	1.0	-0.14956835000000002	0.673706425	False	False
Ribo_ND_370446	rna_virus	0	Red	Red	0.4149758	0.0	0.0	1.0	1.0	520.0	ambiguous	False	False	1.0	0.38935912	0.0	0.0	1.0	1.0	208.0	moderate_rna_like	False	False	1.0	0.19498299	0.0	0.0	1.0	1.0	170.0	strong_rna_like	False	False	1.0	0.5085946	1.0	1.0	0.0	0.0	142.0	ambiguous	False	False	1.0	0.025616680000000003	0.40216746000000003	False	False
Ribo_ND_025117	rna_virus	0	Red	Red	0.33297047	0.0	0.0	1.0	1.0	537.0	moderate_rna_like	False	False	1.0	0.2880232	0.0	0.0	1.0	1.0	227.0	moderate_rna_like	False	False	1.0	0.26496008	0.0	0.0	1.0	1.0	170.0	moderate_rna_like	False	False	1.0	0.45105416	0.0	0.0	1.0	1.0	140.0	ambiguous	False	False	1.0	0.04494727000000004	0.310496835	False	False
Ribo_ND_085900	rna_virus	0	Red	Red	0.49664852	0.0	1.0	1.0	0.0	486.0	ambiguous	False	False	1.0	0.24973743	0.0	0.0	1.0	1.0	170.0	moderate_rna_like	False	False	1.0	0.2971188	0.0	0.0	1.0	1.0	170.0	moderate_rna_like	False	False	1.0	0.45775828	0.0	0.0	1.0	1.0	146.0	ambiguous	False	False	1.0	0.24691108999999997	0.373192975	False	False
Ribo_ND_081609	rna_virus	0	Red	Red	0.456304	0.0	0.0	1.0	1.0	477.0	ambiguous	False	False	1.0	0.3498214	0.0	0.0	1.0	1.0	165.0	moderate_rna_like	False	False	1.0	0.17802308	0.0	0.0	1.0	1.0	170.0	strong_rna_like	False	False	1.0	0.49491346	0.0	1.0	1.0	0.0	142.0	ambiguous	False	False	1.0	0.10648259999999998	0.4030627	False	False
Ribo_ND_109125	rna_virus	0	Red	Red	0.36301348	0.0	0.0	1.0	1.0	564.0	moderate_rna_like	False	False	1.0	0.05439412	0.0	0.0	1.0	1.0	242.0	strong_rna_like	False	False	1.0	0.28147647	0.0	0.0	1.0	1.0	170.0	moderate_rna_like	False	False	1.0	0.61864996	1.0	1.0	0.0	0.0	152.0	moderate_crucivirus_like	False	True	1.0	0.30861936	0.2087038	False	False
Ribo_ND_082626	rna_virus	0	Red	Red	0.6894412	1.0	1.0	0.0	0.0	613.0	moderate_crucivirus_like	False	True	1.0	0.24721526	0.0	0.0	1.0	1.0	296.0	moderate_rna_like	False	False	1.0	0.6056336	1.0	1.0	0.0	0.0	170.0	moderate_crucivirus_like	False	True	1.0	0.2665722	0.0	0.0	1.0	1.0	147.0	moderate_rna_like	False	False	1.0	0.44222594	0.46832823	False	False
Ribo_ND_081873	rna_virus	0	Red	Red	0.77355224	1.0	1.0	0.0	0.0	618.0	moderate_crucivirus_like	False	True	1.0	0.35415736	0.0	0.0	1.0	1.0	297.0	moderate_rna_like	False	False	1.0	0.51585764	1.0	1.0	0.0	0.0	170.0	ambiguous	False	False	1.0	0.5033921	1.0	1.0	0.0	0.0	151.0	ambiguous	False	False	1.0	0.41939488	0.5638548	False	False
Ribo_ND_166599	rna_virus	0	Red	Red	0.34616148	0.0	0.0	1.0	1.0	572.0	moderate_rna_like	False	False	1.0	0.0738987	0.0	0.0	1.0	1.0	240.0	strong_rna_like	False	False	1.0	0.3783751	0.0	0.0	1.0	1.0	170.0	moderate_rna_like	False	False	1.0	0.53697306	1.0	1.0	0.0	0.0	162.0	ambiguous	False	False	1.0	0.27226278000000004	0.21003009	False	False
Ribo_ND_030500	rna_virus	0	Red	Red	0.33355474	0.0	0.0	1.0	1.0	561.0	moderate_rna_like	False	False	1.0	0.14907408	0.0	0.0	1.0	1.0	236.0	strong_rna_like	False	False	1.0	0.14694464	0.0	0.0	1.0	1.0	170.0	strong_rna_like	False	False	1.0	0.58930486	1.0	1.0	0.0	0.0	155.0	ambiguous	False	False	1.0	0.18448066000000002	0.24131441	False	False
Ribo_ND_082485	rna_virus	0	Red	Red	0.31794235	0.0	0.0	1.0	1.0	557.0	moderate_rna_like	False	False	1.0	0.21837835	0.0	0.0	1.0	1.0	228.0	moderate_rna_like	False	False	1.0	0.14224511	0.0	0.0	1.0	1.0	170.0	strong_rna_like	False	False	1.0	0.47363305	0.0	1.0	1.0	0.0	159.0	ambiguous	False	False	1.0	0.09956399999999999	0.26816035	False	False
Ribo_ND_015828	rna_virus	0	Red	Red	0.26803795	0.0	0.0	1.0	1.0	478.0	moderate_rna_like	False	False	1.0	0.28568655	0.0	0.0	1.0	1.0	152.0	moderate_rna_like	False	False	1.0	0.526826	1.0	1.0	0.0	0.0	178.0	ambiguous	False	False	1.0	0.31295025	0.0	0.0	1.0	1.0	148.0	moderate_rna_like	False	False	1.0	-0.01764859999999996	0.27686225	False	False
Ribo_tomREF_NC_003633	rna_virus	0	Red	Red	0.38111797	0.0	0.0	1.0	1.0	454.0	moderate_rna_like	False	False	1.0	0.39663738	0.0	0.0	1.0	1.0	128.0	moderate_rna_like	False	False	1.0	0.526826	1.0	1.0	0.0	0.0	178.0	ambiguous	False	False	1.0	0.31295043	0.0	0.0	1.0	1.0	148.0	moderate_rna_like	False	False	1.0	-0.015519410000000011	0.388877675	False	False
Ribo_ND_094098	rna_virus	0	Red	Red	0.44813037	0.0	0.0	1.0	1.0	463.0	ambiguous	False	False	1.0	0.27991417	0.0	0.0	1.0	1.0	145.0	moderate_rna_like	False	False	1.0	0.54803693	1.0	1.0	0.0	0.0	177.0	ambiguous	False	False	1.0	0.2721044	0.0	0.0	1.0	1.0	141.0	moderate_rna_like	False	False	1.0	0.16821619999999998	0.36402227	False	False
Ribo_ND_189456	rna_virus	0	Red	Red	0.11858057	0.0	0.0	1.0	1.0	526.0	strong_rna_like	False	False	1.0	0.0874203	0.0	0.0	1.0	1.0	208.0	strong_rna_like	False	False	1.0	0.33781618	0.0	0.0	1.0	1.0	178.0	moderate_rna_like	False	False	1.0	0.4082917	0.0	0.0	1.0	1.0	140.0	ambiguous	False	False	1.0	0.03116026999999999	0.103000435	False	False
Ribo_ND_025260	rna_virus	0	Red	Red	0.22556289	0.0	0.0	1.0	1.0	489.0	moderate_rna_like	False	False	1.0	0.21041659	0.0	0.0	1.0	1.0	172.0	moderate_rna_like	False	False	1.0	0.24817072	0.0	0.0	1.0	1.0	178.0	moderate_rna_like	False	False	1.0	0.53059375	1.0	1.0	0.0	0.0	139.0	ambiguous	False	False	1.0	0.015146300000000001	0.21798974	False	False
Ribo_ND_249677	rna_virus	0	Red	Red	0.2901604	0.0	0.0	1.0	1.0	557.0	moderate_rna_like	False	False	1.0	0.10728389	0.0	0.0	1.0	1.0	237.0	strong_rna_like	False	False	1.0	0.30565077	0.0	0.0	1.0	1.0	178.0	moderate_rna_like	False	False	1.0	0.43722364	0.0	0.0	1.0	1.0	142.0	ambiguous	False	False	1.0	0.18287651	0.198722145	False	False
Ribo_ND_029391	rna_virus	0	Red	Red	0.14427468	0.0	0.0	1.0	1.0	509.0	strong_rna_like	False	False	1.0	0.1660751	0.0	0.0	1.0	1.0	190.0	strong_rna_like	False	False	1.0	0.41640323	0.0	1.0	1.0	0.0	178.0	ambiguous	False	False	1.0	0.36319074	0.0	0.0	1.0	1.0	141.0	moderate_rna_like	False	False	1.0	-0.021800420000000015	0.15517489	False	False
Ribo_ND_106539	rna_virus	0	Red	Red	0.17877066	0.0	0.0	1.0	1.0	536.0	strong_rna_like	False	False	1.0	0.19087556	0.0	0.0	1.0	1.0	214.0	strong_rna_like	False	False	1.0	0.37262288	0.0	0.0	1.0	1.0	178.0	moderate_rna_like	False	False	1.0	0.46938497	0.0	1.0	1.0	0.0	144.0	ambiguous	False	False	1.0	-0.012104900000000002	0.18482311	False	False
Ribo_ND_080952	rna_virus	0	Red	Red	0.48531422	0.0	0.0	1.0	1.0	516.0	ambiguous	False	False	1.0	0.33114055	0.0	0.0	1.0	1.0	200.0	moderate_rna_like	False	False	1.0	0.27288902	0.0	0.0	1.0	1.0	176.0	moderate_rna_like	False	False	1.0	0.42764077	0.0	0.0	1.0	1.0	140.0	ambiguous	False	False	1.0	0.15417367000000004	0.408227385	False	False
Ribo_ND_166868	rna_virus	0	Red	Red	0.48884502	0.0	0.0	1.0	1.0	410.0	ambiguous	False	False	1.0	0.34630835	0.0	0.0	1.0	1.0	101.0	moderate_rna_like	False	False	1.0	0.22713493	0.0	0.0	1.0	1.0	170.0	moderate_rna_like	False	False	1.0	0.4965603	0.0	1.0	1.0	0.0	139.0	ambiguous	False	False	1.0	0.14253667000000003	0.417576685	False	False
Ribo_ND_163158	rna_virus	0	Red	Red	0.78929245	1.0	1.0	0.0	0.0	430.0	moderate_crucivirus_like	False	True	1.0	0.6810596	1.0	1.0	0.0	0.0	121.0	moderate_crucivirus_like	False	True	1.0	0.23557465	0.0	0.0	1.0	1.0	170.0	moderate_rna_like	False	False	1.0	0.46785268	0.0	1.0	1.0	0.0	139.0	ambiguous	False	False	1.0	0.10823285000000005	0.735176025	False	True
Ribo_ND_120998	rna_virus	0	Red	Red	0.38555202	0.0	0.0	1.0	1.0	543.0	moderate_rna_like	False	False	1.0	0.18620358	0.0	0.0	1.0	1.0	226.0	strong_rna_like	False	False	1.0	0.39263016	0.0	0.0	1.0	1.0	170.0	moderate_rna_like	False	False	1.0	0.7179139	1.0	1.0	0.0	0.0	147.0	moderate_crucivirus_like	False	True	1.0	0.19934844	0.2858778	False	False
Ribo_ND_188635	rna_virus	0	Red	Red	0.40393746	0.0	0.0	1.0	1.0	489.0	ambiguous	False	False	1.0	0.65189755	1.0	1.0	0.0	0.0	177.0	moderate_crucivirus_like	False	True	1.0	0.28253356	0.0	0.0	1.0	1.0	170.0	moderate_rna_like	False	False	1.0	0.6189542	1.0	1.0	0.0	0.0	142.0	moderate_crucivirus_like	False	True	1.0	-0.24796009000000002	0.527917505	False	False
Ribo_ND_124702	rna_virus	0	Red	Red	0.68438756	1.0	1.0	0.0	0.0	496.0	moderate_crucivirus_like	False	True	1.0	0.32565707	0.0	0.0	1.0	1.0	173.0	moderate_rna_like	False	False	1.0	0.13868731	0.0	0.0	1.0	1.0	170.0	strong_rna_like	False	False	1.0	0.6094225	1.0	1.0	0.0	0.0	153.0	moderate_crucivirus_like	False	True	1.0	0.35873049	0.5050223149999999	False	False
Ribo_ND_134054	rna_virus	0	Red	Red	0.21168418	0.0	0.0	1.0	1.0	580.0	moderate_rna_like	False	False	1.0	0.056984864	0.0	0.0	1.0	1.0	250.0	strong_rna_like	False	False	1.0	0.08558317	0.0	0.0	1.0	1.0	170.0	strong_rna_like	False	False	1.0	0.50067943	1.0	1.0	0.0	0.0	160.0	ambiguous	False	False	1.0	0.154699316	0.134334522	False	False
Ribo_ND_082480	rna_virus	0	Red	Red	0.5796073	1.0	1.0	0.0	0.0	560.0	ambiguous	False	False	1.0	0.20494895	0.0	0.0	1.0	1.0	227.0	moderate_rna_like	False	False	1.0	0.082112394	0.0	0.0	1.0	1.0	170.0	strong_rna_like	False	False	1.0	0.6384219	1.0	1.0	0.0	0.0	163.0	moderate_crucivirus_like	False	True	1.0	0.37465835000000003	0.39227812500000003	False	False
Ribo_ND_124503	rna_virus	0	Red	Red	0.17287391	0.0	0.0	1.0	1.0	561.0	strong_rna_like	False	False	1.0	0.087476864	0.0	0.0	1.0	1.0	231.0	strong_rna_like	False	False	1.0	0.3241159	0.0	0.0	1.0	1.0	170.0	moderate_rna_like	False	False	1.0	0.49001226	0.0	1.0	1.0	0.0	160.0	ambiguous	False	False	1.0	0.08539704599999999	0.130175387	False	False
Ribo_ND_044314	rna_virus	0	Red	Red	0.37992814	0.0	0.0	1.0	1.0	592.0	moderate_rna_like	False	False	1.0	0.105031945	0.0	0.0	1.0	1.0	260.0	strong_rna_like	False	False	1.0	0.1406262	0.0	0.0	1.0	1.0	169.0	strong_rna_like	False	False	1.0	0.3566452	0.0	0.0	1.0	1.0	163.0	moderate_rna_like	False	False	1.0	0.274896195	0.24248004250000002	False	False
Ribo_ND_133967	rna_virus	0	Red	Red	0.4679624	0.0	0.0	1.0	1.0	566.0	ambiguous	False	False	1.0	0.1752151	0.0	0.0	1.0	1.0	236.0	strong_rna_like	False	False	1.0	0.16020602	0.0	0.0	1.0	1.0	170.0	strong_rna_like	False	False	1.0	0.571641	1.0	1.0	0.0	0.0	160.0	ambiguous	False	False	1.0	0.2927473	0.32158875	False	False
Ribo_ND_391215	rna_virus	0	Red	Red	0.646781	1.0	1.0	0.0	0.0	519.0	moderate_crucivirus_like	False	True	1.0	0.25484368	0.0	0.0	1.0	1.0	214.0	moderate_rna_like	False	False	1.0	0.119606875	0.0	0.0	1.0	1.0	172.0	strong_rna_like	False	False	1.0	0.24183947	0.0	0.0	1.0	1.0	133.0	moderate_rna_like	False	False	1.0	0.39193732000000003	0.45081234000000003	False	False
Ribo_ND_391471	rna_virus	0	Red	Red	0.32445475	0.0	0.0	1.0	1.0	531.0	moderate_rna_like	False	False	1.0	0.08697111	0.0	0.0	1.0	1.0	227.0	strong_rna_like	False	False	1.0	0.10399594	0.0	0.0	1.0	1.0	172.0	strong_rna_like	False	False	1.0	0.1440831	0.0	0.0	1.0	1.0	132.0	strong_rna_like	False	False	1.0	0.23748364	0.20571293000000002	False	False
Ribo_ND_025456	rna_virus	0	Red	Red	0.22515976	0.0	0.0	1.0	1.0	517.0	moderate_rna_like	False	False	1.0	0.1382077	0.0	0.0	1.0	1.0	212.0	strong_rna_like	False	False	1.0	0.08034886	0.0	0.0	1.0	1.0	172.0	strong_rna_like	False	False	1.0	0.30021006	0.0	0.0	1.0	1.0	133.0	moderate_rna_like	False	False	1.0	0.08695206	0.18168373	False	False
Ribo_ND_288221	rna_virus	0	Red	Red	0.7201858	1.0	1.0	0.0	0.0	634.0	moderate_crucivirus_like	False	True	1.0	0.35413265	0.0	0.0	1.0	1.0	326.0	moderate_rna_like	False	False	1.0	0.39435998	0.0	0.0	1.0	1.0	168.0	moderate_rna_like	False	False	1.0	0.26179	0.0	0.0	1.0	1.0	140.0	moderate_rna_like	False	False	1.0	0.36605315	0.537159225	False	False
Ribo_ND_284819	rna_virus	0	Red	Red	0.56067926	1.0	1.0	0.0	0.0	631.0	ambiguous	False	False	1.0	0.25123248	0.0	0.0	1.0	1.0	323.0	moderate_rna_like	False	False	1.0	0.41479015	0.0	1.0	1.0	0.0	168.0	ambiguous	False	False	1.0	0.2681109	0.0	0.0	1.0	1.0	140.0	moderate_rna_like	False	False	1.0	0.30944678000000003	0.40595587	False	False
Ribo_ND_025209	rna_virus	0	Red	Red	0.14723545	0.0	0.0	1.0	1.0	459.0	strong_rna_like	False	False	1.0	0.114722244	0.0	0.0	1.0	1.0	159.0	strong_rna_like	False	False	1.0	0.25426844	0.0	0.0	1.0	1.0	173.0	moderate_rna_like	False	False	1.0	0.26564217	0.0	0.0	1.0	1.0	127.0	moderate_rna_like	False	False	1.0	0.03251320599999999	0.130978847	False	False
Ribo_ND_025587	rna_virus	0	Red	Red	0.26928115	0.0	0.0	1.0	1.0	406.0	moderate_rna_like	False	False	1.0	0.27662522	0.0	0.0	1.0	1.0	99.0	moderate_rna_like	False	False	1.0	0.22833085	0.0	0.0	1.0	1.0	169.0	moderate_rna_like	False	False	1.0	0.28854483	0.0	0.0	1.0	1.0	138.0	moderate_rna_like	False	False	1.0	-0.00734406999999998	0.272953185	False	False
Ribo_ND_019433	rna_virus	0	Red	Red	0.15355219	0.0	0.0	1.0	1.0	338.0	strong_rna_like	False	False	1.0	0.029854808	0.0	0.0	1.0	1.0	42.0	strong_rna_like	False	False	1.0	0.103840224	0.0	0.0	1.0	1.0	168.0	strong_rna_like	False	False	1.0	0.14525643	0.0	0.0	1.0	1.0	128.0	strong_rna_like	False	False	1.0	0.12369738200000001	0.09170349900000001	False	False
Ribo_ND_094357	rna_virus	0	Red	Red	0.12373276	0.0	0.0	1.0	1.0	338.0	strong_rna_like	False	False	1.0	0.018116418	0.0	0.0	1.0	1.0	41.0	strong_rna_like	False	False	1.0	0.14956345	0.0	0.0	1.0	1.0	169.0	strong_rna_like	False	False	1.0	0.1056467	0.0	0.0	1.0	1.0	128.0	strong_rna_like	False	False	1.0	0.105616342	0.070924589	False	False
Ribo_ND_124237	rna_virus	0	Red	Red	0.38289633	0.0	0.0	1.0	1.0	518.0	moderate_rna_like	False	False	1.0	0.43115607	0.0	0.0	1.0	1.0	166.0	ambiguous	False	False	1.0	0.17206757	0.0	0.0	1.0	1.0	192.0	strong_rna_like	False	False	1.0	0.34462357	0.0	0.0	1.0	1.0	160.0	moderate_rna_like	False	False	1.0	-0.048259739999999995	0.4070262	False	False
Ribo_ND_391223	rna_virus	0	Red	Red	0.27028912	0.0	0.0	1.0	1.0	390.0	moderate_rna_like	False	False	1.0	0.08469078	0.0	0.0	1.0	1.0	86.0	strong_rna_like	False	False	1.0	0.23235647	0.0	0.0	1.0	1.0	172.0	moderate_rna_like	False	False	1.0	0.270445	0.0	0.0	1.0	1.0	132.0	moderate_rna_like	False	False	1.0	0.18559834	0.17748995	False	False
Ribo_ND_285582	rna_virus	0	Red	Red	0.36098054	0.0	0.0	1.0	1.0	643.0	moderate_rna_like	False	False	1.0	0.5192544	1.0	1.0	0.0	0.0	300.0	ambiguous	False	False	1.0	0.13315035	0.0	0.0	1.0	1.0	178.0	strong_rna_like	False	False	1.0	0.1502224	0.0	0.0	1.0	1.0	165.0	strong_rna_like	False	False	1.0	-0.15827386	0.44011747	False	False
Ribo_ND_336310	rna_virus	0	Red	Red	0.867631	1.0	1.0	0.0	0.0	598.0	strong_crucivirus_like	True	True	1.0	0.9531477	1.0	1.0	0.0	0.0	245.0	strong_crucivirus_like	True	True	1.0	0.17108265	0.0	0.0	1.0	1.0	180.0	strong_rna_like	False	False	1.0	0.110950716	0.0	0.0	1.0	1.0	173.0	strong_rna_like	False	False	1.0	-0.0855167	0.91038935	True	True
Ribo_ND_138350	rna_virus	0	Red	Red	0.41397747	0.0	0.0	1.0	1.0	561.0	ambiguous	False	False	1.0	0.19001238	0.0	0.0	1.0	1.0	163.0	strong_rna_like	False	False	1.0	0.13448818	0.0	0.0	1.0	1.0	177.0	strong_rna_like	False	False	1.0	0.2676835	0.0	0.0	1.0	1.0	221.0	moderate_rna_like	False	False	1.0	0.22396509	0.301994925	False	False
Ribo_ND_287427	rna_virus	0	Red	Red	0.25641757	0.0	0.0	1.0	1.0	500.0	moderate_rna_like	False	False	1.0	0.3044668	0.0	0.0	1.0	1.0	146.0	moderate_rna_like	False	False	1.0	0.10941636	0.0	0.0	1.0	1.0	177.0	strong_rna_like	False	False	1.0	0.3165551	0.0	0.0	1.0	1.0	177.0	moderate_rna_like	False	False	1.0	-0.04804923	0.28044218499999995	False	False
Ribo_ND_385553	rna_virus	0	Red	Red	0.15217973	0.0	0.0	1.0	1.0	428.0	strong_rna_like	False	False	1.0	0.16041356	0.0	0.0	1.0	1.0	107.0	strong_rna_like	False	False	1.0	0.20570037	0.0	0.0	1.0	1.0	173.0	moderate_rna_like	False	False	1.0	0.34099117	0.0	0.0	1.0	1.0	148.0	moderate_rna_like	False	False	1.0	-0.008233829999999998	0.156296645	False	False
Ribo_ND_378405	rna_virus	0	Red	Red	0.11713548	0.0	0.0	1.0	1.0	529.0	strong_rna_like	False	False	1.0	0.15479901	0.0	0.0	1.0	1.0	172.0	strong_rna_like	False	False	1.0	0.5003512	1.0	1.0	0.0	0.0	181.0	ambiguous	False	False	1.0	0.76007026	1.0	1.0	0.0	0.0	176.0	moderate_crucivirus_like	False	True	1.0	-0.03766352999999999	0.135967245	False	False
Ribo_ND_390213	rna_virus	0	Red	Red	0.51548374	1.0	1.0	0.0	0.0	422.0	ambiguous	False	False	1.0	0.43723413	0.0	0.0	1.0	1.0	116.0	ambiguous	False	False	1.0	0.13958	0.0	0.0	1.0	1.0	171.0	strong_rna_like	False	False	1.0	0.34008625	0.0	0.0	1.0	1.0	135.0	moderate_rna_like	False	False	1.0	0.07824960999999997	0.476358935	False	False
Ribo_ND_064397	rna_virus	0	Red	Red	0.41119072	0.0	0.0	1.0	1.0	559.0	ambiguous	False	False	1.0	0.34986097	0.0	0.0	1.0	1.0	209.0	moderate_rna_like	False	False	1.0	0.096656635	0.0	0.0	1.0	1.0	174.0	strong_rna_like	False	False	1.0	0.5765497	1.0	1.0	0.0	0.0	176.0	ambiguous	False	False	1.0	0.061329750000000016	0.380525845	False	False
Ribo_ND_126269	rna_virus	0	Red	Red	0.4557351	0.0	0.0	1.0	1.0	515.0	ambiguous	False	False	1.0	0.29348403	0.0	0.0	1.0	1.0	100.0	moderate_rna_like	False	False	1.0	0.3619898	0.0	0.0	1.0	1.0	192.0	moderate_rna_like	False	False	1.0	0.73731756	1.0	1.0	0.0	0.0	223.0	moderate_crucivirus_like	False	True	1.0	0.16225107	0.374609565	False	False
Ribo_ND_017060	rna_virus	0	Red	Red	0.4176777	0.0	0.0	1.0	1.0	386.0	ambiguous	False	False	1.0	0.42816532	0.0	0.0	1.0	1.0	84.0	ambiguous	False	False	1.0	0.14949274	0.0	0.0	1.0	1.0	175.0	strong_rna_like	False	False	1.0	0.3310796	0.0	0.0	1.0	1.0	127.0	moderate_rna_like	False	False	1.0	-0.01048762000000003	0.42292151	False	False
Ribo_ND_061784	rna_virus	0	Red	Red	0.1765532	0.0	0.0	1.0	1.0	392.0	strong_rna_like	False	False	1.0	0.2610173	0.0	0.0	1.0	1.0	91.0	moderate_rna_like	False	False	1.0	0.26470584	0.0	0.0	1.0	1.0	174.0	moderate_rna_like	False	False	1.0	0.121744685	0.0	0.0	1.0	1.0	127.0	strong_rna_like	False	False	1.0	-0.08446410000000001	0.21878525	False	False
Ribo_ND_015659	rna_virus	0	Red	Red	0.5120194	1.0	1.0	0.0	0.0	434.0	ambiguous	False	False	1.0	0.326218	0.0	0.0	1.0	1.0	130.0	moderate_rna_like	False	False	1.0	0.07659376	0.0	0.0	1.0	1.0	173.0	strong_rna_like	False	False	1.0	0.43181777	0.0	0.0	1.0	1.0	131.0	ambiguous	False	False	1.0	0.1858014	0.4191187	False	False
Ribo_Melon_necrotic_spot_virus_NC_001504	rna_virus	0	Red	Red	0.30078205	0.0	0.0	1.0	1.0	390.0	moderate_rna_like	False	False	1.0	0.24868363	0.0	0.0	1.0	1.0	86.0	moderate_rna_like	False	False	1.0	0.07659376	0.0	0.0	1.0	1.0	173.0	strong_rna_like	False	False	1.0	0.43181777	0.0	0.0	1.0	1.0	131.0	ambiguous	False	False	1.0	0.052098420000000034	0.27473284	False	False
Ribo_ND_370454	rna_virus	0	Red	Red	0.47095028	0.0	0.0	1.0	1.0	389.0	ambiguous	False	False	1.0	0.34208974	0.0	0.0	1.0	1.0	87.0	moderate_rna_like	False	False	1.0	0.08773306	0.0	0.0	1.0	1.0	173.0	strong_rna_like	False	False	1.0	0.35073492	0.0	0.0	1.0	1.0	129.0	moderate_rna_like	False	False	1.0	0.12886054000000002	0.40652001	False	False
Ribo_ND_094718	rna_virus	0	Red	Red	0.22097626	0.0	0.0	1.0	1.0	394.0	moderate_rna_like	False	False	1.0	0.13024788	0.0	0.0	1.0	1.0	96.0	strong_rna_like	False	False	1.0	0.54910976	1.0	1.0	0.0	0.0	177.0	ambiguous	False	False	1.0	0.3793569	0.0	0.0	1.0	1.0	121.0	moderate_rna_like	False	False	1.0	0.09072838	0.17561207	False	False
Ribo_ND_015997	rna_virus	0	Red	Red	0.3204816	0.0	0.0	1.0	1.0	364.0	moderate_rna_like	False	False	1.0	0.20876665	0.0	0.0	1.0	1.0	66.0	moderate_rna_like	False	False	1.0	0.1271582	0.0	0.0	1.0	1.0	173.0	strong_rna_like	False	False	1.0	0.31419066	0.0	0.0	1.0	1.0	125.0	moderate_rna_like	False	False	1.0	0.11171494999999998	0.264624125	False	False
Ribo_ND_015955	rna_virus	0	Red	Red	0.75496775	1.0	1.0	0.0	0.0	380.0	moderate_crucivirus_like	False	True	1.0	0.4285056	0.0	0.0	1.0	1.0	80.0	ambiguous	False	False	1.0	0.09363947	0.0	0.0	1.0	1.0	174.0	strong_rna_like	False	False	1.0	0.2588846	0.0	0.0	1.0	1.0	126.0	moderate_rna_like	False	False	1.0	0.32646215000000006	0.591736675	False	False
Ribo_ND_025305	rna_virus	0	Red	Red	0.4557484	0.0	0.0	1.0	1.0	382.0	ambiguous	False	False	1.0	0.2642325	0.0	0.0	1.0	1.0	84.0	moderate_rna_like	False	False	1.0	0.060108654	0.0	0.0	1.0	1.0	174.0	strong_rna_like	False	False	1.0	0.57213837	1.0	1.0	0.0	0.0	124.0	ambiguous	False	False	1.0	0.19151590000000002	0.35999044999999996	False	False
Ribo_ND_025326	rna_virus	0	Red	Red	0.48509187	0.0	0.0	1.0	1.0	376.0	ambiguous	False	False	1.0	0.28038976	0.0	0.0	1.0	1.0	77.0	moderate_rna_like	False	False	1.0	0.11963957	0.0	0.0	1.0	1.0	174.0	strong_rna_like	False	False	1.0	0.5125286	1.0	1.0	0.0	0.0	125.0	ambiguous	False	False	1.0	0.20470211	0.382740815	False	False
Ribo_ND_016320	rna_virus	0	Red	Red	0.2872546	0.0	0.0	1.0	1.0	376.0	moderate_rna_like	False	False	1.0	0.13757429	0.0	0.0	1.0	1.0	83.0	strong_rna_like	False	False	1.0	0.14762588	0.0	0.0	1.0	1.0	172.0	strong_rna_like	False	False	1.0	0.20384634	0.0	0.0	1.0	1.0	121.0	moderate_rna_like	False	False	1.0	0.14968031000000004	0.212414445	False	False
Ribo_Tomato_Bushy_Stunt_Virus_NC_001554	rna_virus	0	Red	Red	0.27312043	0.0	0.0	1.0	1.0	388.0	moderate_rna_like	False	False	1.0	0.12176835	0.0	0.0	1.0	1.0	93.0	strong_rna_like	False	False	1.0	0.29076916	0.0	0.0	1.0	1.0	173.0	moderate_rna_like	False	False	1.0	0.10568338	0.0	0.0	1.0	1.0	122.0	strong_rna_like	False	False	1.0	0.15135208000000003	0.19744439000000003	False	False
Ribo_tomREF_NC_001339	rna_virus	0	Red	Red	0.30695444	0.0	0.0	1.0	1.0	388.0	moderate_rna_like	False	False	1.0	0.099122904	0.0	0.0	1.0	1.0	93.0	strong_rna_like	False	False	1.0	0.35619578	0.0	0.0	1.0	1.0	173.0	moderate_rna_like	False	False	1.0	0.14670667	0.0	0.0	1.0	1.0	122.0	strong_rna_like	False	False	1.0	0.20783153599999998	0.203038672	False	False
Ribo_tomREF_NC_030452	rna_virus	0	Red	Red	0.49981278	0.0	1.0	1.0	0.0	389.0	ambiguous	False	False	1.0	0.0695435	0.0	0.0	1.0	1.0	94.0	strong_rna_like	False	False	1.0	0.40204516	0.0	1.0	1.0	0.0	173.0	ambiguous	False	False	1.0	0.13859092	0.0	0.0	1.0	1.0	122.0	strong_rna_like	False	False	1.0	0.43026928000000003	0.28467814	False	False
Ribo_tomREF_NC_023339	rna_virus	0	Red	Red	0.43389553	0.0	0.0	1.0	1.0	388.0	ambiguous	False	False	1.0	0.2048882	0.0	0.0	1.0	1.0	93.0	moderate_rna_like	False	False	1.0	0.24425247	0.0	0.0	1.0	1.0	173.0	moderate_rna_like	False	False	1.0	0.14576027	0.0	0.0	1.0	1.0	122.0	strong_rna_like	False	False	1.0	0.22900732999999998	0.319391865	False	False
Ribo_tomREF_NC_020073	rna_virus	0	Red	Red	0.5364774	1.0	1.0	0.0	0.0	391.0	ambiguous	False	False	1.0	0.3076411	0.0	0.0	1.0	1.0	96.0	moderate_rna_like	False	False	1.0	0.20063844	0.0	0.0	1.0	1.0	173.0	moderate_rna_like	False	False	1.0	0.11226152	0.0	0.0	1.0	1.0	122.0	strong_rna_like	False	False	1.0	0.2288363	0.42205925	False	False
Ribo_tomREF_NC_005285	rna_virus	0	Red	Red	0.3687412	0.0	0.0	1.0	1.0	378.0	moderate_rna_like	False	False	1.0	0.2570609	0.0	0.0	1.0	1.0	89.0	moderate_rna_like	False	False	1.0	0.17822799	0.0	0.0	1.0	1.0	172.0	strong_rna_like	False	False	1.0	0.3481902	0.0	0.0	1.0	1.0	117.0	moderate_rna_like	False	False	1.0	0.11168030000000001	0.31290105	False	False
Ribo_ND_059596	rna_virus	0	Red	Red	0.3127454	0.0	0.0	1.0	1.0	377.0	moderate_rna_like	False	False	1.0	0.19645308	0.0	0.0	1.0	1.0	88.0	strong_rna_like	False	False	1.0	0.1278146	0.0	0.0	1.0	1.0	172.0	strong_rna_like	False	False	1.0	0.34984308	0.0	0.0	1.0	1.0	117.0	moderate_rna_like	False	False	1.0	0.11629232	0.25459924	False	False
Ribo_tomREF_NC_000939	rna_virus	0	Red	Red	0.41344765	0.0	0.0	1.0	1.0	373.0	ambiguous	False	False	1.0	0.20561078	0.0	0.0	1.0	1.0	82.0	moderate_rna_like	False	False	1.0	0.1645578	0.0	0.0	1.0	1.0	172.0	strong_rna_like	False	False	1.0	0.41188258	0.0	0.0	1.0	1.0	119.0	ambiguous	False	False	1.0	0.20783687	0.30952921499999997	False	False
Ribo_ND_017058	rna_virus	0	Red	Red	0.11727516	0.0	0.0	1.0	1.0	378.0	strong_rna_like	False	False	1.0	0.075455286	0.0	0.0	1.0	1.0	87.0	strong_rna_like	False	False	1.0	0.1645578	0.0	0.0	1.0	1.0	172.0	strong_rna_like	False	False	1.0	0.41188258	0.0	0.0	1.0	1.0	119.0	ambiguous	False	False	1.0	0.04181987400000001	0.096365223	False	False
Ribo_Cymbidium_ringspot_virus_NC_003532	rna_virus	0	Red	Red	0.33550802	0.0	0.0	1.0	1.0	380.0	moderate_rna_like	False	False	1.0	0.124636225	0.0	0.0	1.0	1.0	90.0	strong_rna_like	False	False	1.0	0.20345114	0.0	0.0	1.0	1.0	172.0	moderate_rna_like	False	False	1.0	0.11710287	0.0	0.0	1.0	1.0	118.0	strong_rna_like	False	False	1.0	0.21087179500000003	0.2300721225	False	False
Ribo_ND_135180	rna_virus	0	Red	Red	0.11793905	0.0	0.0	1.0	1.0	386.0	strong_rna_like	False	False	1.0	0.122021765	0.0	0.0	1.0	1.0	96.0	strong_rna_like	False	False	1.0	0.16035472	0.0	0.0	1.0	1.0	172.0	strong_rna_like	False	False	1.0	0.15959638	0.0	0.0	1.0	1.0	118.0	strong_rna_like	False	False	1.0	-0.004082715000000001	0.1199804075	False	False
Ribo_ND_020635	rna_virus	0	Red	Red	0.43001276	0.0	0.0	1.0	1.0	377.0	ambiguous	False	False	1.0	0.1617019	0.0	0.0	1.0	1.0	87.0	strong_rna_like	False	False	1.0	0.13235883	0.0	0.0	1.0	1.0	172.0	strong_rna_like	False	False	1.0	0.09866631	0.0	0.0	1.0	1.0	118.0	strong_rna_like	False	False	1.0	0.26831086	0.29585733000000003	False	False
Ribo_ND_094177	rna_virus	0	Red	Red	0.17159922	0.0	0.0	1.0	1.0	391.0	strong_rna_like	False	False	1.0	0.17168203	0.0	0.0	1.0	1.0	101.0	strong_rna_like	False	False	1.0	0.13917387	0.0	0.0	1.0	1.0	172.0	strong_rna_like	False	False	1.0	0.13227528	0.0	0.0	1.0	1.0	118.0	strong_rna_like	False	False	1.0	-8.281000000001648e-05	0.171640625	False	False
Ribo_CAE55155.1	rna_virus	0	Red	Red	0.45424235	0.0	0.0	1.0	1.0	376.0	ambiguous	False	False	1.0	0.19228898	0.0	0.0	1.0	1.0	86.0	strong_rna_like	False	False	1.0	0.08033733	0.0	0.0	1.0	1.0	171.0	strong_rna_like	False	False	1.0	0.21565834	0.0	0.0	1.0	1.0	119.0	moderate_rna_like	False	False	1.0	0.26195337	0.323265665	False	False
Ribo_ND_281703	rna_virus	0	Red	Red	0.088516705	0.0	0.0	1.0	1.0	350.0	strong_rna_like	False	False	1.0	0.0539349	0.0	0.0	1.0	1.0	62.0	strong_rna_like	False	False	1.0	0.1980686	0.0	0.0	1.0	1.0	169.0	strong_rna_like	False	False	1.0	0.2450747	0.0	0.0	1.0	1.0	119.0	moderate_rna_like	False	False	1.0	0.034581805	0.0712258025	False	False
Ribo_ND_015690	rna_virus	0	Red	Red	0.02410114	0.0	0.0	1.0	1.0	340.0	strong_rna_like	False	False	1.0	0.009816647	0.0	0.0	1.0	1.0	49.0	strong_rna_like	False	False	1.0	0.35699245	0.0	0.0	1.0	1.0	171.0	moderate_rna_like	False	False	1.0	0.30714625	0.0	0.0	1.0	1.0	120.0	moderate_rna_like	False	False	1.0	0.014284493	0.0169588935	False	False
Ribo_Galinsoga_Mosaic_Virus	rna_virus	0	Red	Red	0.024101185	0.0	0.0	1.0	1.0	340.0	strong_rna_like	False	False	1.0	0.009816647	0.0	0.0	1.0	1.0	49.0	strong_rna_like	False	False	1.0	0.35699245	0.0	0.0	1.0	1.0	171.0	moderate_rna_like	False	False	1.0	0.30714625	0.0	0.0	1.0	1.0	120.0	moderate_rna_like	False	False	1.0	0.014284538000000001	0.016958916	False	False
Ribo_tomREF_NC_009533	rna_virus	0	Red	Red	0.18776001	0.0	0.0	1.0	1.0	332.0	strong_rna_like	False	False	1.0	0.08013155	0.0	0.0	1.0	1.0	38.0	strong_rna_like	False	False	1.0	0.18886486	0.0	0.0	1.0	1.0	174.0	strong_rna_like	False	False	1.0	0.16861564	0.0	0.0	1.0	1.0	120.0	strong_rna_like	False	False	1.0	0.10762846000000001	0.13394578000000001	False	False
Ribo_ND_016202	rna_virus	0	Red	Red	0.08110775	0.0	0.0	1.0	1.0	338.0	strong_rna_like	False	False	1.0	0.04094598	0.0	0.0	1.0	1.0	44.0	strong_rna_like	False	False	1.0	0.18886486	0.0	0.0	1.0	1.0	174.0	strong_rna_like	False	False	1.0	0.16861564	0.0	0.0	1.0	1.0	120.0	strong_rna_like	False	False	1.0	0.040161770000000006	0.061026865	False	False
Ribo_tomREF_NC_022895	rna_virus	0	Red	Red	0.23330566	0.0	0.0	1.0	1.0	390.0	moderate_rna_like	False	False	1.0	0.10201392	0.0	0.0	1.0	1.0	89.0	strong_rna_like	False	False	1.0	0.19984561	0.0	0.0	1.0	1.0	174.0	strong_rna_like	False	False	1.0	0.2852493	0.0	0.0	1.0	1.0	127.0	moderate_rna_like	False	False	1.0	0.13129174	0.16765979	False	False
Ribo_ND_190374	rna_virus	0	Red	Red	0.33890155	0.0	0.0	1.0	1.0	381.0	moderate_rna_like	False	False	1.0	0.23421568	0.0	0.0	1.0	1.0	83.0	moderate_rna_like	False	False	1.0	0.06951941	0.0	0.0	1.0	1.0	174.0	strong_rna_like	False	False	1.0	0.28336167	0.0	0.0	1.0	1.0	124.0	moderate_rna_like	False	False	1.0	0.10468586999999999	0.286558615	False	False
Ribo_ND_163033	rna_virus	0	Red	Red	0.47052276	0.0	0.0	1.0	1.0	381.0	ambiguous	False	False	1.0	0.36789617	0.0	0.0	1.0	1.0	83.0	moderate_rna_like	False	False	1.0	0.08041875	0.0	0.0	1.0	1.0	174.0	strong_rna_like	False	False	1.0	0.22961919	0.0	0.0	1.0	1.0	124.0	moderate_rna_like	False	False	1.0	0.10262658999999996	0.419209465	False	False
Ribo_tomREF_NC_001469	rna_virus	0	Red	Red	0.50286347	1.0	1.0	0.0	0.0	380.0	ambiguous	False	False	1.0	0.3834559	0.0	0.0	1.0	1.0	84.0	moderate_rna_like	False	False	1.0	0.216929	0.0	0.0	1.0	1.0	173.0	moderate_rna_like	False	False	1.0	0.16111317	0.0	0.0	1.0	1.0	123.0	strong_rna_like	False	False	1.0	0.11940756999999996	0.443159685	False	False
Ribo_ND_282017	rna_virus	0	Red	Red	0.14541633	0.0	0.0	1.0	1.0	340.0	strong_rna_like	False	False	1.0	0.03793779	0.0	0.0	1.0	1.0	44.0	strong_rna_like	False	False	1.0	0.12456468	0.0	0.0	1.0	1.0	174.0	strong_rna_like	False	False	1.0	0.31140772	0.0	0.0	1.0	1.0	122.0	moderate_rna_like	False	False	1.0	0.10747854000000001	0.09167706	False	False
Ribo_ND_121954	rna_virus	0	Red	Red	0.2227943	0.0	0.0	1.0	1.0	337.0	moderate_rna_like	False	False	1.0	0.06337104	0.0	0.0	1.0	1.0	39.0	strong_rna_like	False	False	1.0	0.14194264	0.0	0.0	1.0	1.0	173.0	strong_rna_like	False	False	1.0	0.23766127	0.0	0.0	1.0	1.0	125.0	moderate_rna_like	False	False	1.0	0.15942326	0.14308267	False	False
Ribo_ND_016811	rna_virus	0	Red	Red	0.11287816	0.0	0.0	1.0	1.0	344.0	strong_rna_like	False	False	1.0	0.03600418	0.0	0.0	1.0	1.0	45.0	strong_rna_like	False	False	1.0	0.33936897	0.0	0.0	1.0	1.0	175.0	moderate_rna_like	False	False	1.0	0.21572278	0.0	0.0	1.0	1.0	124.0	moderate_rna_like	False	False	1.0	0.07687398000000001	0.07444117	False	False
Ribo_ND_015818	rna_virus	0	Red	Red	0.27188706	0.0	0.0	1.0	1.0	345.0	moderate_rna_like	False	False	1.0	0.030832244	0.0	0.0	1.0	1.0	42.0	strong_rna_like	False	False	1.0	0.11205532	0.0	0.0	1.0	1.0	170.0	strong_rna_like	False	False	1.0	0.18524502	0.0	0.0	1.0	1.0	133.0	strong_rna_like	False	False	1.0	0.241054816	0.151359652	False	False
Ribo_ND_249226	rna_virus	0	Red	Red	0.14891666	0.0	0.0	1.0	1.0	346.0	strong_rna_like	False	False	1.0	0.041392174	0.0	0.0	1.0	1.0	43.0	strong_rna_like	False	False	1.0	0.2790578	0.0	0.0	1.0	1.0	175.0	moderate_rna_like	False	False	1.0	0.2030782	0.0	0.0	1.0	1.0	128.0	moderate_rna_like	False	False	1.0	0.107524486	0.095154417	False	False
Ribo_ND_025598	rna_virus	0	Red	Red	0.20229343	0.0	0.0	1.0	1.0	376.0	moderate_rna_like	False	False	1.0	0.08915939	0.0	0.0	1.0	1.0	77.0	strong_rna_like	False	False	1.0	0.23156574	0.0	0.0	1.0	1.0	170.0	moderate_rna_like	False	False	1.0	0.077858925	0.0	0.0	1.0	1.0	129.0	strong_rna_like	False	False	1.0	0.11313403999999999	0.14572641	False	False
Ribo_ND_018962	rna_virus	0	Red	Red	0.34349746	0.0	0.0	1.0	1.0	393.0	moderate_rna_like	False	False	1.0	0.23529518	0.0	0.0	1.0	1.0	102.0	moderate_rna_like	False	False	1.0	0.09892805	0.0	0.0	1.0	1.0	165.0	strong_rna_like	False	False	1.0	0.23486431	0.0	0.0	1.0	1.0	126.0	moderate_rna_like	False	False	1.0	0.10820227999999998	0.28939632	False	False
Ribo_ND_015807	rna_virus	0	Red	Red	0.21198007	0.0	0.0	1.0	1.0	367.0	moderate_rna_like	False	False	1.0	0.041105285	0.0	0.0	1.0	1.0	65.0	strong_rna_like	False	False	1.0	0.31196615	0.0	0.0	1.0	1.0	171.0	moderate_rna_like	False	False	1.0	0.18792896	0.0	0.0	1.0	1.0	131.0	strong_rna_like	False	False	1.0	0.170874785	0.1265426775	False	False
Ribo_ND_047125	rna_virus	0	Red	Red	0.25321087	0.0	0.0	1.0	1.0	371.0	moderate_rna_like	False	False	1.0	0.05397535	0.0	0.0	1.0	1.0	79.0	strong_rna_like	False	False	1.0	0.06946516	0.0	0.0	1.0	1.0	173.0	strong_rna_like	False	False	1.0	0.29261267	0.0	0.0	1.0	1.0	119.0	moderate_rna_like	False	False	1.0	0.19923551999999997	0.15359310999999998	False	False
Ribo_ND_281997	rna_virus	0	Red	Red	0.49361676	0.0	1.0	1.0	0.0	373.0	ambiguous	False	False	1.0	0.048364397	0.0	0.0	1.0	1.0	79.0	strong_rna_like	False	False	1.0	0.073007695	0.0	0.0	1.0	1.0	176.0	strong_rna_like	False	False	1.0	0.37208745	0.0	0.0	1.0	1.0	118.0	moderate_rna_like	False	False	1.0	0.445252363	0.27099057849999997	False	False
Ribo_ND_163136	rna_virus	0	Red	Red	0.21824236	0.0	0.0	1.0	1.0	360.0	moderate_rna_like	False	False	1.0	0.07581926	0.0	0.0	1.0	1.0	52.0	strong_rna_like	False	False	1.0	0.13329186	0.0	0.0	1.0	1.0	171.0	strong_rna_like	False	False	1.0	0.17846219	0.0	0.0	1.0	1.0	137.0	strong_rna_like	False	False	1.0	0.1424231	0.14703081	False	False
Ribo_ND_163355	rna_virus	0	Red	Red	0.26849538	0.0	0.0	1.0	1.0	388.0	moderate_rna_like	False	False	1.0	0.10751228	0.0	0.0	1.0	1.0	89.0	strong_rna_like	False	False	1.0	0.41471887	0.0	1.0	1.0	0.0	166.0	ambiguous	False	False	1.0	0.3036115	0.0	0.0	1.0	1.0	133.0	moderate_rna_like	False	False	1.0	0.1609831	0.18800383	False	False
Ribo_ND_082763	rna_virus	0	Red	Red	0.21208058	0.0	0.0	1.0	1.0	387.0	moderate_rna_like	False	False	1.0	0.05389794	0.0	0.0	1.0	1.0	87.0	strong_rna_like	False	False	1.0	0.21910673	0.0	0.0	1.0	1.0	167.0	moderate_rna_like	False	False	1.0	0.21089722	0.0	0.0	1.0	1.0	133.0	moderate_rna_like	False	False	1.0	0.15818263999999999	0.13298926	False	False
Ribo_ND_090466	rna_virus	0	Red	Red	0.23720305	0.0	0.0	1.0	1.0	397.0	moderate_rna_like	False	False	1.0	0.20073886	0.0	0.0	1.0	1.0	101.0	moderate_rna_like	False	False	1.0	0.17674658	0.0	0.0	1.0	1.0	168.0	strong_rna_like	False	False	1.0	0.24722385	0.0	0.0	1.0	1.0	128.0	moderate_rna_like	False	False	1.0	0.03646419000000001	0.218970955	False	False
Ribo_ND_363036	rna_virus	0	Red	Red	0.357333	0.0	0.0	1.0	1.0	395.0	moderate_rna_like	False	False	1.0	0.23003528	0.0	0.0	1.0	1.0	96.0	moderate_rna_like	False	False	1.0	0.17564335	0.0	0.0	1.0	1.0	166.0	strong_rna_like	False	False	1.0	0.3963163	0.0	0.0	1.0	1.0	133.0	moderate_rna_like	False	False	1.0	0.12729772	0.29368414	False	False
Ribo_ND_081107	rna_virus	0	Red	Red	0.45235312	0.0	0.0	1.0	1.0	388.0	ambiguous	False	False	1.0	0.11845557	0.0	0.0	1.0	1.0	86.0	strong_rna_like	False	False	1.0	0.19553503	0.0	0.0	1.0	1.0	165.0	strong_rna_like	False	False	1.0	0.23509407	0.0	0.0	1.0	1.0	137.0	moderate_rna_like	False	False	1.0	0.33389755	0.285404345	False	False
Ribo_ND_028408	rna_virus	0	Red	Red	0.418982	0.0	0.0	1.0	1.0	411.0	ambiguous	False	False	1.0	0.45735446	0.0	0.0	1.0	1.0	92.0	ambiguous	False	False	1.0	0.21686341	0.0	0.0	1.0	1.0	176.0	moderate_rna_like	False	False	1.0	0.21369244	0.0	0.0	1.0	1.0	143.0	moderate_rna_like	False	False	1.0	-0.03837246	0.43816823000000005	False	False
Ribo_ND_025998	rna_virus	0	Red	Red	0.65199345	1.0	1.0	0.0	0.0	383.0	moderate_crucivirus_like	False	True	1.0	0.14489108	0.0	0.0	1.0	1.0	76.0	strong_rna_like	False	False	1.0	0.18709795	0.0	0.0	1.0	1.0	179.0	strong_rna_like	False	False	1.0	0.28634724	0.0	0.0	1.0	1.0	128.0	moderate_rna_like	False	False	1.0	0.5071023699999999	0.398442265	False	False
Ribo_ND_024704	rna_virus	0	Red	Red	0.10835448	0.0	0.0	1.0	1.0	511.0	strong_rna_like	False	False	1.0	0.14124198	0.0	0.0	1.0	1.0	163.0	strong_rna_like	False	False	1.0	0.17837358	0.0	0.0	1.0	1.0	180.0	strong_rna_like	False	False	1.0	0.2591954	0.0	0.0	1.0	1.0	168.0	moderate_rna_like	False	False	1.0	-0.032887499999999986	0.12479823	False	False
Ribo_ND_028381	rna_virus	0	Red	Red	0.29182252	0.0	0.0	1.0	1.0	346.0	moderate_rna_like	False	False	1.0	0.11753249	0.0	0.0	1.0	1.0	89.0	strong_rna_like	False	False	1.0	0.31100622	0.0	0.0	1.0	1.0	174.0	moderate_rna_like	False	False	1.0	0.16011804	0.0	0.0	1.0	1.0	83.0	strong_rna_like	False	False	1.0	0.17429002999999998	0.20467750499999998	False	False
Ribo_ND_107292	rna_virus	0	Red	Red	0.28653046	0.0	0.0	1.0	1.0	402.0	moderate_rna_like	False	False	1.0	0.3180747	0.0	0.0	1.0	1.0	91.0	moderate_rna_like	False	False	1.0	0.3433653	0.0	0.0	1.0	1.0	174.0	moderate_rna_like	False	False	1.0	0.5415388	1.0	1.0	0.0	0.0	137.0	ambiguous	False	False	1.0	-0.03154424	0.30230258	False	False
Ribo_ND_118606	rna_virus	0	Red	Red	0.45737135	0.0	0.0	1.0	1.0	386.0	ambiguous	False	False	1.0	0.12175091	0.0	0.0	1.0	1.0	72.0	strong_rna_like	False	False	1.0	0.5549674	1.0	1.0	0.0	0.0	167.0	ambiguous	False	False	1.0	0.42046517	0.0	0.0	1.0	1.0	147.0	ambiguous	False	False	1.0	0.33562044	0.28956113	False	False
Ribo_ND_279534	rna_virus	0	Red	Red	0.18890677	0.0	0.0	1.0	1.0	356.0	strong_rna_like	False	False	1.0	0.10326595	0.0	0.0	1.0	1.0	84.0	strong_rna_like	False	False	1.0	0.36473504	0.0	0.0	1.0	1.0	172.0	moderate_rna_like	False	False	1.0	0.52453345	1.0	1.0	0.0	0.0	100.0	ambiguous	False	False	1.0	0.08564082	0.14608636	False	False
Ribo_ND_133472	rna_virus	0	Red	Red	0.11567165	0.0	0.0	1.0	1.0	437.0	strong_rna_like	False	False	1.0	0.089235485	0.0	0.0	1.0	1.0	128.0	strong_rna_like	False	False	1.0	0.41747928	0.0	1.0	1.0	0.0	175.0	ambiguous	False	False	1.0	0.3165094	0.0	0.0	1.0	1.0	134.0	moderate_rna_like	False	False	1.0	0.026436164999999998	0.10245356750000001	False	False
Ribo_ND_029711	rna_virus	0	Red	Red	0.4651436	0.0	0.0	1.0	1.0	402.0	ambiguous	False	False	1.0	0.14581165	0.0	0.0	1.0	1.0	93.0	strong_rna_like	False	False	1.0	0.30223307	0.0	0.0	1.0	1.0	175.0	moderate_rna_like	False	False	1.0	0.19884783	0.0	0.0	1.0	1.0	134.0	strong_rna_like	False	False	1.0	0.31933195000000003	0.305477625	False	False
Ribo_ND_391487	rna_virus	0	Red	Red	0.13533472	0.0	0.0	1.0	1.0	441.0	strong_rna_like	False	False	1.0	0.1845715	0.0	0.0	1.0	1.0	128.0	strong_rna_like	False	False	1.0	0.08916554	0.0	0.0	1.0	1.0	179.0	strong_rna_like	False	False	1.0	0.131985	0.0	0.0	1.0	1.0	134.0	strong_rna_like	False	False	1.0	-0.04923678000000001	0.15995311	False	False
Ribo_ND_370448	rna_virus	0	Red	Red	0.38215134	0.0	0.0	1.0	1.0	398.0	moderate_rna_like	False	False	1.0	0.2016867	0.0	0.0	1.0	1.0	86.0	moderate_rna_like	False	False	1.0	0.12628427	0.0	0.0	1.0	1.0	178.0	strong_rna_like	False	False	1.0	0.2649787	0.0	0.0	1.0	1.0	134.0	moderate_rna_like	False	False	1.0	0.18046464	0.29191902000000003	False	False
Ribo_ND_370427	rna_virus	0	Red	Red	0.26936358	0.0	0.0	1.0	1.0	398.0	moderate_rna_like	False	False	1.0	0.13518766	0.0	0.0	1.0	1.0	86.0	strong_rna_like	False	False	1.0	0.07937137	0.0	0.0	1.0	1.0	178.0	strong_rna_like	False	False	1.0	0.31683695	0.0	0.0	1.0	1.0	134.0	moderate_rna_like	False	False	1.0	0.13417592	0.20227562	False	False
Ribo_ND_129723	rna_virus	0	Red	Red	0.19709387	0.0	0.0	1.0	1.0	411.0	strong_rna_like	False	False	1.0	0.08558652	0.0	0.0	1.0	1.0	93.0	strong_rna_like	False	False	1.0	0.14041944	0.0	0.0	1.0	1.0	177.0	strong_rna_like	False	False	1.0	0.3978527	0.0	0.0	1.0	1.0	141.0	moderate_rna_like	False	False	1.0	0.11150735	0.141340195	False	False
Ribo_ND_386712	rna_virus	0	Red	Red	0.23187986	0.0	0.0	1.0	1.0	437.0	moderate_rna_like	False	False	1.0	0.17721952	0.0	0.0	1.0	1.0	119.0	strong_rna_like	False	False	1.0	0.10882896	0.0	0.0	1.0	1.0	177.0	strong_rna_like	False	False	1.0	0.1950181	0.0	0.0	1.0	1.0	141.0	strong_rna_like	False	False	1.0	0.05466034	0.20454969	False	False
Ribo_ND_129610	rna_virus	0	Red	Red	0.079397865	0.0	0.0	1.0	1.0	438.0	strong_rna_like	False	False	1.0	0.041786443	0.0	0.0	1.0	1.0	122.0	strong_rna_like	False	False	1.0	0.09805269	0.0	0.0	1.0	1.0	180.0	strong_rna_like	False	False	1.0	0.28483656	0.0	0.0	1.0	1.0	136.0	moderate_rna_like	False	False	1.0	0.037611422	0.060592153999999995	False	False
Ribo_ND_085862	rna_virus	0	Red	Red	0.30675164	0.0	0.0	1.0	1.0	420.0	moderate_rna_like	False	False	1.0	0.21380001	0.0	0.0	1.0	1.0	113.0	moderate_rna_like	False	False	1.0	0.27298582	0.0	0.0	1.0	1.0	180.0	moderate_rna_like	False	False	1.0	0.30751318	0.0	0.0	1.0	1.0	127.0	moderate_rna_like	False	False	1.0	0.09295162999999998	0.260275825	False	False
Ribo_ND_082594	rna_virus	0	Red	Red	0.189022	0.0	0.0	1.0	1.0	420.0	strong_rna_like	False	False	1.0	0.3045998	0.0	0.0	1.0	1.0	118.0	moderate_rna_like	False	False	1.0	0.086275965	0.0	0.0	1.0	1.0	181.0	strong_rna_like	False	False	1.0	0.3971056	0.0	0.0	1.0	1.0	121.0	moderate_rna_like	False	False	1.0	-0.11557779999999998	0.2468109	False	False
Ribo_ND_075367	rna_virus	0	Red	Red	0.21634008	0.0	0.0	1.0	1.0	391.0	moderate_rna_like	False	False	1.0	0.054032378	0.0	0.0	1.0	1.0	89.0	strong_rna_like	False	False	1.0	0.37873432	0.0	0.0	1.0	1.0	179.0	moderate_rna_like	False	False	1.0	0.22244157	0.0	0.0	1.0	1.0	123.0	moderate_rna_like	False	False	1.0	0.162307702	0.135186229	False	False
Ribo_ND_125217	rna_virus	0	Red	Red	0.2984361	0.0	0.0	1.0	1.0	400.0	moderate_rna_like	False	False	1.0	0.3471407	0.0	0.0	1.0	1.0	96.0	moderate_rna_like	False	False	1.0	0.13585353	0.0	0.0	1.0	1.0	182.0	strong_rna_like	False	False	1.0	0.10492114	0.0	0.0	1.0	1.0	122.0	strong_rna_like	False	False	1.0	-0.04870460000000004	0.3227884	False	False
Ribo_ND_089609	rna_virus	0	Red	Red	0.2276194	0.0	0.0	1.0	1.0	400.0	moderate_rna_like	False	False	1.0	0.08340345	0.0	0.0	1.0	1.0	96.0	strong_rna_like	False	False	1.0	0.21383291	0.0	0.0	1.0	1.0	181.0	moderate_rna_like	False	False	1.0	0.13226335	0.0	0.0	1.0	1.0	123.0	strong_rna_like	False	False	1.0	0.14421594999999998	0.155511425	False	False
Ribo_ND_386726	rna_virus	0	Red	Red	0.36455414	0.0	0.0	1.0	1.0	395.0	moderate_rna_like	False	False	1.0	0.2577737	0.0	0.0	1.0	1.0	92.0	moderate_rna_like	False	False	1.0	0.23533283	0.0	0.0	1.0	1.0	182.0	moderate_rna_like	False	False	1.0	0.41083235	0.0	0.0	1.0	1.0	121.0	ambiguous	False	False	1.0	0.10678044000000003	0.31116392000000004	False	False
Ribo_ND_017889	rna_virus	0	Red	Red	0.26642308	0.0	0.0	1.0	1.0	347.0	moderate_rna_like	False	False	1.0	0.09077047	0.0	0.0	1.0	1.0	71.0	strong_rna_like	False	False	1.0	0.45192575	0.0	1.0	1.0	0.0	171.0	ambiguous	False	False	1.0	0.27175868	0.0	0.0	1.0	1.0	105.0	moderate_rna_like	False	False	1.0	0.17565261	0.17859677499999999	False	False
Ribo_ND_017059	rna_virus	0	Red	Red	0.19247027	0.0	0.0	1.0	1.0	348.0	strong_rna_like	False	False	1.0	0.07233529	0.0	0.0	1.0	1.0	76.0	strong_rna_like	False	False	1.0	0.15860938	0.0	0.0	1.0	1.0	166.0	strong_rna_like	False	False	1.0	0.35884583	0.0	0.0	1.0	1.0	106.0	moderate_rna_like	False	False	1.0	0.12013498	0.13240278	False	False
Ribo_tomREF_NC_005286	rna_virus	0	Red	Red	0.4967078	0.0	1.0	1.0	0.0	345.0	ambiguous	False	False	1.0	0.3780103	0.0	0.0	1.0	1.0	72.0	moderate_rna_like	False	False	1.0	0.2627597	0.0	0.0	1.0	1.0	167.0	moderate_rna_like	False	False	1.0	0.16794306	0.0	0.0	1.0	1.0	106.0	strong_rna_like	False	False	1.0	0.11869749999999996	0.43735904999999997	False	False
Ribo_ND_015995	rna_virus	0	Red	Red	0.42652774	0.0	0.0	1.0	1.0	349.0	ambiguous	False	False	1.0	0.33371922	0.0	0.0	1.0	1.0	76.0	moderate_rna_like	False	False	1.0	0.2627597	0.0	0.0	1.0	1.0	167.0	moderate_rna_like	False	False	1.0	0.16794306	0.0	0.0	1.0	1.0	106.0	strong_rna_like	False	False	1.0	0.09280852	0.38012347999999996	False	False
Ribo_ND_016517	rna_virus	0	Red	Red	0.3593176	0.0	0.0	1.0	1.0	344.0	moderate_rna_like	False	False	1.0	0.124378964	0.0	0.0	1.0	1.0	72.0	strong_rna_like	False	False	1.0	0.16292125	0.0	0.0	1.0	1.0	167.0	strong_rna_like	False	False	1.0	0.42232862	0.0	0.0	1.0	1.0	105.0	ambiguous	False	False	1.0	0.23493863600000003	0.241848282	False	False
Ribo_ND_211785	rna_virus	0	Red	Red	0.59114945	1.0	1.0	0.0	0.0	345.0	ambiguous	False	False	1.0	0.3467081	0.0	0.0	1.0	1.0	72.0	moderate_rna_like	False	False	1.0	0.45400575	0.0	1.0	1.0	0.0	167.0	ambiguous	False	False	1.0	0.46204755	0.0	1.0	1.0	0.0	106.0	ambiguous	False	False	1.0	0.24444134999999995	0.46892877499999996	False	False
Ribo_ND_015684	rna_virus	0	Red	Red	0.37700334	0.0	0.0	1.0	1.0	344.0	moderate_rna_like	False	False	1.0	0.34568197	0.0	0.0	1.0	1.0	73.0	moderate_rna_like	False	False	1.0	0.27019802	0.0	0.0	1.0	1.0	167.0	moderate_rna_like	False	False	1.0	0.30483925	0.0	0.0	1.0	1.0	104.0	moderate_rna_like	False	False	1.0	0.031321370000000015	0.361342655	False	False
Ribo_ND_019888	rna_virus	0	Red	Red	0.125621	0.0	0.0	1.0	1.0	378.0	strong_rna_like	False	False	1.0	0.12812869	0.0	0.0	1.0	1.0	99.0	strong_rna_like	False	False	1.0	0.5068722	1.0	1.0	0.0	0.0	170.0	ambiguous	False	False	1.0	0.28754008	0.0	0.0	1.0	1.0	109.0	moderate_rna_like	False	False	1.0	-0.002507689999999979	0.126874845	False	False
Ribo_tomREF_NC_007733	rna_virus	0	Red	Red	0.42871818	0.0	0.0	1.0	1.0	351.0	ambiguous	False	False	1.0	0.2603572	0.0	0.0	1.0	1.0	72.0	moderate_rna_like	False	False	1.0	0.5068722	1.0	1.0	0.0	0.0	170.0	ambiguous	False	False	1.0	0.28754008	0.0	0.0	1.0	1.0	109.0	moderate_rna_like	False	False	1.0	0.16836098	0.34453769	False	False
Ribo_ND_020449	rna_virus	0	Red	Red	0.1449524	0.0	0.0	1.0	1.0	346.0	strong_rna_like	False	False	1.0	0.05568981	0.0	0.0	1.0	1.0	74.0	strong_rna_like	False	False	1.0	0.566912	1.0	1.0	0.0	0.0	169.0	ambiguous	False	False	1.0	0.4789175	0.0	1.0	1.0	0.0	103.0	ambiguous	False	False	1.0	0.08926259	0.10032110500000001	False	False
Ribo_ND_016192	rna_virus	0	Red	Red	0.09123609	0.0	0.0	1.0	1.0	345.0	strong_rna_like	False	False	1.0	0.017717177	0.0	0.0	1.0	1.0	75.0	strong_rna_like	False	False	1.0	0.45129624	0.0	1.0	1.0	0.0	164.0	ambiguous	False	False	1.0	0.13601467	0.0	0.0	1.0	1.0	106.0	strong_rna_like	False	False	1.0	0.073518913	0.0544766335	False	False
Ribo_ND_016809	rna_virus	0	Red	Red	0.06833731	0.0	0.0	1.0	1.0	339.0	strong_rna_like	False	False	1.0	0.07559386	0.0	0.0	1.0	1.0	71.0	strong_rna_like	False	False	1.0	0.36206165	0.0	0.0	1.0	1.0	162.0	moderate_rna_like	False	False	1.0	0.3965768	0.0	0.0	1.0	1.0	106.0	moderate_rna_like	False	False	1.0	-0.0072565500000000005	0.071965585	False	False
Ribo_ND_020627	rna_virus	0	Red	Red	0.044810466	0.0	0.0	1.0	1.0	339.0	strong_rna_like	False	False	1.0	0.08045174	0.0	0.0	1.0	1.0	71.0	strong_rna_like	False	False	1.0	0.1854843	0.0	0.0	1.0	1.0	162.0	strong_rna_like	False	False	1.0	0.3719962	0.0	0.0	1.0	1.0	106.0	moderate_rna_like	False	False	1.0	-0.035641273999999994	0.062631103	False	False
Ribo_ND_019484	rna_virus	0	Red	Red	0.05375671	0.0	0.0	1.0	1.0	337.0	strong_rna_like	False	False	1.0	0.20798227	0.0	0.0	1.0	1.0	71.0	moderate_rna_like	False	False	1.0	0.33977258	0.0	0.0	1.0	1.0	162.0	moderate_rna_like	False	False	1.0	0.559047	1.0	1.0	0.0	0.0	104.0	ambiguous	False	False	1.0	-0.15422555999999998	0.13086949	False	False
Ribo_ND_017294	rna_virus	0	Red	Red	0.4870684	0.0	0.0	1.0	1.0	341.0	ambiguous	False	False	1.0	0.15639192	0.0	0.0	1.0	1.0	73.0	strong_rna_like	False	False	1.0	0.14563589	0.0	0.0	1.0	1.0	162.0	strong_rna_like	False	False	1.0	0.3596298	0.0	0.0	1.0	1.0	106.0	moderate_rna_like	False	False	1.0	0.33067648000000005	0.32173016	False	False
Ribo_ND_017293	rna_virus	0	Red	Red	0.29755563	0.0	0.0	1.0	1.0	338.0	moderate_rna_like	False	False	1.0	0.055038285	0.0	0.0	1.0	1.0	70.0	strong_rna_like	False	False	1.0	0.08830176	0.0	0.0	1.0	1.0	162.0	strong_rna_like	False	False	1.0	0.41239437	0.0	0.0	1.0	1.0	106.0	ambiguous	False	False	1.0	0.24251734500000002	0.17629695750000002	False	False
Ribo_ND_016088	rna_virus	0	Red	Red	0.10975059	0.0	0.0	1.0	1.0	338.0	strong_rna_like	False	False	1.0	0.23592001	0.0	0.0	1.0	1.0	70.0	moderate_rna_like	False	False	1.0	0.34761134	0.0	0.0	1.0	1.0	162.0	moderate_rna_like	False	False	1.0	0.5565016	1.0	1.0	0.0	0.0	106.0	ambiguous	False	False	1.0	-0.12616942000000003	0.1728353	False	False
Ribo_ND_016022	rna_virus	0	Red	Red	0.077365175	0.0	0.0	1.0	1.0	337.0	strong_rna_like	False	False	1.0	0.12889218	0.0	0.0	1.0	1.0	71.0	strong_rna_like	False	False	1.0	0.4499289	0.0	1.0	1.0	0.0	162.0	ambiguous	False	False	1.0	0.38607055	0.0	0.0	1.0	1.0	104.0	moderate_rna_like	False	False	1.0	-0.051527005	0.10312867749999999	False	False
Ribo_tomREF_NC_002187	rna_virus	0	Red	Red	0.27139315	0.0	0.0	1.0	1.0	352.0	moderate_rna_like	False	False	1.0	0.07720505	0.0	0.0	1.0	1.0	75.0	strong_rna_like	False	False	1.0	0.13074715	0.0	0.0	1.0	1.0	168.0	strong_rna_like	False	False	1.0	0.13944076	0.0	0.0	1.0	1.0	109.0	strong_rna_like	False	False	1.0	0.19418810000000003	0.1742991	False	False
Ribo_ND_015723	rna_virus	0	Red	Red	0.06304459	0.0	0.0	1.0	1.0	386.0	strong_rna_like	False	False	1.0	0.019175837	0.0	0.0	1.0	1.0	109.0	strong_rna_like	False	False	1.0	0.13074715	0.0	0.0	1.0	1.0	168.0	strong_rna_like	False	False	1.0	0.13944049	0.0	0.0	1.0	1.0	109.0	strong_rna_like	False	False	1.0	0.043868752999999996	0.0411102135	False	False
Ribo_ND_017053	rna_virus	0	Red	Red	0.5318508	1.0	1.0	0.0	0.0	353.0	ambiguous	False	False	1.0	0.2017434	0.0	0.0	1.0	1.0	74.0	moderate_rna_like	False	False	1.0	0.18273067	0.0	0.0	1.0	1.0	169.0	strong_rna_like	False	False	1.0	0.41426125	0.0	0.0	1.0	1.0	110.0	ambiguous	False	False	1.0	0.33010739999999994	0.3667971	False	False
Ribo_Turnip_Crinkle_Virus_NC_003821	rna_virus	0	Red	Red	0.48562047	0.0	0.0	1.0	1.0	351.0	ambiguous	False	False	1.0	0.20266147	0.0	0.0	1.0	1.0	72.0	moderate_rna_like	False	False	1.0	0.18273067	0.0	0.0	1.0	1.0	169.0	strong_rna_like	False	False	1.0	0.41426125	0.0	0.0	1.0	1.0	110.0	ambiguous	False	False	1.0	0.282959	0.34414097	False	False
Ribo_ND_015665	rna_virus	0	Red	Red	0.106648	0.0	0.0	1.0	1.0	365.0	strong_rna_like	False	False	1.0	0.031082755	0.0	0.0	1.0	1.0	88.0	strong_rna_like	False	False	1.0	0.094446905	0.0	0.0	1.0	1.0	169.0	strong_rna_like	False	False	1.0	0.36044693	0.0	0.0	1.0	1.0	108.0	moderate_rna_like	False	False	1.0	0.075565245	0.0688653775	False	False
Ribo_tomREF_NC_001600	rna_virus	0	Red	Red	0.32509196	0.0	0.0	1.0	1.0	351.0	moderate_rna_like	False	False	1.0	0.14836924	0.0	0.0	1.0	1.0	74.0	strong_rna_like	False	False	1.0	0.094446905	0.0	0.0	1.0	1.0	169.0	strong_rna_like	False	False	1.0	0.36044693	0.0	0.0	1.0	1.0	108.0	moderate_rna_like	False	False	1.0	0.17672272	0.2367306	False	False
Ribo_Hibiscus_chlorotic_ringspot_virus_X86448	rna_virus	0	Red	Red	0.37202397	0.0	0.0	1.0	1.0	345.0	moderate_rna_like	False	False	1.0	0.15639828	0.0	0.0	1.0	1.0	74.0	strong_rna_like	False	False	1.0	0.51064193	1.0	1.0	0.0	0.0	170.0	ambiguous	False	False	1.0	0.23185524	0.0	0.0	1.0	1.0	101.0	moderate_rna_like	False	False	1.0	0.21562568999999998	0.264211125	False	False
Ribo_ND_015813	rna_virus	0	Red	Red	0.372024	0.0	0.0	1.0	1.0	345.0	moderate_rna_like	False	False	1.0	0.15639828	0.0	0.0	1.0	1.0	74.0	strong_rna_like	False	False	1.0	0.51064193	1.0	1.0	0.0	0.0	170.0	ambiguous	False	False	1.0	0.23185524	0.0	0.0	1.0	1.0	101.0	moderate_rna_like	False	False	1.0	0.21562572000000002	0.26421114	False	False
Cruci_CruV-902	crucivirus	1	Red	Red	0.6503533	1.0	1.0	1.0	1.0	505.0	moderate_crucivirus_like	False	False	1.0	0.9178591	1.0	1.0	1.0	1.0	123.0	strong_crucivirus_like	False	False	1.0	0.13261804	0.0	0.0	0.0	0.0	194.0	strong_rna_like	True	True	1.0	0.47919622	0.0	1.0	0.0	1.0	188.0	ambiguous	False	False	1.0	-0.2675058	0.7841062000000001	False	False
Ribo_ND_126494	rna_virus	0	Red	Red	0.26566696	0.0	0.0	1.0	1.0	443.0	moderate_rna_like	False	False	1.0	0.12640546	0.0	0.0	1.0	1.0	73.0	strong_rna_like	False	False	1.0	0.18891156	0.0	0.0	1.0	1.0	177.0	strong_rna_like	False	False	1.0	0.3739138	0.0	0.0	1.0	1.0	193.0	moderate_rna_like	False	False	1.0	0.1392615	0.19603621	False	False
Ribo_ND_128914	rna_virus	0	Red	Red	0.62253636	1.0	1.0	0.0	0.0	481.0	moderate_crucivirus_like	False	True	1.0	0.43200353	0.0	0.0	1.0	1.0	72.0	ambiguous	False	False	1.0	0.7511658	1.0	1.0	0.0	0.0	177.0	moderate_crucivirus_like	False	True	1.0	0.49222535	0.0	1.0	1.0	0.0	232.0	ambiguous	False	False	1.0	0.19053283	0.527269945	False	False
Ribo_ND_093435	rna_virus	0	Red	Red	0.12683684	0.0	0.0	1.0	1.0	458.0	strong_rna_like	False	False	1.0	0.07709895	0.0	0.0	1.0	1.0	61.0	strong_rna_like	False	False	1.0	0.23885147	0.0	0.0	1.0	1.0	164.0	moderate_rna_like	False	False	1.0	0.6188424	1.0	1.0	0.0	0.0	233.0	moderate_crucivirus_like	False	True	1.0	0.04973789000000001	0.101967895	False	False
Ribo_ND_024480	rna_virus	0	Red	Red	0.096436426	0.0	0.0	1.0	1.0	628.0	strong_rna_like	False	False	1.0	0.027083188	0.0	0.0	1.0	1.0	88.0	strong_rna_like	False	False	1.0	0.3384741	0.0	0.0	1.0	1.0	193.0	moderate_rna_like	False	False	1.0	0.28562093	0.0	0.0	1.0	1.0	347.0	moderate_rna_like	False	False	1.0	0.06935323800000001	0.061759807	False	False
Ribo_ND_043009	rna_virus	0	Red	Red	0.07799445	0.0	0.0	1.0	1.0	490.0	strong_rna_like	False	False	1.0	0.050024435	0.0	0.0	1.0	1.0	88.0	strong_rna_like	False	False	1.0	0.44951916	0.0	1.0	1.0	0.0	177.0	ambiguous	False	False	1.0	0.37026083	0.0	0.0	1.0	1.0	225.0	moderate_rna_like	False	False	1.0	0.027970015000000008	0.0640094425	False	False
Ribo_ND_391197	rna_virus	0	Red	Red	0.098052144	0.0	0.0	1.0	1.0	472.0	strong_rna_like	False	False	1.0	0.17129666	0.0	0.0	1.0	1.0	27.0	strong_rna_like	False	False	1.0	0.6697132	1.0	1.0	0.0	0.0	166.0	moderate_crucivirus_like	False	True	1.0	0.43745247	0.0	0.0	1.0	1.0	279.0	ambiguous	False	False	1.0	-0.073244516	0.134674402	False	False
Ribo_ND_056125	rna_virus	0	Red	Red	0.38396943	0.0	0.0	1.0	1.0	529.0	moderate_rna_like	False	False	1.0	0.35022566	0.0	0.0	1.0	1.0	54.0	moderate_rna_like	False	False	1.0	0.0840234	0.0	0.0	1.0	1.0	185.0	strong_rna_like	False	False	1.0	0.37832296	0.0	0.0	1.0	1.0	290.0	moderate_rna_like	False	False	1.0	0.033743770000000006	0.367097545	False	False
Ribo_ND_019348	rna_virus	0	Red	Red	0.23535965	0.0	0.0	1.0	1.0	431.0	moderate_rna_like	False	False	1.0	0.11818411	0.0	0.0	1.0	1.0	62.0	strong_rna_like	False	False	1.0	0.18647689	0.0	0.0	1.0	1.0	175.0	strong_rna_like	False	False	1.0	0.43347767	0.0	0.0	1.0	1.0	194.0	ambiguous	False	False	1.0	0.11717554000000001	0.17677188	False	False
Ribo_ND_363026	rna_virus	0	Red	Red	0.19175714	0.0	0.0	1.0	1.0	610.0	strong_rna_like	False	False	1.0	0.2300729	0.0	0.0	1.0	1.0	94.0	moderate_rna_like	False	False	1.0	0.04696226	0.0	0.0	1.0	1.0	193.0	strong_rna_like	False	False	1.0	0.23868701	0.0	0.0	1.0	1.0	323.0	moderate_rna_like	False	False	1.0	-0.038315760000000004	0.21091502	False	False
Ribo_ND_016336	rna_virus	0	Red	Red	0.22283046	0.0	0.0	1.0	1.0	354.0	moderate_rna_like	False	False	1.0	0.100084424	0.0	0.0	1.0	1.0	59.0	strong_rna_like	False	False	1.0	0.556089	1.0	1.0	0.0	0.0	177.0	ambiguous	False	False	1.0	0.21516338	0.0	0.0	1.0	1.0	118.0	moderate_rna_like	False	False	1.0	0.122746036	0.161457442	False	False
Ribo_ND_083710	rna_virus	0	Red	Red	0.13125084	0.0	0.0	1.0	1.0	412.0	strong_rna_like	False	False	1.0	0.043877643	0.0	0.0	1.0	1.0	31.0	strong_rna_like	False	False	1.0	0.29867426	0.0	0.0	1.0	1.0	181.0	moderate_rna_like	False	False	1.0	0.51944304	1.0	1.0	0.0	0.0	200.0	ambiguous	False	False	1.0	0.08737319700000001	0.0875642415	False	False
Ribo_ND_043980	rna_virus	0	Red	Red	0.15821642	0.0	0.0	1.0	1.0	411.0	strong_rna_like	False	False	1.0	0.011315078	0.0	0.0	1.0	1.0	43.0	strong_rna_like	False	False	1.0	0.23471537	0.0	0.0	1.0	1.0	180.0	moderate_rna_like	False	False	1.0	0.31916717	0.0	0.0	1.0	1.0	188.0	moderate_rna_like	False	False	1.0	0.146901342	0.084765749	False	False
Ribo_ND_044117	rna_virus	0	Red	Red	0.3150871	0.0	0.0	1.0	1.0	416.0	moderate_rna_like	False	False	1.0	0.09311287	0.0	0.0	1.0	1.0	40.0	strong_rna_like	False	False	1.0	0.14374389	0.0	0.0	1.0	1.0	181.0	strong_rna_like	False	False	1.0	0.33525664	0.0	0.0	1.0	1.0	195.0	moderate_rna_like	False	False	1.0	0.22197423	0.204099985	False	False
Ribo_ND_029646	rna_virus	0	Red	Red	0.38700968	0.0	0.0	1.0	1.0	440.0	moderate_rna_like	False	False	1.0	0.047777247	0.0	0.0	1.0	1.0	60.0	strong_rna_like	False	False	1.0	0.16890785	0.0	0.0	1.0	1.0	182.0	strong_rna_like	False	False	1.0	0.6276999	1.0	1.0	0.0	0.0	198.0	moderate_crucivirus_like	False	True	1.0	0.339232433	0.21739346350000002	False	False
Ribo_ND_187649	rna_virus	0	Red	Red	0.35847178	0.0	0.0	1.0	1.0	449.0	moderate_rna_like	False	False	1.0	0.112581044	0.0	0.0	1.0	1.0	73.0	strong_rna_like	False	False	1.0	0.18019806	0.0	0.0	1.0	1.0	181.0	strong_rna_like	False	False	1.0	0.56371313	1.0	1.0	0.0	0.0	195.0	ambiguous	False	False	1.0	0.245890736	0.23552641200000002	False	False
Ribo_ND_025512	rna_virus	0	Red	Red	0.23616143	0.0	0.0	1.0	1.0	434.0	moderate_rna_like	False	False	1.0	0.20900592	0.0	0.0	1.0	1.0	60.0	moderate_rna_like	False	False	1.0	0.26028737	0.0	0.0	1.0	1.0	181.0	moderate_rna_like	False	False	1.0	0.36747113	0.0	0.0	1.0	1.0	193.0	moderate_rna_like	False	False	1.0	0.027155509999999994	0.222583675	False	False
Ribo_ND_028859	rna_virus	0	Red	Red	0.4800993	0.0	0.0	1.0	1.0	417.0	ambiguous	False	False	1.0	0.06897719	0.0	0.0	1.0	1.0	40.0	strong_rna_like	False	False	1.0	0.13731585	0.0	0.0	1.0	1.0	182.0	strong_rna_like	False	False	1.0	0.6626863	1.0	1.0	0.0	0.0	195.0	moderate_crucivirus_like	False	True	1.0	0.41112211	0.274538245	False	False
Ribo_ND_030619	rna_virus	0	Red	Red	0.18990423	0.0	0.0	1.0	1.0	412.0	strong_rna_like	False	False	1.0	0.038520355	0.0	0.0	1.0	1.0	37.0	strong_rna_like	False	False	1.0	0.076892324	0.0	0.0	1.0	1.0	182.0	strong_rna_like	False	False	1.0	0.48953402	0.0	1.0	1.0	0.0	193.0	ambiguous	False	False	1.0	0.151383875	0.1142122925	False	False
Ribo_ND_030265	rna_virus	0	Red	Red	0.563638	1.0	1.0	0.0	0.0	430.0	ambiguous	False	False	1.0	0.22988841	0.0	0.0	1.0	1.0	54.0	moderate_rna_like	False	False	1.0	0.23060104	0.0	0.0	1.0	1.0	183.0	moderate_rna_like	False	False	1.0	0.53029245	1.0	1.0	0.0	0.0	193.0	ambiguous	False	False	1.0	0.33374959	0.39676320499999995	False	False
Ribo_ND_125159	rna_virus	0	Red	Red	0.23021461	0.0	0.0	1.0	1.0	412.0	moderate_rna_like	False	False	1.0	0.09298008	0.0	0.0	1.0	1.0	35.0	strong_rna_like	False	False	1.0	0.08472379	0.0	0.0	1.0	1.0	182.0	strong_rna_like	False	False	1.0	0.4997067	0.0	1.0	1.0	0.0	195.0	ambiguous	False	False	1.0	0.13723452999999997	0.161597345	False	False
Ribo_ND_043923	rna_virus	0	Red	Red	0.18065113	0.0	0.0	1.0	1.0	412.0	strong_rna_like	False	False	1.0	0.040178496	0.0	0.0	1.0	1.0	38.0	strong_rna_like	False	False	1.0	0.11659422	0.0	0.0	1.0	1.0	182.0	strong_rna_like	False	False	1.0	0.38700598	0.0	0.0	1.0	1.0	192.0	moderate_rna_like	False	False	1.0	0.14047263399999999	0.110414813	False	False
Ribo_ND_028897	rna_virus	0	Red	Red	0.17064548	0.0	0.0	1.0	1.0	412.0	strong_rna_like	False	False	1.0	0.018997133	0.0	0.0	1.0	1.0	38.0	strong_rna_like	False	False	1.0	0.3440363	0.0	0.0	1.0	1.0	183.0	moderate_rna_like	False	False	1.0	0.30835176	0.0	0.0	1.0	1.0	191.0	moderate_rna_like	False	False	1.0	0.151648347	0.0948213065	False	False
Ribo_ND_030353	rna_virus	0	Red	Red	0.20806956	0.0	0.0	1.0	1.0	446.0	moderate_rna_like	False	False	1.0	0.10576125	0.0	0.0	1.0	1.0	65.0	strong_rna_like	False	False	1.0	0.19775681	0.0	0.0	1.0	1.0	184.0	strong_rna_like	False	False	1.0	0.50559235	1.0	1.0	0.0	0.0	197.0	ambiguous	False	False	1.0	0.10230830999999999	0.156915405	False	False
Ribo_ND_083005	rna_virus	0	Red	Red	0.31272516	0.0	0.0	1.0	1.0	429.0	moderate_rna_like	False	False	1.0	0.1286638	0.0	0.0	1.0	1.0	43.0	strong_rna_like	False	False	1.0	0.20511271	0.0	0.0	1.0	1.0	181.0	moderate_rna_like	False	False	1.0	0.458073	0.0	0.0	1.0	1.0	205.0	ambiguous	False	False	1.0	0.18406136	0.22069448	False	False
Ribo_ND_025213	rna_virus	0	Red	Red	0.16119266	0.0	0.0	1.0	1.0	483.0	strong_rna_like	False	False	1.0	0.19472167	0.0	0.0	1.0	1.0	108.0	strong_rna_like	False	False	1.0	0.36135632	0.0	0.0	1.0	1.0	183.0	moderate_rna_like	False	False	1.0	0.5015248	1.0	1.0	0.0	0.0	192.0	ambiguous	False	False	1.0	-0.033529010000000026	0.177957165	False	False
Ribo_ND_162029	rna_virus	0	Red	Red	0.19526108	0.0	0.0	1.0	1.0	425.0	strong_rna_like	False	False	1.0	0.0390268	0.0	0.0	1.0	1.0	59.0	strong_rna_like	False	False	1.0	0.18582334	0.0	0.0	1.0	1.0	181.0	strong_rna_like	False	False	1.0	0.3554087	0.0	0.0	1.0	1.0	185.0	moderate_rna_like	False	False	1.0	0.15623428	0.11714394	False	False
Ribo_ND_166930	rna_virus	0	Red	Red	0.29252374	0.0	0.0	1.0	1.0	431.0	moderate_rna_like	False	False	1.0	0.08547733	0.0	0.0	1.0	1.0	61.0	strong_rna_like	False	False	1.0	0.08771982	0.0	0.0	1.0	1.0	181.0	strong_rna_like	False	False	1.0	0.21583085	0.0	0.0	1.0	1.0	189.0	moderate_rna_like	False	False	1.0	0.20704640999999996	0.189000535	False	False
Ribo_ND_043361	rna_virus	0	Red	Red	0.27479216	0.0	0.0	1.0	1.0	429.0	moderate_rna_like	False	False	1.0	0.10672277	0.0	0.0	1.0	1.0	59.0	strong_rna_like	False	False	1.0	0.32024047	0.0	0.0	1.0	1.0	179.0	moderate_rna_like	False	False	1.0	0.71632946	1.0	1.0	0.0	0.0	191.0	moderate_crucivirus_like	False	True	1.0	0.16806939	0.19075746500000001	False	False
Ribo_ND_166611	rna_virus	0	Red	Red	0.29250377	0.0	0.0	1.0	1.0	435.0	moderate_rna_like	False	False	1.0	0.16952264	0.0	0.0	1.0	1.0	57.0	strong_rna_like	False	False	1.0	0.41824263	0.0	1.0	1.0	0.0	182.0	ambiguous	False	False	1.0	0.56029737	1.0	1.0	0.0	0.0	196.0	ambiguous	False	False	1.0	0.12298113	0.231013205	False	False
Ribo_ND_166523	rna_virus	0	Red	Red	0.23988727	0.0	0.0	1.0	1.0	391.0	moderate_rna_like	False	False	1.0	0.055901103	0.0	0.0	1.0	1.0	32.0	strong_rna_like	False	False	1.0	0.12903798	0.0	0.0	1.0	1.0	182.0	strong_rna_like	False	False	1.0	0.22108337	0.0	0.0	1.0	1.0	177.0	moderate_rna_like	False	False	1.0	0.183986167	0.1478941865	False	False
Ribo_ND_378986	rna_virus	0	Red	Red	0.13602418	0.0	0.0	1.0	1.0	411.0	strong_rna_like	False	False	1.0	0.15157267	0.0	0.0	1.0	1.0	50.0	strong_rna_like	False	False	1.0	0.124542676	0.0	0.0	1.0	1.0	179.0	strong_rna_like	False	False	1.0	0.56585807	1.0	1.0	0.0	0.0	182.0	ambiguous	False	False	1.0	-0.015548489999999998	0.143798425	False	False
Ribo_ND_087716	rna_virus	0	Red	Red	0.15240575	0.0	0.0	1.0	1.0	408.0	strong_rna_like	False	False	1.0	0.0640851	0.0	0.0	1.0	1.0	46.0	strong_rna_like	False	False	1.0	0.17734137	0.0	0.0	1.0	1.0	179.0	strong_rna_like	False	False	1.0	0.59208375	1.0	1.0	0.0	0.0	183.0	ambiguous	False	False	1.0	0.08832065	0.108245425	False	False
Ribo_ND_084543	rna_virus	0	Red	Red	0.23563887	0.0	0.0	1.0	1.0	451.0	moderate_rna_like	False	False	1.0	0.3395595	0.0	0.0	1.0	1.0	90.0	moderate_rna_like	False	False	1.0	0.41746613	0.0	1.0	1.0	0.0	180.0	ambiguous	False	False	1.0	0.49067986	0.0	1.0	1.0	0.0	181.0	ambiguous	False	False	1.0	-0.10392063000000001	0.28759918500000003	False	False
Ribo_ND_084751	rna_virus	0	Red	Red	0.27536538	0.0	0.0	1.0	1.0	416.0	moderate_rna_like	False	False	1.0	0.30383033	0.0	0.0	1.0	1.0	61.0	moderate_rna_like	False	False	1.0	0.1727584	0.0	0.0	1.0	1.0	179.0	strong_rna_like	False	False	1.0	0.45244288	0.0	0.0	1.0	1.0	176.0	ambiguous	False	False	1.0	-0.02846494999999999	0.289597855	False	False
Ribo_ND_389711	rna_virus	0	Red	Red	0.31733966	0.0	0.0	1.0	1.0	496.0	moderate_rna_like	False	False	1.0	0.44348475	0.0	0.0	1.0	1.0	137.0	ambiguous	False	False	1.0	0.11945888	0.0	0.0	1.0	1.0	180.0	strong_rna_like	False	False	1.0	0.4195778	0.0	0.0	1.0	1.0	179.0	ambiguous	False	False	1.0	-0.12614508999999996	0.380412205	False	False
Ribo_ND_080284	rna_virus	0	Red	Red	0.12955189	0.0	0.0	1.0	1.0	396.0	strong_rna_like	False	False	1.0	0.025232607	0.0	0.0	1.0	1.0	36.0	strong_rna_like	False	False	1.0	0.18847716	0.0	0.0	1.0	1.0	181.0	strong_rna_like	False	False	1.0	0.22957364	0.0	0.0	1.0	1.0	179.0	moderate_rna_like	False	False	1.0	0.104319283	0.0773922485	False	False
Ribo_ND_026347	rna_virus	0	Red	Red	0.21936402	0.0	0.0	1.0	1.0	409.0	moderate_rna_like	False	False	1.0	0.11014662	0.0	0.0	1.0	1.0	47.0	strong_rna_like	False	False	1.0	0.28941154	0.0	0.0	1.0	1.0	182.0	moderate_rna_like	False	False	1.0	0.12080344	0.0	0.0	1.0	1.0	180.0	strong_rna_like	False	False	1.0	0.10921739999999999	0.16475531999999998	False	False
Ribo_ND_025925	rna_virus	0	Red	Red	0.1225628	0.0	0.0	1.0	1.0	426.0	strong_rna_like	False	False	1.0	0.029268663	0.0	0.0	1.0	1.0	68.0	strong_rna_like	False	False	1.0	0.26937434	0.0	0.0	1.0	1.0	180.0	moderate_rna_like	False	False	1.0	0.56178606	1.0	1.0	0.0	0.0	178.0	ambiguous	False	False	1.0	0.093294137	0.0759157315	False	False
Ribo_ND_043343	rna_virus	0	Red	Red	0.1521715	0.0	0.0	1.0	1.0	445.0	strong_rna_like	False	False	1.0	0.05179384	0.0	0.0	1.0	1.0	82.0	strong_rna_like	False	False	1.0	0.14095606	0.0	0.0	1.0	1.0	180.0	strong_rna_like	False	False	1.0	0.4094311	0.0	0.0	1.0	1.0	183.0	ambiguous	False	False	1.0	0.10037765999999998	0.10198267	False	False
Ribo_ND_334638	rna_virus	0	Red	Red	0.58859473	1.0	1.0	0.0	0.0	421.0	ambiguous	False	False	1.0	0.19176194	0.0	0.0	1.0	1.0	63.0	strong_rna_like	False	False	1.0	0.24234681	0.0	0.0	1.0	1.0	179.0	moderate_rna_like	False	False	1.0	0.52337456	1.0	1.0	0.0	0.0	179.0	ambiguous	False	False	1.0	0.39683278999999994	0.390178335	False	False
Ribo_ND_345505	rna_virus	0	Red	Red	0.0896702	0.0	0.0	1.0	1.0	411.0	strong_rna_like	False	False	1.0	0.0523061	0.0	0.0	1.0	1.0	45.0	strong_rna_like	False	False	1.0	0.30724818	0.0	0.0	1.0	1.0	183.0	moderate_rna_like	False	False	1.0	0.6048344	1.0	1.0	0.0	0.0	183.0	moderate_crucivirus_like	False	True	1.0	0.037364100000000004	0.07098815	False	False
Ribo_ND_065460	rna_virus	0	Red	Red	0.2924983	0.0	0.0	1.0	1.0	399.0	moderate_rna_like	False	False	1.0	0.13796009	0.0	0.0	1.0	1.0	48.0	strong_rna_like	False	False	1.0	0.31825176	0.0	0.0	1.0	1.0	176.0	moderate_rna_like	False	False	1.0	0.16272596	0.0	0.0	1.0	1.0	175.0	strong_rna_like	False	False	1.0	0.15453820999999998	0.21522919499999998	False	False
Ribo_ND_345541	rna_virus	0	Red	Red	0.3099549	0.0	0.0	1.0	1.0	424.0	moderate_rna_like	False	False	1.0	0.10932409	0.0	0.0	1.0	1.0	58.0	strong_rna_like	False	False	1.0	0.30794105	0.0	0.0	1.0	1.0	181.0	moderate_rna_like	False	False	1.0	0.5264719	1.0	1.0	0.0	0.0	185.0	ambiguous	False	False	1.0	0.20063081	0.20963949499999998	False	False
Ribo_ND_287598	rna_virus	0	Red	Red	0.27789387	0.0	0.0	1.0	1.0	379.0	moderate_rna_like	False	False	1.0	0.17442997	0.0	0.0	1.0	1.0	36.0	strong_rna_like	False	False	1.0	0.32474202	0.0	0.0	1.0	1.0	179.0	moderate_rna_like	False	False	1.0	0.64977235	1.0	1.0	0.0	0.0	164.0	moderate_crucivirus_like	False	True	1.0	0.1034639	0.22616192	False	False
Ribo_ND_029460	rna_virus	0	Red	Red	0.3381882	0.0	0.0	1.0	1.0	480.0	moderate_rna_like	False	False	1.0	0.5197039	1.0	1.0	0.0	0.0	127.0	ambiguous	False	False	1.0	0.15644887	0.0	0.0	1.0	1.0	178.0	strong_rna_like	False	False	1.0	0.3165929	0.0	0.0	1.0	1.0	175.0	moderate_rna_like	False	False	1.0	-0.1815157	0.42894604999999997	False	False
Ribo_ND_167327	rna_virus	0	Red	Red	0.50517815	1.0	1.0	0.0	0.0	382.0	ambiguous	False	False	1.0	0.29239175	0.0	0.0	1.0	1.0	48.0	moderate_rna_like	False	False	1.0	0.185295	0.0	0.0	1.0	1.0	176.0	strong_rna_like	False	False	1.0	0.65570587	1.0	1.0	0.0	0.0	158.0	moderate_crucivirus_like	False	True	1.0	0.2127864	0.39878495	False	False
Ribo_ND_028526	rna_virus	0	Red	Red	0.15182629	0.0	0.0	1.0	1.0	522.0	strong_rna_like	False	False	1.0	0.022886194	0.0	0.0	1.0	1.0	50.0	strong_rna_like	False	False	1.0	0.35778925	0.0	0.0	1.0	1.0	187.0	moderate_rna_like	False	False	1.0	0.51431745	1.0	1.0	0.0	0.0	285.0	ambiguous	False	False	1.0	0.128940096	0.087356242	False	False
Ribo_ND_221979	rna_virus	0	Red	Red	0.13828273	0.0	0.0	1.0	1.0	563.0	strong_rna_like	False	False	1.0	0.04605556	0.0	0.0	1.0	1.0	77.0	strong_rna_like	False	False	1.0	0.25904638	0.0	0.0	1.0	1.0	178.0	moderate_rna_like	False	False	1.0	0.3813209	0.0	0.0	1.0	1.0	308.0	moderate_rna_like	False	False	1.0	0.09222717	0.092169145	False	False
Ribo_ND_276181	rna_virus	0	Red	Red	0.38650808	0.0	0.0	1.0	1.0	445.0	moderate_rna_like	False	False	1.0	0.22510928	0.0	0.0	1.0	1.0	89.0	moderate_rna_like	False	False	1.0	0.42314315	0.0	1.0	1.0	0.0	173.0	ambiguous	False	False	1.0	0.36668587	0.0	0.0	1.0	1.0	183.0	moderate_rna_like	False	False	1.0	0.16139879999999998	0.30580868	False	False
Ribo_ND_286546	rna_virus	0	Red	Red	0.38172394	0.0	0.0	1.0	1.0	584.0	moderate_rna_like	False	False	1.0	0.5106788	1.0	0.0	0.0	1.0	90.0	ambiguous	False	False	1.0	0.3784486	0.0	0.0	1.0	1.0	173.0	moderate_rna_like	False	False	1.0	0.41034842	0.0	0.0	1.0	1.0	321.0	ambiguous	False	False	1.0	-0.12895486	0.44620137	False	False
Ribo_ND_166566	rna_virus	0	Red	Red	0.55561423	1.0	1.0	0.0	0.0	363.0	ambiguous	False	False	1.0											0.23399018	0.0	0.0	1.0	1.0	164.0	moderate_rna_like	False	False	1.0	0.5051406	1.0	1.0	0.0	0.0	199.0	ambiguous	False	False	1.0		0.55561423	False	False
Ribo_ND_327996	rna_virus	0	Red	Red	0.05342065	0.0	0.0	1.0	1.0	375.0	strong_rna_like	False	False	1.0	0.11553103	0.0	0.0	1.0	1.0	31.0	strong_rna_like	False	False	1.0	0.28376305	0.0	0.0	1.0	1.0	189.0	moderate_rna_like	False	False	1.0	0.38966128	0.0	0.0	1.0	1.0	155.0	moderate_rna_like	False	False	1.0	-0.06211038000000001	0.08447584	False	False
Ribo_ND_379348	rna_virus	0	Red	Red	0.2542893	0.0	0.0	1.0	1.0	390.0	moderate_rna_like	False	False	1.0	0.16754496	0.0	0.0	1.0	1.0	47.0	strong_rna_like	False	False	1.0	0.117868744	0.0	0.0	1.0	1.0	189.0	strong_rna_like	False	False	1.0	0.26579034	0.0	0.0	1.0	1.0	154.0	moderate_rna_like	False	False	1.0	0.08674434	0.21091713	False	False
Ribo_ND_065557	rna_virus	0	Red	Red	0.19031703	0.0	0.0	1.0	1.0	381.0	strong_rna_like	False	False	1.0	0.1542431	0.0	0.0	1.0	1.0	46.0	strong_rna_like	False	False	1.0	0.45065686	0.0	1.0	1.0	0.0	182.0	ambiguous	False	False	1.0	0.4180937	0.0	0.0	1.0	1.0	153.0	ambiguous	False	False	1.0	0.036073930000000004	0.17228006499999998	False	False
Ribo_ND_163124	rna_virus	0	Red	Red	0.115992524	0.0	0.0	1.0	1.0	471.0	strong_rna_like	False	False	1.0	0.05295418	0.0	0.0	1.0	1.0	62.0	strong_rna_like	False	False	1.0	0.15431148	0.0	0.0	1.0	1.0	173.0	strong_rna_like	False	False	1.0	0.2728207	0.0	0.0	1.0	1.0	236.0	moderate_rna_like	False	False	1.0	0.063038344	0.084473352	False	False
Ribo_ND_387096	rna_virus	0	Red	Red	0.29977435	0.0	0.0	1.0	1.0	540.0	moderate_rna_like	False	False	1.0	0.30766407	0.0	0.0	1.0	1.0	62.0	moderate_rna_like	False	False	1.0	0.3769328	0.0	0.0	1.0	1.0	168.0	moderate_rna_like	False	False	1.0	0.19585805	0.0	0.0	1.0	1.0	310.0	strong_rna_like	False	False	1.0	-0.007889719999999989	0.30371921	False	False
Ribo_ND_064805	rna_virus	0	Red	Red	0.22291286	0.0	0.0	1.0	1.0	658.0	moderate_rna_like	False	False	1.0	0.06739683	0.0	0.0	1.0	1.0	138.0	strong_rna_like	False	False	1.0	0.48219043	0.0	1.0	1.0	0.0	171.0	ambiguous	False	False	1.0	0.6483705	1.0	1.0	0.0	0.0	349.0	moderate_crucivirus_like	False	True	1.0	0.15551602999999997	0.145154845	False	False
Ribo_ND_108539	rna_virus	0	Red	Red	0.13556774	0.0	0.0	1.0	1.0	308.0	strong_rna_like	False	False	1.0	0.20084476	0.0	0.0	1.0	1.0	98.0	moderate_rna_like	False	False	1.0	0.28618205	0.0	0.0	1.0	1.0	169.0	moderate_rna_like	False	False	1.0	0.5211673	1.0	1.0	0.0	0.0	41.0	ambiguous	False	False	1.0	-0.06527702000000002	0.16820625	False	False
Ribo_ND_058964	rna_virus	0	Red	Red	0.056684583	0.0	0.0	1.0	1.0	639.0	strong_rna_like	False	False	1.0	0.2135881	0.0	0.0	1.0	1.0	122.0	moderate_rna_like	False	False	1.0	0.09348543	0.0	0.0	1.0	1.0	172.0	strong_rna_like	False	False	1.0	0.1425887	0.0	0.0	1.0	1.0	345.0	strong_rna_like	False	False	1.0	-0.156903517	0.1351363415	False	False
Ribo_ND_338848	rna_virus	0	Red	Red	0.29046643	0.0	0.0	1.0	1.0	523.0	moderate_rna_like	False	False	1.0	0.2917212	0.0	0.0	1.0	1.0	91.0	moderate_rna_like	False	False	1.0	0.21313183	0.0	0.0	1.0	1.0	187.0	moderate_rna_like	False	False	1.0	0.72099775	1.0	1.0	0.0	0.0	245.0	moderate_crucivirus_like	False	True	1.0	-0.0012547700000000162	0.291093815	False	False
Ribo_ND_087424	rna_virus	0	Red	Red	0.4851494	0.0	0.0	1.0	1.0	501.0	ambiguous	False	False	1.0	0.25283143	0.0	0.0	1.0	1.0	90.0	moderate_rna_like	False	False	1.0	0.7040829	1.0	1.0	0.0	0.0	173.0	moderate_crucivirus_like	False	True	1.0	0.43570006	0.0	0.0	1.0	1.0	238.0	ambiguous	False	False	1.0	0.23231796999999998	0.368990415	False	False
Ribo_ND_190494	rna_virus	0	Red	Red	0.8313836	1.0	1.0	0.0	0.0	407.0	strong_crucivirus_like	True	True	1.0	0.6657001	1.0	1.0	0.0	0.0	77.0	moderate_crucivirus_like	False	True	1.0	0.43631297	0.0	1.0	1.0	0.0	182.0	ambiguous	False	False	1.0	0.2337776	0.0	0.0	1.0	1.0	148.0	moderate_rna_like	False	False	1.0	0.16568349999999998	0.7485418500000001	False	True
Cruci_CruV_523	crucivirus	1	Red	Red	0.39187643	0.0	0.0	0.0	0.0	446.0	moderate_rna_like	False	True	1.0	0.11534906	0.0	0.0	0.0	0.0	88.0	strong_rna_like	True	True	1.0	0.26639622	0.0	0.0	0.0	0.0	185.0	moderate_rna_like	False	True	1.0	0.7393317	1.0	1.0	1.0	1.0	173.0	moderate_crucivirus_like	False	False	1.0	0.27652737	0.253612745	False	True
Ribo_ND_107386	rna_virus	0	Red	Red	0.27317134	0.0	0.0	1.0	1.0	402.0	moderate_rna_like	False	False	1.0	0.14421472	0.0	0.0	1.0	1.0	69.0	strong_rna_like	False	False	1.0	0.19094534	0.0	0.0	1.0	1.0	174.0	strong_rna_like	False	False	1.0	0.77100116	1.0	1.0	0.0	0.0	159.0	moderate_crucivirus_like	False	True	1.0	0.12895662	0.20869303	False	False
Ribo_ND_292516	rna_virus	0	Red	Red	0.12891251	0.0	0.0	1.0	1.0	341.0	strong_rna_like	False	False	1.0	0.07850467	0.0	0.0	1.0	1.0	29.0	strong_rna_like	False	False	1.0	0.37539008	0.0	0.0	1.0	1.0	165.0	moderate_rna_like	False	False	1.0	0.31398946	0.0	0.0	1.0	1.0	147.0	moderate_rna_like	False	False	1.0	0.05040784000000001	0.10370859	False	False
Ribo_ND_287421	rna_virus	0	Red	Red	0.0944717	0.0	0.0	1.0	1.0	341.0	strong_rna_like	False	False	1.0	0.07850467	0.0	0.0	1.0	1.0	29.0	strong_rna_like	False	False	1.0	0.29985225	0.0	0.0	1.0	1.0	165.0	moderate_rna_like	False	False	1.0	0.20572755	0.0	0.0	1.0	1.0	147.0	moderate_rna_like	False	False	1.0	0.015967030000000007	0.086488185	False	False
Ribo_ND_292524	rna_virus	0	Red	Red	0.093245514	0.0	0.0	1.0	1.0	346.0	strong_rna_like	False	False	1.0	0.066177614	0.0	0.0	1.0	1.0	30.0	strong_rna_like	False	False	1.0	0.46430287	0.0	1.0	1.0	0.0	165.0	ambiguous	False	False	1.0	0.19792889	0.0	0.0	1.0	1.0	151.0	strong_rna_like	False	False	1.0	0.027067900000000006	0.079711564	False	False
Ribo_ND_286599	rna_virus	0	Red	Red	0.06848773	0.0	0.0	1.0	1.0	342.0	strong_rna_like	False	False	1.0	0.031165564	0.0	0.0	1.0	1.0	31.0	strong_rna_like	False	False	1.0	0.35444784	0.0	0.0	1.0	1.0	165.0	moderate_rna_like	False	False	1.0	0.19134487	0.0	0.0	1.0	1.0	146.0	strong_rna_like	False	False	1.0	0.037322166	0.049826647	False	False
Ribo_ND_292487	rna_virus	0	Red	Red	0.1634892	0.0	0.0	1.0	1.0	342.0	strong_rna_like	False	False	1.0	0.07059444	0.0	0.0	1.0	1.0	31.0	strong_rna_like	False	False	1.0	0.31344053	0.0	0.0	1.0	1.0	165.0	moderate_rna_like	False	False	1.0	0.14493681	0.0	0.0	1.0	1.0	146.0	strong_rna_like	False	False	1.0	0.09289476	0.11704181999999999	False	False
Ribo_ND_284212	rna_virus	0	Red	Red	0.07338187	0.0	0.0	1.0	1.0	345.0	strong_rna_like	False	False	1.0	0.044254947	0.0	0.0	1.0	1.0	29.0	strong_rna_like	False	False	1.0	0.22680363	0.0	0.0	1.0	1.0	166.0	moderate_rna_like	False	False	1.0	0.32383108	0.0	0.0	1.0	1.0	150.0	moderate_rna_like	False	False	1.0	0.029126923	0.0588184085	False	False
Ribo_ND_387581	rna_virus	0	Red	Red	0.07743032	0.0	0.0	1.0	1.0	348.0	strong_rna_like	False	False	1.0	0.029771447	0.0	0.0	1.0	1.0	32.0	strong_rna_like	False	False	1.0	0.5624245	1.0	1.0	0.0	0.0	166.0	ambiguous	False	False	1.0	0.3409555	0.0	0.0	1.0	1.0	150.0	moderate_rna_like	False	False	1.0	0.047658873	0.0536008835	False	False
Ribo_ND_284233	rna_virus	0	Red	Red	0.104240485	0.0	0.0	1.0	1.0	340.0	strong_rna_like	False	False	1.0	0.12821154	0.0	0.0	1.0	1.0	32.0	strong_rna_like	False	False	1.0	0.59345657	1.0	1.0	0.0	0.0	165.0	ambiguous	False	False	1.0	0.24734369	0.0	0.0	1.0	1.0	143.0	moderate_rna_like	False	False	1.0	-0.02397105500000002	0.1162260125	False	False
Ribo_ND_285669	rna_virus	0	Red	Red	0.22497691	0.0	0.0	1.0	1.0	367.0	moderate_rna_like	False	False	1.0	0.44242504	0.0	0.0	1.0	1.0	58.0	ambiguous	False	False	1.0	0.4519117	0.0	1.0	1.0	0.0	165.0	ambiguous	False	False	1.0	0.24156633	0.0	0.0	1.0	1.0	144.0	moderate_rna_like	False	False	1.0	-0.21744813	0.333700975	False	False
Ribo_ND_292468	rna_virus	0	Red	Red	0.19397835	0.0	0.0	1.0	1.0	380.0	strong_rna_like	False	False	1.0	0.09163799	0.0	0.0	1.0	1.0	69.0	strong_rna_like	False	False	1.0	0.648205	1.0	1.0	0.0	0.0	165.0	moderate_crucivirus_like	False	True	1.0	0.59659535	1.0	1.0	0.0	0.0	146.0	ambiguous	False	False	1.0	0.10234035999999999	0.14280817	False	False
Ribo_ND_157297	rna_virus	0	Red	Red	0.30580273	0.0	0.0	1.0	1.0	351.0	moderate_rna_like	False	False	1.0	0.0295934	0.0	0.0	1.0	1.0	33.0	strong_rna_like	False	False	1.0	0.3135033	0.0	0.0	1.0	1.0	171.0	moderate_rna_like	False	False	1.0	0.24890417	0.0	0.0	1.0	1.0	147.0	moderate_rna_like	False	False	1.0	0.27620933000000003	0.167698065	False	False
Ribo_ND_103830	rna_virus	0	Red	Red	0.28377965	0.0	0.0	1.0	1.0	402.0	moderate_rna_like	False	False	1.0	0.08287175	0.0	0.0	1.0	1.0	70.0	strong_rna_like	False	False	1.0	0.37620538	0.0	0.0	1.0	1.0	168.0	moderate_rna_like	False	False	1.0	0.23033881	0.0	0.0	1.0	1.0	164.0	moderate_rna_like	False	False	1.0	0.2009079	0.18332569999999998	False	False
Ribo_ND_306487	rna_virus	0	Red	Red	0.48265037	0.0	0.0	1.0	1.0	330.0	ambiguous	False	False	1.0	0.5870804	1.0	1.0	0.0	0.0	9.0	ambiguous	False	False	1.0	0.18338422	0.0	0.0	1.0	1.0	165.0	strong_rna_like	False	False	1.0	0.3444083	0.0	0.0	1.0	1.0	156.0	moderate_rna_like	False	False	1.0	-0.10443002999999995	0.534865385	False	False
Ribo_ND_327359	rna_virus	0	Red	Red	0.33705926	0.0	0.0	1.0	1.0	372.0	moderate_rna_like	False	False	1.0	0.247448	0.0	0.0	1.0	1.0	50.0	moderate_rna_like	False	False	1.0	0.20340663	0.0	0.0	1.0	1.0	168.0	moderate_rna_like	False	False	1.0	0.3570892	0.0	0.0	1.0	1.0	154.0	moderate_rna_like	False	False	1.0	0.08961126000000003	0.29225363000000004	False	False
Ribo_ND_102609	rna_virus	0	Red	Red	0.40528843	0.0	0.0	1.0	1.0	324.0	ambiguous	False	False	1.0	0.5931259	1.0	1.0	0.0	0.0	5.0	ambiguous	False	False	1.0	0.16672388	0.0	0.0	1.0	1.0	167.0	strong_rna_like	False	False	1.0	0.32137856	0.0	0.0	1.0	1.0	152.0	moderate_rna_like	False	False	1.0	-0.18783747	0.49920716499999995	False	False
Ribo_ND_306376	rna_virus	0	Red	Red	0.543688	1.0	1.0	0.0	0.0	310.0	ambiguous	False	False	1.0											0.094272256	0.0	0.0	1.0	1.0	170.0	strong_rna_like	False	False	1.0	0.33029002	0.0	0.0	1.0	1.0	140.0	moderate_rna_like	False	False	1.0		0.543688	False	False
Ribo_ND_160081	rna_virus	0	Red	Red	0.09812126	0.0	0.0	1.0	1.0	456.0	strong_rna_like	False	False	1.0	0.060821377	0.0	0.0	1.0	1.0	42.0	strong_rna_like	False	False	1.0	0.14017889	0.0	0.0	1.0	1.0	176.0	strong_rna_like	False	False	1.0	0.5110347	1.0	1.0	0.0	0.0	238.0	ambiguous	False	False	1.0	0.037299883	0.0794713185	False	False
Ribo_ND_160101	rna_virus	0	Red	Red	0.12446486	0.0	0.0	1.0	1.0	477.0	strong_rna_like	False	False	1.0	0.08669119	0.0	0.0	1.0	1.0	57.0	strong_rna_like	False	False	1.0	0.17595729	0.0	0.0	1.0	1.0	176.0	strong_rna_like	False	False	1.0	0.45805317	0.0	0.0	1.0	1.0	244.0	ambiguous	False	False	1.0	0.037773669999999995	0.10557802499999999	False	False
Ribo_ND_024948	rna_virus	0	Red	Red	0.11398398	0.0	0.0	1.0	1.0	474.0	strong_rna_like	False	False	1.0	0.037485816	0.0	0.0	1.0	1.0	54.0	strong_rna_like	False	False	1.0	0.27536955	0.0	0.0	1.0	1.0	176.0	moderate_rna_like	False	False	1.0	0.35241023	0.0	0.0	1.0	1.0	244.0	moderate_rna_like	False	False	1.0	0.07649816400000001	0.075734898	False	False
Ribo_ND_110535	rna_virus	0	Red	Red	0.3092081	0.0	0.0	1.0	1.0	456.0	moderate_rna_like	False	False	1.0	0.2624753	0.0	0.0	1.0	1.0	58.0	moderate_rna_like	False	False	1.0	0.09884187	0.0	0.0	1.0	1.0	175.0	strong_rna_like	False	False	1.0	0.19763336	0.0	0.0	1.0	1.0	223.0	strong_rna_like	False	False	1.0	0.04673279999999996	0.2858417	False	False
Ribo_ND_024662	rna_virus	0	Red	Red	0.11584327	0.0	0.0	1.0	1.0	467.0	strong_rna_like	False	False	1.0	0.13790657	0.0	0.0	1.0	1.0	64.0	strong_rna_like	False	False	1.0	0.47965753	0.0	1.0	1.0	0.0	174.0	ambiguous	False	False	1.0	0.25298128	0.0	0.0	1.0	1.0	229.0	moderate_rna_like	False	False	1.0	-0.022063300000000008	0.12687492	False	False
Ribo_ND_080221	rna_virus	0	Red	Red	0.06441525	0.0	0.0	1.0	1.0	451.0	strong_rna_like	False	False	1.0	0.02783566	0.0	0.0	1.0	1.0	48.0	strong_rna_like	False	False	1.0	0.27390152	0.0	0.0	1.0	1.0	174.0	moderate_rna_like	False	False	1.0	0.24637452	0.0	0.0	1.0	1.0	229.0	moderate_rna_like	False	False	1.0	0.036579589999999995	0.046125454999999996	False	False
Ribo_ND_086121	rna_virus	0	Red	Red	0.14697802	0.0	0.0	1.0	1.0	451.0	strong_rna_like	False	False	1.0	0.026299492	0.0	0.0	1.0	1.0	46.0	strong_rna_like	False	False	1.0	0.38380003	0.0	0.0	1.0	1.0	174.0	moderate_rna_like	False	False	1.0	0.32146057	0.0	0.0	1.0	1.0	231.0	moderate_rna_like	False	False	1.0	0.12067852799999998	0.086638756	False	False
Ribo_ND_046897	rna_virus	0	Red	Red	0.31242558	0.0	0.0	1.0	1.0	453.0	moderate_rna_like	False	False	1.0	0.21447833	0.0	0.0	1.0	1.0	55.0	moderate_rna_like	False	False	1.0	0.2768832	0.0	0.0	1.0	1.0	174.0	moderate_rna_like	False	False	1.0	0.2483307	0.0	0.0	1.0	1.0	224.0	moderate_rna_like	False	False	1.0	0.09794724999999999	0.26345195499999996	False	False
Ribo_ND_049257	rna_virus	0	Red	Red	0.14895234	0.0	0.0	1.0	1.0	464.0	strong_rna_like	False	False	1.0	0.1596897	0.0	0.0	1.0	1.0	64.0	strong_rna_like	False	False	1.0	0.22187887	0.0	0.0	1.0	1.0	174.0	moderate_rna_like	False	False	1.0	0.26650715	0.0	0.0	1.0	1.0	226.0	moderate_rna_like	False	False	1.0	-0.010737360000000001	0.15432101999999998	False	False
Ribo_ND_190325	rna_virus	0	Red	Red	0.28025103	0.0	0.0	1.0	1.0	469.0	moderate_rna_like	False	False	1.0	0.16454569	0.0	0.0	1.0	1.0	75.0	strong_rna_like	False	False	1.0	0.34008184	0.0	0.0	1.0	1.0	174.0	moderate_rna_like	False	False	1.0	0.15010703	0.0	0.0	1.0	1.0	220.0	strong_rna_like	False	False	1.0	0.11570534000000002	0.22239836000000002	False	False
Ribo_ND_089619	rna_virus	0	Red	Red	0.23484531	0.0	0.0	1.0	1.0	507.0	moderate_rna_like	False	False	1.0	0.052344386	0.0	0.0	1.0	1.0	71.0	strong_rna_like	False	False	1.0	0.3689532	0.0	0.0	1.0	1.0	174.0	moderate_rna_like	False	False	1.0	0.42314732	0.0	0.0	1.0	1.0	262.0	ambiguous	False	False	1.0	0.182500924	0.143594848	False	False
Ribo_ND_189570	rna_virus	0	Red	Red	0.15786676	0.0	0.0	1.0	1.0	477.0	strong_rna_like	False	False	1.0	0.042039894	0.0	0.0	1.0	1.0	39.0	strong_rna_like	False	False	1.0	0.45247042	0.0	1.0	1.0	0.0	174.0	ambiguous	False	False	1.0	0.3364821	0.0	0.0	1.0	1.0	264.0	moderate_rna_like	False	False	1.0	0.115826866	0.099953327	False	False
Ribo_ND_304046	rna_virus	0	Red	Red	0.3920023	0.0	0.0	1.0	1.0	529.0	moderate_rna_like	False	False	1.0	0.31939873	0.0	0.0	1.0	1.0	201.0	moderate_rna_like	False	False	1.0	0.37458885	0.0	0.0	1.0	1.0	172.0	moderate_rna_like	False	False	1.0	0.29999015	0.0	0.0	1.0	1.0	156.0	moderate_rna_like	False	False	1.0	0.07260357	0.355700515	False	False
Ribo_ND_105296	rna_virus	0	Red	Red	0.7145192	1.0	1.0	0.0	0.0	483.0	moderate_crucivirus_like	False	True	1.0	0.4596004	0.0	0.0	1.0	1.0	151.0	ambiguous	False	False	1.0	0.2955757	0.0	0.0	1.0	1.0	172.0	moderate_rna_like	False	False	1.0	0.5160706	1.0	1.0	0.0	0.0	160.0	ambiguous	False	False	1.0	0.2549188	0.5870598	False	False
Ribo_ND_104580	rna_virus	0	Red	Red	0.3385436	0.0	0.0	1.0	1.0	480.0	moderate_rna_like	False	False	1.0	0.33484316	0.0	0.0	1.0	1.0	149.0	moderate_rna_like	False	False	1.0	0.16789468	0.0	0.0	1.0	1.0	172.0	strong_rna_like	False	False	1.0	0.74677134	1.0	1.0	0.0	0.0	159.0	moderate_crucivirus_like	False	True	1.0	0.003700440000000027	0.33669338	False	False
Ribo_ND_128603	rna_virus	0	Red	Red	0.67408574	1.0	1.0	0.0	0.0	479.0	moderate_crucivirus_like	False	True	1.0	0.6598191	1.0	1.0	0.0	0.0	148.0	moderate_crucivirus_like	False	True	1.0	0.21034168	0.0	0.0	1.0	1.0	172.0	moderate_rna_like	False	False	1.0	0.59480286	1.0	1.0	0.0	0.0	159.0	ambiguous	False	False	1.0	0.014266639999999997	0.66695242	False	True
Ribo_ND_109078	rna_virus	0	Red	Red	0.7204446	1.0	1.0	0.0	0.0	476.0	moderate_crucivirus_like	False	True	1.0	0.4258459	0.0	0.0	1.0	1.0	146.0	ambiguous	False	False	1.0	0.45475894	0.0	1.0	1.0	0.0	172.0	ambiguous	False	False	1.0	0.6620008	1.0	1.0	0.0	0.0	158.0	moderate_crucivirus_like	False	True	1.0	0.2945987	0.57314525	False	False
Ribo_ND_156966	rna_virus	0	Red	Red	0.53258234	1.0	1.0	0.0	0.0	471.0	ambiguous	False	False	1.0	0.09371722	0.0	0.0	1.0	1.0	139.0	strong_rna_like	False	False	1.0	0.37904087	0.0	0.0	1.0	1.0	172.0	moderate_rna_like	False	False	1.0	0.5228901	1.0	1.0	0.0	0.0	160.0	ambiguous	False	False	1.0	0.43886512000000005	0.31314978000000004	False	False
Ribo_ND_249807	rna_virus	0	Red	Red	0.5541376	1.0	1.0	0.0	0.0	473.0	ambiguous	False	False	1.0	0.2021215	0.0	0.0	1.0	1.0	141.0	moderate_rna_like	False	False	1.0	0.19944324	0.0	0.0	1.0	1.0	172.0	strong_rna_like	False	False	1.0	0.45175743	0.0	0.0	1.0	1.0	160.0	ambiguous	False	False	1.0	0.3520161	0.37812955000000004	False	False
Ribo_ND_251353	rna_virus	0	Red	Red	0.6730897	1.0	1.0	0.0	0.0	486.0	moderate_crucivirus_like	False	True	1.0	0.40511358	0.0	0.0	1.0	1.0	155.0	ambiguous	False	False	1.0	0.25546804	0.0	0.0	1.0	1.0	172.0	moderate_rna_like	False	False	1.0	0.6567959	1.0	1.0	0.0	0.0	159.0	moderate_crucivirus_like	False	True	1.0	0.26797612000000004	0.5391016399999999	False	False
Ribo_ND_074414	rna_virus	0	Red	Red	0.6986936	1.0	1.0	0.0	0.0	484.0	moderate_crucivirus_like	False	True	1.0	0.43115693	0.0	0.0	1.0	1.0	152.0	ambiguous	False	False	1.0	0.14027072	0.0	0.0	1.0	1.0	173.0	strong_rna_like	False	False	1.0	0.4627723	0.0	1.0	1.0	0.0	159.0	ambiguous	False	False	1.0	0.26753667000000003	0.5649252650000001	False	False
Ribo_ND_025042	rna_virus	0	Red	Red	0.81346226	1.0	1.0	0.0	0.0	477.0	strong_crucivirus_like	True	True	1.0	0.5713057	1.0	1.0	0.0	0.0	145.0	ambiguous	False	False	1.0	0.46394536	0.0	1.0	1.0	0.0	173.0	ambiguous	False	False	1.0	0.32677644	0.0	0.0	1.0	1.0	159.0	moderate_rna_like	False	False	1.0	0.24215655999999997	0.69238398	False	False
Ribo_ND_024984	rna_virus	0	Red	Red	0.7950614	1.0	1.0	0.0	0.0	476.0	moderate_crucivirus_like	False	True	1.0	0.63567597	1.0	1.0	0.0	0.0	143.0	moderate_crucivirus_like	False	True	1.0	0.18003418	0.0	0.0	1.0	1.0	173.0	strong_rna_like	False	False	1.0	0.40616268	0.0	0.0	1.0	1.0	160.0	ambiguous	False	False	1.0	0.15938543000000005	0.7153686850000001	False	True
Ribo_ND_107697	rna_virus	0	Red	Red	0.65050316	1.0	1.0	0.0	0.0	492.0	moderate_crucivirus_like	False	True	1.0	0.39372525	0.0	0.0	1.0	1.0	162.0	moderate_rna_like	False	False	1.0	0.4568675	0.0	1.0	1.0	0.0	172.0	ambiguous	False	False	1.0	0.1497201	0.0	0.0	1.0	1.0	158.0	strong_rna_like	False	False	1.0	0.25677790999999994	0.522114205	False	False
Ribo_ND_024858	rna_virus	0	Red	Red	0.4450718	0.0	0.0	1.0	1.0	467.0	ambiguous	False	False	1.0	0.2568545	0.0	0.0	1.0	1.0	134.0	moderate_rna_like	False	False	1.0	0.38301593	0.0	0.0	1.0	1.0	172.0	moderate_rna_like	False	False	1.0	0.55427223	1.0	1.0	0.0	0.0	161.0	ambiguous	False	False	1.0	0.18821730000000003	0.35096315	False	False
Ribo_ND_103115	rna_virus	0	Red	Red	0.56086725	1.0	1.0	0.0	0.0	463.0	ambiguous	False	False	1.0	0.30941877	0.0	0.0	1.0	1.0	133.0	moderate_rna_like	False	False	1.0	0.3687599	0.0	0.0	1.0	1.0	172.0	moderate_rna_like	False	False	1.0	0.46286806	0.0	1.0	1.0	0.0	158.0	ambiguous	False	False	1.0	0.25144848000000003	0.43514301	False	False
Ribo_ND_054718	rna_virus	0	Red	Red	0.5760249	1.0	1.0	0.0	0.0	483.0	ambiguous	False	False	1.0	0.4505334	0.0	0.0	1.0	1.0	151.0	ambiguous	False	False	1.0	0.37418717	0.0	0.0	1.0	1.0	172.0	moderate_rna_like	False	False	1.0	0.48403952	0.0	1.0	1.0	0.0	160.0	ambiguous	False	False	1.0	0.12549149999999998	0.51327915	False	False
Ribo_tomREF_NC_035452	rna_virus	0	Red	Red	0.7433538	1.0	1.0	0.0	0.0	453.0	moderate_crucivirus_like	False	True	1.0	0.5415623	1.0	1.0	0.0	0.0	124.0	ambiguous	False	False	1.0	0.3464575	0.0	0.0	1.0	1.0	174.0	moderate_rna_like	False	False	1.0	0.8195269	1.0	1.0	0.0	0.0	155.0	strong_crucivirus_like	True	True	1.0	0.2017914999999999	0.64245805	False	False
Ribo_ND_370405	rna_virus	0	Red	Red	0.18751554	0.0	0.0	1.0	1.0	514.0	strong_rna_like	False	False	1.0	0.4656051	0.0	0.0	1.0	1.0	183.0	ambiguous	False	False	1.0	0.13047199	0.0	0.0	1.0	1.0	173.0	strong_rna_like	False	False	1.0	0.5305282	1.0	1.0	0.0	0.0	158.0	ambiguous	False	False	1.0	-0.27808955999999996	0.32656032	False	False
Ribo_ND_388329	rna_virus	0	Red	Red	0.45842585	0.0	0.0	1.0	1.0	386.0	ambiguous	False	False	1.0	0.19946972	0.0	0.0	1.0	1.0	76.0	strong_rna_like	False	False	1.0	0.24442644	0.0	0.0	1.0	1.0	173.0	moderate_rna_like	False	False	1.0	0.42674103	0.0	0.0	1.0	1.0	137.0	ambiguous	False	False	1.0	0.25895613000000006	0.328947785	False	False
Ribo_ND_311193	rna_virus	0	Red	Red	0.08282976	0.0	0.0	1.0	1.0	323.0	strong_rna_like	False	False	1.0	0.024970392	0.0	0.0	1.0	1.0	40.0	strong_rna_like	False	False	1.0	0.119858794	0.0	0.0	1.0	1.0	168.0	strong_rna_like	False	False	1.0	0.6439992	1.0	1.0	0.0	0.0	115.0	moderate_crucivirus_like	False	True	1.0	0.057859368	0.053900076000000005	False	False
Ribo_ND_282003	rna_virus	0	Red	Red	0.07241931	0.0	0.0	1.0	1.0	323.0	strong_rna_like	False	False	1.0	0.018779945	0.0	0.0	1.0	1.0	40.0	strong_rna_like	False	False	1.0	0.1065178	0.0	0.0	1.0	1.0	168.0	strong_rna_like	False	False	1.0	0.50567317	1.0	1.0	0.0	0.0	115.0	ambiguous	False	False	1.0	0.053639365	0.0455996275	False	False
Ribo_ND_342381	rna_virus	0	Red	Red	0.058745064	0.0	0.0	1.0	1.0	353.0	strong_rna_like	False	False	1.0	0.035887342	0.0	0.0	1.0	1.0	71.0	strong_rna_like	False	False	1.0	0.21858051	0.0	0.0	1.0	1.0	168.0	moderate_rna_like	False	False	1.0	0.40565115	0.0	0.0	1.0	1.0	114.0	ambiguous	False	False	1.0	0.022857721999999997	0.047316203	False	False
Ribo_ND_348887	rna_virus	0	Red	Red	0.30277646	0.0	0.0	1.0	1.0	335.0	moderate_rna_like	False	False	1.0	0.056646653	0.0	0.0	1.0	1.0	51.0	strong_rna_like	False	False	1.0	0.19554818	0.0	0.0	1.0	1.0	168.0	strong_rna_like	False	False	1.0	0.36480653	0.0	0.0	1.0	1.0	116.0	moderate_rna_like	False	False	1.0	0.24612980700000003	0.1797115565	False	False
Ribo_ND_344529	rna_virus	0	Red	Red	0.29398492	0.0	0.0	1.0	1.0	334.0	moderate_rna_like	False	False	1.0	0.07648463	0.0	0.0	1.0	1.0	52.0	strong_rna_like	False	False	1.0	0.20671946	0.0	0.0	1.0	1.0	168.0	moderate_rna_like	False	False	1.0	0.43462408	0.0	0.0	1.0	1.0	114.0	ambiguous	False	False	1.0	0.21750028999999999	0.185234775	False	False
Ribo_ND_129922	rna_virus	0	Red	Red	0.26311627	0.0	0.0	1.0	1.0	353.0	moderate_rna_like	False	False	1.0	0.069095194	0.0	0.0	1.0	1.0	69.0	strong_rna_like	False	False	1.0	0.62515545	1.0	1.0	0.0	0.0	169.0	moderate_crucivirus_like	False	True	1.0	0.4425998	0.0	0.0	1.0	1.0	115.0	ambiguous	False	False	1.0	0.194021076	0.166105732	False	False
Ribo_ND_076186	rna_virus	0	Red	Red	0.123007216	0.0	0.0	1.0	1.0	336.0	strong_rna_like	False	False	1.0	0.034083184	0.0	0.0	1.0	1.0	44.0	strong_rna_like	False	False	1.0	0.37381908	0.0	0.0	1.0	1.0	171.0	moderate_rna_like	False	False	1.0	0.4569079	0.0	0.0	1.0	1.0	121.0	ambiguous	False	False	1.0	0.088924032	0.07854520000000001	False	False
Ribo_ND_106677	rna_virus	0	Yellow	Yellow	0.19077896	0.0	0.0	1.0	1.0	414.0	strong_rna_like	False	False	1.0	0.19470133	0.0	0.0	1.0	1.0	87.0	strong_rna_like	False	False	1.0	0.5965482	1.0	1.0	0.0	0.0	181.0	ambiguous	False	False	1.0	0.55724376	1.0	1.0	0.0	0.0	146.0	ambiguous	False	False	1.0	-0.003922370000000008	0.192740145	False	False
Cruci_CruV_109	crucivirus	1	Yellow	Yellow	0.9296349	1.0	1.0	1.0	1.0	450.0	strong_crucivirus_like	False	False	1.0	0.9657855	1.0	1.0	1.0	1.0	114.0	strong_crucivirus_like	False	False	1.0	0.6390924	1.0	1.0	1.0	1.0	186.0	moderate_crucivirus_like	False	False	1.0	0.5029511	1.0	1.0	1.0	1.0	150.0	ambiguous	False	False	1.0	-0.03615059999999992	0.9477102	False	False
Cruci_CruV-639	crucivirus	1	Yellow	Yellow	0.78535247	1.0	1.0	1.0	1.0	435.0	moderate_crucivirus_like	False	False	1.0	0.81271887	1.0	1.0	1.0	1.0	106.0	strong_crucivirus_like	False	False	1.0	0.7357197	1.0	1.0	1.0	1.0	182.0	moderate_crucivirus_like	False	False	1.0	0.42140943	0.0	0.0	0.0	0.0	147.0	ambiguous	False	False	1.0	-0.027366400000000013	0.79903567	False	False
Cruci_CruV_166	crucivirus	1	Yellow	Yellow	0.7762779	1.0	1.0	1.0	1.0	400.0	moderate_crucivirus_like	False	False	1.0	0.78505576	1.0	1.0	1.0	1.0	74.0	moderate_crucivirus_like	False	False	1.0	0.64029855	1.0	1.0	1.0	1.0	183.0	moderate_crucivirus_like	False	False	1.0	0.38584968	0.0	0.0	0.0	0.0	143.0	moderate_rna_like	False	True	1.0	-0.008777860000000026	0.7806668299999999	False	False
Ribo_JAAOEH010001208.1	rna_virus	0	Yellow	Yellow	0.56228006	1.0	1.0	0.0	0.0	380.0	ambiguous	False	False	1.0	0.43251237	0.0	0.0	1.0	1.0	40.0	ambiguous	False	False	1.0	0.78634197	1.0	1.0	0.0	0.0	180.0	moderate_crucivirus_like	False	True	1.0	0.64185244	1.0	1.0	0.0	0.0	160.0	moderate_crucivirus_like	False	True	1.0	0.12976769	0.497396215	False	False
Ribo_JAAOEH010001272.1	rna_virus	0	Yellow	Yellow	0.29292983	0.0	0.0	1.0	1.0	518.0	moderate_rna_like	False	False	1.0	0.39370412	0.0	0.0	1.0	1.0	177.0	moderate_rna_like	False	False	1.0	0.5917526	1.0	1.0	0.0	0.0	180.0	ambiguous	False	False	1.0	0.54509056	1.0	1.0	0.0	0.0	161.0	ambiguous	False	False	1.0	-0.10077428999999999	0.343316975	False	False
Ribo_ND_025679	rna_virus	0	Yellow	Yellow	0.16059402	0.0	0.0	1.0	1.0	489.0	strong_rna_like	False	False	1.0	0.19004762	0.0	0.0	1.0	1.0	149.0	strong_rna_like	False	False	1.0	0.4493244	0.0	0.0	1.0	1.0	180.0	ambiguous	False	False	1.0	0.6709822	1.0	1.0	0.0	0.0	160.0	moderate_crucivirus_like	False	True	1.0	-0.029453599999999996	0.17532082	False	False
Ribo_JAAOEH010003866.1	rna_virus	0	Yellow	Yellow	0.25816625	0.0	0.0	1.0	1.0	521.0	moderate_rna_like	False	False	1.0	0.6534214	1.0	1.0	0.0	0.0	181.0	moderate_crucivirus_like	False	True	1.0	0.3550626	0.0	0.0	1.0	1.0	180.0	moderate_rna_like	False	False	1.0	0.6111471	1.0	1.0	0.0	0.0	160.0	moderate_crucivirus_like	False	True	1.0	-0.39525515000000006	0.455793825	False	False
Ribo_ND_025722	rna_virus	0	Yellow	Yellow	0.18287987	0.0	0.0	1.0	1.0	383.0	strong_rna_like	False	False	1.0	0.35788408	0.0	0.0	1.0	1.0	49.0	moderate_rna_like	False	False	1.0	0.78047115	1.0	1.0	0.0	0.0	180.0	moderate_crucivirus_like	False	True	1.0	0.37905058	0.0	0.0	1.0	1.0	154.0	moderate_rna_like	False	False	1.0	-0.17500421	0.270381975	False	False
Ribo_NC_033426	rna_virus	0	Yellow	Yellow	0.312146	0.0	0.0	1.0	1.0	498.0	moderate_rna_like	False	False	1.0	0.39420322	0.0	0.0	1.0	1.0	168.0	moderate_rna_like	False	False	1.0	0.5004632	1.0	0.0	0.0	1.0	180.0	ambiguous	False	False	1.0	0.3206528	0.0	0.0	1.0	1.0	150.0	moderate_rna_like	False	False	1.0	-0.08205722000000004	0.35317461	False	False
Ribo_ND_102429	rna_virus	0	Yellow	Yellow	0.49043006	0.0	0.0	1.0	1.0	379.0	ambiguous	False	False	1.0	0.56781274	1.0	1.0	0.0	0.0	39.0	ambiguous	False	False	1.0	0.75341827	1.0	1.0	0.0	0.0	180.0	moderate_crucivirus_like	False	True	1.0	0.35995963	0.0	0.0	1.0	1.0	160.0	moderate_rna_like	False	False	1.0	-0.07738268000000004	0.5291214	False	False
Ribo_ND_085676	rna_virus	0	Yellow	Yellow	0.35847446	0.0	0.0	1.0	1.0	651.0	moderate_rna_like	False	False	1.0	0.084170364	0.0	0.0	1.0	1.0	313.0	strong_rna_like	False	False	1.0	0.8452257	1.0	1.0	0.0	0.0	181.0	strong_crucivirus_like	True	True	1.0	0.720265	1.0	1.0	0.0	0.0	157.0	moderate_crucivirus_like	False	True	1.0	0.274304096	0.221322412	False	False
Ribo_MT138147_clostero-likeRdRp_translation	rna_virus	0	Yellow	Yellow	0.2277577	0.0	0.0	1.0	1.0	418.0	moderate_rna_like	False	False	1.0	0.42950514	0.0	0.0	1.0	1.0	95.0	ambiguous	False	False	1.0	0.77397686	1.0	1.0	0.0	0.0	179.0	moderate_crucivirus_like	False	True	1.0	0.12143488	0.0	0.0	1.0	1.0	144.0	strong_rna_like	False	False	1.0	-0.20174744	0.32863142	False	False
Ribo_ND_175738	rna_virus	0	Yellow	Yellow	0.096686944	0.0	0.0	1.0	1.0	513.0	strong_rna_like	False	False	1.0	0.080881394	0.0	0.0	1.0	1.0	97.0	strong_rna_like	False	False	1.0	0.5988727	1.0	1.0	0.0	0.0	182.0	ambiguous	False	False	1.0	0.2000651	0.0	0.0	1.0	1.0	234.0	moderate_rna_like	False	False	1.0	0.01580555	0.088784169	False	False
Ribo_Ga0058860_10192148	rna_virus	0	Yellow	Yellow	0.39083254	0.0	0.0	1.0	1.0	359.0	moderate_rna_like	False	False	1.0	0.42803398	0.0	0.0	1.0	1.0	37.0	ambiguous	False	False	1.0	0.6346361	1.0	1.0	0.0	0.0	179.0	moderate_crucivirus_like	False	True	1.0	0.5505344	1.0	1.0	0.0	0.0	143.0	ambiguous	False	False	1.0	-0.037201439999999975	0.40943326	False	False
Ribo_ND_025007	rna_virus	0	Yellow	Yellow	0.23306417	0.0	0.0	1.0	1.0	430.0	moderate_rna_like	False	False	1.0	0.1179582	0.0	0.0	1.0	1.0	96.0	strong_rna_like	False	False	1.0	0.81868106	1.0	1.0	0.0	0.0	177.0	strong_crucivirus_like	True	True	1.0	0.67050445	1.0	1.0	0.0	0.0	157.0	moderate_crucivirus_like	False	True	1.0	0.11510596999999999	0.175511185	False	False
Ribo_ND_176110	rna_virus	0	Yellow	Yellow	0.4358153	0.0	0.0	1.0	1.0	431.0	ambiguous	False	False	1.0	0.54347914	1.0	1.0	0.0	0.0	102.0	ambiguous	False	False	1.0	0.888494	1.0	1.0	0.0	0.0	177.0	strong_crucivirus_like	True	True	1.0	0.46679726	0.0	0.0	1.0	1.0	152.0	ambiguous	False	False	1.0	-0.10766383999999996	0.48964722	False	False
Ribo_ND_251198	rna_virus	0	Yellow	Yellow	0.31529167	0.0	0.0	1.0	1.0	436.0	moderate_rna_like	False	False	1.0	0.37271538	0.0	0.0	1.0	1.0	105.0	moderate_rna_like	False	False	1.0	0.78252	1.0	1.0	0.0	0.0	177.0	moderate_crucivirus_like	False	True	1.0	0.3564975	0.0	0.0	1.0	1.0	154.0	moderate_rna_like	False	False	1.0	-0.05742370999999996	0.344003525	False	False
Ribo_ND_029438	rna_virus	0	Yellow	Yellow	0.19187897	0.0	0.0	1.0	1.0	434.0	strong_rna_like	False	False	1.0	0.41639543	0.0	0.0	1.0	1.0	104.0	ambiguous	False	False	1.0	0.6747136	1.0	1.0	0.0	0.0	177.0	moderate_crucivirus_like	False	True	1.0	0.32299292	0.0	0.0	1.0	1.0	153.0	moderate_rna_like	False	False	1.0	-0.22451646	0.3041372	False	False
Ribo_ND_099971	rna_virus	0	Yellow	Yellow	0.5132714	1.0	1.0	0.0	0.0	422.0	ambiguous	False	False	1.0	0.53903264	1.0	1.0	0.0	0.0	103.0	ambiguous	False	False	1.0	0.56665385	1.0	1.0	0.0	0.0	175.0	ambiguous	False	False	1.0	0.7817591	1.0	1.0	0.0	0.0	144.0	moderate_crucivirus_like	False	True	1.0	-0.025761239999999908	0.52615202	False	False
Ribo_ND_028949	rna_virus	0	Yellow	Yellow	0.14725047	0.0	0.0	1.0	1.0	414.0	strong_rna_like	False	False	1.0	0.20973298	0.0	0.0	1.0	1.0	94.0	moderate_rna_like	False	False	1.0	0.65892035	1.0	1.0	0.0	0.0	177.0	moderate_crucivirus_like	False	True	1.0	0.3223113	0.0	0.0	1.0	1.0	143.0	moderate_rna_like	False	False	1.0	-0.06248251000000002	0.178491725	False	False
Ribo_ND_168812	rna_virus	0	Yellow	Yellow	0.21391664	0.0	0.0	1.0	1.0	426.0	moderate_rna_like	False	False	1.0	0.5184172	1.0	1.0	0.0	0.0	106.0	ambiguous	False	False	1.0	0.6723966	1.0	1.0	0.0	0.0	177.0	moderate_crucivirus_like	False	True	1.0	0.78458303	1.0	1.0	0.0	0.0	143.0	moderate_crucivirus_like	False	True	1.0	-0.30450056000000003	0.36616692	False	False
Ribo_ND_159193	rna_virus	0	Yellow	Yellow	0.45204115	0.0	0.0	1.0	1.0	440.0	ambiguous	False	False	1.0	0.7065111	1.0	1.0	0.0	0.0	115.0	moderate_crucivirus_like	False	True	1.0	0.76211864	1.0	1.0	0.0	0.0	177.0	moderate_crucivirus_like	False	True	1.0	0.4999077	0.0	1.0	1.0	0.0	148.0	ambiguous	False	False	1.0	-0.25446994999999994	0.579276125	False	False
Ribo_ND_370416	rna_virus	0	Yellow	Yellow	0.25268316	0.0	0.0	1.0	1.0	441.0	moderate_rna_like	False	False	1.0	0.5218111	1.0	1.0	0.0	0.0	115.0	ambiguous	False	False	1.0	0.61258113	1.0	1.0	0.0	0.0	177.0	moderate_crucivirus_like	False	True	1.0	0.21319443	0.0	0.0	1.0	1.0	149.0	moderate_rna_like	False	False	1.0	-0.26912793999999995	0.38724713	False	False
Ribo_ND_329481	rna_virus	0	Yellow	Yellow	0.3632216	0.0	0.0	1.0	1.0	425.0	moderate_rna_like	False	False	1.0	0.5658034	1.0	1.0	0.0	0.0	100.0	ambiguous	False	False	1.0	0.7782289	1.0	1.0	0.0	0.0	177.0	moderate_crucivirus_like	False	True	1.0	0.36419985	0.0	0.0	1.0	1.0	148.0	moderate_rna_like	False	False	1.0	-0.20258179999999998	0.4645125	False	False
Ribo_ND_099921	rna_virus	0	Yellow	Yellow	0.16211592	0.0	0.0	1.0	1.0	416.0	strong_rna_like	False	False	1.0	0.2808595	0.0	0.0	1.0	1.0	89.0	moderate_rna_like	False	False	1.0	0.75117534	1.0	1.0	0.0	0.0	177.0	moderate_crucivirus_like	False	True	1.0	0.5932114	1.0	1.0	0.0	0.0	150.0	ambiguous	False	False	1.0	-0.11874357999999999	0.22148771	False	False
Ribo_ND_026010	rna_virus	0	Yellow	Yellow	0.2791257	0.0	0.0	1.0	1.0	410.0	moderate_rna_like	False	False	1.0	0.16814108	0.0	0.0	1.0	1.0	83.0	strong_rna_like	False	False	1.0	0.6218608	1.0	1.0	0.0	0.0	177.0	moderate_crucivirus_like	False	True	1.0	0.47940227	0.0	0.0	1.0	1.0	150.0	ambiguous	False	False	1.0	0.11098461999999998	0.22363339	False	False
Ribo_ND_028069	rna_virus	0	Yellow	Yellow	0.3532811	0.0	0.0	1.0	1.0	411.0	moderate_rna_like	False	False	1.0	0.1272615	0.0	0.0	1.0	1.0	83.0	strong_rna_like	False	False	1.0	0.53889835	1.0	1.0	0.0	0.0	177.0	ambiguous	False	False	1.0	0.5859244	1.0	1.0	0.0	0.0	151.0	ambiguous	False	False	1.0	0.22601960000000001	0.24027130000000002	False	False
Ribo_ND_029688	rna_virus	0	Yellow	Yellow	0.6699241	1.0	1.0	0.0	0.0	451.0	moderate_crucivirus_like	False	True	1.0	0.4881753	0.0	1.0	1.0	0.0	125.0	ambiguous	False	False	1.0	0.6517647	1.0	1.0	0.0	0.0	177.0	moderate_crucivirus_like	False	True	1.0	0.76593304	1.0	1.0	0.0	0.0	149.0	moderate_crucivirus_like	False	True	1.0	0.18174880000000004	0.5790497	False	False
Ribo_ND_025531	rna_virus	0	Yellow	Yellow	0.37879008	0.0	0.0	1.0	1.0	407.0	moderate_rna_like	False	False	1.0	0.3618749	0.0	0.0	1.0	1.0	89.0	moderate_rna_like	False	False	1.0	0.70180035	1.0	1.0	0.0	0.0	177.0	moderate_crucivirus_like	False	True	1.0	0.54696625	1.0	1.0	0.0	0.0	141.0	ambiguous	False	False	1.0	0.016915179999999974	0.37033249	False	False
Ribo_ND_356789	rna_virus	0	Yellow	Yellow	0.59897184	1.0	1.0	0.0	0.0	409.0	ambiguous	False	False	1.0	0.39638618	0.0	0.0	1.0	1.0	91.0	moderate_rna_like	False	False	1.0	0.72194886	1.0	1.0	0.0	0.0	177.0	moderate_crucivirus_like	False	True	1.0	0.6216834	1.0	1.0	0.0	0.0	141.0	moderate_crucivirus_like	False	True	1.0	0.20258566000000006	0.49767901000000003	False	False
Ribo_Ga0006777J48905_1012910	rna_virus	0	Yellow	Yellow	0.47726595	0.0	0.0	1.0	1.0	444.0	ambiguous	False	False	1.0	0.51672626	1.0	1.0	0.0	0.0	117.0	ambiguous	False	False	1.0	0.62729484	1.0	1.0	0.0	0.0	177.0	moderate_crucivirus_like	False	True	1.0	0.24090846	0.0	0.0	1.0	1.0	150.0	moderate_rna_like	False	False	1.0	-0.03946031	0.496996105	False	False
Ribo_ND_037080	rna_virus	0	Yellow	Yellow	0.23461151	0.0	0.0	1.0	1.0	461.0	moderate_rna_like	False	False	1.0	0.3280161	0.0	0.0	1.0	1.0	134.0	moderate_rna_like	False	False	1.0	0.62729484	1.0	1.0	0.0	0.0	177.0	moderate_crucivirus_like	False	True	1.0	0.24541584	0.0	0.0	1.0	1.0	150.0	moderate_rna_like	False	False	1.0	-0.09340458999999998	0.281313805	False	False
Ribo_ND_329968	rna_virus	0	Yellow	Yellow	0.3148715	0.0	0.0	1.0	1.0	426.0	moderate_rna_like	False	False	1.0	0.3229616	0.0	0.0	1.0	1.0	98.0	moderate_rna_like	False	False	1.0	0.71187556	1.0	1.0	0.0	0.0	177.0	moderate_crucivirus_like	False	True	1.0	0.61367637	1.0	1.0	0.0	0.0	151.0	moderate_crucivirus_like	False	True	1.0	-0.008090099999999989	0.31891655	False	False
Ribo_ND_034853	rna_virus	0	Yellow	Yellow	0.3448576	0.0	0.0	1.0	1.0	425.0	moderate_rna_like	False	False	1.0	0.43692505	0.0	0.0	1.0	1.0	99.0	ambiguous	False	False	1.0	0.8974837	1.0	1.0	0.0	0.0	177.0	strong_crucivirus_like	True	True	1.0	0.29742122	0.0	0.0	1.0	1.0	149.0	moderate_rna_like	False	False	1.0	-0.09206745	0.390891325	False	False
Ribo_ND_037368	rna_virus	0	Yellow	Yellow	0.25654978	0.0	0.0	1.0	1.0	424.0	moderate_rna_like	False	False	1.0	0.16470814	0.0	0.0	1.0	1.0	99.0	strong_rna_like	False	False	1.0	0.87968993	1.0	1.0	0.0	0.0	177.0	strong_crucivirus_like	True	True	1.0	0.28695902	0.0	0.0	1.0	1.0	148.0	moderate_rna_like	False	False	1.0	0.09184164	0.21062896	False	False
Ribo_ND_299981	rna_virus	0	Yellow	Yellow	0.5045179	1.0	1.0	0.0	0.0	426.0	ambiguous	False	False	1.0	0.53035045	1.0	1.0	0.0	0.0	100.0	ambiguous	False	False	1.0	0.77413654	1.0	1.0	0.0	0.0	177.0	moderate_crucivirus_like	False	True	1.0	0.6117418	1.0	1.0	0.0	0.0	149.0	moderate_crucivirus_like	False	True	1.0	-0.025832550000000065	0.517434175	False	False
Ribo_ND_176115	rna_virus	0	Yellow	Yellow	0.3568622	0.0	0.0	1.0	1.0	520.0	moderate_rna_like	False	False	1.0	0.27981135	0.0	0.0	1.0	1.0	192.0	moderate_rna_like	False	False	1.0	0.9086016	1.0	1.0	0.0	0.0	177.0	strong_crucivirus_like	True	True	1.0	0.41979903	0.0	0.0	1.0	1.0	151.0	ambiguous	False	False	1.0	0.07705085	0.318336775	False	False
Ribo_ND_204147	rna_virus	0	Yellow	Yellow	0.39926353	0.0	0.0	1.0	1.0	442.0	moderate_rna_like	False	False	1.0	0.45609716	0.0	0.0	1.0	1.0	114.0	ambiguous	False	False	1.0	0.8853086	1.0	1.0	0.0	0.0	177.0	strong_crucivirus_like	True	True	1.0	0.760762	1.0	1.0	0.0	0.0	151.0	moderate_crucivirus_like	False	True	1.0	-0.056833630000000024	0.42768034499999996	False	False
Ribo_Ga0184579_111024	rna_virus	0	Yellow	Yellow	0.35257462	0.0	0.0	1.0	1.0	420.0	moderate_rna_like	False	False	1.0	0.45197612	0.0	0.0	1.0	1.0	103.0	ambiguous	False	False	1.0	0.80105054	1.0	1.0	0.0	0.0	177.0	strong_crucivirus_like	True	True	1.0	0.68585277	1.0	1.0	0.0	0.0	140.0	moderate_crucivirus_like	False	True	1.0	-0.09940149999999998	0.40227537	False	False
Ribo_ND_239549	rna_virus	0	Yellow	Yellow	0.34972614	0.0	0.0	1.0	1.0	414.0	moderate_rna_like	False	False	1.0	0.21057662	0.0	0.0	1.0	1.0	91.0	moderate_rna_like	False	False	1.0	0.8144972	1.0	1.0	0.0	0.0	177.0	strong_crucivirus_like	True	True	1.0	0.6789145	1.0	1.0	0.0	0.0	146.0	moderate_crucivirus_like	False	True	1.0	0.13914952000000003	0.28015138	False	False
Ribo_ND_209718	rna_virus	0	Yellow	Yellow	0.17284955	0.0	0.0	1.0	1.0	456.0	strong_rna_like	False	False	1.0	0.48466188	0.0	1.0	1.0	0.0	127.0	ambiguous	False	False	1.0	0.74284	1.0	1.0	0.0	0.0	177.0	moderate_crucivirus_like	False	True	1.0	0.5199995	1.0	1.0	0.0	0.0	152.0	ambiguous	False	False	1.0	-0.31181232999999997	0.328755715	False	False
Ribo_ND_304209	rna_virus	0	Yellow	Yellow	0.205343	0.0	0.0	1.0	1.0	447.0	moderate_rna_like	False	False	1.0	0.23146228	0.0	0.0	1.0	1.0	120.0	moderate_rna_like	False	False	1.0	0.7637803	1.0	1.0	0.0	0.0	177.0	moderate_crucivirus_like	False	True	1.0	0.7527956	1.0	1.0	0.0	0.0	150.0	moderate_crucivirus_like	False	True	1.0	-0.026119279999999995	0.21840263999999998	False	False
Ribo_ND_365513	rna_virus	0	Yellow	Yellow	0.45399478	0.0	0.0	1.0	1.0	430.0	ambiguous	False	False	1.0	0.3360694	0.0	0.0	1.0	1.0	103.0	moderate_rna_like	False	False	1.0	0.810296	1.0	1.0	0.0	0.0	177.0	strong_crucivirus_like	True	True	1.0	0.5174825	1.0	1.0	0.0	0.0	150.0	ambiguous	False	False	1.0	0.11792537999999997	0.39503209	False	False
Ribo_ND_138880	rna_virus	0	Yellow	Yellow	0.30004132	0.0	0.0	1.0	1.0	425.0	moderate_rna_like	False	False	1.0	0.582993	1.0	1.0	0.0	0.0	98.0	ambiguous	False	False	1.0	0.91313004	1.0	1.0	0.0	0.0	177.0	strong_crucivirus_like	True	True	1.0	0.5154713	1.0	1.0	0.0	0.0	150.0	ambiguous	False	False	1.0	-0.28295168	0.44151715999999996	False	False
Ribo_ND_032229	rna_virus	0	Yellow	Yellow	0.16240536	0.0	0.0	1.0	1.0	428.0	strong_rna_like	False	False	1.0	0.26149377	0.0	0.0	1.0	1.0	101.0	moderate_rna_like	False	False	1.0	0.87752783	1.0	1.0	0.0	0.0	177.0	strong_crucivirus_like	True	True	1.0	0.34496558	0.0	0.0	1.0	1.0	150.0	moderate_rna_like	False	False	1.0	-0.09908841000000002	0.211949565	False	False
Ribo_ND_301024	rna_virus	0	Yellow	Yellow	0.4675822	0.0	0.0	1.0	1.0	418.0	ambiguous	False	False	1.0	0.50039953	1.0	1.0	0.0	0.0	95.0	ambiguous	False	False	1.0	0.8918028	1.0	1.0	0.0	0.0	177.0	strong_crucivirus_like	True	True	1.0	0.62296516	1.0	1.0	0.0	0.0	146.0	moderate_crucivirus_like	False	True	1.0	-0.03281733000000003	0.483990865	False	False
Ribo_ND_054817	rna_virus	0	Yellow	Yellow	0.25495884	0.0	0.0	1.0	1.0	427.0	moderate_rna_like	False	False	1.0	0.22742772	0.0	0.0	1.0	1.0	101.0	moderate_rna_like	False	False	1.0	0.7246599	1.0	1.0	0.0	0.0	177.0	moderate_crucivirus_like	False	True	1.0	0.5205478	1.0	1.0	0.0	0.0	149.0	ambiguous	False	False	1.0	0.02753112000000002	0.24119328	False	False
Ribo_ND_370430	rna_virus	0	Yellow	Yellow	0.21999313	0.0	0.0	1.0	1.0	419.0	moderate_rna_like	False	False	1.0	0.17463253	0.0	0.0	1.0	1.0	93.0	strong_rna_like	False	False	1.0	0.8435486	1.0	1.0	0.0	0.0	177.0	strong_crucivirus_like	True	True	1.0	0.45256153	0.0	0.0	1.0	1.0	149.0	ambiguous	False	False	1.0	0.0453606	0.19731283	False	False
Ribo_ND_099810	rna_virus	0	Yellow	Yellow	0.56835353	1.0	1.0	0.0	0.0	439.0	ambiguous	False	False	1.0	0.5140492	1.0	1.0	0.0	0.0	111.0	ambiguous	False	False	1.0	0.772722	1.0	1.0	0.0	0.0	177.0	moderate_crucivirus_like	False	True	1.0	0.71667874	1.0	1.0	0.0	0.0	151.0	moderate_crucivirus_like	False	True	1.0	0.05430433000000001	0.541201365	False	False
Ribo_ND_037792	rna_virus	0	Yellow	Yellow	0.6618614	1.0	1.0	0.0	0.0	409.0	moderate_crucivirus_like	False	True	1.0	0.5600153	1.0	1.0	0.0	0.0	80.0	ambiguous	False	False	1.0	0.81262577	1.0	1.0	0.0	0.0	177.0	strong_crucivirus_like	True	True	1.0	0.5492461	1.0	1.0	0.0	0.0	152.0	ambiguous	False	False	1.0	0.10184610000000005	0.6109383500000001	False	False
Ribo_ND_036494	rna_virus	0	Yellow	Yellow	0.65851986	1.0	1.0	0.0	0.0	409.0	moderate_crucivirus_like	False	True	1.0	0.6945443	1.0	1.0	0.0	0.0	80.0	moderate_crucivirus_like	False	True	1.0	0.75456005	1.0	1.0	0.0	0.0	177.0	moderate_crucivirus_like	False	True	1.0	0.5015373	1.0	1.0	0.0	0.0	152.0	ambiguous	False	False	1.0	-0.036024440000000046	0.67653208	False	True
Ribo_ND_054075	rna_virus	0	Yellow	Yellow	0.08403957	0.0	0.0	1.0	1.0	452.0	strong_rna_like	False	False	1.0	0.14157476	0.0	0.0	1.0	1.0	124.0	strong_rna_like	False	False	1.0	0.9112026	1.0	1.0	0.0	0.0	177.0	strong_crucivirus_like	True	True	1.0	0.69684047	1.0	1.0	0.0	0.0	151.0	moderate_crucivirus_like	False	True	1.0	-0.05753519	0.11280716499999999	False	False
Ribo_ND_251248	rna_virus	0	Yellow	Yellow	0.3094331	0.0	0.0	1.0	1.0	412.0	moderate_rna_like	False	False	1.0	0.10445011	0.0	0.0	1.0	1.0	83.0	strong_rna_like	False	False	1.0	0.7993746	1.0	1.0	0.0	0.0	177.0	moderate_crucivirus_like	False	True	1.0	0.6762465	1.0	1.0	0.0	0.0	152.0	moderate_crucivirus_like	False	True	1.0	0.20498299000000003	0.206941605	False	False
Ribo_ND_097300	rna_virus	0	Yellow	Yellow	0.18402238	0.0	0.0	1.0	1.0	416.0	strong_rna_like	False	False	1.0	0.054239113	0.0	0.0	1.0	1.0	87.0	strong_rna_like	False	False	1.0	0.65654355	1.0	1.0	0.0	0.0	177.0	moderate_crucivirus_like	False	True	1.0	0.59757155	1.0	1.0	0.0	0.0	152.0	ambiguous	False	False	1.0	0.129783267	0.11913074650000001	False	False
Ribo_ND_030231	rna_virus	0	Yellow	Yellow	0.24529545	0.0	0.0	1.0	1.0	406.0	moderate_rna_like	False	False	1.0	0.2142322	0.0	0.0	1.0	1.0	79.0	moderate_rna_like	False	False	1.0	0.881509	1.0	1.0	0.0	0.0	177.0	strong_crucivirus_like	True	True	1.0	0.433645	0.0	0.0	1.0	1.0	150.0	ambiguous	False	False	1.0	0.031063249999999987	0.229763825	False	False
Ribo_ND_028884	rna_virus	0	Yellow	Yellow	0.2223584	0.0	0.0	1.0	1.0	406.0	moderate_rna_like	False	False	1.0	0.10022074	0.0	0.0	1.0	1.0	79.0	strong_rna_like	False	False	1.0	0.84016883	1.0	1.0	0.0	0.0	177.0	strong_crucivirus_like	True	True	1.0	0.33493695	0.0	0.0	1.0	1.0	150.0	moderate_rna_like	False	False	1.0	0.12213766000000001	0.16128957	False	False
Ribo_ND_073926	rna_virus	0	Yellow	Yellow	0.4321457	0.0	0.0	1.0	1.0	426.0	ambiguous	False	False	1.0	0.2541327	0.0	0.0	1.0	1.0	99.0	moderate_rna_like	False	False	1.0	0.80125105	1.0	1.0	0.0	0.0	178.0	strong_crucivirus_like	True	True	1.0	0.1569469	0.0	0.0	1.0	1.0	149.0	strong_rna_like	False	False	1.0	0.17801300000000003	0.3431392	False	False
Ribo_ND_365818	rna_virus	0	Yellow	Yellow	0.35071138	0.0	0.0	1.0	1.0	433.0	moderate_rna_like	False	False	1.0	0.3117474	0.0	0.0	1.0	1.0	105.0	moderate_rna_like	False	False	1.0	0.83109444	1.0	1.0	0.0	0.0	177.0	strong_crucivirus_like	True	True	1.0	0.7509029	1.0	1.0	0.0	0.0	151.0	moderate_crucivirus_like	False	True	1.0	0.03896398000000001	0.33122939	False	False
Ribo_ND_042393	rna_virus	0	Yellow	Yellow	0.09985191	0.0	0.0	1.0	1.0	429.0	strong_rna_like	False	False	1.0	0.23041701	0.0	0.0	1.0	1.0	104.0	moderate_rna_like	False	False	1.0	0.76341635	1.0	1.0	0.0	0.0	177.0	moderate_crucivirus_like	False	True	1.0	0.7001367	1.0	1.0	0.0	0.0	148.0	moderate_crucivirus_like	False	True	1.0	-0.1305651	0.16513446	False	False
Ribo_Ga0150984_103896888	rna_virus	0	Yellow	Yellow	0.29519174	0.0	0.0	1.0	1.0	437.0	moderate_rna_like	False	False	1.0	0.31387553	0.0	0.0	1.0	1.0	118.0	moderate_rna_like	False	False	1.0	0.7939755	1.0	1.0	0.0	0.0	177.0	moderate_crucivirus_like	False	True	1.0	0.57305115	1.0	1.0	0.0	0.0	142.0	ambiguous	False	False	1.0	-0.018683790000000033	0.30453363499999997	False	False
Ribo_ND_092889	rna_virus	0	Yellow	Yellow	0.1773813	0.0	0.0	1.0	1.0	449.0	strong_rna_like	False	False	1.0	0.16466025	0.0	0.0	1.0	1.0	120.0	strong_rna_like	False	False	1.0	0.85312706	1.0	1.0	0.0	0.0	177.0	strong_crucivirus_like	True	True	1.0	0.585229	1.0	1.0	0.0	0.0	152.0	ambiguous	False	False	1.0	0.012721049999999984	0.171020775	False	False
Ribo_Ga0007413J51701_1025822	rna_virus	0	Yellow	Yellow	0.18314627	0.0	0.0	1.0	1.0	447.0	strong_rna_like	False	False	1.0	0.1373418	0.0	0.0	1.0	1.0	120.0	strong_rna_like	False	False	1.0	0.8235714	1.0	1.0	0.0	0.0	177.0	strong_crucivirus_like	True	True	1.0	0.6431611	1.0	1.0	0.0	0.0	150.0	moderate_crucivirus_like	False	True	1.0	0.045804469999999986	0.160244035	False	False
Ribo_ND_038050	rna_virus	0	Yellow	Yellow	0.09503516	0.0	0.0	1.0	1.0	434.0	strong_rna_like	False	False	1.0	0.09511788	0.0	0.0	1.0	1.0	106.0	strong_rna_like	False	False	1.0	0.8235714	1.0	1.0	0.0	0.0	177.0	strong_crucivirus_like	True	True	1.0	0.6331826	1.0	1.0	0.0	0.0	151.0	moderate_crucivirus_like	False	True	1.0	-8.272000000000834e-05	0.09507652	False	False
Ribo_ND_248264	rna_virus	0	Yellow	Yellow	0.17815517	0.0	0.0	1.0	1.0	417.0	strong_rna_like	False	False	1.0	0.10000495	0.0	0.0	1.0	1.0	88.0	strong_rna_like	False	False	1.0	0.76781076	1.0	1.0	0.0	0.0	177.0	moderate_crucivirus_like	False	True	1.0	0.63248545	1.0	1.0	0.0	0.0	152.0	moderate_crucivirus_like	False	True	1.0	0.07815022	0.13908006	False	False
Ribo_ND_270988	rna_virus	0	Yellow	Yellow	0.25150818	0.0	0.0	1.0	1.0	404.0	moderate_rna_like	False	False	1.0	0.087317735	0.0	0.0	1.0	1.0	85.0	strong_rna_like	False	False	1.0	0.7746721	1.0	1.0	0.0	0.0	177.0	moderate_crucivirus_like	False	True	1.0	0.62215877	1.0	1.0	0.0	0.0	142.0	moderate_crucivirus_like	False	True	1.0	0.16419044500000002	0.16941295750000002	False	False
Ribo_ND_249650	rna_virus	0	Yellow	Yellow	0.40599528	0.0	0.0	1.0	1.0	413.0	ambiguous	False	False	1.0	0.09236867	0.0	0.0	1.0	1.0	85.0	strong_rna_like	False	False	1.0	0.8974721	1.0	1.0	0.0	0.0	177.0	strong_crucivirus_like	True	True	1.0	0.27971858	0.0	0.0	1.0	1.0	151.0	moderate_rna_like	False	False	1.0	0.31362661000000003	0.249181975	False	False
Ribo_ND_050578	rna_virus	0	Yellow	Yellow	0.42026424	0.0	0.0	1.0	1.0	424.0	ambiguous	False	False	1.0	0.37725914	0.0	0.0	1.0	1.0	94.0	moderate_rna_like	False	False	1.0	0.83363104	1.0	1.0	0.0	0.0	177.0	strong_crucivirus_like	True	True	1.0	0.56604743	1.0	1.0	0.0	0.0	153.0	ambiguous	False	False	1.0	0.04300510000000002	0.39876169	False	False
Ribo_ND_041696	rna_virus	0	Yellow	Yellow	0.19756022	0.0	0.0	1.0	1.0	423.0	strong_rna_like	False	False	1.0	0.66083103	1.0	1.0	0.0	0.0	95.0	moderate_crucivirus_like	False	True	1.0	0.55166006	1.0	1.0	0.0	0.0	177.0	ambiguous	False	False	1.0	0.6504241	1.0	1.0	0.0	0.0	151.0	moderate_crucivirus_like	False	True	1.0	-0.46327081	0.42919562499999997	False	False
Ribo_ND_253618	rna_virus	0	Yellow	Yellow	0.2755332	0.0	0.0	1.0	1.0	424.0	moderate_rna_like	False	False	1.0	0.4629049	0.0	0.0	1.0	1.0	93.0	ambiguous	False	False	1.0	0.8639658	1.0	1.0	0.0	0.0	177.0	strong_crucivirus_like	True	True	1.0	0.13215907	0.0	0.0	1.0	1.0	154.0	strong_rna_like	False	False	1.0	-0.18737170000000003	0.36921905	False	False
Ribo_ND_107474	rna_virus	0	Yellow	Yellow	0.39094672	0.0	0.0	1.0	1.0	425.0	moderate_rna_like	False	False	1.0	0.6929422	1.0	1.0	0.0	0.0	93.0	moderate_crucivirus_like	False	True	1.0	0.6155255	1.0	1.0	0.0	0.0	177.0	moderate_crucivirus_like	False	True	1.0	0.35103026	0.0	0.0	1.0	1.0	155.0	moderate_rna_like	False	False	1.0	-0.3019954799999999	0.54194446	False	False
Ribo_ND_082950	rna_virus	0	Yellow	Yellow	0.51615	1.0	1.0	0.0	0.0	425.0	ambiguous	False	False	1.0	0.65375984	1.0	1.0	0.0	0.0	93.0	moderate_crucivirus_like	False	True	1.0	0.5569783	1.0	1.0	0.0	0.0	177.0	ambiguous	False	False	1.0	0.41297308	0.0	0.0	1.0	1.0	155.0	ambiguous	False	False	1.0	-0.13760983999999998	0.5849549199999999	False	False
Ribo_ND_146063	rna_virus	0	Yellow	Yellow	0.088566594	0.0	0.0	1.0	1.0	423.0	strong_rna_like	False	False	1.0	0.074480146	0.0	0.0	1.0	1.0	94.0	strong_rna_like	False	False	1.0	0.44981393	0.0	0.0	1.0	1.0	177.0	ambiguous	False	False	1.0	0.61371905	1.0	1.0	0.0	0.0	152.0	moderate_crucivirus_like	False	True	1.0	0.014086448000000001	0.08152337	False	False
Ribo_ND_365844	rna_virus	0	Yellow	Yellow	0.17713241	0.0	0.0	1.0	1.0	431.0	strong_rna_like	False	False	1.0	0.20422728	0.0	0.0	1.0	1.0	104.0	moderate_rna_like	False	False	1.0	0.34394482	0.0	0.0	1.0	1.0	177.0	moderate_rna_like	False	False	1.0	0.78981525	1.0	1.0	0.0	0.0	150.0	moderate_crucivirus_like	False	True	1.0	-0.02709487000000002	0.19067984500000001	False	False
Ribo_ND_060760	rna_virus	0	Yellow	Yellow	0.452775	0.0	0.0	1.0	1.0	405.0	ambiguous	False	False	1.0	0.25735646	0.0	0.0	1.0	1.0	76.0	moderate_rna_like	False	False	1.0	0.58944476	1.0	1.0	0.0	0.0	177.0	ambiguous	False	False	1.0	0.42013437	0.0	0.0	1.0	1.0	152.0	ambiguous	False	False	1.0	0.19541853999999997	0.35506572999999997	False	False
Ribo_ND_067689	rna_virus	0	Yellow	Yellow	0.29592863	0.0	0.0	1.0	1.0	433.0	moderate_rna_like	False	False	1.0	0.24722065	0.0	0.0	1.0	1.0	105.0	moderate_rna_like	False	False	1.0	0.4125972	0.0	0.0	1.0	1.0	177.0	ambiguous	False	False	1.0	0.5985921	1.0	1.0	0.0	0.0	151.0	ambiguous	False	False	1.0	0.04870798000000004	0.27157464	False	False
Ribo_ND_365502	rna_virus	0	Yellow	Yellow	0.47242942	0.0	0.0	1.0	1.0	411.0	ambiguous	False	False	1.0	0.3444143	0.0	0.0	1.0	1.0	78.0	moderate_rna_like	False	False	1.0	0.6221791	1.0	1.0	0.0	0.0	177.0	moderate_crucivirus_like	False	True	1.0	0.37376687	0.0	0.0	1.0	1.0	156.0	moderate_rna_like	False	False	1.0	0.12801511999999998	0.40842186	False	False
Ribo_ND_095900	rna_virus	0	Yellow	Yellow	0.5174972	1.0	1.0	0.0	0.0	470.0	ambiguous	False	False	1.0	0.44262108	0.0	0.0	1.0	1.0	137.0	ambiguous	False	False	1.0	0.7367582	1.0	1.0	0.0	0.0	177.0	moderate_crucivirus_like	False	True	1.0	0.5865724	1.0	1.0	0.0	0.0	156.0	ambiguous	False	False	1.0	0.07487611999999999	0.48005914	False	False
Ribo_ND_044240	rna_virus	0	Yellow	Yellow	0.10744265	0.0	0.0	1.0	1.0	436.0	strong_rna_like	False	False	1.0	0.24988742	0.0	0.0	1.0	1.0	101.0	moderate_rna_like	False	False	1.0	0.7999682	1.0	1.0	0.0	0.0	177.0	moderate_crucivirus_like	False	True	1.0	0.73206824	1.0	1.0	0.0	0.0	158.0	moderate_crucivirus_like	False	True	1.0	-0.14244477	0.178665035	False	False
Ribo_ND_047182	rna_virus	0	Yellow	Yellow	0.109279245	0.0	0.0	1.0	1.0	428.0	strong_rna_like	False	False	1.0	0.52054614	1.0	1.0	0.0	0.0	104.0	ambiguous	False	False	1.0	0.68079185	1.0	1.0	0.0	0.0	177.0	moderate_crucivirus_like	False	True	1.0	0.55069304	1.0	1.0	0.0	0.0	147.0	ambiguous	False	False	1.0	-0.411266895	0.3149126925	False	False
Ribo_ND_025329	rna_virus	0	Yellow	Yellow	0.3700665	0.0	0.0	1.0	1.0	425.0	moderate_rna_like	False	False	1.0	0.43475872	0.0	0.0	1.0	1.0	98.0	ambiguous	False	False	1.0	0.38007143	0.0	0.0	1.0	1.0	181.0	moderate_rna_like	False	False	1.0	0.5669073	1.0	1.0	0.0	0.0	146.0	ambiguous	False	False	1.0	-0.06469221999999997	0.40241261	False	False
Ribo_ND_163272	rna_virus	0	Yellow	Yellow	0.17208636	0.0	0.0	1.0	1.0	409.0	strong_rna_like	False	False	1.0	0.23962517	0.0	0.0	1.0	1.0	92.0	moderate_rna_like	False	False	1.0	0.49711066	0.0	0.0	1.0	1.0	176.0	ambiguous	False	False	1.0	0.5545814	1.0	1.0	0.0	0.0	141.0	ambiguous	False	False	1.0	-0.06753881	0.205855765	False	False
Ribo_ND_025513	rna_virus	0	Yellow	Yellow	0.5634119	1.0	1.0	0.0	0.0	432.0	ambiguous	False	False	1.0	0.3246818	0.0	0.0	1.0	1.0	93.0	moderate_rna_like	False	False	1.0	0.47182256	0.0	0.0	1.0	1.0	178.0	ambiguous	False	False	1.0	0.64012283	1.0	1.0	0.0	0.0	161.0	moderate_crucivirus_like	False	True	1.0	0.23873009999999995	0.44404685	False	False
Ribo_ND_155710	rna_virus	0	Yellow	Yellow	0.57558864	1.0	1.0	0.0	0.0	429.0	ambiguous	False	False	1.0	0.43615147	0.0	0.0	1.0	1.0	92.0	ambiguous	False	False	1.0	0.6365289	1.0	1.0	0.0	0.0	178.0	moderate_crucivirus_like	False	True	1.0	0.8887205	1.0	1.0	0.0	0.0	159.0	strong_crucivirus_like	True	True	1.0	0.13943717	0.5058700549999999	False	False
Ribo_ND_155771	rna_virus	0	Yellow	Yellow	0.25181305	0.0	0.0	1.0	1.0	438.0	moderate_rna_like	False	False	1.0	0.2322104	0.0	0.0	1.0	1.0	107.0	moderate_rna_like	False	False	1.0	0.8512124	1.0	1.0	0.0	0.0	177.0	strong_crucivirus_like	True	True	1.0	0.5000937	1.0	1.0	0.0	0.0	154.0	ambiguous	False	False	1.0	0.01960264999999997	0.242011725	False	False
Ribo_ND_148054	rna_virus	0	Yellow	Yellow	0.2150045	0.0	0.0	1.0	1.0	428.0	moderate_rna_like	False	False	1.0	0.30754408	0.0	0.0	1.0	1.0	98.0	moderate_rna_like	False	False	1.0	0.8357185	1.0	1.0	0.0	0.0	177.0	strong_crucivirus_like	True	True	1.0	0.32143313	0.0	0.0	1.0	1.0	153.0	moderate_rna_like	False	False	1.0	-0.09253958000000001	0.26127429	False	False
Ribo_ND_084065	rna_virus	0	Yellow	Yellow	0.34438035	0.0	0.0	1.0	1.0	436.0	moderate_rna_like	False	False	1.0	0.3893745	0.0	0.0	1.0	1.0	102.0	moderate_rna_like	False	False	1.0	0.885826	1.0	1.0	0.0	0.0	177.0	strong_crucivirus_like	True	True	1.0	0.6555477	1.0	1.0	0.0	0.0	157.0	moderate_crucivirus_like	False	True	1.0	-0.04499415000000001	0.366877425	False	False
Ribo_ND_051536	rna_virus	0	Yellow	Yellow	0.1792136	0.0	0.0	1.0	1.0	422.0	strong_rna_like	False	False	1.0	0.16551863	0.0	0.0	1.0	1.0	89.0	strong_rna_like	False	False	1.0	0.7500526	1.0	1.0	0.0	0.0	176.0	moderate_crucivirus_like	False	True	1.0	0.332614	0.0	0.0	1.0	1.0	157.0	moderate_rna_like	False	False	1.0	0.01369497	0.172366115	False	False
Ribo_ND_069102	rna_virus	0	Yellow	Yellow	0.11520231	0.0	0.0	1.0	1.0	419.0	strong_rna_like	False	False	1.0	0.073696524	0.0	0.0	1.0	1.0	85.0	strong_rna_like	False	False	1.0	0.64959127	1.0	1.0	0.0	0.0	176.0	moderate_crucivirus_like	False	True	1.0	0.53800803	1.0	1.0	0.0	0.0	158.0	ambiguous	False	False	1.0	0.041505786	0.09444941700000001	False	False
Ribo_ND_381174	rna_virus	0	Yellow	Yellow	0.544564	1.0	1.0	0.0	0.0	424.0	ambiguous	False	False	1.0	0.461525	0.0	0.0	1.0	1.0	97.0	ambiguous	False	False	1.0	0.66679883	1.0	1.0	0.0	0.0	175.0	moderate_crucivirus_like	False	True	1.0	0.26732895	0.0	0.0	1.0	1.0	152.0	moderate_rna_like	False	False	1.0	0.08303900000000003	0.5030445	False	False
Ribo_ND_251546	rna_virus	0	Yellow	Yellow	0.51318467	1.0	1.0	0.0	0.0	457.0	ambiguous	False	False	1.0	0.5115606	1.0	1.0	0.0	0.0	135.0	ambiguous	False	False	1.0	0.5445809	1.0	1.0	0.0	0.0	179.0	ambiguous	False	False	1.0	0.26685166	0.0	0.0	1.0	1.0	143.0	moderate_rna_like	False	False	1.0	0.0016240699999999775	0.512372635	False	False
Ribo_ND_192680	rna_virus	0	Yellow	Yellow	0.114802375	0.0	0.0	1.0	1.0	429.0	strong_rna_like	False	False	1.0	0.27846265	0.0	0.0	1.0	1.0	102.0	moderate_rna_like	False	False	1.0	0.54508334	1.0	1.0	0.0	0.0	176.0	ambiguous	False	False	1.0	0.5768279	1.0	1.0	0.0	0.0	151.0	ambiguous	False	False	1.0	-0.16366027499999997	0.1966325125	False	False
Ribo_ND_025321	rna_virus	0	Yellow	Yellow	0.27326977	0.0	0.0	1.0	1.0	431.0	moderate_rna_like	False	False	1.0	0.41198057	0.0	0.0	1.0	1.0	102.0	ambiguous	False	False	1.0	0.7843143	1.0	1.0	0.0	0.0	176.0	moderate_crucivirus_like	False	True	1.0	0.49349457	0.0	0.0	1.0	1.0	153.0	ambiguous	False	False	1.0	-0.13871079999999997	0.34262517000000003	False	False
Ribo_JAAOEH010002326.1	rna_virus	0	Yellow	Yellow	0.2292699	0.0	0.0	1.0	1.0	420.0	moderate_rna_like	False	False	1.0	0.21478224	0.0	0.0	1.0	1.0	93.0	moderate_rna_like	False	False	1.0	0.5732818	1.0	1.0	0.0	0.0	177.0	ambiguous	False	False	1.0	0.5923604	1.0	1.0	0.0	0.0	150.0	ambiguous	False	False	1.0	0.014487659999999986	0.22202607000000002	False	False
Ribo_ND_349259	rna_virus	0	Yellow	Yellow	0.21875711	0.0	0.0	1.0	1.0	420.0	moderate_rna_like	False	False	1.0	0.21478224	0.0	0.0	1.0	1.0	93.0	moderate_rna_like	False	False	1.0	0.5732818	1.0	1.0	0.0	0.0	177.0	ambiguous	False	False	1.0	0.62461567	1.0	1.0	0.0	0.0	150.0	moderate_crucivirus_like	False	True	1.0	0.0039748699999999915	0.216769675	False	False
Ribo_ND_106166	rna_virus	0	Yellow	Yellow	0.82425815	1.0	1.0	0.0	0.0	433.0	strong_crucivirus_like	True	True	1.0	0.8268926	1.0	1.0	0.0	0.0	105.0	strong_crucivirus_like	True	True	1.0	0.86300653	1.0	1.0	0.0	0.0	178.0	strong_crucivirus_like	True	True	1.0	0.7741592	1.0	1.0	0.0	0.0	150.0	moderate_crucivirus_like	False	True	1.0	-0.002634449999999955	0.825575375	True	True
Ribo_ND_046761	rna_virus	0	Yellow	Yellow	0.3835926	0.0	0.0	1.0	1.0	422.0	moderate_rna_like	False	False	1.0	0.362923	0.0	0.0	1.0	1.0	96.0	moderate_rna_like	False	False	1.0	0.7570733	1.0	1.0	0.0	0.0	178.0	moderate_crucivirus_like	False	True	1.0	0.7637549	1.0	1.0	0.0	0.0	148.0	moderate_crucivirus_like	False	True	1.0	0.02066960000000001	0.3732578	False	False
Ribo_ND_141117	rna_virus	0	Yellow	Yellow	0.098868944	0.0	0.0	1.0	1.0	450.0	strong_rna_like	False	False	1.0	0.078143254	0.0	0.0	1.0	1.0	123.0	strong_rna_like	False	False	1.0	0.72518873	1.0	1.0	0.0	0.0	177.0	moderate_crucivirus_like	False	True	1.0	0.7287739	1.0	1.0	0.0	0.0	150.0	moderate_crucivirus_like	False	True	1.0	0.020725690000000005	0.088506099	False	False
Ribo_ND_025705	rna_virus	0	Yellow	Yellow	0.22822331	0.0	0.0	1.0	1.0	437.0	moderate_rna_like	False	False	1.0	0.33265668	0.0	0.0	1.0	1.0	105.0	moderate_rna_like	False	False	1.0	0.8170443	1.0	1.0	0.0	0.0	176.0	strong_crucivirus_like	True	True	1.0	0.26565585	0.0	0.0	1.0	1.0	156.0	moderate_rna_like	False	False	1.0	-0.10443336999999997	0.280439995	False	False
Ribo_ND_025671	rna_virus	0	Yellow	Yellow	0.46828917	0.0	0.0	1.0	1.0	443.0	ambiguous	False	False	1.0	0.6959103	1.0	1.0	0.0	0.0	110.0	moderate_crucivirus_like	False	True	1.0	0.70250326	1.0	1.0	0.0	0.0	176.0	moderate_crucivirus_like	False	True	1.0	0.63285124	1.0	1.0	0.0	0.0	157.0	moderate_crucivirus_like	False	True	1.0	-0.22762113	0.582099735	False	False
Ribo_ND_363905	rna_virus	0	Yellow	Yellow	0.31390485	0.0	0.0	1.0	1.0	416.0	moderate_rna_like	False	False	1.0	0.1310417	0.0	0.0	1.0	1.0	83.0	strong_rna_like	False	False	1.0	0.6380756	1.0	1.0	0.0	0.0	176.0	moderate_crucivirus_like	False	True	1.0	0.24248779	0.0	0.0	1.0	1.0	157.0	moderate_rna_like	False	False	1.0	0.18286315	0.22247327500000003	False	False
Ribo_ND_180487	rna_virus	0	Yellow	Yellow	0.18512134	0.0	0.0	1.0	1.0	437.0	strong_rna_like	False	False	1.0	0.5191056	1.0	1.0	0.0	0.0	105.0	ambiguous	False	False	1.0	0.70229703	1.0	1.0	0.0	0.0	177.0	moderate_crucivirus_like	False	True	1.0	0.78119165	1.0	1.0	0.0	0.0	155.0	moderate_crucivirus_like	False	True	1.0	-0.3339842599999999	0.35211347	False	False
Ribo_ND_330301	rna_virus	0	Yellow	Yellow	0.21646461	0.0	0.0	1.0	1.0	430.0	moderate_rna_like	False	False	1.0	0.2196988	0.0	0.0	1.0	1.0	90.0	moderate_rna_like	False	False	1.0	0.86060476	1.0	1.0	0.0	0.0	179.0	strong_crucivirus_like	True	True	1.0	0.72556937	1.0	1.0	0.0	0.0	161.0	moderate_crucivirus_like	False	True	1.0	-0.003234189999999998	0.21808170500000001	False	False
Ribo_ND_166707	rna_virus	0	Yellow	Yellow	0.1356769	0.0	0.0	1.0	1.0	444.0	strong_rna_like	False	False	1.0	0.21946271	0.0	0.0	1.0	1.0	112.0	moderate_rna_like	False	False	1.0	0.90510315	1.0	1.0	0.0	0.0	179.0	strong_crucivirus_like	True	True	1.0	0.32371426	0.0	0.0	1.0	1.0	153.0	moderate_rna_like	False	False	1.0	-0.08378581000000002	0.177569805	False	False
Ribo_ND_130202	rna_virus	0	Yellow	Yellow	0.17103365	0.0	0.0	1.0	1.0	455.0	strong_rna_like	False	False	1.0	0.55215895	1.0	1.0	0.0	0.0	126.0	ambiguous	False	False	1.0	0.3909616	0.0	0.0	1.0	1.0	177.0	moderate_rna_like	False	False	1.0	0.37011805	0.0	0.0	1.0	1.0	152.0	moderate_rna_like	False	False	1.0	-0.3811253	0.36159630000000004	False	False
Ribo_Ga0187796_1184497	rna_virus	0	Yellow	Yellow	0.5078755	1.0	1.0	0.0	0.0	439.0	ambiguous	False	False	1.0	0.79451215	1.0	1.0	0.0	0.0	116.0	moderate_crucivirus_like	False	True	1.0	0.3909616	0.0	0.0	1.0	1.0	177.0	moderate_rna_like	False	False	1.0	0.40906614	0.0	0.0	1.0	1.0	146.0	ambiguous	False	False	1.0	-0.28663664999999994	0.651193825	False	False
Ribo_ND_059860	rna_virus	0	Yellow	Yellow	0.29908618	0.0	0.0	1.0	1.0	402.0	moderate_rna_like	False	False	1.0	0.1528271	0.0	0.0	1.0	1.0	77.0	strong_rna_like	False	False	1.0	0.72622204	1.0	1.0	0.0	0.0	177.0	moderate_crucivirus_like	False	True	1.0	0.2508308	0.0	0.0	1.0	1.0	148.0	moderate_rna_like	False	False	1.0	0.14625907999999999	0.22595664	False	False
Ribo_ND_152263	rna_virus	0	Yellow	Yellow	0.45065755	0.0	0.0	1.0	1.0	456.0	ambiguous	False	False	1.0	0.63308775	1.0	1.0	0.0	0.0	131.0	moderate_crucivirus_like	False	True	1.0	0.8898956	1.0	1.0	0.0	0.0	177.0	strong_crucivirus_like	True	True	1.0	0.31110165	0.0	0.0	1.0	1.0	148.0	moderate_rna_like	False	False	1.0	-0.18243019999999993	0.54187265	False	False
Ribo_ND_147059	rna_virus	0	Yellow	Yellow	0.17696652	0.0	0.0	1.0	1.0	406.0	strong_rna_like	False	False	1.0	0.17661649	0.0	0.0	1.0	1.0	79.0	strong_rna_like	False	False	1.0	0.7925418	1.0	1.0	0.0	0.0	177.0	moderate_crucivirus_like	False	True	1.0	0.516002	1.0	1.0	0.0	0.0	150.0	ambiguous	False	False	1.0	0.0003500300000000012	0.176791505	False	False
Ribo_JAAOEH010004707.1	rna_virus	0	Yellow	Yellow	0.18652882	0.0	0.0	1.0	1.0	423.0	strong_rna_like	False	False	1.0	0.35401586	0.0	0.0	1.0	1.0	95.0	moderate_rna_like	False	False	1.0	0.68736506	1.0	1.0	0.0	0.0	177.0	moderate_crucivirus_like	False	True	1.0	0.36505005	0.0	0.0	1.0	1.0	151.0	moderate_rna_like	False	False	1.0	-0.16748704	0.27027234	False	False
Ribo_ND_180510	rna_virus	0	Yellow	Yellow	0.23717858	0.0	0.0	1.0	1.0	422.0	moderate_rna_like	False	False	1.0	0.5065235	1.0	1.0	0.0	0.0	91.0	ambiguous	False	False	1.0	0.5668434	1.0	1.0	0.0	0.0	178.0	ambiguous	False	False	1.0	0.6090565	1.0	1.0	0.0	0.0	153.0	moderate_crucivirus_like	False	True	1.0	-0.26934492	0.37185104	False	False
Ribo_ND_025421	rna_virus	0	Yellow	Yellow	0.19791216	0.0	0.0	1.0	1.0	420.0	strong_rna_like	False	False	1.0	0.25154686	0.0	0.0	1.0	1.0	93.0	moderate_rna_like	False	False	1.0	0.53006905	1.0	1.0	0.0	0.0	177.0	ambiguous	False	False	1.0	0.7897518	1.0	1.0	0.0	0.0	150.0	moderate_crucivirus_like	False	True	1.0	-0.05363469999999998	0.22472951	False	False
Ribo_ND_048421	rna_virus	0	Yellow	Yellow	0.19917133	0.0	0.0	1.0	1.0	452.0	strong_rna_like	False	False	1.0	0.5583067	1.0	1.0	0.0	0.0	120.0	ambiguous	False	False	1.0	0.42846483	0.0	0.0	1.0	1.0	177.0	ambiguous	False	False	1.0	0.32962254	0.0	0.0	1.0	1.0	155.0	moderate_rna_like	False	False	1.0	-0.35913537000000006	0.378739015	False	False
Ribo_ND_100110	rna_virus	0	Yellow	Yellow	0.40455788	0.0	0.0	1.0	1.0	489.0	ambiguous	False	False	1.0	0.40401167	0.0	0.0	1.0	1.0	155.0	ambiguous	False	False	1.0	0.85423976	1.0	1.0	0.0	0.0	178.0	strong_crucivirus_like	True	True	1.0	0.54320395	1.0	1.0	0.0	0.0	156.0	ambiguous	False	False	1.0	0.0005462099999999914	0.404284775	False	False
Ribo_ND_159691	rna_virus	0	Yellow	Yellow	0.23537266	0.0	0.0	1.0	1.0	464.0	moderate_rna_like	False	False	1.0	0.34442648	0.0	0.0	1.0	1.0	138.0	moderate_rna_like	False	False	1.0	0.92147976	1.0	1.0	0.0	0.0	179.0	strong_crucivirus_like	True	True	1.0	0.21417768	0.0	0.0	1.0	1.0	147.0	moderate_rna_like	False	False	1.0	-0.10905381999999997	0.28989957	False	False
Ribo_ND_144217	rna_virus	0	Yellow	Yellow	0.42847142	0.0	0.0	1.0	1.0	450.0	ambiguous	False	False	1.0	0.32060856	0.0	0.0	1.0	1.0	97.0	moderate_rna_like	False	False	1.0	0.96879256	1.0	1.0	0.0	0.0	177.0	strong_crucivirus_like	True	True	1.0	0.4137146	0.0	0.0	1.0	1.0	176.0	ambiguous	False	False	1.0	0.10786286	0.37453999	False	False
Ribo_ND_130208	rna_virus	0	Yellow	Yellow	0.07369401	0.0	0.0	1.0	1.0	434.0	strong_rna_like	False	False	1.0	0.16720313	0.0	0.0	1.0	1.0	94.0	strong_rna_like	False	False	1.0	0.8230587	1.0	1.0	0.0	0.0	185.0	strong_crucivirus_like	True	True	1.0	0.5468575	1.0	1.0	0.0	0.0	155.0	ambiguous	False	False	1.0	-0.09350912	0.12044857	False	False
Ribo_Ga0187796_1206930	rna_virus	0	Yellow	Yellow	0.2389525	0.0	0.0	1.0	1.0	449.0	moderate_rna_like	False	False	1.0	0.44517964	0.0	0.0	1.0	1.0	109.0	ambiguous	False	False	1.0	0.8230587	1.0	1.0	0.0	0.0	185.0	strong_crucivirus_like	True	True	1.0	0.5468575	1.0	1.0	0.0	0.0	155.0	ambiguous	False	False	1.0	-0.20622713999999998	0.34206607	False	False
Cruci_CruV_107	crucivirus	1	Yellow	Yellow	0.71960336	1.0	1.0	1.0	1.0	478.0	moderate_crucivirus_like	False	False	1.0	0.89224356	1.0	1.0	1.0	1.0	125.0	strong_crucivirus_like	False	False	1.0	0.4176668	0.0	0.0	0.0	0.0	188.0	ambiguous	False	False	1.0	0.46974266	0.0	0.0	0.0	0.0	165.0	ambiguous	False	False	1.0	-0.17264020000000002	0.80592346	False	False
Cruci_CruV_104	crucivirus	1	Yellow	Yellow	0.82582587	1.0	1.0	1.0	1.0	466.0	strong_crucivirus_like	False	False	1.0	0.8989427	1.0	1.0	1.0	1.0	122.0	strong_crucivirus_like	False	False	1.0	0.6727654	1.0	1.0	1.0	1.0	188.0	moderate_crucivirus_like	False	False	1.0	0.44993424	0.0	0.0	0.0	0.0	156.0	ambiguous	False	False	1.0	-0.07311683000000002	0.862384285	False	False
Cruci_CruV_105	crucivirus	1	Yellow	Yellow	0.8387444	1.0	1.0	1.0	1.0	466.0	strong_crucivirus_like	False	False	1.0	0.91403836	1.0	1.0	1.0	1.0	122.0	strong_crucivirus_like	False	False	1.0	0.6727654	1.0	1.0	1.0	1.0	188.0	moderate_crucivirus_like	False	False	1.0	0.4455318	0.0	0.0	0.0	0.0	156.0	ambiguous	False	False	1.0	-0.0752939600000001	0.87639138	False	False
Cruci_CruV_208	crucivirus	1	Yellow	Yellow	0.7706443	1.0	1.0	1.0	1.0	443.0	moderate_crucivirus_like	False	False	1.0	0.6953906	1.0	1.0	1.0	1.0	114.0	moderate_crucivirus_like	False	False	1.0	0.9249591	1.0	1.0	1.0	1.0	183.0	strong_crucivirus_like	False	False	1.0	0.5273374	1.0	1.0	1.0	1.0	146.0	ambiguous	False	False	1.0	0.07525369999999998	0.73301745	False	False
Cruci_CruV_89	crucivirus	1	Yellow	Yellow	0.5063744	1.0	1.0	1.0	1.0	460.0	ambiguous	False	False	1.0	0.72011024	1.0	1.0	1.0	1.0	111.0	moderate_crucivirus_like	False	False	1.0	0.6433413	1.0	1.0	1.0	1.0	183.0	moderate_crucivirus_like	False	False	1.0	0.5878115	1.0	1.0	1.0	1.0	166.0	ambiguous	False	False	1.0	-0.21373584	0.61324232	False	False
Ribo_ND_366175	rna_virus	0	Yellow	Yellow	0.24226044	0.0	0.0	1.0	1.0	439.0	moderate_rna_like	False	False	1.0	0.28786793	0.0	0.0	1.0	1.0	104.0	moderate_rna_like	False	False	1.0	0.9228897	1.0	1.0	0.0	0.0	184.0	strong_crucivirus_like	True	True	1.0	0.7338909	1.0	1.0	0.0	0.0	151.0	moderate_crucivirus_like	False	True	1.0	-0.04560749	0.265064185	False	False
Cruci_CruV_83	crucivirus	1	Yellow	Yellow	0.5774024	1.0	1.0	1.0	1.0	459.0	ambiguous	False	False	1.0	0.90007246	1.0	1.0	1.0	1.0	125.0	strong_crucivirus_like	False	False	1.0	0.44717464	0.0	0.0	0.0	0.0	184.0	ambiguous	False	False	1.0	0.29234073	0.0	0.0	0.0	0.0	150.0	moderate_rna_like	False	True	1.0	-0.32267006	0.73873743	False	False
Cruci_CruV_84	crucivirus	1	Yellow	Yellow	0.5733551	1.0	1.0	1.0	1.0	459.0	ambiguous	False	False	1.0	0.90007246	1.0	1.0	1.0	1.0	125.0	strong_crucivirus_like	False	False	1.0	0.42408362	0.0	0.0	0.0	0.0	184.0	ambiguous	False	False	1.0	0.29234073	0.0	0.0	0.0	0.0	150.0	moderate_rna_like	False	True	1.0	-0.32671735999999996	0.73671378	False	False
Cruci_CruV_227	crucivirus	1	Yellow	Yellow	0.252332	0.0	0.0	0.0	0.0	441.0	moderate_rna_like	False	True	1.0	0.3289799	0.0	0.0	0.0	0.0	109.0	moderate_rna_like	False	True	1.0	0.7723264	1.0	1.0	1.0	1.0	183.0	moderate_crucivirus_like	False	False	1.0	0.48102084	0.0	0.0	0.0	0.0	149.0	ambiguous	False	False	1.0	-0.07664789999999999	0.29065595	False	True
Cruci_CruV_319	crucivirus	1	Yellow	Yellow	0.68205523	1.0	1.0	1.0	1.0	408.0	moderate_crucivirus_like	False	False	1.0	0.57023054	1.0	1.0	1.0	1.0	66.0	ambiguous	False	False	1.0	0.80650353	1.0	1.0	1.0	1.0	191.0	strong_crucivirus_like	False	False	1.0	0.5721965	1.0	1.0	1.0	1.0	151.0	ambiguous	False	False	1.0	0.11182469000000006	0.6261428849999999	False	False
Cruci_CruV_320	crucivirus	1	Yellow	Yellow	0.6634723	1.0	1.0	1.0	1.0	408.0	moderate_crucivirus_like	False	False	1.0	0.57023054	1.0	1.0	1.0	1.0	66.0	ambiguous	False	False	1.0	0.7685888	1.0	1.0	1.0	1.0	191.0	moderate_crucivirus_like	False	False	1.0	0.5934777	1.0	1.0	1.0	1.0	151.0	ambiguous	False	False	1.0	0.09324176000000006	0.6168514199999999	False	False
Cruci_CruV_204	crucivirus	1	Yellow	Yellow	0.31527886	0.0	0.0	0.0	0.0	318.0	moderate_rna_like	False	True	1.0											0.29324752	0.0	0.0	0.0	0.0	169.0	moderate_rna_like	False	True	1.0	0.5189	1.0	1.0	1.0	1.0	149.0	ambiguous	False	False	1.0		0.31527886	False	False
Cruci_CruV_205	crucivirus	1	Yellow	Yellow	0.32402495	0.0	0.0	0.0	0.0	318.0	moderate_rna_like	False	True	1.0											0.24491668	0.0	0.0	0.0	0.0	169.0	moderate_rna_like	False	True	1.0	0.5189	1.0	1.0	1.0	1.0	149.0	ambiguous	False	False	1.0		0.32402495	False	False
Cruci_PSU_CruV-320	crucivirus	1	Yellow	Yellow	0.87277275	1.0	1.0	1.0	1.0	394.0	strong_crucivirus_like	False	False	1.0	0.8455809	1.0	1.0	1.0	1.0	75.0	strong_crucivirus_like	False	False	1.0	0.90401417	1.0	1.0	1.0	1.0	169.0	strong_crucivirus_like	False	False	1.0	0.80129755	1.0	1.0	1.0	1.0	150.0	strong_crucivirus_like	False	False	1.0	0.027191850000000017	0.859176825	False	False
Cruci_CruV_126	crucivirus	1	Yellow	Yellow	0.5743956	1.0	1.0	1.0	1.0	457.0	ambiguous	False	False	1.0	0.8492287	1.0	1.0	1.0	1.0	120.0	strong_crucivirus_like	False	False	1.0	0.9268603	1.0	1.0	1.0	1.0	186.0	strong_crucivirus_like	False	False	1.0	0.5687923	1.0	1.0	1.0	1.0	151.0	ambiguous	False	False	1.0	-0.27483309999999994	0.71181215	False	False
Cruci_CruV_103	crucivirus	1	Yellow	Yellow	0.75007993	1.0	1.0	1.0	1.0	471.0	moderate_crucivirus_like	False	False	1.0	0.79428744	1.0	1.0	1.0	1.0	132.0	moderate_crucivirus_like	False	False	1.0	0.29799196	0.0	0.0	0.0	0.0	185.0	moderate_rna_like	False	True	1.0	0.52524716	1.0	1.0	1.0	1.0	154.0	ambiguous	False	False	1.0	-0.044207510000000005	0.7721836849999999	False	False
Cruci_CruV-766	crucivirus	1	Yellow	Yellow	0.49055246	0.0	0.0	0.0	0.0	418.0	ambiguous	False	False	1.0	0.2990792	0.0	0.0	0.0	0.0	52.0	moderate_rna_like	False	True	1.0	0.67968065	1.0	1.0	1.0	1.0	187.0	moderate_crucivirus_like	False	False	1.0	0.7104418	1.0	1.0	1.0	1.0	179.0	moderate_crucivirus_like	False	False	1.0	0.19147326000000003	0.39481583	False	False
Ribo_ND_052487	rna_virus	0	Yellow	Yellow	0.16397202	0.0	0.0	1.0	1.0	450.0	strong_rna_like	False	False	1.0	0.23185648	0.0	0.0	1.0	1.0	124.0	moderate_rna_like	False	False	1.0	0.5089349	1.0	1.0	0.0	0.0	184.0	ambiguous	False	False	1.0	0.43222344	0.0	0.0	1.0	1.0	142.0	ambiguous	False	False	1.0	-0.06788446000000001	0.19791425	False	False
Cruci_CruV-709	crucivirus	1	Yellow	Yellow	0.9377918	1.0	1.0	1.0	1.0	436.0	strong_crucivirus_like	False	False	1.0	0.8667257	1.0	1.0	1.0	1.0	103.0	strong_crucivirus_like	False	False	1.0	0.90750206	1.0	1.0	1.0	1.0	185.0	strong_crucivirus_like	False	False	1.0	0.6852664	1.0	1.0	1.0	1.0	148.0	moderate_crucivirus_like	False	False	1.0	0.07106609999999991	0.90225875	False	False
Ribo_JAAOEH010001942.1	rna_virus	0	Yellow	Yellow	0.36249804	0.0	0.0	1.0	1.0	563.0	moderate_rna_like	False	False	1.0	0.3692572	0.0	0.0	1.0	1.0	165.0	moderate_rna_like	False	False	1.0	0.16781561	0.0	0.0	1.0	1.0	181.0	strong_rna_like	False	False	1.0	0.38769165	0.0	0.0	1.0	1.0	217.0	moderate_rna_like	False	False	1.0	-0.006759159999999986	0.36587762	False	False
Ribo_Ga0007410J51695_1016678	rna_virus	0	Yellow	Yellow	0.46791282	0.0	0.0	1.0	1.0	486.0	ambiguous	False	False	1.0	0.76213	1.0	1.0	0.0	0.0	124.0	moderate_crucivirus_like	False	True	1.0	0.27554807	0.0	0.0	1.0	1.0	181.0	moderate_rna_like	False	False	1.0	0.3437635	0.0	0.0	1.0	1.0	181.0	moderate_rna_like	False	False	1.0	-0.29421717999999997	0.61502141	False	False
Cruci_PSU_CruV-150	crucivirus	1	Yellow	Yellow	0.6705849	1.0	1.0	1.0	1.0	394.0	moderate_crucivirus_like	False	False	1.0	0.5575391	1.0	1.0	1.0	1.0	63.0	ambiguous	False	False	1.0	0.752178	1.0	1.0	1.0	1.0	184.0	moderate_crucivirus_like	False	False	1.0	0.741061	1.0	1.0	1.0	1.0	147.0	moderate_crucivirus_like	False	False	1.0	0.11304580000000009	0.614062	False	False
Ribo_ND_046666	rna_virus	0	Yellow	Yellow	0.60750157	1.0	1.0	0.0	0.0	425.0	moderate_crucivirus_like	False	True	1.0	0.57277656	1.0	1.0	0.0	0.0	91.0	ambiguous	False	False	1.0	0.8821539	1.0	1.0	0.0	0.0	179.0	strong_crucivirus_like	True	True	1.0	0.6355139	1.0	1.0	0.0	0.0	155.0	moderate_crucivirus_like	False	True	1.0	0.034725010000000056	0.590139065	False	False
Ribo_Ga0058858_1169066	rna_virus	0	Yellow	Yellow	0.62724185	1.0	1.0	0.0	0.0	490.0	moderate_crucivirus_like	False	True	1.0	0.8810189	1.0	1.0	0.0	0.0	130.0	strong_crucivirus_like	True	True	1.0	0.8334782	1.0	1.0	0.0	0.0	181.0	strong_crucivirus_like	True	True	1.0	0.52613896	1.0	1.0	0.0	0.0	179.0	ambiguous	False	False	1.0	-0.25377705000000006	0.754130375	False	True
Ribo_JAAOEH010001260.1	rna_virus	0	Yellow	Yellow	0.4274934	0.0	0.0	1.0	1.0	517.0	ambiguous	False	False	1.0	0.56776917	1.0	1.0	0.0	0.0	129.0	ambiguous	False	False	1.0	0.7670263	1.0	1.0	0.0	0.0	183.0	moderate_crucivirus_like	False	True	1.0	0.40560696	0.0	0.0	1.0	1.0	205.0	ambiguous	False	False	1.0	-0.14027577000000002	0.49763128500000003	False	False
Ribo_ND_162128	rna_virus	0	Yellow	Yellow	0.12402359	0.0	0.0	1.0	1.0	417.0	strong_rna_like	False	False	1.0	0.020163914	0.0	0.0	1.0	1.0	95.0	strong_rna_like	False	False	1.0	0.75120664	1.0	1.0	0.0	0.0	185.0	moderate_crucivirus_like	False	True	1.0	0.37758377	0.0	0.0	1.0	1.0	137.0	moderate_rna_like	False	False	1.0	0.103859676	0.072093752	False	False
Ribo_ND_145825	rna_virus	0	Yellow	Yellow	0.56538695	1.0	1.0	0.0	0.0	416.0	ambiguous	False	False	1.0	0.19406144	0.0	0.0	1.0	1.0	86.0	strong_rna_like	False	False	1.0	0.80345875	1.0	1.0	0.0	0.0	184.0	strong_crucivirus_like	True	True	1.0	0.7077238	1.0	1.0	0.0	0.0	146.0	moderate_crucivirus_like	False	True	1.0	0.37132551	0.37972419500000004	False	False
Ribo_ND_210241	rna_virus	0	Yellow	Yellow	0.47326693	0.0	0.0	1.0	1.0	445.0	ambiguous	False	False	1.0	0.73041123	1.0	1.0	0.0	0.0	105.0	moderate_crucivirus_like	False	True	1.0	0.90614426	1.0	1.0	0.0	0.0	196.0	strong_crucivirus_like	True	True	1.0	0.578843	1.0	1.0	0.0	0.0	144.0	ambiguous	False	False	1.0	-0.2571443	0.60183908	False	False
Ribo_JAAOEH010003587.1	rna_virus	0	Yellow	Yellow	0.29018593	0.0	0.0	1.0	1.0	428.0	moderate_rna_like	False	False	1.0	0.32076907	0.0	0.0	1.0	1.0	85.0	moderate_rna_like	False	False	1.0	0.69290096	1.0	1.0	0.0	0.0	181.0	moderate_crucivirus_like	False	True	1.0	0.47801986	0.0	0.0	1.0	1.0	162.0	ambiguous	False	False	1.0	-0.03058314000000001	0.30547749999999996	False	False
Ribo_JAAOEH010002410.1	rna_virus	0	Yellow	Yellow	0.31515688	0.0	0.0	1.0	1.0	494.0	moderate_rna_like	False	False	1.0	0.60258913	1.0	1.0	0.0	0.0	162.0	moderate_crucivirus_like	False	True	1.0	0.71334845	1.0	1.0	0.0	0.0	185.0	moderate_crucivirus_like	False	True	1.0	0.43412542	0.0	0.0	1.0	1.0	147.0	ambiguous	False	False	1.0	-0.28743225000000006	0.458873005	False	False
Ribo_Ga0150984_122810038	rna_virus	0	Yellow	Yellow	0.3302263	0.0	0.0	1.0	1.0	429.0	moderate_rna_like	False	False	1.0	0.4320179	0.0	0.0	1.0	1.0	88.0	ambiguous	False	False	1.0	0.49233484	0.0	0.0	1.0	1.0	179.0	ambiguous	False	False	1.0	0.47762826	0.0	0.0	1.0	1.0	162.0	ambiguous	False	False	1.0	-0.10179160000000004	0.3811221	False	False
Ribo_ND_391022	rna_virus	0	Yellow	Yellow	0.3817614	0.0	0.0	1.0	1.0	422.0	moderate_rna_like	False	False	1.0	0.09576216	0.0	0.0	1.0	1.0	84.0	strong_rna_like	False	False	1.0	0.6478036	1.0	1.0	0.0	0.0	185.0	moderate_crucivirus_like	False	True	1.0	0.7939821	1.0	1.0	0.0	0.0	153.0	moderate_crucivirus_like	False	True	1.0	0.28599924	0.23876177999999998	False	False
Ribo_ND_221761	rna_virus	0	Yellow	Yellow	0.23792836	0.0	0.0	1.0	1.0	480.0	moderate_rna_like	False	False	1.0	0.40704572	0.0	0.0	1.0	1.0	96.0	ambiguous	False	False	1.0	0.7143433	1.0	1.0	0.0	0.0	180.0	moderate_crucivirus_like	False	True	1.0	0.5624286	1.0	1.0	0.0	0.0	204.0	ambiguous	False	False	1.0	-0.16911736	0.32248704	False	False
Cruci_CruV_338	crucivirus	1	Yellow	Yellow	0.9825796	1.0	1.0	1.0	1.0	492.0	strong_crucivirus_like	False	False	1.0	0.9957288	1.0	1.0	1.0	1.0	119.0	strong_crucivirus_like	False	False	1.0	0.9540012	1.0	1.0	1.0	1.0	183.0	strong_crucivirus_like	False	False	1.0	0.715216	1.0	1.0	1.0	1.0	190.0	moderate_crucivirus_like	False	False	1.0	-0.013149199999999972	0.9891542	False	False
Cruci_CruV_101	crucivirus	1	Yellow	Yellow	0.97920007	1.0	1.0	1.0	1.0	477.0	strong_crucivirus_like	False	False	1.0	0.99560416	1.0	1.0	1.0	1.0	125.0	strong_crucivirus_like	False	False	1.0	0.95731175	1.0	1.0	1.0	1.0	182.0	strong_crucivirus_like	False	False	1.0	0.5404145	1.0	1.0	1.0	1.0	170.0	ambiguous	False	False	1.0	-0.016404089999999982	0.987402115	False	False
Cruci_CruV_111	crucivirus	1	Yellow	Yellow	0.94389325	1.0	1.0	1.0	1.0	463.0	strong_crucivirus_like	False	False	1.0	0.9885421	1.0	1.0	1.0	1.0	117.0	strong_crucivirus_like	False	False	1.0	0.8690821	1.0	1.0	1.0	1.0	182.0	strong_crucivirus_like	False	False	1.0	0.78636193	1.0	1.0	1.0	1.0	164.0	moderate_crucivirus_like	False	False	1.0	-0.04464884999999996	0.966217675	False	False
Cruci_CruV-595	crucivirus	1	Yellow	Yellow	0.96930707	1.0	1.0	1.0	1.0	474.0	strong_crucivirus_like	False	False	1.0	0.9915684	1.0	1.0	1.0	1.0	118.0	strong_crucivirus_like	False	False	1.0	0.8739176	1.0	1.0	1.0	1.0	189.0	strong_crucivirus_like	False	False	1.0	0.56822485	1.0	1.0	1.0	1.0	167.0	ambiguous	False	False	1.0	-0.022261329999999968	0.980437735	False	False
Cruci_CruV-659	crucivirus	1	Yellow	Yellow	0.8642429	1.0	1.0	1.0	1.0	460.0	strong_crucivirus_like	False	False	1.0	0.92955095	1.0	1.0	1.0	1.0	113.0	strong_crucivirus_like	False	False	1.0	0.90466094	1.0	1.0	1.0	1.0	180.0	strong_crucivirus_like	False	False	1.0	0.6883939	1.0	1.0	1.0	1.0	167.0	moderate_crucivirus_like	False	False	1.0	-0.06530804999999995	0.8968969250000001	False	False
Cruci_CruV_123	crucivirus	1	Yellow	Yellow	0.89162683	1.0	1.0	1.0	1.0	459.0	strong_crucivirus_like	False	False	1.0	0.9007093	1.0	1.0	1.0	1.0	114.0	strong_crucivirus_like	False	False	1.0	0.9569938	1.0	1.0	1.0	1.0	182.0	strong_crucivirus_like	False	False	1.0	0.796929	1.0	1.0	1.0	1.0	163.0	moderate_crucivirus_like	False	False	1.0	-0.009082470000000065	0.896168065	False	False
Cruci_CruV_124	crucivirus	1	Yellow	Yellow	0.93635243	1.0	1.0	1.0	1.0	456.0	strong_crucivirus_like	False	False	1.0	0.97526205	1.0	1.0	1.0	1.0	102.0	strong_crucivirus_like	False	False	1.0	0.93373626	1.0	1.0	1.0	1.0	182.0	strong_crucivirus_like	False	False	1.0	0.7551336	1.0	1.0	1.0	1.0	172.0	moderate_crucivirus_like	False	False	1.0	-0.03890961999999998	0.95580724	False	False
Cruci_CruV_226	crucivirus	1	Yellow	Yellow	0.87559944	1.0	1.0	1.0	1.0	459.0	strong_crucivirus_like	False	False	1.0	0.920523	1.0	1.0	1.0	1.0	107.0	strong_crucivirus_like	False	False	1.0	0.97260374	1.0	1.0	1.0	1.0	182.0	strong_crucivirus_like	False	False	1.0	0.7797248	1.0	1.0	1.0	1.0	170.0	moderate_crucivirus_like	False	False	1.0	-0.044923559999999974	0.89806122	False	False
Cruci_CruV_255	crucivirus	1	Yellow	Yellow	0.97568476	1.0	1.0	1.0	1.0	456.0	strong_crucivirus_like	False	False	1.0	0.9803991	1.0	1.0	1.0	1.0	110.0	strong_crucivirus_like	False	False	1.0	0.76987845	1.0	1.0	1.0	1.0	181.0	moderate_crucivirus_like	False	False	1.0	0.80487055	1.0	1.0	1.0	1.0	165.0	strong_crucivirus_like	False	False	1.0	-0.004714339999999928	0.9780419300000001	False	False
Cruci_CruV_133	crucivirus	1	Yellow	Yellow	0.6503201	1.0	1.0	1.0	1.0	452.0	moderate_crucivirus_like	False	False	1.0	0.7646008	1.0	1.0	1.0	1.0	96.0	moderate_crucivirus_like	False	False	1.0	0.88296056	1.0	1.0	1.0	1.0	188.0	strong_crucivirus_like	False	False	1.0	0.80893147	1.0	1.0	1.0	1.0	168.0	strong_crucivirus_like	False	False	1.0	-0.11428070000000001	0.7074604499999999	False	False
Cruci_CruV-591	crucivirus	1	Yellow	Yellow	0.891255	1.0	1.0	1.0	1.0	463.0	strong_crucivirus_like	False	False	1.0	0.94515395	1.0	1.0	1.0	1.0	104.0	strong_crucivirus_like	False	False	1.0	0.96952045	1.0	1.0	1.0	1.0	190.0	strong_crucivirus_like	False	False	1.0	0.87994313	1.0	1.0	1.0	1.0	169.0	strong_crucivirus_like	False	False	1.0	-0.05389895	0.918204475	False	False
Cruci_CruV-664	crucivirus	1	Yellow	Yellow	0.895377	1.0	1.0	1.0	1.0	455.0	strong_crucivirus_like	False	False	1.0	0.8896642	1.0	1.0	1.0	1.0	97.0	strong_crucivirus_like	False	False	1.0	0.9592957	1.0	1.0	1.0	1.0	191.0	strong_crucivirus_like	False	False	1.0	0.9338435	1.0	1.0	1.0	1.0	167.0	strong_crucivirus_like	False	False	1.0	0.005712799999999962	0.8925206	False	False
Cruci_CruV-829	crucivirus	1	Yellow	Yellow	0.9729178	1.0	1.0	1.0	1.0	481.0	strong_crucivirus_like	False	False	1.0	0.98625296	1.0	1.0	1.0	1.0	102.0	strong_crucivirus_like	False	False	1.0	0.9584918	1.0	1.0	1.0	1.0	183.0	strong_crucivirus_like	False	False	1.0	0.7483759	1.0	1.0	1.0	1.0	196.0	moderate_crucivirus_like	False	False	1.0	-0.013335159999999902	0.9795853800000001	False	False
Cruci_CruV_263	crucivirus	1	Yellow	Yellow	0.7877982	1.0	1.0	1.0	1.0	464.0	moderate_crucivirus_like	False	False	1.0	0.8963026	1.0	1.0	1.0	1.0	119.0	strong_crucivirus_like	False	False	1.0	0.8803701	1.0	1.0	1.0	1.0	188.0	strong_crucivirus_like	False	False	1.0	0.8046732	1.0	1.0	1.0	1.0	157.0	strong_crucivirus_like	False	False	1.0	-0.10850439999999995	0.8420504	False	False
Cruci_CruV_218	crucivirus	1	Yellow	Yellow	0.8057851	1.0	1.0	1.0	1.0	459.0	strong_crucivirus_like	False	False	1.0	0.858331	1.0	1.0	1.0	1.0	114.0	strong_crucivirus_like	False	False	1.0	0.62929934	1.0	1.0	1.0	1.0	188.0	moderate_crucivirus_like	False	False	1.0	0.8647587	1.0	1.0	1.0	1.0	157.0	strong_crucivirus_like	False	False	1.0	-0.05254589999999992	0.83205805	False	False
Cruci_CruV-667	crucivirus	1	Yellow	Yellow	0.9462899	1.0	1.0	1.0	1.0	449.0	strong_crucivirus_like	False	False	1.0	0.9529914	1.0	1.0	1.0	1.0	107.0	strong_crucivirus_like	False	False	1.0	0.9152618	1.0	1.0	1.0	1.0	185.0	strong_crucivirus_like	False	False	1.0	0.7072046	1.0	1.0	1.0	1.0	157.0	moderate_crucivirus_like	False	False	1.0	-0.006701500000000027	0.9496406500000001	False	False
Cruci_CruV_201	crucivirus	1	Yellow	Yellow	0.96689993	1.0	1.0	1.0	1.0	471.0	strong_crucivirus_like	False	False	1.0	0.987812	1.0	1.0	1.0	1.0	125.0	strong_crucivirus_like	False	False	1.0	0.8539027	1.0	1.0	1.0	1.0	184.0	strong_crucivirus_like	False	False	1.0	0.6185799	1.0	1.0	1.0	1.0	162.0	moderate_crucivirus_like	False	False	1.0	-0.02091207000000006	0.977355965	False	False
Cruci_CruV_228	crucivirus	1	Yellow	Yellow	0.97693	1.0	1.0	1.0	1.0	469.0	strong_crucivirus_like	False	False	1.0	0.98537606	1.0	1.0	1.0	1.0	117.0	strong_crucivirus_like	False	False	1.0	0.8880357	1.0	1.0	1.0	1.0	187.0	strong_crucivirus_like	False	False	1.0	0.4986658	0.0	0.0	0.0	0.0	165.0	ambiguous	False	False	1.0	-0.008446060000000033	0.98115303	False	False
Cruci_CruV-771	crucivirus	1	Yellow	Yellow	0.91952354	1.0	1.0	1.0	1.0	472.0	strong_crucivirus_like	False	False	1.0	0.9815207	1.0	1.0	1.0	1.0	134.0	strong_crucivirus_like	False	False	1.0	0.8084668	1.0	1.0	1.0	1.0	183.0	strong_crucivirus_like	False	False	1.0	0.86192673	1.0	1.0	1.0	1.0	155.0	strong_crucivirus_like	False	False	1.0	-0.061997159999999996	0.95052212	False	False
Cruci_CruV_238	crucivirus	1	Yellow	Yellow	0.5096708	1.0	1.0	1.0	1.0	452.0	ambiguous	False	False	1.0	0.73651886	1.0	1.0	1.0	1.0	114.0	moderate_crucivirus_like	False	False	1.0	0.80618954	1.0	1.0	1.0	1.0	184.0	strong_crucivirus_like	False	False	1.0	0.7860344	1.0	1.0	1.0	1.0	154.0	moderate_crucivirus_like	False	False	1.0	-0.22684806000000002	0.62309483	False	False
Cruci_CruV_239	crucivirus	1	Yellow	Yellow	0.505638	1.0	1.0	1.0	1.0	452.0	ambiguous	False	False	1.0	0.73651886	1.0	1.0	1.0	1.0	114.0	moderate_crucivirus_like	False	False	1.0	0.80618954	1.0	1.0	1.0	1.0	184.0	strong_crucivirus_like	False	False	1.0	0.77488714	1.0	1.0	1.0	1.0	154.0	moderate_crucivirus_like	False	False	1.0	-0.23088085999999997	0.6210784300000001	False	False
Cruci_CruV_271	crucivirus	1	Yellow	Yellow	0.8360895	1.0	1.0	1.0	1.0	419.0	strong_crucivirus_like	False	False	1.0	0.79996276	1.0	1.0	1.0	1.0	85.0	moderate_crucivirus_like	False	False	1.0	0.78471905	1.0	1.0	1.0	1.0	184.0	moderate_crucivirus_like	False	False	1.0	0.87467927	1.0	1.0	1.0	1.0	150.0	strong_crucivirus_like	False	False	1.0	0.036126740000000046	0.81802613	False	False
Cruci_CruV_115	crucivirus	1	Yellow	Yellow	0.8510831	1.0	1.0	1.0	1.0	457.0	strong_crucivirus_like	False	False	1.0	0.93149376	1.0	1.0	1.0	1.0	123.0	strong_crucivirus_like	False	False	1.0	0.77057964	1.0	1.0	1.0	1.0	186.0	moderate_crucivirus_like	False	False	1.0	0.92026496	1.0	1.0	1.0	1.0	148.0	strong_crucivirus_like	False	False	1.0	-0.08041065999999997	0.8912884299999999	False	False
Cruci_CruV_328	crucivirus	1	Yellow	Yellow	0.8872984	1.0	1.0	1.0	1.0	430.0	strong_crucivirus_like	False	False	1.0	0.9580553	1.0	1.0	1.0	1.0	94.0	strong_crucivirus_like	False	False	1.0	0.792719	1.0	1.0	1.0	1.0	184.0	moderate_crucivirus_like	False	False	1.0	0.85247016	1.0	1.0	1.0	1.0	152.0	strong_crucivirus_like	False	False	1.0	-0.07075690000000001	0.92267685	False	False
Ribo_ND_113307	rna_virus	0	Yellow	Yellow	0.34071904	0.0	0.0	1.0	1.0	448.0	moderate_rna_like	False	False	1.0	0.24583644	0.0	0.0	1.0	1.0	106.0	moderate_rna_like	False	False	1.0	0.925993	1.0	1.0	0.0	0.0	181.0	strong_crucivirus_like	True	True	1.0	0.6218799	1.0	1.0	0.0	0.0	161.0	moderate_crucivirus_like	False	True	1.0	0.09488259999999998	0.29327773999999995	False	False
Ribo_ND_220764	rna_virus	0	Yellow	Yellow	0.3659936	0.0	0.0	1.0	1.0	428.0	moderate_rna_like	False	False	1.0	0.2012015	0.0	0.0	1.0	1.0	95.0	moderate_rna_like	False	False	1.0	0.35354507	0.0	0.0	1.0	1.0	180.0	moderate_rna_like	False	False	1.0	0.5304929	1.0	1.0	0.0	0.0	153.0	ambiguous	False	False	1.0	0.16479209999999997	0.28359755	False	False
Ribo_ND_100104	rna_virus	0	Yellow	Yellow	0.7177466	1.0	1.0	0.0	0.0	416.0	moderate_crucivirus_like	False	True	1.0	0.85402894	1.0	1.0	0.0	0.0	84.0	strong_crucivirus_like	True	True	1.0	0.457425	0.0	0.0	1.0	1.0	180.0	ambiguous	False	False	1.0	0.40550512	0.0	0.0	1.0	1.0	152.0	ambiguous	False	False	1.0	-0.13628233999999995	0.78588777	False	True
Ribo_ND_085033	rna_virus	0	Yellow	Yellow	0.37671128	0.0	0.0	1.0	1.0	418.0	moderate_rna_like	False	False	1.0	0.3572786	0.0	0.0	1.0	1.0	88.0	moderate_rna_like	False	False	1.0	0.76462	1.0	1.0	0.0	0.0	180.0	moderate_crucivirus_like	False	True	1.0	0.51827204	1.0	1.0	0.0	0.0	150.0	ambiguous	False	False	1.0	0.01943267999999998	0.36699494	False	False
Ribo_ND_198441	rna_virus	0	Yellow	Yellow	0.20248821	0.0	0.0	1.0	1.0	416.0	moderate_rna_like	False	False	1.0	0.115366444	0.0	0.0	1.0	1.0	87.0	strong_rna_like	False	False	1.0	0.5711702	1.0	1.0	0.0	0.0	181.0	ambiguous	False	False	1.0	0.50162584	1.0	1.0	0.0	0.0	148.0	ambiguous	False	False	1.0	0.087121766	0.158927327	False	False
Ribo_ND_099728	rna_virus	0	Yellow	Yellow	0.5272695	1.0	1.0	0.0	0.0	430.0	ambiguous	False	False	1.0	0.4922825	0.0	1.0	1.0	0.0	96.0	ambiguous	False	False	1.0	0.6340318	1.0	1.0	0.0	0.0	180.0	moderate_crucivirus_like	False	True	1.0	0.24208328	0.0	0.0	1.0	1.0	154.0	moderate_rna_like	False	False	1.0	0.034986999999999935	0.509776	False	False
Ribo_ND_172983	rna_virus	0	Yellow	Yellow	0.30167878	0.0	0.0	1.0	1.0	416.0	moderate_rna_like	False	False	1.0	0.58416367	1.0	1.0	0.0	0.0	83.0	ambiguous	False	False	1.0	0.17473298	0.0	0.0	1.0	1.0	178.0	strong_rna_like	False	False	1.0	0.41130713	0.0	0.0	1.0	1.0	155.0	ambiguous	False	False	1.0	-0.28248489000000004	0.442921225	False	False
Ribo_ND_131961	rna_virus	0	Yellow	Yellow	0.51199925	1.0	1.0	0.0	0.0	421.0	ambiguous	False	False	1.0	0.8701269	1.0	1.0	0.0	0.0	88.0	strong_crucivirus_like	True	True	1.0	0.1448181	0.0	0.0	1.0	1.0	180.0	strong_rna_like	False	False	1.0	0.2330099	0.0	0.0	1.0	1.0	153.0	moderate_rna_like	False	False	1.0	-0.35812765	0.691063075	False	False
Ribo_ND_162119	rna_virus	0	Yellow	Yellow	0.3162679	0.0	0.0	1.0	1.0	417.0	moderate_rna_like	False	False	1.0	0.4281363	0.0	0.0	1.0	1.0	84.0	ambiguous	False	False	1.0	0.28604004	0.0	0.0	1.0	1.0	179.0	moderate_rna_like	False	False	1.0	0.62832844	1.0	1.0	0.0	0.0	154.0	moderate_crucivirus_like	False	True	1.0	-0.11186840000000003	0.3722021	False	False
Ribo_ND_162910	rna_virus	0	Yellow	Yellow	0.75617236	1.0	1.0	0.0	0.0	530.0	moderate_crucivirus_like	False	True	1.0	0.5784052	1.0	1.0	0.0	0.0	152.0	ambiguous	False	False	1.0	0.86112106	1.0	1.0	0.0	0.0	178.0	strong_crucivirus_like	True	True	1.0	0.7153905	1.0	1.0	0.0	0.0	200.0	moderate_crucivirus_like	False	True	1.0	0.17776716000000004	0.66728878	False	False
Ribo_ND_044399	rna_virus	0	Yellow	Yellow	0.31912568	0.0	0.0	1.0	1.0	420.0	moderate_rna_like	False	False	1.0	0.25746086	0.0	0.0	1.0	1.0	80.0	moderate_rna_like	False	False	1.0	0.5045319	1.0	0.0	0.0	1.0	181.0	ambiguous	False	False	1.0	0.8450671	1.0	1.0	0.0	0.0	159.0	strong_crucivirus_like	True	True	1.0	0.06166482000000001	0.28829327000000005	False	False
Ribo_ND_126471	rna_virus	0	Yellow	Yellow	0.5289559	1.0	1.0	0.0	0.0	551.0	ambiguous	False	False	1.0	0.3489654	0.0	0.0	1.0	1.0	91.0	moderate_rna_like	False	False	1.0	0.75050116	1.0	1.0	0.0	0.0	182.0	moderate_crucivirus_like	False	True	1.0	0.59496254	1.0	1.0	0.0	0.0	278.0	ambiguous	False	False	1.0	0.17999050000000005	0.43896065	False	False
Ribo_Ga0187795_1158440	rna_virus	0	Yellow	Yellow	0.6113415	1.0	1.0	0.0	0.0	425.0	moderate_crucivirus_like	False	True	1.0	0.5889794	1.0	1.0	0.0	0.0	92.0	ambiguous	False	False	1.0	0.75050116	1.0	1.0	0.0	0.0	182.0	moderate_crucivirus_like	False	True	1.0	0.7557772	1.0	1.0	0.0	0.0	151.0	moderate_crucivirus_like	False	True	1.0	0.02236209999999994	0.60016045	False	False
Ribo_ND_046317	rna_virus	0	Yellow	Yellow	0.19002056	0.0	0.0	1.0	1.0	607.0	strong_rna_like	False	False	1.0	0.034378953	0.0	0.0	1.0	1.0	90.0	strong_rna_like	False	False	1.0	0.6362581	1.0	1.0	0.0	0.0	189.0	moderate_crucivirus_like	False	True	1.0	0.57431805	1.0	1.0	0.0	0.0	328.0	ambiguous	False	False	1.0	0.15564160700000002	0.1121997565	False	False
Ribo_ND_181386	rna_virus	0	Yellow	Yellow	0.3641239	0.0	0.0	1.0	1.0	550.0	moderate_rna_like	False	False	1.0	0.13906205	0.0	0.0	1.0	1.0	35.0	strong_rna_like	False	False	1.0	0.6175456	1.0	1.0	0.0	0.0	189.0	moderate_crucivirus_like	False	True	1.0	0.6189013	1.0	1.0	0.0	0.0	326.0	moderate_crucivirus_like	False	True	1.0	0.22506185	0.251592975	False	False
Ribo_ND_176763	rna_virus	0	Yellow	Yellow	0.2161269	0.0	0.0	1.0	1.0	373.0	moderate_rna_like	False	False	1.0	0.18104239	0.0	0.0	1.0	1.0	87.0	strong_rna_like	False	False	1.0	0.6175456	1.0	1.0	0.0	0.0	189.0	moderate_crucivirus_like	False	True	1.0	0.708064	1.0	1.0	0.0	0.0	97.0	moderate_crucivirus_like	False	True	1.0	0.03508451000000001	0.198584645	False	False
Ribo_ND_092447	rna_virus	0	Yellow	Yellow	0.20378709	0.0	0.0	1.0	1.0	553.0	moderate_rna_like	False	False	1.0	0.32945055	0.0	0.0	1.0	1.0	94.0	moderate_rna_like	False	False	1.0	0.73148394	1.0	1.0	0.0	0.0	197.0	moderate_crucivirus_like	False	True	1.0	0.4829122	0.0	0.0	1.0	1.0	262.0	ambiguous	False	False	1.0	-0.12566346	0.26661882000000003	False	False
Ribo_ND_385092	rna_virus	0	Yellow	Yellow	0.19505993	0.0	0.0	1.0	1.0	589.0	strong_rna_like	False	False	1.0	0.17268677	0.0	0.0	1.0	1.0	102.0	strong_rna_like	False	False	1.0	0.8833676	1.0	1.0	0.0	0.0	202.0	strong_crucivirus_like	True	True	1.0	0.57480234	1.0	1.0	0.0	0.0	285.0	ambiguous	False	False	1.0	0.022373160000000003	0.18387335	False	False
Ribo_ND_163299	rna_virus	0	Yellow	Yellow	0.325267	0.0	0.0	1.0	1.0	498.0	moderate_rna_like	False	False	1.0	0.18423216	0.0	0.0	1.0	1.0	88.0	strong_rna_like	False	False	1.0	0.41429946	0.0	0.0	1.0	1.0	179.0	ambiguous	False	False	1.0	0.6522417	1.0	1.0	0.0	0.0	231.0	moderate_crucivirus_like	False	True	1.0	0.14103483999999997	0.25474958	False	False
Ribo_ND_161999	rna_virus	0	Yellow	Yellow	0.5992607	1.0	1.0	0.0	0.0	553.0	ambiguous	False	False	1.0	0.41692767	0.0	0.0	1.0	1.0	84.0	ambiguous	False	False	1.0	0.6118197	1.0	1.0	0.0	0.0	191.0	moderate_crucivirus_like	False	True	1.0	0.41396523	0.0	0.0	1.0	1.0	278.0	ambiguous	False	False	1.0	0.18233303	0.508094185	False	False
Ribo_ND_335472	rna_virus	0	Yellow	Yellow	0.25197294	0.0	0.0	1.0	1.0	427.0	moderate_rna_like	False	False	1.0	0.3993254	0.0	0.0	1.0	1.0	92.0	moderate_rna_like	False	False	1.0	0.2876576	0.0	0.0	1.0	1.0	178.0	moderate_rna_like	False	False	1.0	0.52731335	1.0	1.0	0.0	0.0	157.0	ambiguous	False	False	1.0	-0.14735246000000002	0.32564917	False	False
Ribo_ND_131731	rna_virus	0	Yellow	Yellow	0.1918856	0.0	0.0	1.0	1.0	451.0	strong_rna_like	False	False	1.0	0.2470421	0.0	0.0	1.0	1.0	109.0	moderate_rna_like	False	False	1.0	0.4821323	0.0	0.0	1.0	1.0	203.0	ambiguous	False	False	1.0	0.65513957	1.0	1.0	0.0	0.0	139.0	moderate_crucivirus_like	False	True	1.0	-0.0551565	0.21946385	False	False
Ribo_ND_114564	rna_virus	0	Yellow	Yellow	0.2846169	0.0	0.0	1.0	1.0	435.0	moderate_rna_like	False	False	1.0	0.3752707	0.0	0.0	1.0	1.0	100.0	moderate_rna_like	False	False	1.0	0.73934144	1.0	1.0	0.0	0.0	177.0	moderate_crucivirus_like	False	True	1.0	0.36795366	0.0	0.0	1.0	1.0	158.0	moderate_rna_like	False	False	1.0	-0.0906538	0.3299438	False	False
Cruci_CruV_164	crucivirus	1	Yellow	Yellow	0.520964	1.0	1.0	1.0	1.0	431.0	ambiguous	False	False	1.0	0.54647005	1.0	1.0	1.0	1.0	91.0	ambiguous	False	False	1.0	0.7105935	1.0	1.0	1.0	1.0	187.0	moderate_crucivirus_like	False	False	1.0	0.518385	1.0	1.0	1.0	1.0	153.0	ambiguous	False	False	1.0	-0.025506050000000058	0.5337170250000001	False	False
Cruci_CruV_162	crucivirus	1	Yellow	Yellow	0.50957006	1.0	1.0	1.0	1.0	430.0	ambiguous	False	False	1.0	0.5141893	1.0	1.0	1.0	1.0	90.0	ambiguous	False	False	1.0	0.72675276	1.0	1.0	1.0	1.0	187.0	moderate_crucivirus_like	False	False	1.0	0.518385	1.0	1.0	1.0	1.0	153.0	ambiguous	False	False	1.0	-0.004619239999999913	0.5118796800000001	False	False
Ribo_ND_365497	rna_virus	0	Yellow	Yellow	0.23096675	0.0	0.0	1.0	1.0	434.0	moderate_rna_like	False	False	1.0	0.14441174	0.0	0.0	1.0	1.0	93.0	strong_rna_like	False	False	1.0	0.8075304	1.0	1.0	0.0	0.0	187.0	strong_crucivirus_like	True	True	1.0	0.6557389	1.0	1.0	0.0	0.0	154.0	moderate_crucivirus_like	False	True	1.0	0.08655500999999999	0.187689245	False	False
Cruci_CruV-633	crucivirus	1	Yellow	Yellow	0.56180155	1.0	1.0	1.0	1.0	429.0	ambiguous	False	False	1.0	0.68052626	1.0	1.0	1.0	1.0	89.0	moderate_crucivirus_like	False	False	1.0	0.6697951	1.0	1.0	1.0	1.0	186.0	moderate_crucivirus_like	False	False	1.0	0.6668752	1.0	1.0	1.0	1.0	154.0	moderate_crucivirus_like	False	False	1.0	-0.11872471000000007	0.621163905	False	False
Ribo_ND_249715	rna_virus	0	Yellow	Yellow	0.23613796	0.0	0.0	1.0	1.0	429.0	moderate_rna_like	False	False	1.0	0.14940286	0.0	0.0	1.0	1.0	98.0	strong_rna_like	False	False	1.0	0.708021	1.0	1.0	0.0	0.0	183.0	moderate_crucivirus_like	False	True	1.0	0.5987438	1.0	1.0	0.0	0.0	148.0	ambiguous	False	False	1.0	0.08673510000000001	0.19277041	False	False
Ribo_ND_156561	rna_virus	0	Yellow	Yellow	0.3579353	0.0	0.0	1.0	1.0	453.0	moderate_rna_like	False	False	1.0	0.42865628	0.0	0.0	1.0	1.0	123.0	ambiguous	False	False	1.0	0.5973062	1.0	1.0	0.0	0.0	183.0	ambiguous	False	False	1.0	0.41485193	0.0	0.0	1.0	1.0	147.0	ambiguous	False	False	1.0	-0.07072097999999999	0.39329579000000003	False	False
Ribo_ND_158705	rna_virus	0	Yellow	Yellow	0.115509264	0.0	0.0	1.0	1.0	447.0	strong_rna_like	False	False	1.0	0.2226104	0.0	0.0	1.0	1.0	113.0	moderate_rna_like	False	False	1.0	0.47803894	0.0	0.0	1.0	1.0	186.0	ambiguous	False	False	1.0	0.6722328	1.0	1.0	0.0	0.0	148.0	moderate_crucivirus_like	False	True	1.0	-0.10710113600000001	0.16905983200000002	False	False
Ribo_ND_137595	rna_virus	0	Yellow	Yellow	0.22480221	0.0	0.0	1.0	1.0	413.0	moderate_rna_like	False	False	1.0	0.086744234	0.0	0.0	1.0	1.0	84.0	strong_rna_like	False	False	1.0	0.5621067	1.0	1.0	0.0	0.0	186.0	ambiguous	False	False	1.0	0.53502387	1.0	1.0	0.0	0.0	143.0	ambiguous	False	False	1.0	0.138057976	0.155773222	False	False
Ribo_ND_106626	rna_virus	0	Yellow	Yellow	0.23590788	0.0	0.0	1.0	1.0	434.0	moderate_rna_like	False	False	1.0	0.46590266	0.0	0.0	1.0	1.0	101.0	ambiguous	False	False	1.0	0.49224102	0.0	0.0	1.0	1.0	186.0	ambiguous	False	False	1.0	0.6666351	1.0	1.0	0.0	0.0	147.0	moderate_crucivirus_like	False	True	1.0	-0.22999478000000004	0.35090527	False	False
Ribo_ND_046929	rna_virus	0	Yellow	Yellow	0.35170656	0.0	0.0	1.0	1.0	422.0	moderate_rna_like	False	False	1.0	0.45033413	0.0	0.0	1.0	1.0	94.0	ambiguous	False	False	1.0	0.5898294	1.0	1.0	0.0	0.0	181.0	ambiguous	False	False	1.0	0.61793184	1.0	1.0	0.0	0.0	147.0	moderate_crucivirus_like	False	True	1.0	-0.09862757	0.401020345	False	False
Ribo_ND_061627	rna_virus	0	Yellow	Yellow	0.2920176	0.0	0.0	1.0	1.0	414.0	moderate_rna_like	False	False	1.0	0.27331457	0.0	0.0	1.0	1.0	82.0	moderate_rna_like	False	False	1.0	0.7035783	1.0	1.0	0.0	0.0	183.0	moderate_crucivirus_like	False	True	1.0	0.44354844	0.0	0.0	1.0	1.0	149.0	ambiguous	False	False	1.0	0.01870303000000001	0.282666085	False	False
Ribo_ND_107592	rna_virus	0	Yellow	Yellow	0.20535812	0.0	0.0	1.0	1.0	433.0	moderate_rna_like	False	False	1.0	0.21263339	0.0	0.0	1.0	1.0	99.0	moderate_rna_like	False	False	1.0	0.53581977	1.0	1.0	0.0	0.0	184.0	ambiguous	False	False	1.0	0.35027164	0.0	0.0	1.0	1.0	150.0	moderate_rna_like	False	False	1.0	-0.00727527	0.208995755	False	False
Ribo_ND_251219	rna_virus	0	Yellow	Yellow	0.1372007	0.0	0.0	1.0	1.0	432.0	strong_rna_like	False	False	1.0	0.30212897	0.0	0.0	1.0	1.0	101.0	moderate_rna_like	False	False	1.0	0.6089478	1.0	1.0	0.0	0.0	180.0	moderate_crucivirus_like	False	True	1.0	0.6401483	1.0	1.0	0.0	0.0	151.0	moderate_crucivirus_like	False	True	1.0	-0.16492827	0.219664835	False	False
Ribo_ND_103002	rna_virus	0	Yellow	Yellow	0.46187562	0.0	0.0	1.0	1.0	527.0	ambiguous	False	False	1.0	0.3677921	0.0	0.0	1.0	1.0	199.0	moderate_rna_like	False	False	1.0	0.33639228	0.0	0.0	1.0	1.0	181.0	moderate_rna_like	False	False	1.0	0.44796354	0.0	0.0	1.0	1.0	147.0	ambiguous	False	False	1.0	0.09408351999999998	0.41483386	False	False
Ribo_ND_107245	rna_virus	0	Yellow	Yellow	0.23243183	0.0	0.0	1.0	1.0	380.0	moderate_rna_like	False	False	1.0	0.40180564	0.0	0.0	1.0	1.0	126.0	ambiguous	False	False	1.0	0.61490273	1.0	1.0	0.0	0.0	180.0	moderate_crucivirus_like	False	True	1.0	0.36468366	0.0	0.0	1.0	1.0	74.0	moderate_rna_like	False	False	1.0	-0.16937381	0.317118735	False	False
Ribo_ND_025188	rna_virus	0	Yellow	Yellow	0.36190346	0.0	0.0	1.0	1.0	432.0	moderate_rna_like	False	False	1.0	0.4286755	0.0	0.0	1.0	1.0	94.0	ambiguous	False	False	1.0	0.6372862	1.0	1.0	0.0	0.0	182.0	moderate_crucivirus_like	False	True	1.0	0.7719733	1.0	1.0	0.0	0.0	156.0	moderate_crucivirus_like	False	True	1.0	-0.06677203999999998	0.39528947999999997	False	False
Ribo_ND_025275	rna_virus	0	Yellow	Yellow	0.39770207	0.0	0.0	1.0	1.0	422.0	moderate_rna_like	False	False	1.0	0.44745067	0.0	0.0	1.0	1.0	90.0	ambiguous	False	False	1.0	0.34185502	0.0	0.0	1.0	1.0	182.0	moderate_rna_like	False	False	1.0	0.58085865	1.0	1.0	0.0	0.0	150.0	ambiguous	False	False	1.0	-0.049748599999999976	0.42257637000000003	False	False
Ribo_ND_025139	rna_virus	0	Yellow	Yellow	0.63563037	1.0	1.0	0.0	0.0	429.0	moderate_crucivirus_like	False	True	1.0	0.90320224	1.0	1.0	0.0	0.0	92.0	strong_crucivirus_like	True	True	1.0	0.7058853	1.0	1.0	0.0	0.0	182.0	moderate_crucivirus_like	False	True	1.0	0.2250158	0.0	0.0	1.0	1.0	155.0	moderate_rna_like	False	False	1.0	-0.26757187000000004	0.769416305	False	True
Ribo_ND_025597	rna_virus	0	Yellow	Yellow	0.22779675	0.0	0.0	1.0	1.0	452.0	moderate_rna_like	False	False	1.0	0.67910486	1.0	1.0	0.0	0.0	121.0	moderate_crucivirus_like	False	True	1.0	0.16642718	0.0	0.0	1.0	1.0	182.0	strong_rna_like	False	False	1.0	0.5340173	1.0	1.0	0.0	0.0	149.0	ambiguous	False	False	1.0	-0.45130811000000004	0.453450805	False	False
Ribo_ND_025196	rna_virus	0	Yellow	Yellow	0.44238898	0.0	0.0	1.0	1.0	429.0	ambiguous	False	False	1.0	0.55824834	1.0	1.0	0.0	0.0	98.0	ambiguous	False	False	1.0	0.15471953	0.0	0.0	1.0	1.0	182.0	strong_rna_like	False	False	1.0	0.5329546	1.0	1.0	0.0	0.0	149.0	ambiguous	False	False	1.0	-0.11585936000000002	0.50031866	False	False
Ribo_ND_048457	rna_virus	0	Yellow	Yellow	0.19189335	0.0	0.0	1.0	1.0	423.0	strong_rna_like	False	False	1.0	0.12414772	0.0	0.0	1.0	1.0	93.0	strong_rna_like	False	False	1.0	0.24211648	0.0	0.0	1.0	1.0	182.0	moderate_rna_like	False	False	1.0	0.42993328	0.0	0.0	1.0	1.0	148.0	ambiguous	False	False	1.0	0.06774562999999999	0.158020535	False	False
Ribo_ND_362746	rna_virus	0	Yellow	Yellow	0.29727414	0.0	0.0	1.0	1.0	420.0	moderate_rna_like	False	False	1.0	0.4736904	0.0	1.0	1.0	0.0	91.0	ambiguous	False	False	1.0	0.44113147	0.0	0.0	1.0	1.0	182.0	ambiguous	False	False	1.0	0.37501338	0.0	0.0	1.0	1.0	147.0	moderate_rna_like	False	False	1.0	-0.17641626	0.38548227	False	False
Ribo_tombunoda_KF510030	rna_virus	0	Yellow	Yellow	0.34806684	0.0	0.0	1.0	1.0	450.0	moderate_rna_like	False	False	1.0	0.54350597	1.0	1.0	0.0	0.0	121.0	ambiguous	False	False	1.0	0.41025087	0.0	0.0	1.0	1.0	182.0	ambiguous	False	False	1.0	0.32581693	0.0	0.0	1.0	1.0	147.0	moderate_rna_like	False	False	1.0	-0.19543913000000002	0.445786405	False	False
Ribo_ND_340116	rna_virus	0	Yellow	Yellow	0.17558263	0.0	0.0	1.0	1.0	419.0	strong_rna_like	False	False	1.0	0.36685264	0.0	0.0	1.0	1.0	90.0	moderate_rna_like	False	False	1.0	0.4471822	0.0	0.0	1.0	1.0	182.0	ambiguous	False	False	1.0	0.26925197	0.0	0.0	1.0	1.0	147.0	moderate_rna_like	False	False	1.0	-0.19127001000000002	0.271217635	False	False
Ribo_ND_030540	rna_virus	0	Yellow	Yellow	0.3672922	0.0	0.0	1.0	1.0	426.0	moderate_rna_like	False	False	1.0	0.52289593	1.0	1.0	0.0	0.0	95.0	ambiguous	False	False	1.0	0.45441845	0.0	0.0	1.0	1.0	182.0	ambiguous	False	False	1.0	0.46049812	0.0	0.0	1.0	1.0	149.0	ambiguous	False	False	1.0	-0.15560373	0.44509406500000004	False	False
Ribo_ND_309034	rna_virus	0	Yellow	Yellow	0.16463625	0.0	0.0	1.0	1.0	415.0	strong_rna_like	False	False	1.0	0.18052953	0.0	0.0	1.0	1.0	89.0	strong_rna_like	False	False	1.0	0.3980968	0.0	0.0	1.0	1.0	182.0	moderate_rna_like	False	False	1.0	0.3726469	0.0	0.0	1.0	1.0	144.0	moderate_rna_like	False	False	1.0	-0.015893279999999982	0.17258289	False	False
Ribo_ND_026110	rna_virus	0	Yellow	Yellow	0.2872619	0.0	0.0	1.0	1.0	426.0	moderate_rna_like	False	False	1.0	0.53908163	1.0	1.0	0.0	0.0	95.0	ambiguous	False	False	1.0	0.2726197	0.0	0.0	1.0	1.0	182.0	moderate_rna_like	False	False	1.0	0.6684382	1.0	1.0	0.0	0.0	149.0	moderate_crucivirus_like	False	True	1.0	-0.25181972999999996	0.41317176499999997	False	False
Ribo_JAAOEH010004401.1	rna_virus	0	Yellow	Yellow	0.2405425	0.0	0.0	1.0	1.0	427.0	moderate_rna_like	False	False	1.0	0.49051803	0.0	1.0	1.0	0.0	95.0	ambiguous	False	False	1.0	0.2961519	0.0	0.0	1.0	1.0	182.0	moderate_rna_like	False	False	1.0	0.42157155	0.0	0.0	1.0	1.0	150.0	ambiguous	False	False	1.0	-0.24997553	0.36553026499999997	False	False
Ribo_ND_126855	rna_virus	0	Yellow	Yellow	0.2828553	0.0	0.0	1.0	1.0	445.0	moderate_rna_like	False	False	1.0	0.5295263	1.0	1.0	0.0	0.0	116.0	ambiguous	False	False	1.0	0.23066182	0.0	0.0	1.0	1.0	182.0	moderate_rna_like	False	False	1.0	0.7917111	1.0	1.0	0.0	0.0	147.0	moderate_crucivirus_like	False	True	1.0	-0.24667100000000003	0.40619079999999996	False	False
Ribo_ND_030167	rna_virus	0	Yellow	Yellow	0.25129566	0.0	0.0	1.0	1.0	439.0	moderate_rna_like	False	False	1.0	0.5277531	1.0	1.0	0.0	0.0	109.0	ambiguous	False	False	1.0	0.33013093	0.0	0.0	1.0	1.0	182.0	moderate_rna_like	False	False	1.0	0.22273678	0.0	0.0	1.0	1.0	148.0	moderate_rna_like	False	False	1.0	-0.27645744	0.38952438	False	False
Ribo_ND_026199	rna_virus	0	Yellow	Yellow	0.28046095	0.0	0.0	1.0	1.0	421.0	moderate_rna_like	False	False	1.0	0.30747804	0.0	0.0	1.0	1.0	88.0	moderate_rna_like	False	False	1.0	0.7237294	1.0	1.0	0.0	0.0	182.0	moderate_crucivirus_like	False	True	1.0	0.53156304	1.0	1.0	0.0	0.0	151.0	ambiguous	False	False	1.0	-0.02701709000000002	0.293969495	False	False
Ribo_ND_358880	rna_virus	0	Yellow	Yellow	0.4552552	0.0	0.0	1.0	1.0	423.0	ambiguous	False	False	1.0	0.65320045	1.0	1.0	0.0	0.0	92.0	moderate_crucivirus_like	False	True	1.0	0.33415806	0.0	0.0	1.0	1.0	181.0	moderate_rna_like	False	False	1.0	0.30956957	0.0	0.0	1.0	1.0	150.0	moderate_rna_like	False	False	1.0	-0.19794525000000002	0.554227825	False	False
Ribo_tombunoda_PlhalsV2	rna_virus	0	Yellow	Yellow	0.48518142	0.0	0.0	1.0	1.0	375.0	ambiguous	False	False	1.0	0.34917888	0.0	0.0	1.0	1.0	43.0	moderate_rna_like	False	False	1.0	0.51896465	1.0	1.0	0.0	0.0	182.0	ambiguous	False	False	1.0	0.6888118	1.0	1.0	0.0	0.0	150.0	moderate_crucivirus_like	False	True	1.0	0.13600253999999995	0.41718014999999997	False	False
Ribo_ND_301567	rna_virus	0	Yellow	Yellow	0.2252942	0.0	0.0	1.0	1.0	419.0	moderate_rna_like	False	False	1.0	0.39140096	0.0	0.0	1.0	1.0	89.0	moderate_rna_like	False	False	1.0	0.36734578	0.0	0.0	1.0	1.0	182.0	moderate_rna_like	False	False	1.0	0.45951012	0.0	0.0	1.0	1.0	148.0	ambiguous	False	False	1.0	-0.16610676000000002	0.30834758	False	False
Ribo_ND_028817	rna_virus	0	Yellow	Yellow	0.16011533	0.0	0.0	1.0	1.0	431.0	strong_rna_like	False	False	1.0	0.33443612	0.0	0.0	1.0	1.0	101.0	moderate_rna_like	False	False	1.0	0.31862092	0.0	0.0	1.0	1.0	182.0	moderate_rna_like	False	False	1.0	0.33177996	0.0	0.0	1.0	1.0	148.0	moderate_rna_like	False	False	1.0	-0.17432079	0.247275725	False	False
Ribo_ND_156799	rna_virus	0	Yellow	Yellow	0.28951707	0.0	0.0	1.0	1.0	417.0	moderate_rna_like	False	False	1.0	0.41415626	0.0	0.0	1.0	1.0	89.0	ambiguous	False	False	1.0	0.47662967	0.0	0.0	1.0	1.0	182.0	ambiguous	False	False	1.0	0.31349322	0.0	0.0	1.0	1.0	146.0	moderate_rna_like	False	False	1.0	-0.12463919000000001	0.351836665	False	False
Ribo_ND_249709	rna_virus	0	Yellow	Yellow	0.2998916	0.0	0.0	1.0	1.0	419.0	moderate_rna_like	False	False	1.0	0.28022876	0.0	0.0	1.0	1.0	91.0	moderate_rna_like	False	False	1.0	0.6208414	1.0	1.0	0.0	0.0	182.0	moderate_crucivirus_like	False	True	1.0	0.5550459	1.0	1.0	0.0	0.0	146.0	ambiguous	False	False	1.0	0.01966283999999996	0.29006018	False	False
Ribo_ND_028328	rna_virus	0	Yellow	Yellow	0.30693924	0.0	0.0	1.0	1.0	415.0	moderate_rna_like	False	False	1.0	0.35410953	0.0	0.0	1.0	1.0	87.0	moderate_rna_like	False	False	1.0	0.49901834	0.0	0.0	1.0	1.0	182.0	ambiguous	False	False	1.0	0.59088314	1.0	1.0	0.0	0.0	146.0	ambiguous	False	False	1.0	-0.047170290000000004	0.33052438500000003	False	False
Ribo_tombunoda_ScMacrV2	rna_virus	0	Yellow	Yellow	0.45068228	0.0	0.0	1.0	1.0	422.0	ambiguous	False	False	1.0	0.41535008	0.0	0.0	1.0	1.0	87.0	ambiguous	False	False	1.0	0.5033947	1.0	0.0	0.0	1.0	182.0	ambiguous	False	False	1.0	0.5373226	1.0	1.0	0.0	0.0	153.0	ambiguous	False	False	1.0	0.03533219999999998	0.43301618	False	False
Ribo_ND_379306	rna_virus	0	Yellow	Yellow	0.36434057	0.0	0.0	1.0	1.0	423.0	moderate_rna_like	False	False	1.0	0.59764475	1.0	1.0	0.0	0.0	89.0	ambiguous	False	False	1.0	0.3295311	0.0	0.0	1.0	1.0	182.0	moderate_rna_like	False	False	1.0	0.10232065	0.0	0.0	1.0	1.0	152.0	strong_rna_like	False	False	1.0	-0.23330417999999997	0.48099265999999996	False	False
Ribo_ND_386710	rna_virus	0	Yellow	Yellow	0.3179236	0.0	0.0	1.0	1.0	421.0	moderate_rna_like	False	False	1.0	0.6506182	1.0	1.0	0.0	0.0	89.0	moderate_crucivirus_like	False	True	1.0	0.3160114	0.0	0.0	1.0	1.0	182.0	moderate_rna_like	False	False	1.0	0.49548134	0.0	0.0	1.0	1.0	150.0	ambiguous	False	False	1.0	-0.33269460000000006	0.4842709	False	False
Ribo_ND_370449	rna_virus	0	Yellow	Yellow	0.2531581	0.0	0.0	1.0	1.0	412.0	moderate_rna_like	False	False	1.0	0.53111726	1.0	1.0	0.0	0.0	87.0	ambiguous	False	False	1.0	0.22314222	0.0	0.0	1.0	1.0	182.0	moderate_rna_like	False	False	1.0	0.37178463	0.0	0.0	1.0	1.0	143.0	moderate_rna_like	False	False	1.0	-0.27795916000000004	0.39213768000000004	False	False
Ribo_ND_025336	rna_virus	0	Yellow	Yellow	0.3223052	0.0	0.0	1.0	1.0	431.0	moderate_rna_like	False	False	1.0	0.45691866	0.0	0.0	1.0	1.0	96.0	ambiguous	False	False	1.0	0.8342203	1.0	1.0	0.0	0.0	182.0	strong_crucivirus_like	True	True	1.0	0.33458564	0.0	0.0	1.0	1.0	153.0	moderate_rna_like	False	False	1.0	-0.13461345999999996	0.38961193	False	False
Ribo_ND_069154	rna_virus	0	Yellow	Yellow	0.10609657	0.0	0.0	1.0	1.0	487.0	strong_rna_like	False	False	1.0	0.24896964	0.0	0.0	1.0	1.0	157.0	moderate_rna_like	False	False	1.0	0.6813287	1.0	1.0	0.0	0.0	182.0	moderate_crucivirus_like	False	True	1.0	0.5196268	1.0	1.0	0.0	0.0	148.0	ambiguous	False	False	1.0	-0.14287307	0.177533105	False	False
Ribo_ND_293220	rna_virus	0	Yellow	Yellow	0.3821242	0.0	0.0	1.0	1.0	453.0	moderate_rna_like	False	False	1.0	0.5276003	1.0	1.0	0.0	0.0	122.0	ambiguous	False	False	1.0	0.6169493	1.0	1.0	0.0	0.0	182.0	moderate_crucivirus_like	False	True	1.0	0.3206389	0.0	0.0	1.0	1.0	149.0	moderate_rna_like	False	False	1.0	-0.1454761	0.45486225	False	False
Ribo_ND_029661	rna_virus	0	Yellow	Yellow	0.4520825	0.0	0.0	1.0	1.0	426.0	ambiguous	False	False	1.0	0.75708896	1.0	1.0	0.0	0.0	95.0	moderate_crucivirus_like	False	True	1.0	0.6859703	1.0	1.0	0.0	0.0	182.0	moderate_crucivirus_like	False	True	1.0	0.64770675	1.0	1.0	0.0	0.0	149.0	moderate_crucivirus_like	False	True	1.0	-0.30500646000000003	0.60458573	False	False
Ribo_ND_343304	rna_virus	0	Yellow	Yellow	0.4772662	0.0	0.0	1.0	1.0	423.0	ambiguous	False	False	1.0	0.48157063	0.0	1.0	1.0	0.0	92.0	ambiguous	False	False	1.0	0.5694599	1.0	1.0	0.0	0.0	182.0	ambiguous	False	False	1.0	0.40853366	0.0	0.0	1.0	1.0	149.0	ambiguous	False	False	1.0	-0.004304430000000026	0.479418415	False	False
Ribo_ND_044149	rna_virus	0	Yellow	Yellow	0.5641212	1.0	1.0	0.0	0.0	421.0	ambiguous	False	False	1.0	0.8322025	1.0	1.0	0.0	0.0	91.0	strong_crucivirus_like	True	True	1.0	0.845934	1.0	1.0	0.0	0.0	182.0	strong_crucivirus_like	True	True	1.0	0.3564361	0.0	0.0	1.0	1.0	148.0	moderate_rna_like	False	False	1.0	-0.26808129999999997	0.69816185	False	False
Ribo_ND_046841	rna_virus	0	Yellow	Yellow	0.31176895	0.0	0.0	1.0	1.0	418.0	moderate_rna_like	False	False	1.0	0.48114967	0.0	1.0	1.0	0.0	91.0	ambiguous	False	False	1.0	0.75473845	1.0	1.0	0.0	0.0	182.0	moderate_crucivirus_like	False	True	1.0	0.41754535	0.0	0.0	1.0	1.0	145.0	ambiguous	False	False	1.0	-0.16938071999999998	0.39645931	False	False
Ribo_JAAOEH010004908.1	rna_virus	0	Yellow	Yellow	0.12921025	0.0	0.0	1.0	1.0	431.0	strong_rna_like	False	False	1.0	0.36507764	0.0	0.0	1.0	1.0	105.0	moderate_rna_like	False	False	1.0	0.61937344	1.0	1.0	0.0	0.0	182.0	moderate_crucivirus_like	False	True	1.0	0.5552256	1.0	1.0	0.0	0.0	144.0	ambiguous	False	False	1.0	-0.23586738999999998	0.24714394499999998	False	False
Ribo_ND_282773	rna_virus	0	Yellow	Yellow	0.70614684	1.0	1.0	0.0	0.0	423.0	moderate_crucivirus_like	False	True	1.0	0.69376624	1.0	1.0	0.0	0.0	92.0	moderate_crucivirus_like	False	True	1.0	0.54758954	1.0	1.0	0.0	0.0	182.0	ambiguous	False	False	1.0	0.5256185	1.0	1.0	0.0	0.0	149.0	ambiguous	False	False	1.0	0.012380600000000075	0.6999565400000001	False	True
Ribo_ND_025039	rna_virus	0	Yellow	Yellow	0.4842343	0.0	0.0	1.0	1.0	415.0	ambiguous	False	False	1.0	0.5673025	1.0	1.0	0.0	0.0	91.0	ambiguous	False	False	1.0	0.50662214	1.0	0.0	0.0	1.0	182.0	ambiguous	False	False	1.0	0.34750178	0.0	0.0	1.0	1.0	142.0	moderate_rna_like	False	False	1.0	-0.08306820000000004	0.5257684	False	False
Ribo_ND_082839	rna_virus	0	Yellow	Yellow	0.17703885	0.0	0.0	1.0	1.0	430.0	strong_rna_like	False	False	1.0	0.47837892	0.0	1.0	1.0	0.0	105.0	ambiguous	False	False	1.0	0.52998614	1.0	1.0	0.0	0.0	182.0	ambiguous	False	False	1.0	0.49871892	0.0	0.0	1.0	1.0	143.0	ambiguous	False	False	1.0	-0.30134006999999996	0.327708885	False	False
Ribo_ND_030149	rna_virus	0	Yellow	Yellow	0.44935217	0.0	0.0	1.0	1.0	419.0	ambiguous	False	False	1.0	0.66467255	1.0	1.0	0.0	0.0	94.0	moderate_crucivirus_like	False	True	1.0	0.5553585	1.0	1.0	0.0	0.0	182.0	ambiguous	False	False	1.0	0.44042072	0.0	0.0	1.0	1.0	143.0	ambiguous	False	False	1.0	-0.21532038000000003	0.55701236	False	False
Ribo_ND_028931	rna_virus	0	Yellow	Yellow	0.45454097	0.0	0.0	1.0	1.0	410.0	ambiguous	False	False	1.0	0.53665274	1.0	1.0	0.0	0.0	90.0	ambiguous	False	False	1.0	0.6213177	1.0	1.0	0.0	0.0	182.0	moderate_crucivirus_like	False	True	1.0	0.225076	0.0	0.0	1.0	1.0	138.0	moderate_rna_like	False	False	1.0	-0.08211176999999997	0.49559685499999995	False	False
Ribo_ND_030312	rna_virus	0	Yellow	Yellow	0.47799954	0.0	0.0	1.0	1.0	411.0	ambiguous	False	False	1.0	0.55430466	1.0	1.0	0.0	0.0	90.0	ambiguous	False	False	1.0	0.60226893	1.0	1.0	0.0	0.0	182.0	moderate_crucivirus_like	False	True	1.0	0.33637103	0.0	0.0	1.0	1.0	139.0	moderate_rna_like	False	False	1.0	-0.07630512	0.5161521	False	False
Ribo_ND_028774	rna_virus	0	Yellow	Yellow	0.42462644	0.0	0.0	1.0	1.0	410.0	ambiguous	False	False	1.0	0.6419327	1.0	1.0	0.0	0.0	90.0	moderate_crucivirus_like	False	True	1.0	0.42281592	0.0	0.0	1.0	1.0	182.0	ambiguous	False	False	1.0	0.36933863	0.0	0.0	1.0	1.0	138.0	moderate_rna_like	False	False	1.0	-0.21730626000000003	0.53327957	False	False
Ribo_ND_083791	rna_virus	0	Yellow	Yellow	0.26571086	0.0	0.0	1.0	1.0	418.0	moderate_rna_like	False	False	1.0	0.26919302	0.0	0.0	1.0	1.0	92.0	moderate_rna_like	False	False	1.0	0.4503461	0.0	0.0	1.0	1.0	182.0	ambiguous	False	False	1.0	0.57512736	1.0	1.0	0.0	0.0	144.0	ambiguous	False	False	1.0	-0.003482160000000012	0.26745194	False	False
Ribo_ND_025238	rna_virus	0	Yellow	Yellow	0.4479799	0.0	0.0	1.0	1.0	424.0	ambiguous	False	False	1.0	0.5599495	1.0	1.0	0.0	0.0	92.0	ambiguous	False	False	1.0	0.43660882	0.0	0.0	1.0	1.0	182.0	ambiguous	False	False	1.0	0.64684844	1.0	1.0	0.0	0.0	150.0	moderate_crucivirus_like	False	True	1.0	-0.1119696	0.5039647	False	False
Ribo_JAAOEH010005851.1	rna_virus	0	Yellow	Yellow	0.2863396	0.0	0.0	1.0	1.0	423.0	moderate_rna_like	False	False	1.0	0.21959525	0.0	0.0	1.0	1.0	98.0	moderate_rna_like	False	False	1.0	0.59196025	1.0	1.0	0.0	0.0	182.0	ambiguous	False	False	1.0	0.6158427	1.0	1.0	0.0	0.0	143.0	moderate_crucivirus_like	False	True	1.0	0.06674435000000004	0.252967425	False	False
Ribo_ND_025226	rna_virus	0	Yellow	Yellow	0.35313222	0.0	0.0	1.0	1.0	494.0	moderate_rna_like	False	False	1.0	0.5031388	1.0	1.0	0.0	0.0	152.0	ambiguous	False	False	1.0	0.50556654	1.0	0.0	0.0	1.0	182.0	ambiguous	False	False	1.0	0.8546685	1.0	1.0	0.0	0.0	160.0	strong_crucivirus_like	True	True	1.0	-0.15000658	0.42813551	False	False
Ribo_JAAOEH010001932.1	rna_virus	0	Yellow	Yellow	0.34490034	0.0	0.0	1.0	1.0	474.0	moderate_rna_like	False	False	1.0	0.63154125	1.0	1.0	0.0	0.0	132.0	moderate_crucivirus_like	False	True	1.0	0.50556654	1.0	0.0	0.0	1.0	182.0	ambiguous	False	False	1.0	0.8546685	1.0	1.0	0.0	0.0	160.0	strong_crucivirus_like	True	True	1.0	-0.28664091	0.48822079500000004	False	False
Ribo_ND_251250	rna_virus	0	Yellow	Yellow	0.263793	0.0	0.0	1.0	1.0	437.0	moderate_rna_like	False	False	1.0	0.36320612	0.0	0.0	1.0	1.0	98.0	moderate_rna_like	False	False	1.0	0.5993294	1.0	1.0	0.0	0.0	182.0	ambiguous	False	False	1.0	0.46303025	0.0	0.0	1.0	1.0	157.0	ambiguous	False	False	1.0	-0.09941312000000002	0.31349956	False	False
Ribo_ND_090497	rna_virus	0	Yellow	Yellow	0.35415402	0.0	0.0	1.0	1.0	454.0	moderate_rna_like	False	False	1.0	0.56701285	1.0	1.0	0.0	0.0	118.0	ambiguous	False	False	1.0	0.43596563	0.0	0.0	1.0	1.0	181.0	ambiguous	False	False	1.0	0.30841804	0.0	0.0	1.0	1.0	155.0	moderate_rna_like	False	False	1.0	-0.21285883	0.460583435	False	False
Ribo_ND_029406	rna_virus	0	Yellow	Yellow	0.2735663	0.0	0.0	1.0	1.0	425.0	moderate_rna_like	False	False	1.0	0.3456788	0.0	0.0	1.0	1.0	94.0	moderate_rna_like	False	False	1.0	0.49877948	0.0	0.0	1.0	1.0	182.0	ambiguous	False	False	1.0	0.75547844	1.0	1.0	0.0	0.0	149.0	moderate_crucivirus_like	False	True	1.0	-0.07211250000000002	0.30962255	False	False
Ribo_ND_026239	rna_virus	0	Yellow	Yellow	0.14389406	0.0	0.0	1.0	1.0	421.0	strong_rna_like	False	False	1.0	0.19887747	0.0	0.0	1.0	1.0	92.0	strong_rna_like	False	False	1.0	0.34787413	0.0	0.0	1.0	1.0	182.0	moderate_rna_like	False	False	1.0	0.3054868	0.0	0.0	1.0	1.0	147.0	moderate_rna_like	False	False	1.0	-0.05498341000000001	0.171385765	False	False
Ribo_ND_025129	rna_virus	0	Yellow	Yellow	0.5536942	1.0	1.0	0.0	0.0	425.0	ambiguous	False	False	1.0	0.6964166	1.0	1.0	0.0	0.0	93.0	moderate_crucivirus_like	False	True	1.0	0.5781577	1.0	1.0	0.0	0.0	182.0	ambiguous	False	False	1.0	0.23454392	0.0	0.0	1.0	1.0	150.0	moderate_rna_like	False	False	1.0	-0.14272240000000003	0.6250554	False	False
Ribo_ND_025079	rna_virus	0	Yellow	Yellow	0.55291253	1.0	1.0	0.0	0.0	425.0	ambiguous	False	False	1.0	0.5202807	1.0	1.0	0.0	0.0	93.0	ambiguous	False	False	1.0	0.6126233	1.0	1.0	0.0	0.0	182.0	moderate_crucivirus_like	False	True	1.0	0.20628712	0.0	0.0	1.0	1.0	150.0	moderate_rna_like	False	False	1.0	0.03263182999999992	0.536596615	False	False
Ribo_ND_089420	rna_virus	0	Yellow	Yellow	0.33535877	0.0	0.0	1.0	1.0	424.0	moderate_rna_like	False	False	1.0	0.5417141	1.0	1.0	0.0	0.0	90.0	ambiguous	False	False	1.0	0.35800222	0.0	0.0	1.0	1.0	182.0	moderate_rna_like	False	False	1.0	0.16291517	0.0	0.0	1.0	1.0	152.0	strong_rna_like	False	False	1.0	-0.20635533	0.43853643499999995	False	False
Ribo_ND_347447	rna_virus	0	Yellow	Yellow	0.4272838	0.0	0.0	1.0	1.0	425.0	ambiguous	False	False	1.0	0.64963657	1.0	1.0	0.0	0.0	98.0	moderate_crucivirus_like	False	True	1.0	0.31510493	0.0	0.0	1.0	1.0	182.0	moderate_rna_like	False	False	1.0	0.100886	0.0	0.0	1.0	1.0	145.0	strong_rna_like	False	False	1.0	-0.22235276999999998	0.5384601849999999	False	False
Ribo_ND_347450	rna_virus	0	Yellow	Yellow	0.29616645	0.0	0.0	1.0	1.0	431.0	moderate_rna_like	False	False	1.0	0.66877043	1.0	1.0	0.0	0.0	98.0	moderate_crucivirus_like	False	True	1.0	0.76045984	1.0	1.0	0.0	0.0	182.0	moderate_crucivirus_like	False	True	1.0	0.51721483	1.0	1.0	0.0	0.0	151.0	ambiguous	False	False	1.0	-0.37260398	0.48246844	False	False
Ribo_ND_030228	rna_virus	0	Yellow	Yellow	0.19161732	0.0	0.0	1.0	1.0	429.0	strong_rna_like	False	False	1.0	0.2397383	0.0	0.0	1.0	1.0	101.0	moderate_rna_like	False	False	1.0	0.47282833	0.0	0.0	1.0	1.0	182.0	ambiguous	False	False	1.0	0.343351	0.0	0.0	1.0	1.0	146.0	moderate_rna_like	False	False	1.0	-0.04812097999999998	0.21567781	False	False
Ribo_ND_249711	rna_virus	0	Yellow	Yellow	0.45972794	0.0	0.0	1.0	1.0	425.0	ambiguous	False	False	1.0	0.5337593	1.0	1.0	0.0	0.0	99.0	ambiguous	False	False	1.0	0.5319354	1.0	1.0	0.0	0.0	181.0	ambiguous	False	False	1.0	0.33888906	0.0	0.0	1.0	1.0	145.0	moderate_rna_like	False	False	1.0	-0.07403136000000005	0.49674362000000005	False	False
Ribo_ND_249710	rna_virus	0	Yellow	Yellow	0.20236295	0.0	0.0	1.0	1.0	426.0	moderate_rna_like	False	False	1.0	0.3108901	0.0	0.0	1.0	1.0	100.0	moderate_rna_like	False	False	1.0	0.3861992	0.0	0.0	1.0	1.0	181.0	moderate_rna_like	False	False	1.0	0.47090375	0.0	0.0	1.0	1.0	145.0	ambiguous	False	False	1.0	-0.10852714999999999	0.256626525	False	False
Ribo_ND_025437	rna_virus	0	Yellow	Yellow	0.22276887	0.0	0.0	1.0	1.0	421.0	moderate_rna_like	False	False	1.0	0.3886903	0.0	0.0	1.0	1.0	100.0	moderate_rna_like	False	False	1.0	0.2697168	0.0	0.0	1.0	1.0	180.0	moderate_rna_like	False	False	1.0	0.3558833	0.0	0.0	1.0	1.0	141.0	moderate_rna_like	False	False	1.0	-0.16592142999999998	0.305729585	False	False
Ribo_ND_166714	rna_virus	0	Yellow	Yellow	0.084995136	0.0	0.0	1.0	1.0	425.0	strong_rna_like	False	False	1.0	0.11218208	0.0	0.0	1.0	1.0	99.0	strong_rna_like	False	False	1.0	0.32179645	0.0	0.0	1.0	1.0	182.0	moderate_rna_like	False	False	1.0	0.3147048	0.0	0.0	1.0	1.0	144.0	moderate_rna_like	False	False	1.0	-0.027186944000000005	0.098588608	False	False
Ribo_ND_025989	rna_virus	0	Yellow	Yellow	0.40732977	0.0	0.0	1.0	1.0	440.0	ambiguous	False	False	1.0	0.52979517	1.0	1.0	0.0	0.0	102.0	ambiguous	False	False	1.0	0.74875516	1.0	1.0	0.0	0.0	182.0	moderate_crucivirus_like	False	True	1.0	0.5281452	1.0	1.0	0.0	0.0	156.0	ambiguous	False	False	1.0	-0.1224654	0.46856246999999995	False	False
Ribo_ND_026074	rna_virus	0	Yellow	Yellow	0.22891688	0.0	0.0	1.0	1.0	435.0	moderate_rna_like	False	False	1.0	0.23958646	0.0	0.0	1.0	1.0	96.0	moderate_rna_like	False	False	1.0	0.5559886	1.0	1.0	0.0	0.0	182.0	ambiguous	False	False	1.0	0.48348546	0.0	0.0	1.0	1.0	157.0	ambiguous	False	False	1.0	-0.010669580000000012	0.23425167	False	False
Ribo_ND_389708	rna_virus	0	Yellow	Yellow	0.18981558	0.0	0.0	1.0	1.0	450.0	strong_rna_like	False	False	1.0	0.32507044	0.0	0.0	1.0	1.0	111.0	moderate_rna_like	False	False	1.0	0.52325827	1.0	1.0	0.0	0.0	182.0	ambiguous	False	False	1.0	0.49565992	0.0	0.0	1.0	1.0	157.0	ambiguous	False	False	1.0	-0.13525486	0.25744301	False	False
Ribo_JAAOEH010002346.1	rna_virus	0	Yellow	Yellow	0.13112162	0.0	0.0	1.0	1.0	424.0	strong_rna_like	False	False	1.0	0.22037815	0.0	0.0	1.0	1.0	91.0	moderate_rna_like	False	False	1.0	0.71470916	1.0	1.0	0.0	0.0	182.0	moderate_crucivirus_like	False	True	1.0	0.57955974	1.0	1.0	0.0	0.0	151.0	ambiguous	False	False	1.0	-0.08925653	0.175749885	False	False
Ribo_ND_187985	rna_virus	0	Yellow	Yellow	0.08559874	0.0	0.0	1.0	1.0	470.0	strong_rna_like	False	False	1.0	0.14356366	0.0	0.0	1.0	1.0	137.0	strong_rna_like	False	False	1.0	0.7491033	1.0	1.0	0.0	0.0	182.0	moderate_crucivirus_like	False	True	1.0	0.5595963	1.0	1.0	0.0	0.0	151.0	ambiguous	False	False	1.0	-0.05796492	0.11458120000000001	False	False
Ribo_ND_025088	rna_virus	0	Yellow	Yellow	0.19735073	0.0	0.0	1.0	1.0	428.0	strong_rna_like	False	False	1.0	0.28543764	0.0	0.0	1.0	1.0	93.0	moderate_rna_like	False	False	1.0	0.6727866	1.0	1.0	0.0	0.0	182.0	moderate_crucivirus_like	False	True	1.0	0.60860777	1.0	1.0	0.0	0.0	153.0	moderate_crucivirus_like	False	True	1.0	-0.08808690999999999	0.24139418499999998	False	False
Ribo_ND_028066	rna_virus	0	Yellow	Yellow	0.21531834	0.0	0.0	1.0	1.0	421.0	moderate_rna_like	False	False	1.0	0.19287518	0.0	0.0	1.0	1.0	89.0	strong_rna_like	False	False	1.0	0.48187733	0.0	0.0	1.0	1.0	181.0	ambiguous	False	False	1.0	0.45092547	0.0	0.0	1.0	1.0	151.0	ambiguous	False	False	1.0	0.02244315999999999	0.20409676	False	False
Ribo_ND_378685	rna_virus	0	Yellow	Yellow	0.16949764	0.0	0.0	1.0	1.0	420.0	strong_rna_like	False	False	1.0	0.2287957	0.0	0.0	1.0	1.0	94.0	moderate_rna_like	False	False	1.0	0.6274461	1.0	1.0	0.0	0.0	182.0	moderate_crucivirus_like	False	True	1.0	0.14947128	0.0	0.0	1.0	1.0	144.0	strong_rna_like	False	False	1.0	-0.059298059999999986	0.19914667	False	False
Ribo_ND_090578	rna_virus	0	Yellow	Yellow	0.19505462	0.0	0.0	1.0	1.0	421.0	strong_rna_like	False	False	1.0	0.30414766	0.0	0.0	1.0	1.0	92.0	moderate_rna_like	False	False	1.0	0.38925996	0.0	0.0	1.0	1.0	183.0	moderate_rna_like	False	False	1.0	0.47217876	0.0	0.0	1.0	1.0	146.0	ambiguous	False	False	1.0	-0.10909303999999997	0.24960114	False	False
Ribo_ND_091396	rna_virus	0	Yellow	Yellow	0.32914203	0.0	0.0	1.0	1.0	419.0	moderate_rna_like	False	False	1.0	0.6310566	1.0	1.0	0.0	0.0	92.0	moderate_crucivirus_like	False	True	1.0	0.70339566	1.0	1.0	0.0	0.0	182.0	moderate_crucivirus_like	False	True	1.0	0.3513486	0.0	0.0	1.0	1.0	145.0	moderate_rna_like	False	False	1.0	-0.30191457	0.48009931499999997	False	False
Ribo_ND_030302	rna_virus	0	Yellow	Yellow	0.41681382	0.0	0.0	1.0	1.0	414.0	ambiguous	False	False	1.0	0.6871027	1.0	1.0	0.0	0.0	90.0	moderate_crucivirus_like	False	True	1.0	0.7922723	1.0	1.0	0.0	0.0	182.0	moderate_crucivirus_like	False	True	1.0	0.16044272	0.0	0.0	1.0	1.0	142.0	strong_rna_like	False	False	1.0	-0.27028887999999995	0.5519582599999999	False	False
Ribo_JAAOEH010002610.1	rna_virus	0	Yellow	Yellow	0.22520788	0.0	0.0	1.0	1.0	414.0	moderate_rna_like	False	False	1.0	0.4158685	0.0	0.0	1.0	1.0	89.0	ambiguous	False	False	1.0	0.73404896	1.0	1.0	0.0	0.0	182.0	moderate_crucivirus_like	False	True	1.0	0.12359214	0.0	0.0	1.0	1.0	143.0	strong_rna_like	False	False	1.0	-0.19066061999999998	0.32053819	False	False
Ribo_ND_163344	rna_virus	0	Yellow	Yellow	0.18709186	0.0	0.0	1.0	1.0	414.0	strong_rna_like	False	False	1.0	0.5329287	1.0	1.0	0.0	0.0	89.0	ambiguous	False	False	1.0	0.76686096	1.0	1.0	0.0	0.0	182.0	moderate_crucivirus_like	False	True	1.0	0.17104526	0.0	0.0	1.0	1.0	143.0	strong_rna_like	False	False	1.0	-0.34583684000000003	0.36001028	False	False
Ribo_ND_274455	rna_virus	0	Yellow	Yellow	0.09925521	0.0	0.0	1.0	1.0	429.0	strong_rna_like	False	False	1.0	0.42955652	0.0	0.0	1.0	1.0	104.0	ambiguous	False	False	1.0	0.43497956	0.0	0.0	1.0	1.0	182.0	ambiguous	False	False	1.0	0.30750498	0.0	0.0	1.0	1.0	143.0	moderate_rna_like	False	False	1.0	-0.33030131	0.264405865	False	False
Ribo_ND_028071	rna_virus	0	Yellow	Yellow	0.2586871	0.0	0.0	1.0	1.0	412.0	moderate_rna_like	False	False	1.0	0.7067106	1.0	1.0	0.0	0.0	91.0	moderate_crucivirus_like	False	True	1.0	0.49217504	0.0	0.0	1.0	1.0	182.0	ambiguous	False	False	1.0	0.3539268	0.0	0.0	1.0	1.0	139.0	moderate_rna_like	False	False	1.0	-0.44802349999999996	0.48269885	False	False
Ribo_ND_251266	rna_virus	0	Yellow	Yellow	0.4260096	0.0	0.0	1.0	1.0	408.0	ambiguous	False	False	1.0	0.4188221	0.0	0.0	1.0	1.0	89.0	ambiguous	False	False	1.0	0.5387468	1.0	1.0	0.0	0.0	182.0	ambiguous	False	False	1.0	0.30370376	0.0	0.0	1.0	1.0	137.0	moderate_rna_like	False	False	1.0	0.007187500000000013	0.42241585	False	False
Ribo_ND_107694	rna_virus	0	Yellow	Yellow	0.143122	0.0	0.0	1.0	1.0	427.0	strong_rna_like	False	False	1.0	0.3105719	0.0	0.0	1.0	1.0	93.0	moderate_rna_like	False	False	1.0	0.47341046	0.0	0.0	1.0	1.0	181.0	ambiguous	False	False	1.0	0.58489186	1.0	1.0	0.0	0.0	153.0	ambiguous	False	False	1.0	-0.1674499	0.22684695	False	False
Ribo_ND_025316	rna_virus	0	Yellow	Yellow	0.20348495	0.0	0.0	1.0	1.0	425.0	moderate_rna_like	False	False	1.0	0.074007556	0.0	0.0	1.0	1.0	90.0	strong_rna_like	False	False	1.0	0.34862298	0.0	0.0	1.0	1.0	182.0	moderate_rna_like	False	False	1.0	0.28900295	0.0	0.0	1.0	1.0	153.0	moderate_rna_like	False	False	1.0	0.129477394	0.13874625299999999	False	False
Ribo_ND_189516	rna_virus	0	Yellow	Yellow	0.29792255	0.0	0.0	1.0	1.0	423.0	moderate_rna_like	False	False	1.0	0.3150491	0.0	0.0	1.0	1.0	88.0	moderate_rna_like	False	False	1.0	0.49334368	0.0	0.0	1.0	1.0	182.0	ambiguous	False	False	1.0	0.4728941	0.0	0.0	1.0	1.0	153.0	ambiguous	False	False	1.0	-0.017126550000000018	0.306485825	False	False
Ribo_ND_029515	rna_virus	0	Yellow	Yellow	0.24353413	0.0	0.0	1.0	1.0	437.0	moderate_rna_like	False	False	1.0	0.2324035	0.0	0.0	1.0	1.0	97.0	moderate_rna_like	False	False	1.0	0.47364953	0.0	0.0	1.0	1.0	182.0	ambiguous	False	False	1.0	0.5595991	1.0	1.0	0.0	0.0	158.0	ambiguous	False	False	1.0	0.011130629999999975	0.237968815	False	False
Ribo_ND_025344	rna_virus	0	Yellow	Yellow	0.16664886	0.0	0.0	1.0	1.0	415.0	strong_rna_like	False	False	1.0	0.30340025	0.0	0.0	1.0	1.0	89.0	moderate_rna_like	False	False	1.0	0.6156438	1.0	1.0	0.0	0.0	181.0	moderate_crucivirus_like	False	True	1.0	0.16451031	0.0	0.0	1.0	1.0	145.0	strong_rna_like	False	False	1.0	-0.13675138999999997	0.235024555	False	False
Ribo_ND_048572	rna_virus	0	Yellow	Yellow	0.12613396	0.0	0.0	1.0	1.0	414.0	strong_rna_like	False	False	1.0	0.14493486	0.0	0.0	1.0	1.0	88.0	strong_rna_like	False	False	1.0	0.799642	1.0	1.0	0.0	0.0	181.0	moderate_crucivirus_like	False	True	1.0	0.41043603	0.0	0.0	1.0	1.0	145.0	ambiguous	False	False	1.0	-0.01880090000000001	0.13553441	False	False
Ribo_ND_370447	rna_virus	0	Yellow	Yellow	0.14045756	0.0	0.0	1.0	1.0	413.0	strong_rna_like	False	False	1.0	0.06039046	0.0	0.0	1.0	1.0	79.0	strong_rna_like	False	False	1.0	0.599294	1.0	1.0	0.0	0.0	180.0	ambiguous	False	False	1.0	0.24499159	0.0	0.0	1.0	1.0	154.0	moderate_rna_like	False	False	1.0	0.0800671	0.10042401000000001	False	False
Ribo_ND_379594	rna_virus	0	Yellow	Yellow	0.09399568	0.0	0.0	1.0	1.0	418.0	strong_rna_like	False	False	1.0	0.081653655	0.0	0.0	1.0	1.0	81.0	strong_rna_like	False	False	1.0	0.5109687	1.0	1.0	0.0	0.0	180.0	ambiguous	False	False	1.0	0.1752164	0.0	0.0	1.0	1.0	157.0	strong_rna_like	False	False	1.0	0.012342024999999993	0.08782466750000001	False	False
Ribo_ND_030153	rna_virus	0	Yellow	Yellow	0.22820069	0.0	0.0	1.0	1.0	431.0	moderate_rna_like	False	False	1.0	0.20297942	0.0	0.0	1.0	1.0	93.0	moderate_rna_like	False	False	1.0	0.7223572	1.0	1.0	0.0	0.0	182.0	moderate_crucivirus_like	False	True	1.0	0.5164219	1.0	1.0	0.0	0.0	156.0	ambiguous	False	False	1.0	0.025221270000000018	0.215590055	False	False
Ribo_JAAOEH010003560.1	rna_virus	0	Yellow	Yellow	0.54537356	1.0	1.0	0.0	0.0	412.0	ambiguous	False	False	1.0	0.6215982	1.0	1.0	0.0	0.0	97.0	moderate_crucivirus_like	False	True	1.0	0.60452193	1.0	1.0	0.0	0.0	184.0	moderate_crucivirus_like	False	True	1.0	0.63196903	1.0	1.0	0.0	0.0	131.0	moderate_crucivirus_like	False	True	1.0	-0.07622463999999995	0.58348588	False	False
Ribo_ND_251221	rna_virus	0	Yellow	Yellow	0.40918323	0.0	0.0	1.0	1.0	426.0	ambiguous	False	False	1.0	0.4125257	0.0	0.0	1.0	1.0	93.0	ambiguous	False	False	1.0	0.7310446	1.0	1.0	0.0	0.0	182.0	moderate_crucivirus_like	False	True	1.0	0.5441892	1.0	1.0	0.0	0.0	151.0	ambiguous	False	False	1.0	-0.0033424699999999863	0.410854465	False	False
Ribo_ND_101960	rna_virus	0	Yellow	Yellow	0.3863271	0.0	0.0	1.0	1.0	428.0	moderate_rna_like	False	False	1.0	0.42854717	0.0	0.0	1.0	1.0	95.0	ambiguous	False	False	1.0	0.16860847	0.0	0.0	1.0	1.0	184.0	strong_rna_like	False	False	1.0	0.54532295	1.0	1.0	0.0	0.0	149.0	ambiguous	False	False	1.0	-0.04222007	0.407437135	False	False
Ribo_ND_025210	rna_virus	0	Yellow	Yellow	0.32772255	0.0	0.0	1.0	1.0	425.0	moderate_rna_like	False	False	1.0	0.6868932	1.0	1.0	0.0	0.0	92.0	moderate_crucivirus_like	False	True	1.0	0.31951788	0.0	0.0	1.0	1.0	179.0	moderate_rna_like	False	False	1.0	0.6876804	1.0	1.0	0.0	0.0	154.0	moderate_crucivirus_like	False	True	1.0	-0.35917065	0.507307875	False	False
Ribo_ND_025207	rna_virus	0	Yellow	Yellow	0.2667198	0.0	0.0	1.0	1.0	420.0	moderate_rna_like	False	False	1.0	0.47877565	0.0	1.0	1.0	0.0	89.0	ambiguous	False	False	1.0	0.6863429	1.0	1.0	0.0	0.0	179.0	moderate_crucivirus_like	False	True	1.0	0.40441468	0.0	0.0	1.0	1.0	152.0	ambiguous	False	False	1.0	-0.21205585	0.372747725	False	False
Ribo_ND_026140	rna_virus	0	Yellow	Yellow	0.6082164	1.0	1.0	0.0	0.0	422.0	moderate_crucivirus_like	False	True	1.0	0.6366245	1.0	1.0	0.0	0.0	92.0	moderate_crucivirus_like	False	True	1.0	0.5904595	1.0	1.0	0.0	0.0	179.0	ambiguous	False	False	1.0	0.19591376	0.0	0.0	1.0	1.0	151.0	strong_rna_like	False	False	1.0	-0.028408100000000047	0.62242045	False	True
Ribo_ND_308260	rna_virus	0	Yellow	Yellow	0.27924794	0.0	0.0	1.0	1.0	426.0	moderate_rna_like	False	False	1.0	0.47049785	0.0	0.0	1.0	1.0	95.0	ambiguous	False	False	1.0	0.40511516	0.0	0.0	1.0	1.0	179.0	ambiguous	False	False	1.0	0.28277278	0.0	0.0	1.0	1.0	152.0	moderate_rna_like	False	False	1.0	-0.19124991000000002	0.374872895	False	False
Ribo_ND_025116	rna_virus	0	Yellow	Yellow	0.30151945	0.0	0.0	1.0	1.0	425.0	moderate_rna_like	False	False	1.0	0.43027306	0.0	0.0	1.0	1.0	95.0	ambiguous	False	False	1.0	0.6029604	1.0	1.0	0.0	0.0	179.0	moderate_crucivirus_like	False	True	1.0	0.40123162	0.0	0.0	1.0	1.0	151.0	ambiguous	False	False	1.0	-0.12875360999999996	0.365896255	False	False
Ribo_ND_291673	rna_virus	0	Yellow	Yellow	0.21946149	0.0	0.0	1.0	1.0	418.0	moderate_rna_like	False	False	1.0	0.20030893	0.0	0.0	1.0	1.0	87.0	moderate_rna_like	False	False	1.0	0.57348055	1.0	1.0	0.0	0.0	179.0	ambiguous	False	False	1.0	0.55011433	1.0	1.0	0.0	0.0	152.0	ambiguous	False	False	1.0	0.019152560000000013	0.20988521	False	False
Ribo_ND_025138	rna_virus	0	Yellow	Yellow	0.4212893	0.0	0.0	1.0	1.0	432.0	ambiguous	False	False	1.0	0.55336684	1.0	1.0	0.0	0.0	95.0	ambiguous	False	False	1.0	0.40145278	0.0	0.0	1.0	1.0	180.0	ambiguous	False	False	1.0	0.6153233	1.0	1.0	0.0	0.0	157.0	moderate_crucivirus_like	False	True	1.0	-0.13207754000000005	0.48732807	False	False
Ribo_ND_344454	rna_virus	0	Yellow	Yellow	0.3642993	0.0	0.0	1.0	1.0	432.0	moderate_rna_like	False	False	1.0	0.3825197	0.0	0.0	1.0	1.0	94.0	moderate_rna_like	False	False	1.0	0.47030488	0.0	0.0	1.0	1.0	180.0	ambiguous	False	False	1.0	0.22306563	0.0	0.0	1.0	1.0	158.0	moderate_rna_like	False	False	1.0	-0.018220400000000025	0.3734095	False	False
Ribo_ND_026175	rna_virus	0	Yellow	Yellow	0.15395153	0.0	0.0	1.0	1.0	430.0	strong_rna_like	False	False	1.0	0.42089134	0.0	0.0	1.0	1.0	98.0	ambiguous	False	False	1.0	0.3802493	0.0	0.0	1.0	1.0	182.0	moderate_rna_like	False	False	1.0	0.49863532	0.0	0.0	1.0	1.0	150.0	ambiguous	False	False	1.0	-0.26693981	0.287421435	False	False
Ribo_ND_025076	rna_virus	0	Yellow	Yellow	0.66123533	1.0	1.0	0.0	0.0	433.0	moderate_crucivirus_like	False	True	1.0	0.8400845	1.0	1.0	0.0	0.0	89.0	strong_crucivirus_like	True	True	1.0	0.29828164	0.0	0.0	1.0	1.0	182.0	moderate_rna_like	False	False	1.0	0.35056815	0.0	0.0	1.0	1.0	162.0	moderate_rna_like	False	False	1.0	-0.17884917	0.750659915	False	True
Ribo_ND_025218	rna_virus	0	Yellow	Yellow	0.28294277	0.0	0.0	1.0	1.0	436.0	moderate_rna_like	False	False	1.0	0.59780514	1.0	1.0	0.0	0.0	96.0	ambiguous	False	False	1.0	0.6001019	1.0	1.0	0.0	0.0	182.0	moderate_crucivirus_like	False	True	1.0	0.4746775	0.0	0.0	1.0	1.0	158.0	ambiguous	False	False	1.0	-0.31486236999999995	0.440373955	False	False
Ribo_JAAOEH010004812.1	rna_virus	0	Yellow	Yellow	0.4974882	0.0	0.0	1.0	1.0	473.0	ambiguous	False	False	1.0	0.65394	1.0	1.0	0.0	0.0	133.0	moderate_crucivirus_like	False	True	1.0	0.63162106	1.0	1.0	0.0	0.0	182.0	moderate_crucivirus_like	False	True	1.0	0.46865702	0.0	0.0	1.0	1.0	158.0	ambiguous	False	False	1.0	-0.15645179999999997	0.5757141	False	False
Ribo_ND_043246	rna_virus	0	Yellow	Yellow	0.49933678	0.0	1.0	1.0	0.0	433.0	ambiguous	False	False	1.0	0.6537319	1.0	1.0	0.0	0.0	93.0	moderate_crucivirus_like	False	True	1.0	0.34483358	0.0	0.0	1.0	1.0	182.0	moderate_rna_like	False	False	1.0	0.13847898	0.0	0.0	1.0	1.0	158.0	strong_rna_like	False	False	1.0	-0.15439512000000005	0.57653434	False	False
Ribo_ND_025969	rna_virus	0	Yellow	Yellow	0.42308468	0.0	0.0	1.0	1.0	434.0	ambiguous	False	False	1.0	0.46165934	0.0	0.0	1.0	1.0	95.0	ambiguous	False	False	1.0	0.39376178	0.0	0.0	1.0	1.0	181.0	moderate_rna_like	False	False	1.0	0.65735	1.0	1.0	0.0	0.0	158.0	moderate_crucivirus_like	False	True	1.0	-0.03857465999999998	0.44237201	False	False
Ribo_ND_042915	rna_virus	0	Yellow	Yellow	0.5344495	1.0	1.0	0.0	0.0	422.0	ambiguous	False	False	1.0	0.38411674	0.0	0.0	1.0	1.0	90.0	moderate_rna_like	False	False	1.0	0.58485085	1.0	1.0	0.0	0.0	181.0	ambiguous	False	False	1.0	0.202006	0.0	0.0	1.0	1.0	151.0	moderate_rna_like	False	False	1.0	0.15033276	0.45928312000000004	False	False
Ribo_ND_030162	rna_virus	0	Yellow	Yellow	0.091921136	0.0	0.0	1.0	1.0	428.0	strong_rna_like	False	False	1.0	0.16882376	0.0	0.0	1.0	1.0	92.0	strong_rna_like	False	False	1.0	0.5674822	1.0	1.0	0.0	0.0	181.0	ambiguous	False	False	1.0	0.5440007	1.0	1.0	0.0	0.0	155.0	ambiguous	False	False	1.0	-0.07690262399999999	0.130372448	False	False
Ribo_ND_187973	rna_virus	0	Yellow	Yellow	0.15216386	0.0	0.0	1.0	1.0	416.0	strong_rna_like	False	False	1.0	0.16908965	0.0	0.0	1.0	1.0	85.0	strong_rna_like	False	False	1.0	0.44614846	0.0	0.0	1.0	1.0	182.0	ambiguous	False	False	1.0	0.25947	0.0	0.0	1.0	1.0	149.0	moderate_rna_like	False	False	1.0	-0.016925789999999996	0.160626755	False	False
Ribo_ND_025106	rna_virus	0	Yellow	Yellow	0.123966575	0.0	0.0	1.0	1.0	414.0	strong_rna_like	False	False	1.0	0.21966629	0.0	0.0	1.0	1.0	91.0	moderate_rna_like	False	False	1.0	0.28012353	0.0	0.0	1.0	1.0	181.0	moderate_rna_like	False	False	1.0	0.2441104	0.0	0.0	1.0	1.0	142.0	moderate_rna_like	False	False	1.0	-0.09569971499999999	0.1718164325	False	False
Ribo_ND_025399	rna_virus	0	Yellow	Yellow	0.15551105	0.0	0.0	1.0	1.0	434.0	strong_rna_like	False	False	1.0	0.46005154	0.0	0.0	1.0	1.0	110.0	ambiguous	False	False	1.0	0.43210313	0.0	0.0	1.0	1.0	182.0	ambiguous	False	False	1.0	0.5626548	1.0	1.0	0.0	0.0	142.0	ambiguous	False	False	1.0	-0.30454048999999994	0.307781295	False	False
Ribo_ND_025276	rna_virus	0	Yellow	Yellow	0.27775222	0.0	0.0	1.0	1.0	421.0	moderate_rna_like	False	False	1.0	0.45437375	0.0	0.0	1.0	1.0	92.0	ambiguous	False	False	1.0	0.48063084	0.0	0.0	1.0	1.0	182.0	ambiguous	False	False	1.0	0.73020005	1.0	1.0	0.0	0.0	147.0	moderate_crucivirus_like	False	True	1.0	-0.17662153000000003	0.366062985	False	False
Ribo_ND_249734	rna_virus	0	Yellow	Yellow	0.26483294	0.0	0.0	1.0	1.0	424.0	moderate_rna_like	False	False	1.0	0.13907367	0.0	0.0	1.0	1.0	94.0	strong_rna_like	False	False	1.0	0.42277682	0.0	0.0	1.0	1.0	182.0	ambiguous	False	False	1.0	0.45676276	0.0	0.0	1.0	1.0	148.0	ambiguous	False	False	1.0	0.12575927	0.20195330500000003	False	False
Ribo_ND_025122	rna_virus	0	Yellow	Yellow	0.65201485	1.0	1.0	0.0	0.0	392.0	moderate_crucivirus_like	False	True	1.0	0.49624905	0.0	1.0	1.0	0.0	58.0	ambiguous	False	False	1.0	0.35897765	0.0	0.0	1.0	1.0	182.0	moderate_rna_like	False	False	1.0	0.60769105	1.0	1.0	0.0	0.0	152.0	moderate_crucivirus_like	False	True	1.0	0.1557658	0.5741319500000001	False	False
Ribo_JAAOEH010001830.1	rna_virus	0	Yellow	Yellow	0.3979172	0.0	0.0	1.0	1.0	430.0	moderate_rna_like	False	False	1.0	0.56443274	1.0	1.0	0.0	0.0	96.0	ambiguous	False	False	1.0	0.5259425	1.0	1.0	0.0	0.0	182.0	ambiguous	False	False	1.0	0.6412009	1.0	1.0	0.0	0.0	152.0	moderate_crucivirus_like	False	True	1.0	-0.16651553999999996	0.48117497	False	False
Ribo_ND_094068	rna_virus	0	Yellow	Yellow	0.3721655	0.0	0.0	1.0	1.0	421.0	moderate_rna_like	False	False	1.0	0.4598962	0.0	0.0	1.0	1.0	92.0	ambiguous	False	False	1.0	0.528703	1.0	1.0	0.0	0.0	182.0	ambiguous	False	False	1.0	0.3516336	0.0	0.0	1.0	1.0	147.0	moderate_rna_like	False	False	1.0	-0.0877307	0.41603084999999995	False	False
Ribo_ND_166753	rna_virus	0	Yellow	Yellow	0.3852619	0.0	0.0	1.0	1.0	450.0	moderate_rna_like	False	False	1.0	0.370091	0.0	0.0	1.0	1.0	118.0	moderate_rna_like	False	False	1.0	0.3932127	0.0	0.0	1.0	1.0	182.0	moderate_rna_like	False	False	1.0	0.51081085	1.0	1.0	0.0	0.0	150.0	ambiguous	False	False	1.0	0.015170899999999987	0.37767645	False	False
Ribo_ND_158134	rna_virus	0	Yellow	Yellow	0.42804113	0.0	0.0	1.0	1.0	440.0	ambiguous	False	False	1.0	0.8537017	1.0	1.0	0.0	0.0	104.0	strong_crucivirus_like	True	True	1.0	0.5717759	1.0	1.0	0.0	0.0	182.0	ambiguous	False	False	1.0	0.24469042	0.0	0.0	1.0	1.0	154.0	moderate_rna_like	False	False	1.0	-0.42566057	0.640871415	False	False
Ribo_ND_046952	rna_virus	0	Yellow	Yellow	0.3712591	0.0	0.0	1.0	1.0	425.0	moderate_rna_like	False	False	1.0	0.6622288	1.0	1.0	0.0	0.0	92.0	moderate_crucivirus_like	False	True	1.0	0.7065233	1.0	1.0	0.0	0.0	182.0	moderate_crucivirus_like	False	True	1.0	0.26560253	0.0	0.0	1.0	1.0	151.0	moderate_rna_like	False	False	1.0	-0.29096969999999994	0.51674395	False	False
Ribo_ND_042233	rna_virus	0	Yellow	Yellow	0.10183181	0.0	0.0	1.0	1.0	414.0	strong_rna_like	False	False	1.0	0.4275962	0.0	0.0	1.0	1.0	92.0	ambiguous	False	False	1.0	0.18531749	0.0	0.0	1.0	1.0	182.0	strong_rna_like	False	False	1.0	0.5556446	1.0	1.0	0.0	0.0	140.0	ambiguous	False	False	1.0	-0.32576439	0.264714005	False	False
Ribo_ND_025259	rna_virus	0	Yellow	Yellow	0.37748915	0.0	0.0	1.0	1.0	420.0	moderate_rna_like	False	False	1.0	0.6446556	1.0	1.0	0.0	0.0	93.0	moderate_crucivirus_like	False	True	1.0	0.78719896	1.0	1.0	0.0	0.0	182.0	moderate_crucivirus_like	False	True	1.0	0.79162043	1.0	1.0	0.0	0.0	145.0	moderate_crucivirus_like	False	True	1.0	-0.26716645	0.511072375	False	False
Ribo_ND_046858	rna_virus	0	Yellow	Yellow	0.26589552	0.0	0.0	1.0	1.0	496.0	moderate_rna_like	False	False	1.0	0.18188266	0.0	0.0	1.0	1.0	164.0	strong_rna_like	False	False	1.0	0.64692795	1.0	1.0	0.0	0.0	182.0	moderate_crucivirus_like	False	True	1.0	0.80141073	1.0	1.0	0.0	0.0	150.0	strong_crucivirus_like	True	True	1.0	0.08401286	0.22388909	False	False
Ribo_ND_060762	rna_virus	0	Yellow	Yellow	0.43828133	0.0	0.0	1.0	1.0	429.0	ambiguous	False	False	1.0	0.54771465	1.0	1.0	0.0	0.0	97.0	ambiguous	False	False	1.0	0.50197464	1.0	0.0	0.0	1.0	182.0	ambiguous	False	False	1.0	0.8437074	1.0	1.0	0.0	0.0	150.0	strong_crucivirus_like	True	True	1.0	-0.10943331999999995	0.49299799	False	False
Ribo_ND_030655	rna_virus	0	Yellow	Yellow	0.46773612	0.0	0.0	1.0	1.0	451.0	ambiguous	False	False	1.0	0.5775686	1.0	1.0	0.0	0.0	118.0	ambiguous	False	False	1.0	0.6019592	1.0	1.0	0.0	0.0	182.0	moderate_crucivirus_like	False	True	1.0	0.45857868	0.0	0.0	1.0	1.0	151.0	ambiguous	False	False	1.0	-0.10983248000000001	0.5226523599999999	False	False
Ribo_ND_133060	rna_virus	0	Yellow	Yellow	0.21462667	0.0	0.0	1.0	1.0	431.0	moderate_rna_like	False	False	1.0	0.26393804	0.0	0.0	1.0	1.0	93.0	moderate_rna_like	False	False	1.0	0.40522245	0.0	0.0	1.0	1.0	182.0	ambiguous	False	False	1.0	0.76297903	1.0	1.0	0.0	0.0	156.0	moderate_crucivirus_like	False	True	1.0	-0.04931136999999999	0.239282355	False	False
Ribo_ND_025357	rna_virus	0	Yellow	Yellow	0.27218708	0.0	0.0	1.0	1.0	412.0	moderate_rna_like	False	False	1.0	0.2598236	0.0	0.0	1.0	1.0	89.0	moderate_rna_like	False	False	1.0	0.5918613	1.0	1.0	0.0	0.0	182.0	ambiguous	False	False	1.0	0.27777725	0.0	0.0	1.0	1.0	141.0	moderate_rna_like	False	False	1.0	0.012363480000000038	0.26600534	False	False
Ribo_ND_109190	rna_virus	0	Yellow	Yellow	0.25098458	0.0	0.0	1.0	1.0	412.0	moderate_rna_like	False	False	1.0	0.20032734	0.0	0.0	1.0	1.0	90.0	moderate_rna_like	False	False	1.0	0.61971354	1.0	1.0	0.0	0.0	182.0	moderate_crucivirus_like	False	True	1.0	0.45496598	0.0	0.0	1.0	1.0	140.0	ambiguous	False	False	1.0	0.05065724000000002	0.22565596	False	False
Ribo_ND_028768	rna_virus	0	Yellow	Yellow	0.306949	0.0	0.0	1.0	1.0	418.0	moderate_rna_like	False	False	1.0	0.3420648	0.0	0.0	1.0	1.0	97.0	moderate_rna_like	False	False	1.0	0.35392284	0.0	0.0	1.0	1.0	182.0	moderate_rna_like	False	False	1.0	0.28302136	0.0	0.0	1.0	1.0	139.0	moderate_rna_like	False	False	1.0	-0.035115799999999975	0.32450690000000004	False	False
Ribo_ND_025104	rna_virus	0	Yellow	Yellow	0.08890119	0.0	0.0	1.0	1.0	425.0	strong_rna_like	False	False	1.0	0.16744365	0.0	0.0	1.0	1.0	106.0	strong_rna_like	False	False	1.0	0.4943038	0.0	0.0	1.0	1.0	182.0	ambiguous	False	False	1.0	0.53016984	1.0	1.0	0.0	0.0	137.0	ambiguous	False	False	1.0	-0.07854246	0.12817242	False	False
Ribo_ND_030242	rna_virus	0	Yellow	Yellow	0.63387436	1.0	1.0	0.0	0.0	405.0	moderate_crucivirus_like	False	True	1.0	0.5127126	1.0	1.0	0.0	0.0	87.0	ambiguous	False	False	1.0	0.46386597	0.0	0.0	1.0	1.0	182.0	ambiguous	False	False	1.0	0.27888846	0.0	0.0	1.0	1.0	136.0	moderate_rna_like	False	False	1.0	0.12116176000000001	0.57329348	False	False
Ribo_ND_028067	rna_virus	0	Yellow	Yellow	0.59171605	1.0	1.0	0.0	0.0	407.0	ambiguous	False	False	1.0	0.6297905	1.0	1.0	0.0	0.0	88.0	moderate_crucivirus_like	False	True	1.0	0.47365114	0.0	0.0	1.0	1.0	182.0	ambiguous	False	False	1.0	0.33850598	0.0	0.0	1.0	1.0	137.0	moderate_rna_like	False	False	1.0	-0.03807444999999998	0.610753275	False	False
Ribo_ND_019228	rna_virus	0	Yellow	Yellow	0.2089698	0.0	0.0	1.0	1.0	420.0	moderate_rna_like	False	False	1.0	0.32432866	0.0	0.0	1.0	1.0	103.0	moderate_rna_like	False	False	1.0	0.3111177	0.0	0.0	1.0	1.0	182.0	moderate_rna_like	False	False	1.0	0.44136184	0.0	0.0	1.0	1.0	135.0	ambiguous	False	False	1.0	-0.11535885999999998	0.26664923	False	False
Ribo_NC_033161	rna_virus	0	Yellow	Yellow	0.2089698	0.0	0.0	1.0	1.0	420.0	moderate_rna_like	False	False	1.0	0.32432866	0.0	0.0	1.0	1.0	103.0	moderate_rna_like	False	False	1.0	0.3111177	0.0	0.0	1.0	1.0	182.0	moderate_rna_like	False	False	1.0	0.44136184	0.0	0.0	1.0	1.0	135.0	ambiguous	False	False	1.0	-0.11535885999999998	0.26664923	False	False
Ribo_ND_163072	rna_virus	0	Yellow	Yellow	0.17492352	0.0	0.0	1.0	1.0	410.0	strong_rna_like	False	False	1.0	0.2805234	0.0	0.0	1.0	1.0	92.0	moderate_rna_like	False	False	1.0	0.33011544	0.0	0.0	1.0	1.0	182.0	moderate_rna_like	False	False	1.0	0.12841581	0.0	0.0	1.0	1.0	136.0	strong_rna_like	False	False	1.0	-0.10559987999999998	0.22772346	False	False
Ribo_ND_025095	rna_virus	0	Yellow	Yellow	0.067455314	0.0	0.0	1.0	1.0	453.0	strong_rna_like	False	False	1.0	0.1251561	0.0	0.0	1.0	1.0	133.0	strong_rna_like	False	False	1.0	0.519417	1.0	1.0	0.0	0.0	182.0	ambiguous	False	False	1.0	0.36757892	0.0	0.0	1.0	1.0	138.0	moderate_rna_like	False	False	1.0	-0.05770078599999999	0.09630570699999999	False	False
Ribo_JAAOEH010001771.1	rna_virus	0	Yellow	Yellow	0.1588089	0.0	0.0	1.0	1.0	442.0	strong_rna_like	False	False	1.0	0.51397455	1.0	1.0	0.0	0.0	122.0	ambiguous	False	False	1.0	0.519417	1.0	1.0	0.0	0.0	182.0	ambiguous	False	False	1.0	0.36757892	0.0	0.0	1.0	1.0	138.0	moderate_rna_like	False	False	1.0	-0.35516565	0.33639172500000003	False	False
Ribo_tombunoda_MN735451	rna_virus	0	Yellow	Yellow	0.35655546	0.0	0.0	1.0	1.0	422.0	moderate_rna_like	False	False	1.0	0.51527274	1.0	1.0	0.0	0.0	96.0	ambiguous	False	False	1.0	0.4557649	0.0	0.0	1.0	1.0	182.0	ambiguous	False	False	1.0	0.69929296	1.0	1.0	0.0	0.0	144.0	moderate_crucivirus_like	False	True	1.0	-0.15871728000000002	0.43591409999999997	False	False
Ribo_ND_025235	rna_virus	0	Yellow	Yellow	0.35106292	0.0	0.0	1.0	1.0	419.0	moderate_rna_like	False	False	1.0	0.5687701	1.0	1.0	0.0	0.0	94.0	ambiguous	False	False	1.0	0.5845392	1.0	1.0	0.0	0.0	182.0	ambiguous	False	False	1.0	0.1248401	0.0	0.0	1.0	1.0	143.0	strong_rna_like	False	False	1.0	-0.21770717999999994	0.45991651	False	False
Ribo_ND_030209	rna_virus	0	Yellow	Yellow	0.32475096	0.0	0.0	1.0	1.0	420.0	moderate_rna_like	False	False	1.0	0.42305657	0.0	0.0	1.0	1.0	95.0	ambiguous	False	False	1.0	0.5611636	1.0	1.0	0.0	0.0	182.0	ambiguous	False	False	1.0	0.078679636	0.0	0.0	1.0	1.0	143.0	strong_rna_like	False	False	1.0	-0.09830561000000004	0.373903765	False	False
Ribo_ND_030257	rna_virus	0	Yellow	Yellow	0.3888942	0.0	0.0	1.0	1.0	418.0	moderate_rna_like	False	False	1.0	0.36757	0.0	0.0	1.0	1.0	93.0	moderate_rna_like	False	False	1.0	0.5993335	1.0	1.0	0.0	0.0	182.0	ambiguous	False	False	1.0	0.31200776	0.0	0.0	1.0	1.0	143.0	moderate_rna_like	False	False	1.0	0.021324200000000015	0.3782321	False	False
Ribo_ND_089790	rna_virus	0	Yellow	Yellow	0.39883405	0.0	0.0	1.0	1.0	419.0	moderate_rna_like	False	False	1.0	0.61576575	1.0	1.0	0.0	0.0	88.0	moderate_crucivirus_like	False	True	1.0	0.7214507	1.0	1.0	0.0	0.0	181.0	moderate_crucivirus_like	False	True	1.0	0.60273206	1.0	1.0	0.0	0.0	150.0	moderate_crucivirus_like	False	True	1.0	-0.2169317	0.5072999	False	False
Ribo_ND_161323	rna_virus	0	Yellow	Yellow	0.34862462	0.0	0.0	1.0	1.0	426.0	moderate_rna_like	False	False	1.0	0.39450473	0.0	0.0	1.0	1.0	93.0	moderate_rna_like	False	False	1.0	0.20515914	0.0	0.0	1.0	1.0	182.0	moderate_rna_like	False	False	1.0	0.63477093	1.0	1.0	0.0	0.0	151.0	moderate_crucivirus_like	False	True	1.0	-0.04588011000000003	0.371564675	False	False
Ribo_ND_025631	rna_virus	0	Yellow	Yellow	0.39926362	0.0	0.0	1.0	1.0	435.0	moderate_rna_like	False	False	1.0	0.6948288	1.0	1.0	0.0	0.0	96.0	moderate_crucivirus_like	False	True	1.0	0.64686346	1.0	1.0	0.0	0.0	181.0	moderate_crucivirus_like	False	True	1.0	0.13793984	0.0	0.0	1.0	1.0	158.0	strong_rna_like	False	False	1.0	-0.29556518000000004	0.54704621	False	False
Ribo_ND_352102	rna_virus	0	Yellow	Yellow	0.3055035	0.0	0.0	1.0	1.0	446.0	moderate_rna_like	False	False	1.0	0.24116644	0.0	0.0	1.0	1.0	94.0	moderate_rna_like	False	False	1.0	0.59956056	1.0	1.0	0.0	0.0	182.0	ambiguous	False	False	1.0	0.7675359	1.0	1.0	0.0	0.0	170.0	moderate_crucivirus_like	False	True	1.0	0.06433705999999997	0.27333497	False	False
Ribo_ND_025610	rna_virus	0	Yellow	Yellow	0.33120045	0.0	0.0	1.0	1.0	438.0	moderate_rna_like	False	False	1.0	0.4006354	0.0	0.0	1.0	1.0	99.0	ambiguous	False	False	1.0	0.51281756	1.0	1.0	0.0	0.0	184.0	ambiguous	False	False	1.0	0.6236436	1.0	1.0	0.0	0.0	155.0	moderate_crucivirus_like	False	True	1.0	-0.06943495	0.365917925	False	False
Ribo_ND_348190	rna_virus	0	Yellow	Yellow	0.3472328	0.0	0.0	1.0	1.0	422.0	moderate_rna_like	False	False	1.0	0.32981363	0.0	0.0	1.0	1.0	91.0	moderate_rna_like	False	False	1.0	0.5291274	1.0	1.0	0.0	0.0	184.0	ambiguous	False	False	1.0	0.76879627	1.0	1.0	0.0	0.0	147.0	moderate_crucivirus_like	False	True	1.0	0.017419169999999984	0.33852321500000004	False	False
Ribo_ND_025465	rna_virus	0	Yellow	Yellow	0.20426743	0.0	0.0	1.0	1.0	433.0	moderate_rna_like	False	False	1.0	0.3329781	0.0	0.0	1.0	1.0	92.0	moderate_rna_like	False	False	1.0	0.39245245	0.0	0.0	1.0	1.0	181.0	moderate_rna_like	False	False	1.0	0.40618944	0.0	0.0	1.0	1.0	160.0	ambiguous	False	False	1.0	-0.12871067	0.268622765	False	False
Ribo_JAAOEH010004953.1	rna_virus	0	Yellow	Yellow	0.29993093	0.0	0.0	1.0	1.0	428.0	moderate_rna_like	False	False	1.0	0.2884172	0.0	0.0	1.0	1.0	91.0	moderate_rna_like	False	False	1.0	0.40065268	0.0	0.0	1.0	1.0	181.0	ambiguous	False	False	1.0	0.43920127	0.0	0.0	1.0	1.0	156.0	ambiguous	False	False	1.0	0.01151373	0.294174065	False	False
Ribo_ND_029681	rna_virus	0	Yellow	Yellow	0.4020812	0.0	0.0	1.0	1.0	430.0	ambiguous	False	False	1.0	0.26355985	0.0	0.0	1.0	1.0	91.0	moderate_rna_like	False	False	1.0	0.3006364	0.0	0.0	1.0	1.0	181.0	moderate_rna_like	False	False	1.0	0.8347859	1.0	1.0	0.0	0.0	158.0	strong_crucivirus_like	True	True	1.0	0.13852135000000004	0.33282052500000003	False	False
Ribo_ND_030491	rna_virus	0	Yellow	Yellow	0.39580077	0.0	0.0	1.0	1.0	436.0	moderate_rna_like	False	False	1.0	0.22112006	0.0	0.0	1.0	1.0	91.0	moderate_rna_like	False	False	1.0	0.38607317	0.0	0.0	1.0	1.0	181.0	moderate_rna_like	False	False	1.0	0.7552706	1.0	1.0	0.0	0.0	164.0	moderate_crucivirus_like	False	True	1.0	0.17468071000000002	0.308460415	False	False
Ribo_ND_081696	rna_virus	0	Yellow	Yellow	0.17448299	0.0	0.0	1.0	1.0	432.0	strong_rna_like	False	False	1.0	0.23158416	0.0	0.0	1.0	1.0	97.0	moderate_rna_like	False	False	1.0	0.48305112	0.0	0.0	1.0	1.0	181.0	ambiguous	False	False	1.0	0.48948082	0.0	0.0	1.0	1.0	154.0	ambiguous	False	False	1.0	-0.05710117000000001	0.20303357500000002	False	False
Ribo_ND_029080	rna_virus	0	Yellow	Yellow	0.13438442	0.0	0.0	1.0	1.0	391.0	strong_rna_like	False	False	1.0	0.25541216	0.0	0.0	1.0	1.0	115.0	moderate_rna_like	False	False	1.0	0.2819655	0.0	0.0	1.0	1.0	182.0	moderate_rna_like	False	False	1.0	0.17706986	0.0	0.0	1.0	1.0	94.0	strong_rna_like	False	False	1.0	-0.12102774	0.19489829	False	False
Ribo_ND_363032	rna_virus	0	Yellow	Yellow	0.18570445	0.0	0.0	1.0	1.0	420.0	strong_rna_like	False	False	1.0	0.103469476	0.0	0.0	1.0	1.0	89.0	strong_rna_like	False	False	1.0	0.6051944	1.0	1.0	0.0	0.0	182.0	moderate_crucivirus_like	False	True	1.0	0.78207994	1.0	1.0	0.0	0.0	149.0	moderate_crucivirus_like	False	True	1.0	0.08223497399999999	0.144586963	False	False
Ribo_ND_025846	rna_virus	0	Yellow	Yellow	0.10773822	0.0	0.0	1.0	1.0	416.0	strong_rna_like	False	False	1.0	0.40416545	0.0	0.0	1.0	1.0	96.0	ambiguous	False	False	1.0	0.34250274	0.0	0.0	1.0	1.0	180.0	moderate_rna_like	False	False	1.0	0.108906515	0.0	0.0	1.0	1.0	140.0	strong_rna_like	False	False	1.0	-0.29642723	0.25595183499999996	False	False
Ribo_ND_028704	rna_virus	0	Yellow	Yellow	0.15938784	0.0	0.0	1.0	1.0	412.0	strong_rna_like	False	False	1.0	0.07741256	0.0	0.0	1.0	1.0	90.0	strong_rna_like	False	False	1.0	0.5821794	1.0	1.0	0.0	0.0	179.0	ambiguous	False	False	1.0	0.7372705	1.0	1.0	0.0	0.0	143.0	moderate_crucivirus_like	False	True	1.0	0.08197528	0.11840020000000001	False	False
Ribo_ND_166800	rna_virus	0	Yellow	Yellow	0.4859076	0.0	0.0	1.0	1.0	401.0	ambiguous	False	False	1.0	0.5085718	1.0	1.0	0.0	0.0	81.0	ambiguous	False	False	1.0	0.44039488	0.0	0.0	1.0	1.0	179.0	ambiguous	False	False	1.0	0.172375	0.0	0.0	1.0	1.0	141.0	strong_rna_like	False	False	1.0	-0.022664200000000023	0.4972397	False	False
Ribo_ND_025471	rna_virus	0	Yellow	Yellow	0.31983188	0.0	0.0	1.0	1.0	409.0	moderate_rna_like	False	False	1.0	0.21198244	0.0	0.0	1.0	1.0	91.0	moderate_rna_like	False	False	1.0	0.48501277	0.0	0.0	1.0	1.0	181.0	ambiguous	False	False	1.0	0.38346675	0.0	0.0	1.0	1.0	137.0	moderate_rna_like	False	False	1.0	0.10784944000000002	0.26590716000000003	False	False
Ribo_ND_030336	rna_virus	0	Yellow	Yellow	0.2769029	0.0	0.0	1.0	1.0	406.0	moderate_rna_like	False	False	1.0	0.26206625	0.0	0.0	1.0	1.0	83.0	moderate_rna_like	False	False	1.0	0.33985355	0.0	0.0	1.0	1.0	182.0	moderate_rna_like	False	False	1.0	0.74914545	1.0	1.0	0.0	0.0	141.0	moderate_crucivirus_like	False	True	1.0	0.014836650000000007	0.269484575	False	False
Ribo_ND_025166	rna_virus	0	Yellow	Yellow	0.55086184	1.0	1.0	0.0	0.0	452.0	ambiguous	False	False	1.0	0.2723925	0.0	0.0	1.0	1.0	102.0	moderate_rna_like	False	False	1.0	0.37332565	0.0	0.0	1.0	1.0	179.0	moderate_rna_like	False	False	1.0	0.72798634	1.0	1.0	0.0	0.0	171.0	moderate_crucivirus_like	False	True	1.0	0.27846934000000007	0.41162717000000004	False	False
Ribo_ND_025258	rna_virus	0	Yellow	Yellow	0.28073663	0.0	0.0	1.0	1.0	404.0	moderate_rna_like	False	False	1.0	0.2269338	0.0	0.0	1.0	1.0	88.0	moderate_rna_like	False	False	1.0	0.61275315	1.0	1.0	0.0	0.0	181.0	moderate_crucivirus_like	False	True	1.0	0.3805091	0.0	0.0	1.0	1.0	135.0	moderate_rna_like	False	False	1.0	0.053802829999999996	0.253835215	False	False
Ribo_ND_025352	rna_virus	0	Yellow	Yellow	0.36891437	0.0	0.0	1.0	1.0	407.0	moderate_rna_like	False	False	1.0	0.51413447	1.0	1.0	0.0	0.0	92.0	ambiguous	False	False	1.0	0.62021697	1.0	1.0	0.0	0.0	181.0	moderate_crucivirus_like	False	True	1.0	0.3171265	0.0	0.0	1.0	1.0	134.0	moderate_rna_like	False	False	1.0	-0.14522010000000002	0.44152442000000003	False	False
Ribo_ND_025182	rna_virus	0	Yellow	Yellow	0.34689474	0.0	0.0	1.0	1.0	402.0	moderate_rna_like	False	False	1.0	0.35807228	0.0	0.0	1.0	1.0	86.0	moderate_rna_like	False	False	1.0	0.38929403	0.0	0.0	1.0	1.0	182.0	moderate_rna_like	False	False	1.0	0.25309753	0.0	0.0	1.0	1.0	134.0	moderate_rna_like	False	False	1.0	-0.011177540000000041	0.35248351	False	False
Ribo_ND_166807	rna_virus	0	Yellow	Yellow	0.37699747	0.0	0.0	1.0	1.0	431.0	moderate_rna_like	False	False	1.0	0.2520123	0.0	0.0	1.0	1.0	102.0	moderate_rna_like	False	False	1.0	0.6268235	1.0	1.0	0.0	0.0	182.0	moderate_crucivirus_like	False	True	1.0	0.7991356	1.0	1.0	0.0	0.0	147.0	moderate_crucivirus_like	False	True	1.0	0.12498516999999998	0.314504885	False	False
Ribo_ND_043449	rna_virus	0	Yellow	Yellow	0.33303037	0.0	0.0	1.0	1.0	420.0	moderate_rna_like	False	False	1.0	0.4730067	0.0	1.0	1.0	0.0	92.0	ambiguous	False	False	1.0	0.5581574	1.0	1.0	0.0	0.0	182.0	ambiguous	False	False	1.0	0.43572068	0.0	0.0	1.0	1.0	146.0	ambiguous	False	False	1.0	-0.13997632999999998	0.403018535	False	False
Ribo_ND_166810	rna_virus	0	Yellow	Yellow	0.58096296	1.0	1.0	0.0	0.0	424.0	ambiguous	False	False	1.0	0.29767996	0.0	0.0	1.0	1.0	92.0	moderate_rna_like	False	False	1.0	0.6927063	1.0	1.0	0.0	0.0	181.0	moderate_crucivirus_like	False	True	1.0	0.6557459	1.0	1.0	0.0	0.0	151.0	moderate_crucivirus_like	False	True	1.0	0.283283	0.43932146000000005	False	False
Ribo_ND_025263	rna_virus	0	Yellow	Yellow	0.41289663	0.0	0.0	1.0	1.0	418.0	ambiguous	False	False	1.0	0.35619482	0.0	0.0	1.0	1.0	86.0	moderate_rna_like	False	False	1.0	0.5685433	1.0	1.0	0.0	0.0	182.0	ambiguous	False	False	1.0	0.5691008	1.0	1.0	0.0	0.0	150.0	ambiguous	False	False	1.0	0.056701809999999964	0.384545725	False	False
Ribo_ND_249722	rna_virus	0	Yellow	Yellow	0.40570953	0.0	0.0	1.0	1.0	416.0	ambiguous	False	False	1.0	0.6068708	1.0	1.0	0.0	0.0	88.0	moderate_crucivirus_like	False	True	1.0	0.5690262	1.0	1.0	0.0	0.0	182.0	ambiguous	False	False	1.0	0.3170635	0.0	0.0	1.0	1.0	146.0	moderate_rna_like	False	False	1.0	-0.20116127000000006	0.506290165	False	False
Ribo_ND_249740	rna_virus	0	Yellow	Yellow	0.6531445	1.0	1.0	0.0	0.0	415.0	moderate_crucivirus_like	False	True	1.0	0.54587626	1.0	1.0	0.0	0.0	87.0	ambiguous	False	False	1.0	0.5327091	1.0	1.0	0.0	0.0	182.0	ambiguous	False	False	1.0	0.5248151	1.0	1.0	0.0	0.0	146.0	ambiguous	False	False	1.0	0.10726824000000001	0.59951038	False	False
Ribo_ND_249699	rna_virus	0	Yellow	Yellow	0.26138955	0.0	0.0	1.0	1.0	421.0	moderate_rna_like	False	False	1.0	0.35907653	0.0	0.0	1.0	1.0	90.0	moderate_rna_like	False	False	1.0	0.49458787	0.0	0.0	1.0	1.0	182.0	ambiguous	False	False	1.0	0.42048565	0.0	0.0	1.0	1.0	149.0	ambiguous	False	False	1.0	-0.09768697999999998	0.31023304	False	False
Ribo_ND_025249	rna_virus	0	Yellow	Yellow	0.21803798	0.0	0.0	1.0	1.0	419.0	moderate_rna_like	False	False	1.0	0.24622229	0.0	0.0	1.0	1.0	89.0	moderate_rna_like	False	False	1.0	0.59576327	1.0	1.0	0.0	0.0	182.0	ambiguous	False	False	1.0	0.47745562	0.0	0.0	1.0	1.0	148.0	ambiguous	False	False	1.0	-0.028184310000000018	0.23213013500000002	False	False
Ribo_ND_292467	rna_virus	0	Yellow	Yellow	0.1456708	0.0	0.0	1.0	1.0	419.0	strong_rna_like	False	False	1.0	0.10044656	0.0	0.0	1.0	1.0	94.0	strong_rna_like	False	False	1.0	0.33189717	0.0	0.0	1.0	1.0	182.0	moderate_rna_like	False	False	1.0	0.60509956	1.0	1.0	0.0	0.0	143.0	moderate_crucivirus_like	False	True	1.0	0.045224239999999985	0.12305868	False	False
Ribo_ND_028878	rna_virus	0	Yellow	Yellow	0.5441723	1.0	1.0	0.0	0.0	419.0	ambiguous	False	False	1.0	0.55836314	1.0	1.0	0.0	0.0	91.0	ambiguous	False	False	1.0	0.5361595	1.0	1.0	0.0	0.0	182.0	ambiguous	False	False	1.0	0.52428496	1.0	1.0	0.0	0.0	146.0	ambiguous	False	False	1.0	-0.014190839999999927	0.55126772	False	False
Ribo_ND_284211	rna_virus	0	Yellow	Yellow	0.32301545	0.0	0.0	1.0	1.0	428.0	moderate_rna_like	False	False	1.0	0.5557879	1.0	1.0	0.0	0.0	95.0	ambiguous	False	False	1.0	0.6780251	1.0	1.0	0.0	0.0	182.0	moderate_crucivirus_like	False	True	1.0	0.29412773	0.0	0.0	1.0	1.0	151.0	moderate_rna_like	False	False	1.0	-0.23277245000000002	0.439401675	False	False
Ribo_ND_029138	rna_virus	0	Yellow	Yellow	0.2978517	0.0	0.0	1.0	1.0	416.0	moderate_rna_like	False	False	1.0	0.22748673	0.0	0.0	1.0	1.0	89.0	moderate_rna_like	False	False	1.0	0.33805323	0.0	0.0	1.0	1.0	182.0	moderate_rna_like	False	False	1.0	0.6510051	1.0	1.0	0.0	0.0	145.0	moderate_crucivirus_like	False	True	1.0	0.07036497	0.262669215	False	False
Ribo_ND_025168	rna_virus	0	Yellow	Yellow	0.16308494	0.0	0.0	1.0	1.0	438.0	strong_rna_like	False	False	1.0	0.22376063	0.0	0.0	1.0	1.0	105.0	moderate_rna_like	False	False	1.0	0.68194926	1.0	1.0	0.0	0.0	182.0	moderate_crucivirus_like	False	True	1.0	0.48482203	0.0	0.0	1.0	1.0	151.0	ambiguous	False	False	1.0	-0.06067568999999998	0.19342278499999999	False	False
Ribo_ND_025414	rna_virus	0	Yellow	Yellow	0.22167468	0.0	0.0	1.0	1.0	444.0	moderate_rna_like	False	False	1.0	0.21922265	0.0	0.0	1.0	1.0	111.0	moderate_rna_like	False	False	1.0	0.3837453	0.0	0.0	1.0	1.0	182.0	moderate_rna_like	False	False	1.0	0.560698	1.0	1.0	0.0	0.0	151.0	ambiguous	False	False	1.0	0.0024520300000000217	0.220448665	False	False
Ribo_ND_090573	rna_virus	0	Yellow	Yellow	0.21963267	0.0	0.0	1.0	1.0	448.0	moderate_rna_like	False	False	1.0	0.35052678	0.0	0.0	1.0	1.0	115.0	moderate_rna_like	False	False	1.0	0.61033046	1.0	1.0	0.0	0.0	182.0	moderate_crucivirus_like	False	True	1.0	0.5317312	1.0	1.0	0.0	0.0	151.0	ambiguous	False	False	1.0	-0.13089410999999998	0.285079725	False	False
Ribo_ND_029504	rna_virus	0	Yellow	Yellow	0.22580095	0.0	0.0	1.0	1.0	408.0	moderate_rna_like	False	False	1.0	0.20621589	0.0	0.0	1.0	1.0	94.0	moderate_rna_like	False	False	1.0	0.3027058	0.0	0.0	1.0	1.0	182.0	moderate_rna_like	False	False	1.0	0.41955683	0.0	0.0	1.0	1.0	132.0	ambiguous	False	False	1.0	0.019585059999999987	0.21600842	False	False
Ribo_ND_026256	rna_virus	0	Yellow	Yellow	0.23029855	0.0	0.0	1.0	1.0	433.0	moderate_rna_like	False	False	1.0	0.33916998	0.0	0.0	1.0	1.0	101.0	moderate_rna_like	False	False	1.0	0.28291133	0.0	0.0	1.0	1.0	182.0	moderate_rna_like	False	False	1.0	0.12618937	0.0	0.0	1.0	1.0	150.0	strong_rna_like	False	False	1.0	-0.10887142999999999	0.284734265	False	False
Ribo_JAAOEH010004042.1	rna_virus	0	Yellow	Yellow	0.3296799	0.0	0.0	1.0	1.0	431.0	moderate_rna_like	False	False	1.0	0.3873953	0.0	0.0	1.0	1.0	99.0	moderate_rna_like	False	False	1.0	0.35265866	0.0	0.0	1.0	1.0	182.0	moderate_rna_like	False	False	1.0	0.30712083	0.0	0.0	1.0	1.0	150.0	moderate_rna_like	False	False	1.0	-0.05771539999999997	0.3585376	False	False
Ribo_ND_026391	rna_virus	0	Yellow	Yellow	0.35142013	0.0	0.0	1.0	1.0	432.0	moderate_rna_like	False	False	1.0	0.47481856	0.0	1.0	1.0	0.0	100.0	ambiguous	False	False	1.0	0.3597652	0.0	0.0	1.0	1.0	182.0	moderate_rna_like	False	False	1.0	0.3477966	0.0	0.0	1.0	1.0	150.0	moderate_rna_like	False	False	1.0	-0.12339843	0.413119345	False	False
Ribo_ND_044336	rna_virus	0	Yellow	Yellow	0.21652	0.0	0.0	1.0	1.0	391.0	moderate_rna_like	False	False	1.0	0.102419086	0.0	0.0	1.0	1.0	80.0	strong_rna_like	False	False	1.0	0.48407006	0.0	0.0	1.0	1.0	179.0	ambiguous	False	False	1.0	0.43266413	0.0	0.0	1.0	1.0	132.0	ambiguous	False	False	1.0	0.11410091399999998	0.159469543	False	False
Ribo_ND_166644	rna_virus	0	Yellow	Yellow	0.7362989	1.0	1.0	0.0	0.0	430.0	moderate_crucivirus_like	False	True	1.0	0.7793833	1.0	1.0	0.0	0.0	108.0	moderate_crucivirus_like	False	True	1.0	0.26071152	0.0	0.0	1.0	1.0	182.0	moderate_rna_like	False	False	1.0	0.19595586	0.0	0.0	1.0	1.0	140.0	strong_rna_like	False	False	1.0	-0.04308440000000002	0.7578411	False	True
Ribo_ND_249717	rna_virus	0	Yellow	Yellow	0.1325086	0.0	0.0	1.0	1.0	424.0	strong_rna_like	False	False	1.0	0.13036361	0.0	0.0	1.0	1.0	98.0	strong_rna_like	False	False	1.0	0.6148613	1.0	1.0	0.0	0.0	180.0	moderate_crucivirus_like	False	True	1.0	0.5893097	1.0	1.0	0.0	0.0	146.0	ambiguous	False	False	1.0	0.0021449900000000133	0.131436105	False	False
Ribo_ND_195592	rna_virus	0	Yellow	Yellow	0.26503146	0.0	0.0	1.0	1.0	414.0	moderate_rna_like	False	False	1.0	0.18529594	0.0	0.0	1.0	1.0	90.0	strong_rna_like	False	False	1.0	0.66453886	1.0	1.0	0.0	0.0	182.0	moderate_crucivirus_like	False	True	1.0	0.25424448	0.0	0.0	1.0	1.0	142.0	moderate_rna_like	False	False	1.0	0.07973552	0.2251637	False	False
Ribo_ND_195610	rna_virus	0	Yellow	Yellow	0.36902803	0.0	0.0	1.0	1.0	418.0	moderate_rna_like	False	False	1.0	0.4285019	0.0	0.0	1.0	1.0	95.0	ambiguous	False	False	1.0	0.34926444	0.0	0.0	1.0	1.0	182.0	moderate_rna_like	False	False	1.0	0.18220511	0.0	0.0	1.0	1.0	141.0	strong_rna_like	False	False	1.0	-0.059473869999999984	0.398764965	False	False
Ribo_ND_166803	rna_virus	0	Yellow	Yellow	0.20602812	0.0	0.0	1.0	1.0	422.0	moderate_rna_like	False	False	1.0	0.3630076	0.0	0.0	1.0	1.0	96.0	moderate_rna_like	False	False	1.0	0.42461675	0.0	0.0	1.0	1.0	182.0	ambiguous	False	False	1.0	0.21748503	0.0	0.0	1.0	1.0	144.0	moderate_rna_like	False	False	1.0	-0.15697947999999998	0.28451786	False	False
Ribo_ND_028501	rna_virus	0	Yellow	Yellow	0.2245778	0.0	0.0	1.0	1.0	314.0	moderate_rna_like	False	False	1.0											0.07109229	0.0	0.0	1.0	1.0	165.0	strong_rna_like	False	False	1.0	0.14146698	0.0	0.0	1.0	1.0	149.0	strong_rna_like	False	False	1.0		0.2245778	False	False
Ribo_ND_025389	rna_virus	0	Yellow	Yellow	0.27306113	0.0	0.0	1.0	1.0	421.0	moderate_rna_like	False	False	1.0	0.18777928	0.0	0.0	1.0	1.0	94.0	strong_rna_like	False	False	1.0	0.5284177	1.0	1.0	0.0	0.0	178.0	ambiguous	False	False	1.0	0.69158435	1.0	1.0	0.0	0.0	149.0	moderate_crucivirus_like	False	True	1.0	0.08528184999999999	0.230420205	False	False
Ribo_ND_060927	rna_virus	0	Yellow	Yellow	0.16495243	0.0	0.0	1.0	1.0	436.0	strong_rna_like	False	False	1.0	0.3956992	0.0	0.0	1.0	1.0	102.0	moderate_rna_like	False	False	1.0	0.56634563	1.0	1.0	0.0	0.0	180.0	ambiguous	False	False	1.0	0.2346684	0.0	0.0	1.0	1.0	154.0	moderate_rna_like	False	False	1.0	-0.23074676999999996	0.280325815	False	False
Ribo_ND_251197	rna_virus	0	Yellow	Yellow	0.34168154	0.0	0.0	1.0	1.0	421.0	moderate_rna_like	False	False	1.0	0.5393394	1.0	1.0	0.0	0.0	90.0	ambiguous	False	False	1.0	0.33371046	0.0	0.0	1.0	1.0	178.0	moderate_rna_like	False	False	1.0	0.64298844	1.0	1.0	0.0	0.0	153.0	moderate_crucivirus_like	False	True	1.0	-0.19765786000000002	0.44051047	False	False
Ribo_ND_025130	rna_virus	0	Yellow	Yellow	0.25115904	0.0	0.0	1.0	1.0	433.0	moderate_rna_like	False	False	1.0	0.25295672	0.0	0.0	1.0	1.0	86.0	moderate_rna_like	False	False	1.0	0.06684145	0.0	0.0	1.0	1.0	182.0	strong_rna_like	False	False	1.0	0.77089214	1.0	1.0	0.0	0.0	165.0	moderate_crucivirus_like	False	True	1.0	-0.0017976800000000237	0.25205788	False	False
Ribo_ND_071273	rna_virus	0	Yellow	Yellow	0.1401837	0.0	0.0	1.0	1.0	460.0	strong_rna_like	False	False	1.0	0.1607093	0.0	0.0	1.0	1.0	128.0	strong_rna_like	False	False	1.0	0.7583072	1.0	1.0	0.0	0.0	179.0	moderate_crucivirus_like	False	True	1.0	0.8209135	1.0	1.0	0.0	0.0	153.0	strong_crucivirus_like	True	True	1.0	-0.020525600000000005	0.15044649999999998	False	False
Ribo_ND_028680	rna_virus	0	Yellow	Yellow	0.6406773	1.0	1.0	0.0	0.0	445.0	moderate_crucivirus_like	False	True	1.0	0.67704326	1.0	1.0	0.0	0.0	99.0	moderate_crucivirus_like	False	True	1.0	0.8234517	1.0	1.0	0.0	0.0	186.0	strong_crucivirus_like	True	True	1.0	0.42778566	0.0	0.0	1.0	1.0	160.0	ambiguous	False	False	1.0	-0.03636596000000003	0.6588602800000001	False	True
Ribo_ND_149118	rna_virus	0	Yellow	Yellow	0.53119093	1.0	1.0	0.0	0.0	318.0	ambiguous	False	False	1.0	0.559778	1.0	1.0	0.0	0.0	84.0	ambiguous	False	False	1.0	0.74450254	1.0	1.0	0.0	0.0	185.0	moderate_crucivirus_like	False	True	1.0	0.7005279	1.0	1.0	0.0	0.0	49.0	moderate_crucivirus_like	False	True	1.0	-0.028587070000000048	0.5454844649999999	False	False
Ribo_ND_288149	rna_virus	0	Yellow	Yellow	0.4872307	0.0	0.0	1.0	1.0	339.0	ambiguous	False	False	1.0	0.71169114	1.0	1.0	0.0	0.0	101.0	moderate_crucivirus_like	False	True	1.0	0.5891152	1.0	1.0	0.0	0.0	182.0	ambiguous	False	False	1.0	0.26899838	0.0	0.0	1.0	1.0	56.0	moderate_rna_like	False	False	1.0	-0.22446043999999998	0.5994609200000001	False	False
Cruci_PB_KX388514	crucivirus	1	Yellow	Yellow	0.8183155	1.0	1.0	1.0	1.0	476.0	strong_crucivirus_like	False	False	1.0	0.97999644	1.0	1.0	1.0	1.0	109.0	strong_crucivirus_like	False	False	1.0	0.47266516	0.0	0.0	0.0	0.0	184.0	ambiguous	False	False	1.0	0.44782215	0.0	0.0	0.0	0.0	183.0	ambiguous	False	False	1.0	-0.16168094	0.89915597	False	False
Cruci_PB_KX388515	crucivirus	1	Yellow	Yellow	0.4957549	0.0	0.0	0.0	0.0	375.0	ambiguous	False	False	1.0	0.66958934	1.0	1.0	1.0	1.0	8.0	moderate_crucivirus_like	False	False	1.0	0.47266516	0.0	0.0	0.0	0.0	184.0	ambiguous	False	False	1.0	0.44782215	0.0	0.0	0.0	0.0	183.0	ambiguous	False	False	1.0	-0.17383444000000003	0.58267212	False	False
Cruci_CruV-581	crucivirus	1	Yellow	Yellow	0.63449734	1.0	1.0	1.0	1.0	430.0	moderate_crucivirus_like	False	False	1.0	0.9450909	1.0	1.0	1.0	1.0	103.0	strong_crucivirus_like	False	False	1.0	0.82895905	1.0	1.0	1.0	1.0	181.0	strong_crucivirus_like	False	False	1.0	0.45532614	0.0	0.0	0.0	0.0	146.0	ambiguous	False	False	1.0	-0.31059355999999994	0.78979412	False	False
Ribo_JAAOEH010002449.1	rna_virus	0	Yellow	Yellow	0.6223207	1.0	1.0	0.0	0.0	576.0	moderate_crucivirus_like	False	True	1.0	0.5339333	1.0	1.0	0.0	0.0	241.0	ambiguous	False	False	1.0	0.9740063	1.0	1.0	0.0	0.0	184.0	strong_crucivirus_like	True	True	1.0	0.46575245	0.0	0.0	1.0	1.0	151.0	ambiguous	False	False	1.0	0.0883873999999999	0.5781270000000001	False	False
Cruci_PB_KX388513	crucivirus	1	Yellow	Yellow	0.34301904	0.0	0.0	0.0	0.0	378.0	moderate_rna_like	False	True	1.0	0.5078114	1.0	1.0	1.0	1.0	9.0	ambiguous	False	False	1.0	0.39107776	0.0	0.0	0.0	0.0	186.0	moderate_rna_like	False	True	1.0	0.4592245	0.0	0.0	0.0	0.0	183.0	ambiguous	False	False	1.0	-0.16479236000000003	0.42541522	False	False
Ribo_ND_178820	rna_virus	0	Yellow	Yellow	0.36915106	0.0	0.0	1.0	1.0	469.0	moderate_rna_like	False	False	1.0	0.35167664	0.0	0.0	1.0	1.0	128.0	moderate_rna_like	False	False	1.0	0.49815154	0.0	0.0	1.0	1.0	183.0	ambiguous	False	False	1.0	0.71989447	1.0	1.0	0.0	0.0	158.0	moderate_crucivirus_like	False	True	1.0	0.01747441999999999	0.36041385	False	False
Ribo_ND_097599	rna_virus	0	Yellow	Yellow	0.49198487	0.0	0.0	1.0	1.0	424.0	ambiguous	False	False	1.0	0.6743052	1.0	1.0	0.0	0.0	84.0	moderate_crucivirus_like	False	True	1.0	0.70687425	1.0	1.0	0.0	0.0	183.0	moderate_crucivirus_like	False	True	1.0	0.4712449	0.0	0.0	1.0	1.0	157.0	ambiguous	False	False	1.0	-0.18232033000000003	0.583145035	False	False
Ribo_ND_096464	rna_virus	0	Yellow	Yellow	0.29715	0.0	0.0	1.0	1.0	444.0	moderate_rna_like	False	False	1.0	0.6244437	1.0	1.0	0.0	0.0	94.0	moderate_crucivirus_like	False	True	1.0	0.34442124	0.0	0.0	1.0	1.0	182.0	moderate_rna_like	False	False	1.0	0.4670456	0.0	0.0	1.0	1.0	168.0	ambiguous	False	False	1.0	-0.3272937	0.46079685000000004	False	False
Ribo_ND_097035	rna_virus	0	Yellow	Yellow	0.4202573	0.0	0.0	1.0	1.0	447.0	ambiguous	False	False	1.0	0.4393305	0.0	0.0	1.0	1.0	96.0	ambiguous	False	False	1.0	0.3505524	0.0	0.0	1.0	1.0	182.0	moderate_rna_like	False	False	1.0	0.4683667	0.0	0.0	1.0	1.0	169.0	ambiguous	False	False	1.0	-0.019073200000000012	0.4297939	False	False
Ribo_ND_094808	rna_virus	0	Yellow	Yellow	0.19897571	0.0	0.0	1.0	1.0	487.0	strong_rna_like	False	False	1.0	0.54382414	1.0	1.0	0.0	0.0	135.0	ambiguous	False	False	1.0	0.609953	1.0	1.0	0.0	0.0	183.0	moderate_crucivirus_like	False	True	1.0	0.75102335	1.0	1.0	0.0	0.0	169.0	moderate_crucivirus_like	False	True	1.0	-0.34484843	0.371399925	False	False
Ribo_ND_112280	rna_virus	0	Yellow	Yellow	0.65142834	1.0	1.0	0.0	0.0	449.0	moderate_crucivirus_like	False	True	1.0	0.49773473	0.0	1.0	1.0	0.0	92.0	ambiguous	False	False	1.0	0.5970406	1.0	1.0	0.0	0.0	182.0	ambiguous	False	False	1.0	0.7573707	1.0	1.0	0.0	0.0	175.0	moderate_crucivirus_like	False	True	1.0	0.15369361000000004	0.5745815350000001	False	False
Ribo_ND_304381	rna_virus	0	Yellow	Yellow	0.27513266	0.0	0.0	1.0	1.0	483.0	moderate_rna_like	False	False	1.0	0.27933094	0.0	0.0	1.0	1.0	129.0	moderate_rna_like	False	False	1.0	0.8279507	1.0	1.0	0.0	0.0	182.0	strong_crucivirus_like	True	True	1.0	0.7637983	1.0	1.0	0.0	0.0	172.0	moderate_crucivirus_like	False	True	1.0	-0.004198280000000054	0.27723180000000003	False	False
Ribo_ND_096072	rna_virus	0	Yellow	Yellow	0.5193202	1.0	1.0	0.0	0.0	441.0	ambiguous	False	False	1.0	0.5105802	1.0	1.0	0.0	0.0	87.0	ambiguous	False	False	1.0	0.5812786	1.0	1.0	0.0	0.0	182.0	ambiguous	False	False	1.0	0.72136736	1.0	1.0	0.0	0.0	172.0	moderate_crucivirus_like	False	True	1.0	0.00873999999999997	0.5149502	False	False
Ribo_ND_113984	rna_virus	0	Yellow	Yellow	0.61310124	1.0	1.0	0.0	0.0	428.0	moderate_crucivirus_like	False	True	1.0	0.46548554	0.0	0.0	1.0	1.0	80.0	ambiguous	False	False	1.0	0.5580746	1.0	1.0	0.0	0.0	183.0	ambiguous	False	False	1.0	0.6843695	1.0	1.0	0.0	0.0	165.0	moderate_crucivirus_like	False	True	1.0	0.14761570000000002	0.53929339	False	False
Ribo_ND_044728	rna_virus	0	Yellow	Yellow	0.534833	1.0	1.0	0.0	0.0	528.0	ambiguous	False	False	1.0	0.51795477	1.0	1.0	0.0	0.0	119.0	ambiguous	False	False	1.0	0.4285513	0.0	0.0	1.0	1.0	183.0	ambiguous	False	False	1.0	0.6385235	1.0	1.0	0.0	0.0	226.0	moderate_crucivirus_like	False	True	1.0	0.016878229999999994	0.5263938850000001	False	False
Ribo_ND_366332	rna_virus	0	Yellow	Yellow	0.3689401	0.0	0.0	1.0	1.0	458.0	moderate_rna_like	False	False	1.0	0.45546892	0.0	0.0	1.0	1.0	90.0	ambiguous	False	False	1.0	0.23486112	0.0	0.0	1.0	1.0	183.0	moderate_rna_like	False	False	1.0	0.8637606	1.0	1.0	0.0	0.0	185.0	strong_crucivirus_like	True	True	1.0	-0.08652882	0.41220451	False	False
Ribo_ND_302664	rna_virus	0	Yellow	Yellow	0.42732897	0.0	0.0	1.0	1.0	433.0	ambiguous	False	False	1.0	0.43790334	0.0	0.0	1.0	1.0	89.0	ambiguous	False	False	1.0	0.52900034	1.0	1.0	0.0	0.0	184.0	ambiguous	False	False	1.0	0.53311634	1.0	1.0	0.0	0.0	160.0	ambiguous	False	False	1.0	-0.01057437	0.43261615499999995	False	False
Ribo_ND_198694	rna_virus	0	Yellow	Yellow	0.63236284	1.0	1.0	0.0	0.0	444.0	moderate_crucivirus_like	False	True	1.0	0.4359136	0.0	0.0	1.0	1.0	104.0	ambiguous	False	False	1.0	0.785384	1.0	1.0	0.0	0.0	183.0	moderate_crucivirus_like	False	True	1.0	0.54617083	1.0	1.0	0.0	0.0	157.0	ambiguous	False	False	1.0	0.19644923999999997	0.53413822	False	False
Ribo_ND_176106	rna_virus	0	Yellow	Yellow	0.5478521	1.0	1.0	0.0	0.0	447.0	ambiguous	False	False	1.0	0.35208547	0.0	0.0	1.0	1.0	106.0	moderate_rna_like	False	False	1.0	0.3101789	0.0	0.0	1.0	1.0	183.0	moderate_rna_like	False	False	1.0	0.76041555	1.0	1.0	0.0	0.0	158.0	moderate_crucivirus_like	False	True	1.0	0.19576662999999994	0.449968785	False	False
Ribo_ND_281671	rna_virus	0	Yellow	Yellow	0.41057456	0.0	0.0	1.0	1.0	456.0	ambiguous	False	False	1.0	0.22619532	0.0	0.0	1.0	1.0	96.0	moderate_rna_like	False	False	1.0	0.5447592	1.0	1.0	0.0	0.0	183.0	ambiguous	False	False	1.0	0.6726492	1.0	1.0	0.0	0.0	177.0	moderate_crucivirus_like	False	True	1.0	0.18437923999999997	0.31838494	False	False
Ribo_ND_177413	rna_virus	0	Yellow	Yellow	0.5081522	1.0	1.0	0.0	0.0	429.0	ambiguous	False	False	1.0	0.47637618	0.0	1.0	1.0	0.0	86.0	ambiguous	False	False	1.0	0.5637841	1.0	1.0	0.0	0.0	183.0	ambiguous	False	False	1.0	0.5986586	1.0	1.0	0.0	0.0	160.0	ambiguous	False	False	1.0	0.03177602000000007	0.49226419	False	False
Cruci_Tisza_MH617718.1	crucivirus	1	Yellow	Yellow	0.9690063	1.0	1.0	1.0	1.0	450.0	strong_crucivirus_like	False	False	1.0	0.9822917	1.0	1.0	1.0	1.0	112.0	strong_crucivirus_like	False	False	1.0	0.50410765	1.0	0.0	1.0	0.0	184.0	ambiguous	False	False	1.0	0.53521895	1.0	1.0	1.0	1.0	154.0	ambiguous	False	False	1.0	-0.013285400000000003	0.975649	False	False
Cruci_CruV_139	crucivirus	1	Yellow	Yellow	0.8721594	1.0	1.0	1.0	1.0	444.0	strong_crucivirus_like	False	False	1.0	0.9443613	1.0	1.0	1.0	1.0	103.0	strong_crucivirus_like	False	False	1.0	0.50341755	1.0	0.0	1.0	0.0	184.0	ambiguous	False	False	1.0	0.6728667	1.0	1.0	1.0	1.0	157.0	moderate_crucivirus_like	False	False	1.0	-0.07220189999999993	0.9082603499999999	False	False
Ribo_ND_147067	rna_virus	0	Yellow	Yellow	0.4832525	0.0	0.0	1.0	1.0	432.0	ambiguous	False	False	1.0	0.48150867	0.0	1.0	1.0	0.0	98.0	ambiguous	False	False	1.0	0.8208354	1.0	1.0	0.0	0.0	185.0	strong_crucivirus_like	True	True	1.0	0.35877776	0.0	0.0	1.0	1.0	149.0	moderate_rna_like	False	False	1.0	0.0017438299999999463	0.48238058500000003	False	False
Cruci_CruV_370	crucivirus	1	Yellow	Yellow	0.32269448	0.0	0.0	0.0	0.0	460.0	moderate_rna_like	False	True	1.0	0.629153	1.0	1.0	1.0	1.0	91.0	moderate_crucivirus_like	False	False	1.0	0.87894875	1.0	1.0	1.0	1.0	190.0	strong_crucivirus_like	False	False	1.0	0.54199034	1.0	1.0	1.0	1.0	179.0	ambiguous	False	False	1.0	-0.30645851999999996	0.47592374	False	False
Cruci_CruV_341	crucivirus	1	Yellow	Yellow	0.99242157	1.0	1.0	1.0	1.0	462.0	strong_crucivirus_like	False	False	1.0	0.9986098	1.0	1.0	1.0	1.0	127.0	strong_crucivirus_like	False	False	1.0	0.66981363	1.0	1.0	1.0	1.0	186.0	moderate_crucivirus_like	False	False	1.0	0.70492584	1.0	1.0	1.0	1.0	149.0	moderate_crucivirus_like	False	False	1.0	-0.006188230000000017	0.995515685	False	False
Ribo_ND_133651	rna_virus	0	Yellow	Yellow	0.1579037	0.0	0.0	1.0	1.0	421.0	strong_rna_like	False	False	1.0	0.032132916	0.0	0.0	1.0	1.0	100.0	strong_rna_like	False	False	1.0	0.80888367	1.0	1.0	0.0	0.0	180.0	strong_crucivirus_like	True	True	1.0	0.14370714	0.0	0.0	1.0	1.0	141.0	strong_rna_like	False	False	1.0	0.12577078400000002	0.095018308	False	False
Ribo_ND_071032	rna_virus	0	Yellow	Yellow	0.06827241	0.0	0.0	1.0	1.0	448.0	strong_rna_like	False	False	1.0	0.06685991	0.0	0.0	1.0	1.0	120.0	strong_rna_like	False	False	1.0	0.43368313	0.0	0.0	1.0	1.0	179.0	ambiguous	False	False	1.0	0.4560306	0.0	0.0	1.0	1.0	149.0	ambiguous	False	False	1.0	0.001412500000000011	0.06756616	False	False
Ribo_ND_179963	rna_virus	0	Yellow	Yellow	0.4304933	0.0	0.0	1.0	1.0	454.0	ambiguous	False	False	1.0	0.50605345	1.0	1.0	0.0	0.0	106.0	ambiguous	False	False	1.0	0.8451774	1.0	1.0	0.0	0.0	200.0	strong_crucivirus_like	True	True	1.0	0.4576068	0.0	0.0	1.0	1.0	148.0	ambiguous	False	False	1.0	-0.07556014999999999	0.468273375	False	False
Ribo_ND_066339	rna_virus	0	Yellow	Yellow	0.21293353	0.0	0.0	1.0	1.0	527.0	moderate_rna_like	False	False	1.0	0.4266376	0.0	0.0	1.0	1.0	104.0	ambiguous	False	False	1.0	0.502352	1.0	0.0	0.0	1.0	179.0	ambiguous	False	False	1.0	0.4486952	0.0	0.0	1.0	1.0	244.0	ambiguous	False	False	1.0	-0.21370407	0.319785565	False	False
Ribo_ND_126022	rna_virus	0	Yellow	Yellow	0.2388079	0.0	0.0	1.0	1.0	573.0	moderate_rna_like	False	False	1.0	0.12239539	0.0	0.0	1.0	1.0	126.0	strong_rna_like	False	False	1.0	0.6716213	1.0	1.0	0.0	0.0	178.0	moderate_crucivirus_like	False	True	1.0	0.45083356	0.0	0.0	1.0	1.0	269.0	ambiguous	False	False	1.0	0.11641250999999998	0.180601645	False	False
Ribo_ND_104240	rna_virus	0	Yellow	Yellow	0.286823	0.0	0.0	1.0	1.0	421.0	moderate_rna_like	False	False	1.0	0.18368436	0.0	0.0	1.0	1.0	107.0	strong_rna_like	False	False	1.0	0.2919779	0.0	0.0	1.0	1.0	185.0	moderate_rna_like	False	False	1.0	0.22949485	0.0	0.0	1.0	1.0	129.0	moderate_rna_like	False	False	1.0	0.10313864	0.23525368	False	False
Ribo_ND_292549	rna_virus	0	Yellow	Yellow	0.32683414	0.0	0.0	1.0	1.0	419.0	moderate_rna_like	False	False	1.0	0.4970929	0.0	1.0	1.0	0.0	110.0	ambiguous	False	False	1.0	0.31311545	0.0	0.0	1.0	1.0	184.0	moderate_rna_like	False	False	1.0	0.12993507	0.0	0.0	1.0	1.0	125.0	strong_rna_like	False	False	1.0	-0.17025876	0.41196352	False	False
Ribo_ND_170543	rna_virus	0	Yellow	Yellow	0.42840523	0.0	0.0	1.0	1.0	417.0	ambiguous	False	False	1.0	0.56820524	1.0	1.0	0.0	0.0	108.0	ambiguous	False	False	1.0	0.2127273	0.0	0.0	1.0	1.0	184.0	moderate_rna_like	False	False	1.0	0.09135681	0.0	0.0	1.0	1.0	125.0	strong_rna_like	False	False	1.0	-0.13980000999999992	0.498305235	False	False
Ribo_ND_182537	rna_virus	0	Yellow	Yellow	0.31146654	0.0	0.0	1.0	1.0	429.0	moderate_rna_like	False	False	1.0	0.45545408	0.0	0.0	1.0	1.0	114.0	ambiguous	False	False	1.0	0.66478336	1.0	1.0	0.0	0.0	185.0	moderate_crucivirus_like	False	True	1.0	0.21782145	0.0	0.0	1.0	1.0	130.0	moderate_rna_like	False	False	1.0	-0.14398753999999997	0.38346031	False	False
Ribo_ND_365983	rna_virus	0	Yellow	Yellow	0.55722487	1.0	1.0	0.0	0.0	428.0	ambiguous	False	False	1.0	0.82471627	1.0	1.0	0.0	0.0	119.0	strong_crucivirus_like	True	True	1.0	0.5828861	1.0	1.0	0.0	0.0	185.0	ambiguous	False	False	1.0	0.2326518	0.0	0.0	1.0	1.0	124.0	moderate_rna_like	False	False	1.0	-0.26749140000000005	0.69097057	False	False
Ribo_ND_117610	rna_virus	0	Yellow	Yellow	0.3350067	0.0	0.0	1.0	1.0	430.0	moderate_rna_like	False	False	1.0	0.5496428	1.0	1.0	0.0	0.0	119.0	ambiguous	False	False	1.0	0.65253603	1.0	1.0	0.0	0.0	185.0	moderate_crucivirus_like	False	True	1.0	0.3636006	0.0	0.0	1.0	1.0	126.0	moderate_rna_like	False	False	1.0	-0.2146361	0.44232475	False	False
Ribo_ND_162268	rna_virus	0	Yellow	Yellow	0.51805997	1.0	1.0	0.0	0.0	435.0	ambiguous	False	False	1.0	0.5936967	1.0	1.0	0.0	0.0	126.0	ambiguous	False	False	1.0	0.72871214	1.0	1.0	0.0	0.0	185.0	moderate_crucivirus_like	False	True	1.0	0.2503705	0.0	0.0	1.0	1.0	124.0	moderate_rna_like	False	False	1.0	-0.07563672999999993	0.5558783350000001	False	False
Ribo_ND_100007	rna_virus	0	Yellow	Yellow	0.49787092	0.0	0.0	1.0	1.0	438.0	ambiguous	False	False	1.0	0.4855719	0.0	1.0	1.0	0.0	125.0	ambiguous	False	False	1.0	0.6203154	1.0	1.0	0.0	0.0	185.0	moderate_crucivirus_like	False	True	1.0	0.2615965	0.0	0.0	1.0	1.0	128.0	moderate_rna_like	False	False	1.0	0.012299019999999994	0.49172141	False	False
Ribo_ND_249643	rna_virus	0	Yellow	Yellow	0.4577823	0.0	0.0	1.0	1.0	522.0	ambiguous	False	False	1.0	0.47718403	0.0	1.0	1.0	0.0	208.0	ambiguous	False	False	1.0	0.42122942	0.0	0.0	1.0	1.0	184.0	ambiguous	False	False	1.0	0.55931354	1.0	1.0	0.0	0.0	130.0	ambiguous	False	False	1.0	-0.019401730000000006	0.467483165	False	False
Ribo_ND_060734	rna_virus	0	Yellow	Yellow	0.10988924	0.0	0.0	1.0	1.0	440.0	strong_rna_like	False	False	1.0	0.18894027	0.0	0.0	1.0	1.0	92.0	strong_rna_like	False	False	1.0	0.497538	0.0	0.0	1.0	1.0	185.0	ambiguous	False	False	1.0	0.62817514	1.0	1.0	0.0	0.0	163.0	moderate_crucivirus_like	False	True	1.0	-0.07905103	0.149414755	False	False
Ribo_ND_391165	rna_virus	0	Yellow	Yellow	0.57847935	1.0	1.0	0.0	0.0	459.0	ambiguous	False	False	1.0	0.89341116	1.0	1.0	0.0	0.0	139.0	strong_crucivirus_like	True	True	1.0	0.4206129	0.0	0.0	1.0	1.0	183.0	ambiguous	False	False	1.0	0.3498289	0.0	0.0	1.0	1.0	137.0	moderate_rna_like	False	False	1.0	-0.31493181000000003	0.735945255	False	False
Ribo_ND_194362	rna_virus	0	Yellow	Yellow	0.10106867	0.0	0.0	1.0	1.0	424.0	strong_rna_like	False	False	1.0	0.06434263	0.0	0.0	1.0	1.0	93.0	strong_rna_like	False	False	1.0	0.251918	0.0	0.0	1.0	1.0	183.0	moderate_rna_like	False	False	1.0	0.20907032	0.0	0.0	1.0	1.0	148.0	moderate_rna_like	False	False	1.0	0.03672604	0.08270564999999999	False	False
Ribo_ND_228726	rna_virus	0	Yellow	Yellow	0.13224012	0.0	0.0	1.0	1.0	463.0	strong_rna_like	False	False	1.0	0.41060042	0.0	0.0	1.0	1.0	119.0	ambiguous	False	False	1.0	0.42164636	0.0	0.0	1.0	1.0	188.0	ambiguous	False	False	1.0	0.5117064	1.0	1.0	0.0	0.0	156.0	ambiguous	False	False	1.0	-0.2783603	0.27142027	False	False
Ribo_ND_224267	rna_virus	0	Yellow	Yellow	0.39294842	0.0	0.0	1.0	1.0	438.0	moderate_rna_like	False	False	1.0	0.23635186	0.0	0.0	1.0	1.0	104.0	moderate_rna_like	False	False	1.0	0.8061609	1.0	1.0	0.0	0.0	185.0	strong_crucivirus_like	True	True	1.0	0.512696	1.0	1.0	0.0	0.0	149.0	ambiguous	False	False	1.0	0.15659656000000002	0.31465014	False	False
Ribo_ND_304663	rna_virus	0	Yellow	Yellow	0.3469112	0.0	0.0	1.0	1.0	416.0	moderate_rna_like	False	False	1.0	0.20494512	0.0	0.0	1.0	1.0	84.0	moderate_rna_like	False	False	1.0	0.64896023	1.0	1.0	0.0	0.0	185.0	moderate_crucivirus_like	False	True	1.0	0.61250395	1.0	1.0	0.0	0.0	147.0	moderate_crucivirus_like	False	True	1.0	0.14196607999999997	0.27592816	False	False
Ribo_ND_359430	rna_virus	0	Yellow	Yellow	0.25374898	0.0	0.0	1.0	1.0	416.0	moderate_rna_like	False	False	1.0	0.19651212	0.0	0.0	1.0	1.0	88.0	strong_rna_like	False	False	1.0	0.5696716	1.0	1.0	0.0	0.0	181.0	ambiguous	False	False	1.0	0.6625149	1.0	1.0	0.0	0.0	147.0	moderate_crucivirus_like	False	True	1.0	0.05723686	0.22513055	False	False
Ribo_ND_050484	rna_virus	0	Yellow	Yellow	0.3517541	0.0	0.0	1.0	1.0	438.0	moderate_rna_like	False	False	1.0	0.37019244	0.0	0.0	1.0	1.0	88.0	moderate_rna_like	False	False	1.0	0.31295404	0.0	0.0	1.0	1.0	181.0	moderate_rna_like	False	False	1.0	0.6746054	1.0	1.0	0.0	0.0	169.0	moderate_crucivirus_like	False	True	1.0	-0.018438339999999998	0.36097327	False	False
Ribo_ND_358063	rna_virus	0	Yellow	Yellow	0.29403132	0.0	0.0	1.0	1.0	447.0	moderate_rna_like	False	False	1.0	0.41773602	0.0	0.0	1.0	1.0	109.0	ambiguous	False	False	1.0	0.34205112	0.0	0.0	1.0	1.0	179.0	moderate_rna_like	False	False	1.0	0.76792437	1.0	1.0	0.0	0.0	159.0	moderate_crucivirus_like	False	True	1.0	-0.1237047	0.35588367	False	False
Ribo_ND_187628	rna_virus	0	Yellow	Yellow	0.22616558	0.0	0.0	1.0	1.0	462.0	moderate_rna_like	False	False	1.0	0.55788237	1.0	1.0	0.0	0.0	108.0	ambiguous	False	False	1.0	0.116289094	0.0	0.0	1.0	1.0	180.0	strong_rna_like	False	False	1.0	0.8670475	1.0	1.0	0.0	0.0	174.0	strong_crucivirus_like	True	True	1.0	-0.33171679	0.39202397499999997	False	False
Ribo_ND_068189	rna_virus	0	Yellow	Yellow	0.2886489	0.0	0.0	1.0	1.0	428.0	moderate_rna_like	False	False	1.0	0.06862546	0.0	0.0	1.0	1.0	95.0	strong_rna_like	False	False	1.0	0.86658466	1.0	1.0	0.0	0.0	175.0	strong_crucivirus_like	True	True	1.0	0.6972509	1.0	1.0	0.0	0.0	158.0	moderate_crucivirus_like	False	True	1.0	0.22002344	0.17863718	False	False
Ribo_ND_180550	rna_virus	0	Yellow	Yellow	0.50787467	1.0	1.0	0.0	0.0	490.0	ambiguous	False	False	1.0	0.8763269	1.0	1.0	0.0	0.0	149.0	strong_crucivirus_like	True	True	1.0	0.5866261	1.0	1.0	0.0	0.0	189.0	ambiguous	False	False	1.0	0.5564875	1.0	1.0	0.0	0.0	152.0	ambiguous	False	False	1.0	-0.36845223000000005	0.692100785	False	False
Ribo_ND_263188	rna_virus	0	Yellow	Yellow	0.078217894	0.0	0.0	1.0	1.0	443.0	strong_rna_like	False	False	1.0	0.085302025	0.0	0.0	1.0	1.0	108.0	strong_rna_like	False	False	1.0	0.18197314	0.0	0.0	1.0	1.0	187.0	strong_rna_like	False	False	1.0	0.46200442	0.0	0.0	1.0	1.0	148.0	ambiguous	False	False	1.0	-0.007084131000000007	0.0817599595	False	False
Ribo_ND_246785	rna_virus	0	Yellow	Yellow	0.08354323	0.0	0.0	1.0	1.0	463.0	strong_rna_like	False	False	1.0	0.12437004	0.0	0.0	1.0	1.0	124.0	strong_rna_like	False	False	1.0	0.2677609	0.0	0.0	1.0	1.0	186.0	moderate_rna_like	False	False	1.0	0.4660561	0.0	0.0	1.0	1.0	153.0	ambiguous	False	False	1.0	-0.040826810000000005	0.10395663499999999	False	False
Ribo_JAAOEH010001460.1	rna_virus	0	Yellow	Yellow	0.41284916	0.0	0.0	1.0	1.0	378.0	ambiguous	False	False	1.0	0.9092589	1.0	1.0	0.0	0.0	4.0	strong_crucivirus_like	True	True	1.0	0.50719136	1.0	0.0	0.0	1.0	186.0	ambiguous	False	False	1.0	0.7429991	1.0	1.0	0.0	0.0	188.0	moderate_crucivirus_like	False	True	1.0	-0.49640974	0.66105403	False	False
Ribo_JAAOEH010003334.1	rna_virus	0	Yellow	Yellow	0.61372507	1.0	1.0	0.0	0.0	440.0	moderate_crucivirus_like	False	True	1.0	0.62199974	1.0	1.0	0.0	0.0	93.0	moderate_crucivirus_like	False	True	1.0	0.40657037	0.0	0.0	1.0	1.0	179.0	ambiguous	False	False	1.0	0.65809417	1.0	1.0	0.0	0.0	168.0	moderate_crucivirus_like	False	True	1.0	-0.00827467000000004	0.617862405	False	True
Cruci_CruV-885	crucivirus	1	Yellow	Yellow	0.3982124	0.0	0.0	0.0	0.0	508.0	moderate_rna_like	False	True	1.0	0.830967	1.0	1.0	1.0	1.0	170.0	strong_crucivirus_like	False	False	1.0	0.588521	1.0	1.0	1.0	1.0	183.0	ambiguous	False	False	1.0	0.88198197	1.0	1.0	1.0	1.0	155.0	strong_crucivirus_like	False	False	1.0	-0.4327546	0.6145897	False	False
Cruci_CruV_447	crucivirus	1	Yellow	Yellow	0.68980455	1.0	1.0	1.0	1.0	465.0	moderate_crucivirus_like	False	False	1.0	0.96533835	1.0	1.0	1.0	1.0	117.0	strong_crucivirus_like	False	False	1.0	0.46904516	0.0	0.0	0.0	0.0	186.0	ambiguous	False	False	1.0	0.72784984	1.0	1.0	1.0	1.0	162.0	moderate_crucivirus_like	False	False	1.0	-0.27553380000000005	0.82757145	False	False
Cruci_CruV-822	crucivirus	1	Yellow	Yellow	0.41870716	0.0	0.0	0.0	0.0	437.0	ambiguous	False	False	1.0	0.29362077	0.0	0.0	0.0	0.0	73.0	moderate_rna_like	False	True	1.0	0.38025743	0.0	0.0	0.0	0.0	182.0	moderate_rna_like	False	True	1.0	0.41371202	0.0	0.0	0.0	0.0	182.0	ambiguous	False	False	1.0	0.12508639000000005	0.356163965	False	False
Cruci_CruV_269	crucivirus	1	Yellow	Yellow	0.2958369	0.0	0.0	0.0	0.0	463.0	moderate_rna_like	False	True	1.0	0.19984257	0.0	0.0	0.0	0.0	107.0	strong_rna_like	True	True	1.0	0.6872367	1.0	1.0	1.0	1.0	183.0	moderate_crucivirus_like	False	False	1.0	0.82853615	1.0	1.0	1.0	1.0	173.0	strong_crucivirus_like	False	False	1.0	0.09599433000000002	0.247839735	False	True
Cruci_CruV-870	crucivirus	1	Yellow	Yellow	0.5353403	1.0	1.0	1.0	1.0	421.0	ambiguous	False	False	1.0	0.25958282	0.0	0.0	0.0	0.0	65.0	moderate_rna_like	False	True	1.0	0.842135	1.0	1.0	1.0	1.0	185.0	strong_crucivirus_like	False	False	1.0	0.738467	1.0	1.0	1.0	1.0	171.0	moderate_crucivirus_like	False	False	1.0	0.27575748	0.39746156	False	False
Cruci_CruV_380	crucivirus	1	Yellow	Yellow	0.61766887	1.0	1.0	1.0	1.0	414.0	moderate_crucivirus_like	False	False	1.0	0.5307128	1.0	1.0	1.0	1.0	61.0	ambiguous	False	False	1.0	0.60724723	1.0	1.0	1.0	1.0	183.0	moderate_crucivirus_like	False	False	1.0	0.7294401	1.0	1.0	1.0	1.0	170.0	moderate_crucivirus_like	False	False	1.0	0.08695607000000005	0.574190835	False	False
Cruci_CruV_401	crucivirus	1	Yellow	Yellow	0.5628869	1.0	1.0	1.0	1.0	433.0	ambiguous	False	False	1.0	0.59897983	1.0	1.0	1.0	1.0	66.0	ambiguous	False	False	1.0	0.48386818	0.0	0.0	0.0	0.0	183.0	ambiguous	False	False	1.0	0.9392036	1.0	1.0	1.0	1.0	184.0	strong_crucivirus_like	False	False	1.0	-0.03609293000000002	0.5809333649999999	False	False
Cruci_Tisza_MK012445.1	crucivirus	1	Yellow	Yellow	0.5510796	1.0	1.0	1.0	1.0	410.0	ambiguous	False	False	1.0	0.2985899	0.0	0.0	0.0	0.0	62.0	moderate_rna_like	False	True	1.0	0.17802465	0.0	0.0	0.0	0.0	183.0	strong_rna_like	True	True	1.0	0.6081109	1.0	1.0	1.0	1.0	165.0	moderate_crucivirus_like	False	False	1.0	0.2524897	0.42483475000000004	False	False
Cruci_CruV_442	crucivirus	1	Yellow	Yellow	0.7090236	1.0	1.0	1.0	1.0	452.0	moderate_crucivirus_like	False	False	1.0	0.63739324	1.0	1.0	1.0	1.0	63.0	moderate_crucivirus_like	False	False	1.0	0.35198832	0.0	0.0	0.0	0.0	186.0	moderate_rna_like	False	True	1.0	0.7950114	1.0	1.0	1.0	1.0	203.0	moderate_crucivirus_like	False	False	1.0	0.07163036	0.6732084199999999	False	False
Cruci_CruV_438	crucivirus	1	Yellow	Yellow	0.6294466	1.0	1.0	1.0	1.0	434.0	moderate_crucivirus_like	False	False	1.0	0.38624743	0.0	0.0	0.0	0.0	70.0	moderate_rna_like	False	True	1.0	0.70456517	1.0	1.0	1.0	1.0	186.0	moderate_crucivirus_like	False	False	1.0	0.3963112	0.0	0.0	0.0	0.0	178.0	moderate_rna_like	False	True	1.0	0.24319916999999996	0.507847015	False	False
Cruci_CruV-765	crucivirus	1	Yellow	Yellow	0.5313804	1.0	1.0	1.0	1.0	437.0	ambiguous	False	False	1.0	0.4028446	0.0	0.0	0.0	0.0	68.0	ambiguous	False	False	1.0	0.20239712	0.0	0.0	0.0	0.0	184.0	moderate_rna_like	False	True	1.0	0.40298858	0.0	0.0	0.0	0.0	185.0	ambiguous	False	False	1.0	0.12853579999999998	0.4671125	False	False
Cruci_CruV_374	crucivirus	1	Yellow	Yellow	0.6230397	1.0	1.0	1.0	1.0	419.0	moderate_crucivirus_like	False	False	1.0	0.19656815	0.0	0.0	0.0	0.0	57.0	strong_rna_like	True	True	1.0	0.6816668	1.0	1.0	1.0	1.0	185.0	moderate_crucivirus_like	False	False	1.0	0.85278857	1.0	1.0	1.0	1.0	177.0	strong_crucivirus_like	False	False	1.0	0.42647155	0.40980392499999996	False	False
Cruci_CruV-911	crucivirus	1	Yellow	Yellow	0.40615612	0.0	0.0	0.0	0.0	418.0	ambiguous	False	False	1.0	0.6690235	1.0	1.0	1.0	1.0	61.0	moderate_crucivirus_like	False	False	1.0	0.54275674	1.0	1.0	1.0	1.0	185.0	ambiguous	False	False	1.0	0.7218852	1.0	1.0	1.0	1.0	172.0	moderate_crucivirus_like	False	False	1.0	-0.26286738	0.5375898100000001	False	False
Cruci_Tisza_MH616915.1	crucivirus	1	Yellow	Yellow	0.6593863	1.0	1.0	1.0	1.0	424.0	moderate_crucivirus_like	False	False	1.0	0.5182909	1.0	1.0	1.0	1.0	61.0	ambiguous	False	False	1.0	0.70578	1.0	1.0	1.0	1.0	190.0	moderate_crucivirus_like	False	False	1.0	0.7294608	1.0	1.0	1.0	1.0	173.0	moderate_crucivirus_like	False	False	1.0	0.14109539999999998	0.5888386	False	False
Ribo_ND_172936	rna_virus	0	Yellow	Yellow	0.062641785	0.0	0.0	1.0	1.0	454.0	strong_rna_like	False	False	1.0	0.13204087	0.0	0.0	1.0	1.0	99.0	strong_rna_like	False	False	1.0	0.17914292	0.0	0.0	1.0	1.0	183.0	strong_rna_like	False	False	1.0	0.78886926	1.0	1.0	0.0	0.0	172.0	moderate_crucivirus_like	False	True	1.0	-0.069399085	0.0973413275	False	False
Cruci_CruV_88	crucivirus	1	Yellow	Yellow	0.9115298	1.0	1.0	1.0	1.0	343.0	strong_crucivirus_like	False	False	1.0	0.9852315	1.0	1.0	1.0	1.0	113.0	strong_crucivirus_like	False	False	1.0	0.88441116	1.0	1.0	1.0	1.0	181.0	strong_crucivirus_like	False	False	1.0	0.24888423	0.0	0.0	0.0	0.0	49.0	moderate_rna_like	False	True	1.0	-0.07370170000000009	0.94838065	False	False
Ribo_ND_162000	rna_virus	0	Yellow	Yellow	0.18164983	0.0	0.0	1.0	1.0	450.0	strong_rna_like	False	False	1.0	0.14393555	0.0	0.0	1.0	1.0	101.0	strong_rna_like	False	False	1.0	0.5902168	1.0	1.0	0.0	0.0	183.0	ambiguous	False	False	1.0	0.6973765	1.0	1.0	0.0	0.0	166.0	moderate_crucivirus_like	False	True	1.0	0.03771428000000002	0.16279269000000002	False	False
Cruci_CruV_417	crucivirus	1	Yellow	Yellow	0.8666011	1.0	1.0	1.0	1.0	523.0	strong_crucivirus_like	False	False	1.0	0.94233924	1.0	1.0	1.0	1.0	167.0	strong_crucivirus_like	False	False	1.0	0.80652285	1.0	1.0	1.0	1.0	182.0	strong_crucivirus_like	False	False	1.0	0.85446286	1.0	1.0	1.0	1.0	174.0	strong_crucivirus_like	False	False	1.0	-0.07573814000000001	0.90447017	False	False
Ribo_ND_391725	rna_virus	0	Yellow	Yellow	0.4904714	0.0	0.0	1.0	1.0	438.0	ambiguous	False	False	1.0	0.18933757	0.0	0.0	1.0	1.0	87.0	strong_rna_like	False	False	1.0	0.32794967	0.0	0.0	1.0	1.0	184.0	moderate_rna_like	False	False	1.0	0.3590327	0.0	0.0	1.0	1.0	167.0	moderate_rna_like	False	False	1.0	0.30113383	0.33990448500000003	False	False
Cruci_CruV_260	crucivirus	1	Yellow	Yellow	0.6383508	1.0	1.0	1.0	1.0	428.0	moderate_crucivirus_like	False	False	1.0	0.39376348	0.0	0.0	0.0	0.0	92.0	moderate_rna_like	False	True	1.0	0.770942	1.0	1.0	1.0	1.0	181.0	moderate_crucivirus_like	False	False	1.0	0.65832454	1.0	1.0	1.0	1.0	155.0	moderate_crucivirus_like	False	False	1.0	0.24458732	0.51605714	False	False
Ribo_ND_313196	rna_virus	0	Yellow	Yellow	0.30759123	0.0	0.0	1.0	1.0	509.0	moderate_rna_like	False	False	1.0	0.6913722	1.0	1.0	0.0	0.0	116.0	moderate_crucivirus_like	False	True	1.0	0.40872854	0.0	0.0	1.0	1.0	190.0	ambiguous	False	False	1.0	0.2652562	0.0	0.0	1.0	1.0	203.0	moderate_rna_like	False	False	1.0	-0.38378097	0.499481715	False	False
Ribo_ND_203487	rna_virus	0	Yellow	Yellow	0.102016345	0.0	0.0	1.0	1.0	497.0	strong_rna_like	False	False	1.0	0.037396234	0.0	0.0	1.0	1.0	120.0	strong_rna_like	False	False	1.0	0.91251314	1.0	1.0	0.0	0.0	187.0	strong_crucivirus_like	True	True	1.0	0.82171136	1.0	1.0	0.0	0.0	190.0	strong_crucivirus_like	True	True	1.0	0.064620111	0.06970628949999999	False	False
Ribo_ND_276168	rna_virus	0	Yellow	Yellow	0.32595056	0.0	0.0	1.0	1.0	671.0	moderate_rna_like	False	False	1.0	0.40760523	0.0	0.0	1.0	1.0	127.0	ambiguous	False	False	1.0	0.5410977	1.0	1.0	0.0	0.0	191.0	ambiguous	False	False	1.0	0.46344742	0.0	0.0	1.0	1.0	353.0	ambiguous	False	False	1.0	-0.08165466999999998	0.366777895	False	False
Ribo_Ga0127505_1039318	rna_virus	0	Yellow	Yellow	0.37428665	0.0	0.0	1.0	1.0	542.0	moderate_rna_like	False	False	1.0	0.5783605	1.0	1.0	0.0	0.0	134.0	ambiguous	False	False	1.0	0.32169792	0.0	0.0	1.0	1.0	186.0	moderate_rna_like	False	False	1.0	0.67249215	1.0	1.0	0.0	0.0	222.0	moderate_crucivirus_like	False	True	1.0	-0.20407385000000006	0.476323575	False	False
Ribo_ND_170524	rna_virus	0	Yellow	Yellow	0.643855	1.0	1.0	0.0	0.0	622.0	moderate_crucivirus_like	False	True	1.0	0.4671359	0.0	0.0	1.0	1.0	122.0	ambiguous	False	False	1.0	0.32373932	0.0	0.0	1.0	1.0	186.0	moderate_rna_like	False	False	1.0	0.73787624	1.0	1.0	0.0	0.0	314.0	moderate_crucivirus_like	False	True	1.0	0.17671909999999996	0.55549545	False	False
Ribo_ND_161363	rna_virus	0	Yellow	Yellow	0.4324445	0.0	0.0	1.0	1.0	523.0	ambiguous	False	False	1.0	0.5378407	1.0	1.0	0.0	0.0	122.0	ambiguous	False	False	1.0	0.19504395	0.0	0.0	1.0	1.0	184.0	strong_rna_like	False	False	1.0	0.1476476	0.0	0.0	1.0	1.0	217.0	strong_rna_like	False	False	1.0	-0.10539619999999994	0.4851426	False	False
Ribo_ND_108514	rna_virus	0	Yellow	Yellow	0.5860885	1.0	1.0	0.0	0.0	584.0	ambiguous	False	False	1.0	0.5070086	1.0	1.0	0.0	0.0	113.0	ambiguous	False	False	1.0	0.7967382	1.0	1.0	0.0	0.0	180.0	moderate_crucivirus_like	False	True	1.0	0.36565703	0.0	0.0	1.0	1.0	291.0	moderate_rna_like	False	False	1.0	0.07907989999999998	0.54654855	False	False
Ribo_ND_239879	rna_virus	0	Yellow	Yellow	0.5010414	1.0	1.0	0.0	0.0	632.0	ambiguous	False	False	1.0	0.76562726	1.0	1.0	0.0	0.0	147.0	moderate_crucivirus_like	False	True	1.0	0.25946325	0.0	0.0	1.0	1.0	182.0	moderate_rna_like	False	False	1.0	0.33562928	0.0	0.0	1.0	1.0	303.0	moderate_rna_like	False	False	1.0	-0.26458586000000006	0.6333343300000001	False	False
Ribo_ND_142318	rna_virus	0	Yellow	Yellow	0.73779297	1.0	1.0	0.0	0.0	586.0	moderate_crucivirus_like	False	True	1.0	0.93015486	1.0	1.0	0.0	0.0	122.0	strong_crucivirus_like	True	True	1.0	0.23360677	0.0	0.0	1.0	1.0	185.0	moderate_rna_like	False	False	1.0	0.589459	1.0	1.0	0.0	0.0	279.0	ambiguous	False	False	1.0	-0.19236189000000004	0.8339739150000001	False	True
Cruci_CruV-900	crucivirus	1	Yellow	Yellow	0.8838418	1.0	1.0	1.0	1.0	647.0	strong_crucivirus_like	False	False	1.0	0.29209882	0.0	0.0	0.0	0.0	33.0	moderate_rna_like	False	True	1.0	0.6437935	1.0	1.0	1.0	1.0	215.0	moderate_crucivirus_like	False	False	1.0	0.37094602	0.0	0.0	0.0	0.0	399.0	moderate_rna_like	False	True	1.0	0.59174298	0.58797031	False	False
Cruci_CruV_516	crucivirus	1	Yellow	Yellow	0.86412	1.0	1.0	1.0	1.0	642.0	strong_crucivirus_like	False	False	1.0	0.27413362	0.0	0.0	0.0	0.0	34.0	moderate_rna_like	False	True	1.0	0.7004716	1.0	1.0	1.0	1.0	218.0	moderate_crucivirus_like	False	False	1.0	0.47051474	0.0	0.0	0.0	0.0	390.0	ambiguous	False	False	1.0	0.58998638	0.56912681	False	False
Cruci_CruV-971	crucivirus	1	Yellow	Yellow	0.9393922	1.0	1.0	1.0	1.0	587.0	strong_crucivirus_like	False	False	1.0	0.8313737	1.0	1.0	1.0	1.0	59.0	strong_crucivirus_like	False	False	1.0	0.8437558	1.0	1.0	1.0	1.0	201.0	strong_crucivirus_like	False	False	1.0	0.6485411	1.0	1.0	1.0	1.0	327.0	moderate_crucivirus_like	False	False	1.0	0.10801850000000002	0.88538295	False	False
Ribo_ND_279722	rna_virus	0	Yellow	Yellow	0.04172489	0.0	0.0	1.0	1.0	421.0	strong_rna_like	False	False	1.0	0.0650794	0.0	0.0	1.0	1.0	85.0	strong_rna_like	False	False	1.0	0.5178853	1.0	1.0	0.0	0.0	183.0	ambiguous	False	False	1.0	0.52624965	1.0	1.0	0.0	0.0	153.0	ambiguous	False	False	1.0	-0.023354509999999995	0.053402145	False	False
Ribo_ND_327873	rna_virus	0	Yellow	Yellow	0.09163613	0.0	0.0	1.0	1.0	431.0	strong_rna_like	False	False	1.0	0.11889377	0.0	0.0	1.0	1.0	89.0	strong_rna_like	False	False	1.0	0.5097284	1.0	1.0	0.0	0.0	183.0	ambiguous	False	False	1.0	0.42450488	0.0	0.0	1.0	1.0	159.0	ambiguous	False	False	1.0	-0.02725764	0.10526495	False	False
Ribo_ND_055001	rna_virus	0	Yellow	Yellow	0.6626741	1.0	1.0	0.0	0.0	505.0	moderate_crucivirus_like	False	True	1.0	0.77326477	1.0	1.0	0.0	0.0	104.0	moderate_crucivirus_like	False	True	1.0	0.50792605	1.0	0.0	0.0	1.0	187.0	ambiguous	False	False	1.0	0.7775211	1.0	1.0	0.0	0.0	214.0	moderate_crucivirus_like	False	True	1.0	-0.11059067	0.7179694350000001	False	True
Ribo_ND_109034	rna_virus	0	Yellow	Yellow	0.28663272	0.0	0.0	1.0	1.0	527.0	moderate_rna_like	False	False	1.0	0.59249485	1.0	1.0	0.0	0.0	123.0	ambiguous	False	False	1.0	0.52447075	1.0	1.0	0.0	0.0	187.0	ambiguous	False	False	1.0	0.46803498	0.0	0.0	1.0	1.0	217.0	ambiguous	False	False	1.0	-0.30586213	0.43956378500000004	False	False
Ribo_ND_107675	rna_virus	0	Yellow	Yellow	0.44998965	0.0	0.0	1.0	1.0	510.0	ambiguous	False	False	1.0	0.35491586	0.0	0.0	1.0	1.0	107.0	moderate_rna_like	False	False	1.0	0.41090703	0.0	0.0	1.0	1.0	187.0	ambiguous	False	False	1.0	0.6283361	1.0	1.0	0.0	0.0	216.0	moderate_crucivirus_like	False	True	1.0	0.09507378999999999	0.402452755	False	False
Ribo_ND_106338	rna_virus	0	Yellow	Yellow	0.45801795	0.0	0.0	1.0	1.0	509.0	ambiguous	False	False	1.0	0.4836197	0.0	1.0	1.0	0.0	104.0	ambiguous	False	False	1.0	0.49107358	0.0	0.0	1.0	1.0	187.0	ambiguous	False	False	1.0	0.6635061	1.0	1.0	0.0	0.0	218.0	moderate_crucivirus_like	False	True	1.0	-0.02560174999999998	0.470818825	False	False
Ribo_ND_114170	rna_virus	0	Yellow	Yellow	0.31226298	0.0	0.0	1.0	1.0	478.0	moderate_rna_like	False	False	1.0	0.31086022	0.0	0.0	1.0	1.0	88.0	moderate_rna_like	False	False	1.0	0.24044849	0.0	0.0	1.0	1.0	185.0	moderate_rna_like	False	False	1.0	0.6807035	1.0	1.0	0.0	0.0	205.0	moderate_crucivirus_like	False	True	1.0	0.001402760000000003	0.3115616	False	False
Ribo_ND_381661	rna_virus	0	Yellow	Yellow	0.37117112	0.0	0.0	1.0	1.0	510.0	moderate_rna_like	False	False	1.0	0.49586824	0.0	1.0	1.0	0.0	118.0	ambiguous	False	False	1.0	0.4448679	0.0	0.0	1.0	1.0	185.0	ambiguous	False	False	1.0	0.676481	1.0	1.0	0.0	0.0	207.0	moderate_crucivirus_like	False	True	1.0	-0.12469712	0.43351968	False	False
Ribo_ND_114758	rna_virus	0	Yellow	Yellow	0.3355714	0.0	0.0	1.0	1.0	520.0	moderate_rna_like	False	False	1.0	0.28625262	0.0	0.0	1.0	1.0	102.0	moderate_rna_like	False	False	1.0	0.6021644	1.0	1.0	0.0	0.0	185.0	moderate_crucivirus_like	False	True	1.0	0.34752128	0.0	0.0	1.0	1.0	233.0	moderate_rna_like	False	False	1.0	0.049318780000000007	0.31091201	False	False
Ribo_ND_284825	rna_virus	0	Yellow	Yellow	0.17378718	0.0	0.0	1.0	1.0	473.0	strong_rna_like	False	False	1.0	0.292149	0.0	0.0	1.0	1.0	92.0	moderate_rna_like	False	False	1.0	0.22688578	0.0	0.0	1.0	1.0	183.0	moderate_rna_like	False	False	1.0	0.5834769	1.0	1.0	0.0	0.0	198.0	ambiguous	False	False	1.0	-0.11836181999999998	0.23296809000000002	False	False
Ribo_ND_111053	rna_virus	0	Yellow	Yellow	0.44233587	0.0	0.0	1.0	1.0	496.0	ambiguous	False	False	1.0	0.8419202	1.0	1.0	0.0	0.0	108.0	strong_crucivirus_like	True	True	1.0	0.3997941	0.0	0.0	1.0	1.0	186.0	moderate_rna_like	False	False	1.0	0.4961968	0.0	0.0	1.0	1.0	202.0	ambiguous	False	False	1.0	-0.39958433	0.642128035	False	False
Ribo_ND_059851	rna_virus	0	Yellow	Yellow	0.3107736	0.0	0.0	1.0	1.0	500.0	moderate_rna_like	False	False	1.0	0.7307794	1.0	1.0	0.0	0.0	111.0	moderate_crucivirus_like	False	True	1.0	0.46928152	0.0	0.0	1.0	1.0	186.0	ambiguous	False	False	1.0	0.531015	1.0	1.0	0.0	0.0	203.0	ambiguous	False	False	1.0	-0.4200058	0.5207765	False	False
Ribo_ND_078080	rna_virus	0	Yellow	Yellow	0.10955497	0.0	0.0	1.0	1.0	459.0	strong_rna_like	False	False	1.0	0.099979974	0.0	0.0	1.0	1.0	94.0	strong_rna_like	False	False	1.0	0.32995686	0.0	0.0	1.0	1.0	188.0	moderate_rna_like	False	False	1.0	0.42869073	0.0	0.0	1.0	1.0	177.0	ambiguous	False	False	1.0	0.009574996000000002	0.104767472	False	False
Ribo_ND_059632	rna_virus	0	Yellow	Yellow	0.2560286	0.0	0.0	1.0	1.0	512.0	moderate_rna_like	False	False	1.0	0.33211538	0.0	0.0	1.0	1.0	92.0	moderate_rna_like	False	False	1.0	0.8140133	1.0	1.0	0.0	0.0	185.0	strong_crucivirus_like	True	True	1.0	0.4440279	0.0	0.0	1.0	1.0	235.0	ambiguous	False	False	1.0	-0.07608678000000002	0.29407199	False	False
Ribo_ND_059615	rna_virus	0	Yellow	Yellow	0.17126839	0.0	0.0	1.0	1.0	512.0	strong_rna_like	False	False	1.0	0.15114649	0.0	0.0	1.0	1.0	92.0	strong_rna_like	False	False	1.0	0.78896534	1.0	1.0	0.0	0.0	185.0	moderate_crucivirus_like	False	True	1.0	0.4434572	0.0	0.0	1.0	1.0	235.0	ambiguous	False	False	1.0	0.020121899999999998	0.16120743999999998	False	False
Ribo_ND_363531	rna_virus	0	Yellow	Yellow	0.09449247	0.0	0.0	1.0	1.0	505.0	strong_rna_like	False	False	1.0	0.0830021	0.0	0.0	1.0	1.0	99.0	strong_rna_like	False	False	1.0	0.27263525	0.0	0.0	1.0	1.0	185.0	moderate_rna_like	False	False	1.0	0.45376912	0.0	0.0	1.0	1.0	221.0	ambiguous	False	False	1.0	0.01149037	0.088747285	False	False
Ribo_ND_104666	rna_virus	0	Yellow	Yellow	0.626409	1.0	1.0	0.0	0.0	442.0	moderate_crucivirus_like	False	True	1.0	0.34947786	0.0	0.0	1.0	1.0	97.0	moderate_rna_like	False	False	1.0	0.4558648	0.0	0.0	1.0	1.0	179.0	ambiguous	False	False	1.0	0.6605531	1.0	1.0	0.0	0.0	166.0	moderate_crucivirus_like	False	True	1.0	0.27693114	0.48794342999999996	False	False
Ribo_ND_162049	rna_virus	0	Yellow	Yellow	0.17777045	0.0	0.0	1.0	1.0	447.0	strong_rna_like	False	False	1.0	0.13484809	0.0	0.0	1.0	1.0	100.0	strong_rna_like	False	False	1.0	0.39504138	0.0	0.0	1.0	1.0	180.0	moderate_rna_like	False	False	1.0	0.7592514	1.0	1.0	0.0	0.0	167.0	moderate_crucivirus_like	False	True	1.0	0.04292235999999999	0.15630927	False	False
Ribo_ND_282731	rna_virus	0	Yellow	Yellow	0.3771133	0.0	0.0	1.0	1.0	423.0	moderate_rna_like	False	False	1.0	0.18658347	0.0	0.0	1.0	1.0	91.0	strong_rna_like	False	False	1.0	0.31868017	0.0	0.0	1.0	1.0	181.0	moderate_rna_like	False	False	1.0	0.3575463	0.0	0.0	1.0	1.0	151.0	moderate_rna_like	False	False	1.0	0.19052982999999998	0.281848385	False	False
Ribo_ND_166450	rna_virus	0	Yellow	Yellow	0.11244409	0.0	0.0	1.0	1.0	439.0	strong_rna_like	False	False	1.0	0.095740974	0.0	0.0	1.0	1.0	99.0	strong_rna_like	False	False	1.0	0.21601805	0.0	0.0	1.0	1.0	180.0	moderate_rna_like	False	False	1.0	0.52485484	1.0	1.0	0.0	0.0	160.0	ambiguous	False	False	1.0	0.01670311599999999	0.104092532	False	False
Ribo_ND_066931	rna_virus	0	Yellow	Yellow	0.36243752	0.0	0.0	1.0	1.0	500.0	moderate_rna_like	False	False	1.0	0.38825232	0.0	0.0	1.0	1.0	97.0	moderate_rna_like	False	False	1.0	0.5706492	1.0	1.0	0.0	0.0	179.0	ambiguous	False	False	1.0	0.2574952	0.0	0.0	1.0	1.0	224.0	moderate_rna_like	False	False	1.0	-0.02581479999999997	0.37534491999999997	False	False
Ribo_ND_164848	rna_virus	0	Yellow	Yellow	0.14197795	0.0	0.0	1.0	1.0	444.0	strong_rna_like	False	False	1.0	0.109782174	0.0	0.0	1.0	1.0	95.0	strong_rna_like	False	False	1.0	0.29198834	0.0	0.0	1.0	1.0	190.0	moderate_rna_like	False	False	1.0	0.4761571	0.0	0.0	1.0	1.0	168.0	ambiguous	False	False	1.0	0.032195775999999995	0.125880062	False	False
Ribo_ND_188767	rna_virus	0	Yellow	Yellow	0.26091954	0.0	0.0	1.0	1.0	443.0	moderate_rna_like	False	False	1.0	0.26180595	0.0	0.0	1.0	1.0	97.0	moderate_rna_like	False	False	1.0	0.43894216	0.0	0.0	1.0	1.0	179.0	ambiguous	False	False	1.0	0.29977784	0.0	0.0	1.0	1.0	167.0	moderate_rna_like	False	False	1.0	-0.0008864100000000041	0.261362745	False	False
Ribo_ND_249488	rna_virus	0	Yellow	Yellow	0.59308624	1.0	1.0	0.0	0.0	559.0	ambiguous	False	False	1.0	0.6941213	1.0	1.0	0.0	0.0	122.0	moderate_crucivirus_like	False	True	1.0	0.63273185	1.0	1.0	0.0	0.0	194.0	moderate_crucivirus_like	False	True	1.0	0.25138456	0.0	0.0	1.0	1.0	243.0	moderate_rna_like	False	False	1.0	-0.10103506000000007	0.64360377	False	False
Ribo_ND_363507	rna_virus	0	Yellow	Yellow	0.15268934	0.0	0.0	1.0	1.0	457.0	strong_rna_like	False	False	1.0	0.0844483	0.0	0.0	1.0	1.0	102.0	strong_rna_like	False	False	1.0	0.3678738	0.0	0.0	1.0	1.0	182.0	moderate_rna_like	False	False	1.0	0.72076285	1.0	1.0	0.0	0.0	173.0	moderate_crucivirus_like	False	True	1.0	0.06824104	0.11856882	False	False
Ribo_ND_114875	rna_virus	0	Yellow	Yellow	0.24933907	0.0	0.0	1.0	1.0	455.0	moderate_rna_like	False	False	1.0	0.22100528	0.0	0.0	1.0	1.0	96.0	moderate_rna_like	False	False	1.0	0.4980721	0.0	0.0	1.0	1.0	182.0	ambiguous	False	False	1.0	0.72349	1.0	1.0	0.0	0.0	177.0	moderate_crucivirus_like	False	True	1.0	0.028333789999999998	0.23517217499999998	False	False
Ribo_ND_289124	rna_virus	0	Yellow	Yellow	0.055728734	0.0	0.0	1.0	1.0	454.0	strong_rna_like	False	False	1.0	0.08435761	0.0	0.0	1.0	1.0	125.0	strong_rna_like	False	False	1.0	0.29695085	0.0	0.0	1.0	1.0	177.0	moderate_rna_like	False	False	1.0	0.14545816	0.0	0.0	1.0	1.0	152.0	strong_rna_like	False	False	1.0	-0.028628875999999998	0.070043172	False	False
Ribo_ND_067383	rna_virus	0	Yellow	Yellow	0.047554236	0.0	0.0	1.0	1.0	464.0	strong_rna_like	False	False	1.0	0.068766415	0.0	0.0	1.0	1.0	135.0	strong_rna_like	False	False	1.0	0.4191122	0.0	0.0	1.0	1.0	177.0	ambiguous	False	False	1.0	0.17809042	0.0	0.0	1.0	1.0	152.0	strong_rna_like	False	False	1.0	-0.021212178999999998	0.0581603255	False	False
Ribo_ND_363503	rna_virus	0	Yellow	Yellow	0.1382183	0.0	0.0	1.0	1.0	437.0	strong_rna_like	False	False	1.0	0.12221932	0.0	0.0	1.0	1.0	98.0	strong_rna_like	False	False	1.0	0.41008693	0.0	0.0	1.0	1.0	182.0	ambiguous	False	False	1.0	0.3235308	0.0	0.0	1.0	1.0	157.0	moderate_rna_like	False	False	1.0	0.015998979999999982	0.13021881	False	False
Ribo_ND_114665	rna_virus	0	Yellow	Yellow	0.12741597	0.0	0.0	1.0	1.0	430.0	strong_rna_like	False	False	1.0	0.080686025	0.0	0.0	1.0	1.0	91.0	strong_rna_like	False	False	1.0	0.6489991	1.0	1.0	0.0	0.0	182.0	moderate_crucivirus_like	False	True	1.0	0.2977954	0.0	0.0	1.0	1.0	157.0	moderate_rna_like	False	False	1.0	0.046729944999999995	0.10405099749999999	False	False
Ribo_ND_067073	rna_virus	0	Yellow	Yellow	0.107921906	0.0	0.0	1.0	1.0	432.0	strong_rna_like	False	False	1.0	0.09169957	0.0	0.0	1.0	1.0	93.0	strong_rna_like	False	False	1.0	0.5317316	1.0	1.0	0.0	0.0	182.0	ambiguous	False	False	1.0	0.38085017	0.0	0.0	1.0	1.0	157.0	moderate_rna_like	False	False	1.0	0.016222336000000004	0.099810738	False	False
Ribo_ND_115393	rna_virus	0	Yellow	Yellow	0.14783856	0.0	0.0	1.0	1.0	432.0	strong_rna_like	False	False	1.0	0.15141088	0.0	0.0	1.0	1.0	93.0	strong_rna_like	False	False	1.0	0.35830745	0.0	0.0	1.0	1.0	182.0	moderate_rna_like	False	False	1.0	0.31272912	0.0	0.0	1.0	1.0	157.0	moderate_rna_like	False	False	1.0	-0.00357231999999999	0.14962472	False	False
Ribo_NC_032866	rna_virus	0	Yellow	Yellow	0.2382922	0.0	0.0	1.0	1.0	411.0	moderate_rna_like	False	False	1.0	0.6039795	1.0	1.0	0.0	0.0	98.0	moderate_crucivirus_like	False	True	1.0	0.78654605	1.0	1.0	0.0	0.0	180.0	moderate_crucivirus_like	False	True	1.0	0.7256979	1.0	1.0	0.0	0.0	135.0	moderate_crucivirus_like	False	True	1.0	-0.3656873	0.42113585	False	False
Ribo_ND_062045	rna_virus	0	Yellow	Yellow	0.44279042	0.0	0.0	1.0	1.0	488.0	ambiguous	False	False	1.0	0.83562434	1.0	1.0	0.0	0.0	127.0	strong_crucivirus_like	True	True	1.0	0.32114834	0.0	0.0	1.0	1.0	184.0	moderate_rna_like	False	False	1.0	0.42605823	0.0	0.0	1.0	1.0	177.0	ambiguous	False	False	1.0	-0.39283391999999995	0.63920738	False	False
Ribo_ND_335728	rna_virus	0	Yellow	Yellow	0.705115	1.0	1.0	0.0	0.0	488.0	moderate_crucivirus_like	False	True	1.0	0.92643404	1.0	1.0	0.0	0.0	124.0	strong_crucivirus_like	True	True	1.0	0.37364358	0.0	0.0	1.0	1.0	184.0	moderate_rna_like	False	False	1.0	0.39154795	0.0	0.0	1.0	1.0	180.0	moderate_rna_like	False	False	1.0	-0.2213190399999999	0.81577452	False	True
Ribo_ND_299887	rna_virus	0	Yellow	Yellow	0.25166628	0.0	0.0	1.0	1.0	454.0	moderate_rna_like	False	False	1.0	0.81315005	1.0	1.0	0.0	0.0	131.0	strong_crucivirus_like	True	True	1.0	0.19828536	0.0	0.0	1.0	1.0	184.0	strong_rna_like	False	False	1.0	0.42716056	0.0	0.0	1.0	1.0	139.0	ambiguous	False	False	1.0	-0.5614837699999999	0.532408165	False	False
Ribo_ND_234623	rna_virus	0	Yellow	Yellow	0.1958593	0.0	0.0	1.0	1.0	470.0	strong_rna_like	False	False	1.0	0.59259295	1.0	1.0	0.0	0.0	110.0	ambiguous	False	False	1.0	0.20699075	0.0	0.0	1.0	1.0	184.0	moderate_rna_like	False	False	1.0	0.23717639	0.0	0.0	1.0	1.0	176.0	moderate_rna_like	False	False	1.0	-0.39673365000000005	0.394226125	False	False
Ribo_ND_391466	rna_virus	0	Yellow	Yellow	0.22590078	0.0	0.0	1.0	1.0	462.0	moderate_rna_like	False	False	1.0	0.4394437	0.0	0.0	1.0	1.0	101.0	ambiguous	False	False	1.0	0.3411138	0.0	0.0	1.0	1.0	184.0	moderate_rna_like	False	False	1.0	0.3614445	0.0	0.0	1.0	1.0	177.0	moderate_rna_like	False	False	1.0	-0.21354292	0.33267224	False	False
Ribo_ND_299879	rna_virus	0	Yellow	Yellow	0.37424833	0.0	0.0	1.0	1.0	491.0	moderate_rna_like	False	False	1.0	0.8613461	1.0	1.0	0.0	0.0	124.0	strong_crucivirus_like	True	True	1.0	0.16028073	0.0	0.0	1.0	1.0	185.0	strong_rna_like	False	False	1.0	0.5302577	1.0	1.0	0.0	0.0	182.0	ambiguous	False	False	1.0	-0.48709777	0.617797215	False	False
Ribo_ND_025035	rna_virus	0	Yellow	Yellow	0.22890085	0.0	0.0	1.0	1.0	480.0	moderate_rna_like	False	False	1.0	0.67424554	1.0	1.0	0.0	0.0	112.0	moderate_crucivirus_like	False	True	1.0	0.17848791	0.0	0.0	1.0	1.0	184.0	strong_rna_like	False	False	1.0	0.5312762	1.0	1.0	0.0	0.0	184.0	ambiguous	False	False	1.0	-0.44534469000000004	0.45157319500000004	False	False
Ribo_ND_066079	rna_virus	0	Yellow	Yellow	0.33210677	0.0	0.0	1.0	1.0	474.0	moderate_rna_like	False	False	1.0	0.7793249	1.0	1.0	0.0	0.0	112.0	moderate_crucivirus_like	False	True	1.0	0.23444167	0.0	0.0	1.0	1.0	182.0	moderate_rna_like	False	False	1.0	0.5155224	1.0	1.0	0.0	0.0	180.0	ambiguous	False	False	1.0	-0.44721813	0.555715835	False	False
Ribo_ND_114735	rna_virus	0	Yellow	Yellow	0.26172537	0.0	0.0	1.0	1.0	501.0	moderate_rna_like	False	False	1.0	0.6438987	1.0	1.0	0.0	0.0	139.0	moderate_crucivirus_like	False	True	1.0	0.37630287	0.0	0.0	1.0	1.0	182.0	moderate_rna_like	False	False	1.0	0.6828037	1.0	1.0	0.0	0.0	180.0	moderate_crucivirus_like	False	True	1.0	-0.38217333000000003	0.452812035	False	False
Ribo_ND_203176	rna_virus	0	Yellow	Yellow	0.3797578	0.0	0.0	1.0	1.0	485.0	moderate_rna_like	False	False	1.0	0.86004853	1.0	1.0	0.0	0.0	119.0	strong_crucivirus_like	True	True	1.0	0.40034315	0.0	0.0	1.0	1.0	181.0	ambiguous	False	False	1.0	0.5974746	1.0	1.0	0.0	0.0	185.0	ambiguous	False	False	1.0	-0.48029073000000005	0.619903165	False	False
Ribo_ND_237007	rna_virus	0	Yellow	Yellow	0.49581966	0.0	0.0	1.0	1.0	493.0	ambiguous	False	False	1.0	0.8618039	1.0	1.0	0.0	0.0	119.0	strong_crucivirus_like	True	True	1.0	0.47807816	0.0	0.0	1.0	1.0	181.0	ambiguous	False	False	1.0	0.4062091	0.0	0.0	1.0	1.0	193.0	ambiguous	False	False	1.0	-0.36598423999999996	0.67881178	False	False
Ribo_ND_064469	rna_virus	0	Yellow	Yellow	0.19531967	0.0	0.0	1.0	1.0	517.0	strong_rna_like	False	False	1.0	0.5775861	1.0	1.0	0.0	0.0	146.0	ambiguous	False	False	1.0	0.40547547	0.0	0.0	1.0	1.0	181.0	ambiguous	False	False	1.0	0.5678184	1.0	1.0	0.0	0.0	190.0	ambiguous	False	False	1.0	-0.38226643	0.38645288499999997	False	False
Ribo_ND_236943	rna_virus	0	Yellow	Yellow	0.49947307	0.0	1.0	1.0	0.0	501.0	ambiguous	False	False	1.0	0.7549438	1.0	1.0	0.0	0.0	136.0	moderate_crucivirus_like	False	True	1.0	0.41643965	0.0	0.0	1.0	1.0	181.0	ambiguous	False	False	1.0	0.30946007	0.0	0.0	1.0	1.0	184.0	moderate_rna_like	False	False	1.0	-0.25547073000000003	0.627208435	False	False
Ribo_ND_321947	rna_virus	0	Yellow	Yellow	0.12510268	0.0	0.0	1.0	1.0	537.0	strong_rna_like	False	False	1.0	0.13068087	0.0	0.0	1.0	1.0	185.0	strong_rna_like	False	False	1.0	0.2695749	0.0	0.0	1.0	1.0	181.0	moderate_rna_like	False	False	1.0	0.61752594	1.0	1.0	0.0	0.0	171.0	moderate_crucivirus_like	False	True	1.0	-0.005578190000000011	0.12789177499999999	False	False
Ribo_ND_281099	rna_virus	0	Yellow	Yellow	0.78695166	1.0	1.0	0.0	0.0	582.0	moderate_crucivirus_like	False	True	1.0	0.88646054	1.0	1.0	0.0	0.0	121.0	strong_crucivirus_like	True	True	1.0	0.58299506	1.0	1.0	0.0	0.0	184.0	ambiguous	False	False	1.0	0.45549196	0.0	0.0	1.0	1.0	277.0	ambiguous	False	False	1.0	-0.09950887999999991	0.8367061	False	True
Ribo_ND_152451	rna_virus	0	Yellow	Yellow	0.6222391	1.0	1.0	0.0	0.0	607.0	moderate_crucivirus_like	False	True	1.0	0.76886994	1.0	1.0	0.0	0.0	134.0	moderate_crucivirus_like	False	True	1.0	0.46005738	0.0	0.0	1.0	1.0	189.0	ambiguous	False	False	1.0	0.22384274	0.0	0.0	1.0	1.0	284.0	moderate_rna_like	False	False	1.0	-0.14663083999999993	0.69555452	False	True
Ribo_ND_179935	rna_virus	0	Yellow	Yellow	0.5002742	1.0	1.0	0.0	0.0	456.0	ambiguous	False	False	1.0	0.6460188	1.0	1.0	0.0	0.0	113.0	moderate_crucivirus_like	False	True	1.0	0.9049932	1.0	1.0	0.0	0.0	187.0	strong_crucivirus_like	True	True	1.0	0.40078378	0.0	0.0	1.0	1.0	158.0	ambiguous	False	False	1.0	-0.1457446	0.5731465	False	False
Ribo_ND_190377	rna_virus	0	Yellow	Yellow	0.33610728	0.0	0.0	1.0	1.0	438.0	moderate_rna_like	False	False	1.0	0.44238207	0.0	0.0	1.0	1.0	105.0	ambiguous	False	False	1.0	0.5221456	1.0	1.0	0.0	0.0	189.0	ambiguous	False	False	1.0	0.517608	1.0	1.0	0.0	0.0	144.0	ambiguous	False	False	1.0	-0.10627479000000001	0.38924467500000004	False	False
Ribo_ND_254815	rna_virus	0	Yellow	Yellow	0.07898014	0.0	0.0	1.0	1.0	423.0	strong_rna_like	False	False	1.0	0.06049243	0.0	0.0	1.0	1.0	93.0	strong_rna_like	False	False	1.0	0.5286762	1.0	1.0	0.0	0.0	188.0	ambiguous	False	False	1.0	0.65012956	1.0	1.0	0.0	0.0	142.0	moderate_crucivirus_like	False	True	1.0	0.018487710000000004	0.06973628500000001	False	False
Ribo_ND_232461	rna_virus	0	Yellow	Yellow	0.13080327	0.0	0.0	1.0	1.0	429.0	strong_rna_like	False	False	1.0	0.12855054	0.0	0.0	1.0	1.0	96.0	strong_rna_like	False	False	1.0	0.6098019	1.0	1.0	0.0	0.0	187.0	moderate_crucivirus_like	False	True	1.0	0.6605993	1.0	1.0	0.0	0.0	146.0	moderate_crucivirus_like	False	True	1.0	0.0022527300000000083	0.129676905	False	False
Ribo_ND_232455	rna_virus	0	Yellow	Yellow	0.24058445	0.0	0.0	1.0	1.0	441.0	moderate_rna_like	False	False	1.0	0.13719061	0.0	0.0	1.0	1.0	102.0	strong_rna_like	False	False	1.0	0.51090723	1.0	1.0	0.0	0.0	193.0	ambiguous	False	False	1.0	0.49771324	0.0	0.0	1.0	1.0	146.0	ambiguous	False	False	1.0	0.10339384000000001	0.18888753	False	False
Ribo_ND_388279	rna_virus	0	Yellow	Yellow	0.29280156	0.0	0.0	1.0	1.0	429.0	moderate_rna_like	False	False	1.0	0.17044139	0.0	0.0	1.0	1.0	95.0	strong_rna_like	False	False	1.0	0.66181505	1.0	1.0	0.0	0.0	189.0	moderate_crucivirus_like	False	True	1.0	0.47557798	0.0	0.0	1.0	1.0	145.0	ambiguous	False	False	1.0	0.12236017000000002	0.23162147500000002	False	False
Ribo_ND_121570	rna_virus	0	Yellow	Yellow	0.2214896	0.0	0.0	1.0	1.0	436.0	moderate_rna_like	False	False	1.0	0.21653676	0.0	0.0	1.0	1.0	102.0	moderate_rna_like	False	False	1.0	0.6614921	1.0	1.0	0.0	0.0	187.0	moderate_crucivirus_like	False	True	1.0	0.35389566	0.0	0.0	1.0	1.0	147.0	moderate_rna_like	False	False	1.0	0.004952840000000014	0.21901318	False	False
Cruci_CruV-897	crucivirus	1	Yellow	Yellow	0.5059688	1.0	1.0	1.0	1.0	584.0	ambiguous	False	False	1.0	0.46895137	0.0	0.0	0.0	0.0	95.0	ambiguous	False	False	1.0	0.501908	1.0	0.0	1.0	0.0	187.0	ambiguous	False	False	1.0	0.8602967	1.0	1.0	1.0	1.0	302.0	strong_crucivirus_like	False	False	1.0	0.03701743000000002	0.487460085	False	False
Cruci_CruV_526	crucivirus	1	Yellow	Yellow	0.9209737	1.0	1.0	1.0	1.0	563.0	strong_crucivirus_like	False	False	1.0	0.74202204	1.0	1.0	1.0	1.0	98.0	moderate_crucivirus_like	False	False	1.0	0.7409928	1.0	1.0	1.0	1.0	188.0	moderate_crucivirus_like	False	False	1.0	0.9240396	1.0	1.0	1.0	1.0	277.0	strong_crucivirus_like	False	False	1.0	0.17895165999999996	0.83149787	False	False
Ribo_NC_033111	rna_virus	0	Yellow	Yellow	0.31151214	0.0	0.0	1.0	1.0	479.0	moderate_rna_like	False	False	1.0	0.51115656	1.0	1.0	0.0	0.0	146.0	ambiguous	False	False	1.0	0.58866954	1.0	1.0	0.0	0.0	183.0	ambiguous	False	False	1.0	0.59056693	1.0	1.0	0.0	0.0	150.0	ambiguous	False	False	1.0	-0.19964442	0.41133434999999996	False	False
Ribo_ND_025482	rna_virus	0	Yellow	Yellow	0.38921127	0.0	0.0	1.0	1.0	436.0	moderate_rna_like	False	False	1.0	0.32482618	0.0	0.0	1.0	1.0	86.0	moderate_rna_like	False	False	1.0	0.7182831	1.0	1.0	0.0	0.0	185.0	moderate_crucivirus_like	False	True	1.0	0.6994329	1.0	1.0	0.0	0.0	165.0	moderate_crucivirus_like	False	True	1.0	0.06438508999999998	0.357018725	False	False
Ribo_ND_105163	rna_virus	0	Yellow	Yellow	0.27472213	0.0	0.0	1.0	1.0	446.0	moderate_rna_like	False	False	1.0	0.13322327	0.0	0.0	1.0	1.0	82.0	strong_rna_like	False	False	1.0	0.3890291	0.0	0.0	1.0	1.0	181.0	moderate_rna_like	False	False	1.0	0.33633628	0.0	0.0	1.0	1.0	183.0	moderate_rna_like	False	False	1.0	0.14149886	0.2039727	False	False
Ribo_ND_037412	rna_virus	0	Yellow	Yellow	0.6730616	1.0	1.0	0.0	0.0	598.0	moderate_crucivirus_like	False	True	1.0	0.7630798	1.0	1.0	0.0	0.0	163.0	moderate_crucivirus_like	False	True	1.0	0.67539716	1.0	1.0	0.0	0.0	182.0	moderate_crucivirus_like	False	True	1.0	0.3686877	0.0	0.0	1.0	1.0	253.0	moderate_rna_like	False	False	1.0	-0.09001819999999994	0.7180707	False	True
Ribo_ND_185405	rna_virus	0	Yellow	Yellow	0.25318775	0.0	0.0	1.0	1.0	525.0	moderate_rna_like	False	False	1.0	0.120193936	0.0	0.0	1.0	1.0	86.0	strong_rna_like	False	False	1.0	0.7830751	1.0	1.0	0.0	0.0	198.0	moderate_crucivirus_like	False	True	1.0	0.48572254	0.0	0.0	1.0	1.0	241.0	ambiguous	False	False	1.0	0.132993814	0.186690843	False	False
Ribo_ND_044597	rna_virus	0	Yellow	Yellow	0.14756262	0.0	0.0	1.0	1.0	434.0	strong_rna_like	False	False	1.0	0.21917254	0.0	0.0	1.0	1.0	91.0	moderate_rna_like	False	False	1.0	0.6203183	1.0	1.0	0.0	0.0	189.0	moderate_crucivirus_like	False	True	1.0	0.6321398	1.0	1.0	0.0	0.0	154.0	moderate_crucivirus_like	False	True	1.0	-0.07160992	0.18336758	False	False
Ribo_NC_032782	rna_virus	0	Yellow	Yellow	0.3285598	0.0	0.0	1.0	1.0	597.0	moderate_rna_like	False	False	1.0	0.29544714	0.0	0.0	1.0	1.0	242.0	moderate_rna_like	False	False	1.0	0.31299317	0.0	0.0	1.0	1.0	175.0	moderate_rna_like	False	False	1.0	0.5433524	1.0	1.0	0.0	0.0	180.0	ambiguous	False	False	1.0	0.033112660000000016	0.31200347	False	False
Ribo_ND_361344	rna_virus	0	Yellow	Yellow	0.25593594	0.0	0.0	1.0	1.0	483.0	moderate_rna_like	False	False	1.0	0.36999762	0.0	0.0	1.0	1.0	128.0	moderate_rna_like	False	False	1.0	0.30203095	0.0	0.0	1.0	1.0	182.0	moderate_rna_like	False	False	1.0	0.35820234	0.0	0.0	1.0	1.0	173.0	moderate_rna_like	False	False	1.0	-0.11406168000000005	0.31296678	False	False
Cruci_CruV-873	crucivirus	1	Yellow	Yellow	0.18939757	0.0	0.0	0.0	0.0	631.0	strong_rna_like	True	True	1.0	0.17151098	0.0	0.0	0.0	0.0	237.0	strong_rna_like	True	True	1.0	0.6524442	1.0	1.0	1.0	1.0	188.0	moderate_crucivirus_like	False	False	1.0	0.37285757	0.0	0.0	0.0	0.0	206.0	moderate_rna_like	False	True	1.0	0.01788658999999998	0.180454275	True	True
Cruci_CruV_445	crucivirus	1	Yellow	Yellow	0.5762159	1.0	1.0	1.0	1.0	407.0	ambiguous	False	False	1.0	0.5672267	1.0	1.0	1.0	1.0	60.0	ambiguous	False	False	1.0	0.8524238	1.0	1.0	1.0	1.0	187.0	strong_crucivirus_like	False	False	1.0	0.68690985	1.0	1.0	1.0	1.0	160.0	moderate_crucivirus_like	False	False	1.0	0.00898920000000003	0.5717213	False	False
Cruci_CruV-918	crucivirus	1	Yellow	Yellow	0.54264635	1.0	1.0	1.0	1.0	422.0	ambiguous	False	False	1.0											0.5160088	1.0	1.0	1.0	1.0	195.0	ambiguous	False	False	1.0	0.84110874	1.0	1.0	1.0	1.0	227.0	strong_crucivirus_like	False	False	1.0		0.54264635	False	False
Ribo_NC_032586	rna_virus	0	Yellow	Yellow	0.26928848	0.0	0.0	1.0	1.0	432.0	moderate_rna_like	False	False	1.0	0.5265005	1.0	1.0	0.0	0.0	119.0	ambiguous	False	False	1.0	0.7048064	1.0	1.0	0.0	0.0	188.0	moderate_crucivirus_like	False	True	1.0	0.22757052	0.0	0.0	1.0	1.0	125.0	moderate_rna_like	False	False	1.0	-0.25721202000000004	0.39789449	False	False
Cruci_CruV_491	crucivirus	1	Yellow	Yellow	0.97610915	1.0	1.0	1.0	1.0	522.0	strong_crucivirus_like	False	False	1.0	0.9912651	1.0	1.0	1.0	1.0	89.0	strong_crucivirus_like	False	False	1.0	0.46748403	0.0	0.0	0.0	0.0	219.0	ambiguous	False	False	1.0	0.5742395	1.0	1.0	1.0	1.0	214.0	ambiguous	False	False	1.0	-0.015155950000000029	0.983687125	False	False
Ribo_ND_053581	rna_virus	0	Yellow	Yellow	0.6502486	1.0	1.0	0.0	0.0	657.0	moderate_crucivirus_like	False	True	1.0	0.266496	0.0	0.0	1.0	1.0	273.0	moderate_rna_like	False	False	1.0	0.72509927	1.0	1.0	0.0	0.0	194.0	moderate_crucivirus_like	False	True	1.0	0.935622	1.0	1.0	0.0	0.0	190.0	strong_crucivirus_like	True	True	1.0	0.38375259999999994	0.45837229999999995	False	False
Ribo_ND_202071	rna_virus	0	Yellow	Yellow	0.68590575	1.0	1.0	0.0	0.0	439.0	moderate_crucivirus_like	False	True	1.0	0.5564276	1.0	1.0	0.0	0.0	106.0	ambiguous	False	False	1.0	0.7355237	1.0	1.0	0.0	0.0	187.0	moderate_crucivirus_like	False	True	1.0	0.37777942	0.0	0.0	1.0	1.0	146.0	moderate_rna_like	False	False	1.0	0.12947814999999996	0.621166675	False	False
Cruci_Carp_JAHDYR010000041	crucivirus	1	Red	Red	0.93142676	1.0	1.0	1.0	1.0	265.0	strong_crucivirus_like	False	False	1.0																																0.93142676	False	False
Cruci_PolBeRBZT01000154.1	crucivirus	1	Yellow	Yellow	0.92080486	1.0	1.0	1.0	1.0	233.0	strong_crucivirus_like	False	False	1.0																																0.92080486	False	False
