{"epoch": 100, "train_loss": 0.14891102378059065, "val_acc": 0.9283276450511946, "val_precision": 0.9393939393939394, "val_recall": 0.7848101265822784, "val_f1": 0.8551724137931035, "val_auroc": 0.975689104459955, "_timestamp": 1748587022.967111, "_runtime": 1258.1661310195923, "_step": 100, "test_acc": 0.8502772643253235, "test_precision": 0.9269406392694064, "test_recall": 0.7574626865671642, "test_f1": 0.8336755646817249, "test_auroc": 0.943059428134055, "_wandb": {"runtime": 1257}}