{"epoch": 100, "train_loss": 0.006851370038725174, "val_acc": 0.9795221843003413, "val_precision": 0.974025974025974, "val_recall": 0.9493670886075949, "val_f1": 0.9615384615384615, "val_auroc": 0.9969833195315273, "_timestamp": 1748593141.7390351, "_runtime": 7571.9029660224915, "_step": 100, "test_acc": 0.8946395563770795, "test_precision": 0.9236947791164659, "test_recall": 0.8582089552238806, "test_f1": 0.8897485493230175, "test_auroc": 0.9507408014870701, "_wandb": {"runtime": 7571}}